location_id,state,city,variable,lead_hours,model,weight,method,generated_for_date
AP_001,AP,Visakhapatnam,rainfall_mm,24,NCEP GFS,0.139194,inverse_error_mvp,2026-09-28
AP_001,AP,Visakhapatnam,rainfall_mm,24,GFS ENSEMBLE,0.091979,inverse_error_mvp,2026-09-28
AP_001,AP,Visakhapatnam,rainfall_mm,24,AIFS,0.187018,inverse_error_mvp,2026-09-28
AP_001,AP,Visakhapatnam,rainfall_mm,24,IFS,0.581809,inverse_error_mvp,2026-09-28
AP_001,AP,Visakhapatnam,temperature_c,24,NCEP GFS,0.209107,inverse_error_mvp,2026-09-28
AP_001,AP,Visakhapatnam,temperature_c,24,GFS ENSEMBLE,0.221173,inverse_error_mvp,2026-09-28
AP_001,AP,Visakhapatnam,temperature_c,24,AIFS,0.310192,inverse_error_mvp,2026-09-28
AP_001,AP,Visakhapatnam,temperature_c,24,IFS,0.259528,inverse_error_mvp,2026-09-28
AP_001,AP,Visakhapatnam,wind_speed_kmh,24,NCEP GFS,0.180173,inverse_error_mvp,2026-09-28
AP_001,AP,Visakhapatnam,wind_speed_kmh,24,GFS ENSEMBLE,0.190782,inverse_error_mvp,2026-09-28
AP_001,AP,Visakhapatnam,wind_speed_kmh,24,AIFS,0.359077,inverse_error_mvp,2026-09-28
AP_001,AP,Visakhapatnam,wind_speed_kmh,24,IFS,0.269967,inverse_error_mvp,2026-09-28
AP_001,AP,Visakhapatnam,rainfall_mm,48,NCEP GFS,0.281208,inverse_error_mvp,2026-09-28
AP_001,AP,Visakhapatnam,rainfall_mm,48,GFS ENSEMBLE,0.108728,inverse_error_mvp,2026-09-28
AP_001,AP,Visakhapatnam,rainfall_mm,48,AIFS,0.281772,inverse_error_mvp,2026-09-28
AP_001,AP,Visakhapatnam,rainfall_mm,48,IFS,0.328292,inverse_error_mvp,2026-09-28
AP_001,AP,Visakhapatnam,temperature_c,48,NCEP GFS,0.177478,inverse_error_mvp,2026-09-28
AP_001,AP,Visakhapatnam,temperature_c,48,GFS ENSEMBLE,0.252777,inverse_error_mvp,2026-09-28
AP_001,AP,Visakhapatnam,temperature_c,48,AIFS,0.295703,inverse_error_mvp,2026-09-28
AP_001,AP,Visakhapatnam,temperature_c,48,IFS,0.274042,inverse_error_mvp,2026-09-28
AP_001,AP,Visakhapatnam,wind_speed_kmh,48,NCEP GFS,0.219285,inverse_error_mvp,2026-09-28
AP_001,AP,Visakhapatnam,wind_speed_kmh,48,GFS ENSEMBLE,0.255185,inverse_error_mvp,2026-09-28
AP_001,AP,Visakhapatnam,wind_speed_kmh,48,AIFS,0.272296,inverse_error_mvp,2026-09-28
AP_001,AP,Visakhapatnam,wind_speed_kmh,48,IFS,0.253233,inverse_error_mvp,2026-09-28
AP_001,AP,Visakhapatnam,rainfall_mm,72,NCEP GFS,0.141376,inverse_error_mvp,2026-09-28
AP_001,AP,Visakhapatnam,rainfall_mm,72,GFS ENSEMBLE,0.138679,inverse_error_mvp,2026-09-28
AP_001,AP,Visakhapatnam,rainfall_mm,72,AIFS,0.448606,inverse_error_mvp,2026-09-28
AP_001,AP,Visakhapatnam,rainfall_mm,72,IFS,0.271339,inverse_error_mvp,2026-09-28
AP_001,AP,Visakhapatnam,temperature_c,72,NCEP GFS,0.20724,inverse_error_mvp,2026-09-28
AP_001,AP,Visakhapatnam,temperature_c,72,GFS ENSEMBLE,0.285479,inverse_error_mvp,2026-09-28
AP_001,AP,Visakhapatnam,temperature_c,72,AIFS,0.267131,inverse_error_mvp,2026-09-28
AP_001,AP,Visakhapatnam,temperature_c,72,IFS,0.24015,inverse_error_mvp,2026-09-28
AP_001,AP,Visakhapatnam,wind_speed_kmh,72,NCEP GFS,0.21446,inverse_error_mvp,2026-09-28
AP_001,AP,Visakhapatnam,wind_speed_kmh,72,GFS ENSEMBLE,0.236912,inverse_error_mvp,2026-09-28
AP_001,AP,Visakhapatnam,wind_speed_kmh,72,AIFS,0.271659,inverse_error_mvp,2026-09-28
AP_001,AP,Visakhapatnam,wind_speed_kmh,72,IFS,0.276969,inverse_error_mvp,2026-09-28
AP_002,AP,Vijayawada,rainfall_mm,24,NCEP GFS,0.147001,inverse_error_mvp,2026-09-28
AP_002,AP,Vijayawada,rainfall_mm,24,GFS ENSEMBLE,0.199037,inverse_error_mvp,2026-09-28
AP_002,AP,Vijayawada,rainfall_mm,24,AIFS,0.388936,inverse_error_mvp,2026-09-28
AP_002,AP,Vijayawada,rainfall_mm,24,IFS,0.265026,inverse_error_mvp,2026-09-28
AP_002,AP,Vijayawada,temperature_c,24,NCEP GFS,0.180618,inverse_error_mvp,2026-09-28
AP_002,AP,Vijayawada,temperature_c,24,GFS ENSEMBLE,0.226897,inverse_error_mvp,2026-09-28
AP_002,AP,Vijayawada,temperature_c,24,AIFS,0.267712,inverse_error_mvp,2026-09-28
AP_002,AP,Vijayawada,temperature_c,24,IFS,0.324774,inverse_error_mvp,2026-09-28
AP_002,AP,Vijayawada,wind_speed_kmh,24,NCEP GFS,0.186936,inverse_error_mvp,2026-09-28
AP_002,AP,Vijayawada,wind_speed_kmh,24,GFS ENSEMBLE,0.262321,inverse_error_mvp,2026-09-28
AP_002,AP,Vijayawada,wind_speed_kmh,24,AIFS,0.312216,inverse_error_mvp,2026-09-28
AP_002,AP,Vijayawada,wind_speed_kmh,24,IFS,0.238528,inverse_error_mvp,2026-09-28
AP_002,AP,Vijayawada,rainfall_mm,48,NCEP GFS,0.177157,inverse_error_mvp,2026-09-28
AP_002,AP,Vijayawada,rainfall_mm,48,GFS ENSEMBLE,0.337774,inverse_error_mvp,2026-09-28
AP_002,AP,Vijayawada,rainfall_mm,48,AIFS,0.280937,inverse_error_mvp,2026-09-28
AP_002,AP,Vijayawada,rainfall_mm,48,IFS,0.204132,inverse_error_mvp,2026-09-28
AP_002,AP,Vijayawada,temperature_c,48,NCEP GFS,0.227334,inverse_error_mvp,2026-09-28
AP_002,AP,Vijayawada,temperature_c,48,GFS ENSEMBLE,0.235196,inverse_error_mvp,2026-09-28
AP_002,AP,Vijayawada,temperature_c,48,AIFS,0.268344,inverse_error_mvp,2026-09-28
AP_002,AP,Vijayawada,temperature_c,48,IFS,0.269126,inverse_error_mvp,2026-09-28
AP_002,AP,Vijayawada,wind_speed_kmh,48,NCEP GFS,0.209739,inverse_error_mvp,2026-09-28
AP_002,AP,Vijayawada,wind_speed_kmh,48,GFS ENSEMBLE,0.241488,inverse_error_mvp,2026-09-28
AP_002,AP,Vijayawada,wind_speed_kmh,48,AIFS,0.302986,inverse_error_mvp,2026-09-28
AP_002,AP,Vijayawada,wind_speed_kmh,48,IFS,0.245786,inverse_error_mvp,2026-09-28
AP_002,AP,Vijayawada,rainfall_mm,72,NCEP GFS,0.281479,inverse_error_mvp,2026-09-28
AP_002,AP,Vijayawada,rainfall_mm,72,GFS ENSEMBLE,0.16027,inverse_error_mvp,2026-09-28
AP_002,AP,Vijayawada,rainfall_mm,72,AIFS,0.287486,inverse_error_mvp,2026-09-28
AP_002,AP,Vijayawada,rainfall_mm,72,IFS,0.270764,inverse_error_mvp,2026-09-28
AP_002,AP,Vijayawada,temperature_c,72,NCEP GFS,0.182124,inverse_error_mvp,2026-09-28
AP_002,AP,Vijayawada,temperature_c,72,GFS ENSEMBLE,0.256693,inverse_error_mvp,2026-09-28
AP_002,AP,Vijayawada,temperature_c,72,AIFS,0.268118,inverse_error_mvp,2026-09-28
AP_002,AP,Vijayawada,temperature_c,72,IFS,0.293065,inverse_error_mvp,2026-09-28
AP_002,AP,Vijayawada,wind_speed_kmh,72,NCEP GFS,0.158604,inverse_error_mvp,2026-09-28
AP_002,AP,Vijayawada,wind_speed_kmh,72,GFS ENSEMBLE,0.228784,inverse_error_mvp,2026-09-28
AP_002,AP,Vijayawada,wind_speed_kmh,72,AIFS,0.287102,inverse_error_mvp,2026-09-28
AP_002,AP,Vijayawada,wind_speed_kmh,72,IFS,0.32551,inverse_error_mvp,2026-09-28
AP_003,AP,Guntur,rainfall_mm,24,NCEP GFS,0.27106,inverse_error_mvp,2026-09-28
AP_003,AP,Guntur,rainfall_mm,24,GFS ENSEMBLE,0.248021,inverse_error_mvp,2026-09-28
AP_003,AP,Guntur,rainfall_mm,24,AIFS,0.299531,inverse_error_mvp,2026-09-28
AP_003,AP,Guntur,rainfall_mm,24,IFS,0.181388,inverse_error_mvp,2026-09-28
AP_003,AP,Guntur,temperature_c,24,NCEP GFS,0.190656,inverse_error_mvp,2026-09-28
AP_003,AP,Guntur,temperature_c,24,GFS ENSEMBLE,0.284734,inverse_error_mvp,2026-09-28
AP_003,AP,Guntur,temperature_c,24,AIFS,0.260762,inverse_error_mvp,2026-09-28
AP_003,AP,Guntur,temperature_c,24,IFS,0.263847,inverse_error_mvp,2026-09-28
AP_003,AP,Guntur,wind_speed_kmh,24,NCEP GFS,0.242027,inverse_error_mvp,2026-09-28
AP_003,AP,Guntur,wind_speed_kmh,24,GFS ENSEMBLE,0.225235,inverse_error_mvp,2026-09-28
AP_003,AP,Guntur,wind_speed_kmh,24,AIFS,0.282162,inverse_error_mvp,2026-09-28
AP_003,AP,Guntur,wind_speed_kmh,24,IFS,0.250576,inverse_error_mvp,2026-09-28
AP_003,AP,Guntur,rainfall_mm,48,NCEP GFS,0.323296,inverse_error_mvp,2026-09-28
AP_003,AP,Guntur,rainfall_mm,48,GFS ENSEMBLE,0.161604,inverse_error_mvp,2026-09-28
AP_003,AP,Guntur,rainfall_mm,48,AIFS,0.21175,inverse_error_mvp,2026-09-28
AP_003,AP,Guntur,rainfall_mm,48,IFS,0.303349,inverse_error_mvp,2026-09-28
AP_003,AP,Guntur,temperature_c,48,NCEP GFS,0.206589,inverse_error_mvp,2026-09-28
AP_003,AP,Guntur,temperature_c,48,GFS ENSEMBLE,0.322039,inverse_error_mvp,2026-09-28
AP_003,AP,Guntur,temperature_c,48,AIFS,0.261737,inverse_error_mvp,2026-09-28
AP_003,AP,Guntur,temperature_c,48,IFS,0.209635,inverse_error_mvp,2026-09-28
AP_003,AP,Guntur,wind_speed_kmh,48,NCEP GFS,0.217233,inverse_error_mvp,2026-09-28
AP_003,AP,Guntur,wind_speed_kmh,48,GFS ENSEMBLE,0.279675,inverse_error_mvp,2026-09-28
AP_003,AP,Guntur,wind_speed_kmh,48,AIFS,0.250991,inverse_error_mvp,2026-09-28
AP_003,AP,Guntur,wind_speed_kmh,48,IFS,0.2521,inverse_error_mvp,2026-09-28
AP_003,AP,Guntur,rainfall_mm,72,NCEP GFS,0.247313,inverse_error_mvp,2026-09-28
AP_003,AP,Guntur,rainfall_mm,72,GFS ENSEMBLE,0.184624,inverse_error_mvp,2026-09-28
AP_003,AP,Guntur,rainfall_mm,72,AIFS,0.401231,inverse_error_mvp,2026-09-28
AP_003,AP,Guntur,rainfall_mm,72,IFS,0.166832,inverse_error_mvp,2026-09-28
AP_003,AP,Guntur,temperature_c,72,NCEP GFS,0.181811,inverse_error_mvp,2026-09-28
AP_003,AP,Guntur,temperature_c,72,GFS ENSEMBLE,0.275975,inverse_error_mvp,2026-09-28
AP_003,AP,Guntur,temperature_c,72,AIFS,0.276342,inverse_error_mvp,2026-09-28
AP_003,AP,Guntur,temperature_c,72,IFS,0.265872,inverse_error_mvp,2026-09-28
AP_003,AP,Guntur,wind_speed_kmh,72,NCEP GFS,0.227429,inverse_error_mvp,2026-09-28
AP_003,AP,Guntur,wind_speed_kmh,72,GFS ENSEMBLE,0.260322,inverse_error_mvp,2026-09-28
AP_003,AP,Guntur,wind_speed_kmh,72,AIFS,0.209684,inverse_error_mvp,2026-09-28
AP_003,AP,Guntur,wind_speed_kmh,72,IFS,0.302565,inverse_error_mvp,2026-09-28
AP_004,AP,Tirupati,rainfall_mm,24,NCEP GFS,0.270188,inverse_error_mvp,2026-09-28
AP_004,AP,Tirupati,rainfall_mm,24,GFS ENSEMBLE,0.159869,inverse_error_mvp,2026-09-28
AP_004,AP,Tirupati,rainfall_mm,24,AIFS,0.223537,inverse_error_mvp,2026-09-28
AP_004,AP,Tirupati,rainfall_mm,24,IFS,0.346406,inverse_error_mvp,2026-09-28
AP_004,AP,Tirupati,temperature_c,24,NCEP GFS,0.200466,inverse_error_mvp,2026-09-28
AP_004,AP,Tirupati,temperature_c,24,GFS ENSEMBLE,0.266811,inverse_error_mvp,2026-09-28
AP_004,AP,Tirupati,temperature_c,24,AIFS,0.283911,inverse_error_mvp,2026-09-28
AP_004,AP,Tirupati,temperature_c,24,IFS,0.248812,inverse_error_mvp,2026-09-28
AP_004,AP,Tirupati,wind_speed_kmh,24,NCEP GFS,0.157242,inverse_error_mvp,2026-09-28
AP_004,AP,Tirupati,wind_speed_kmh,24,GFS ENSEMBLE,0.306878,inverse_error_mvp,2026-09-28
AP_004,AP,Tirupati,wind_speed_kmh,24,AIFS,0.279533,inverse_error_mvp,2026-09-28
AP_004,AP,Tirupati,wind_speed_kmh,24,IFS,0.256348,inverse_error_mvp,2026-09-28
AP_004,AP,Tirupati,rainfall_mm,48,NCEP GFS,0.248334,inverse_error_mvp,2026-09-28
AP_004,AP,Tirupati,rainfall_mm,48,GFS ENSEMBLE,0.209032,inverse_error_mvp,2026-09-28
AP_004,AP,Tirupati,rainfall_mm,48,AIFS,0.322671,inverse_error_mvp,2026-09-28
AP_004,AP,Tirupati,rainfall_mm,48,IFS,0.219963,inverse_error_mvp,2026-09-28
AP_004,AP,Tirupati,temperature_c,48,NCEP GFS,0.185756,inverse_error_mvp,2026-09-28
AP_004,AP,Tirupati,temperature_c,48,GFS ENSEMBLE,0.24637,inverse_error_mvp,2026-09-28
AP_004,AP,Tirupati,temperature_c,48,AIFS,0.260444,inverse_error_mvp,2026-09-28
AP_004,AP,Tirupati,temperature_c,48,IFS,0.307429,inverse_error_mvp,2026-09-28
AP_004,AP,Tirupati,wind_speed_kmh,48,NCEP GFS,0.236945,inverse_error_mvp,2026-09-28
AP_004,AP,Tirupati,wind_speed_kmh,48,GFS ENSEMBLE,0.29899,inverse_error_mvp,2026-09-28
AP_004,AP,Tirupati,wind_speed_kmh,48,AIFS,0.269778,inverse_error_mvp,2026-09-28
AP_004,AP,Tirupati,wind_speed_kmh,48,IFS,0.194288,inverse_error_mvp,2026-09-28
AP_004,AP,Tirupati,rainfall_mm,72,NCEP GFS,0.185014,inverse_error_mvp,2026-09-28
AP_004,AP,Tirupati,rainfall_mm,72,GFS ENSEMBLE,0.364928,inverse_error_mvp,2026-09-28
AP_004,AP,Tirupati,rainfall_mm,72,AIFS,0.19293,inverse_error_mvp,2026-09-28
AP_004,AP,Tirupati,rainfall_mm,72,IFS,0.257127,inverse_error_mvp,2026-09-28
AP_004,AP,Tirupati,temperature_c,72,NCEP GFS,0.194368,inverse_error_mvp,2026-09-28
AP_004,AP,Tirupati,temperature_c,72,GFS ENSEMBLE,0.256738,inverse_error_mvp,2026-09-28
AP_004,AP,Tirupati,temperature_c,72,AIFS,0.248549,inverse_error_mvp,2026-09-28
AP_004,AP,Tirupati,temperature_c,72,IFS,0.300345,inverse_error_mvp,2026-09-28
AP_004,AP,Tirupati,wind_speed_kmh,72,NCEP GFS,0.243415,inverse_error_mvp,2026-09-28
AP_004,AP,Tirupati,wind_speed_kmh,72,GFS ENSEMBLE,0.189083,inverse_error_mvp,2026-09-28
AP_004,AP,Tirupati,wind_speed_kmh,72,AIFS,0.291405,inverse_error_mvp,2026-09-28
AP_004,AP,Tirupati,wind_speed_kmh,72,IFS,0.276098,inverse_error_mvp,2026-09-28
AP_005,AP,Kakinada,rainfall_mm,24,NCEP GFS,0.071694,inverse_error_mvp,2026-09-28
AP_005,AP,Kakinada,rainfall_mm,24,GFS ENSEMBLE,0.095621,inverse_error_mvp,2026-09-28
AP_005,AP,Kakinada,rainfall_mm,24,AIFS,0.227588,inverse_error_mvp,2026-09-28
AP_005,AP,Kakinada,rainfall_mm,24,IFS,0.605097,inverse_error_mvp,2026-09-28
AP_005,AP,Kakinada,temperature_c,24,NCEP GFS,0.182587,inverse_error_mvp,2026-09-28
AP_005,AP,Kakinada,temperature_c,24,GFS ENSEMBLE,0.2315,inverse_error_mvp,2026-09-28
AP_005,AP,Kakinada,temperature_c,24,AIFS,0.309075,inverse_error_mvp,2026-09-28
AP_005,AP,Kakinada,temperature_c,24,IFS,0.276839,inverse_error_mvp,2026-09-28
AP_005,AP,Kakinada,wind_speed_kmh,24,NCEP GFS,0.234603,inverse_error_mvp,2026-09-28
AP_005,AP,Kakinada,wind_speed_kmh,24,GFS ENSEMBLE,0.257916,inverse_error_mvp,2026-09-28
AP_005,AP,Kakinada,wind_speed_kmh,24,AIFS,0.313062,inverse_error_mvp,2026-09-28
AP_005,AP,Kakinada,wind_speed_kmh,24,IFS,0.194419,inverse_error_mvp,2026-09-28
AP_005,AP,Kakinada,rainfall_mm,48,NCEP GFS,0.212104,inverse_error_mvp,2026-09-28
AP_005,AP,Kakinada,rainfall_mm,48,GFS ENSEMBLE,0.169723,inverse_error_mvp,2026-09-28
AP_005,AP,Kakinada,rainfall_mm,48,AIFS,0.436605,inverse_error_mvp,2026-09-28
AP_005,AP,Kakinada,rainfall_mm,48,IFS,0.181568,inverse_error_mvp,2026-09-28
AP_005,AP,Kakinada,temperature_c,48,NCEP GFS,0.242102,inverse_error_mvp,2026-09-28
AP_005,AP,Kakinada,temperature_c,48,GFS ENSEMBLE,0.24105,inverse_error_mvp,2026-09-28
AP_005,AP,Kakinada,temperature_c,48,AIFS,0.253732,inverse_error_mvp,2026-09-28
AP_005,AP,Kakinada,temperature_c,48,IFS,0.263115,inverse_error_mvp,2026-09-28
AP_005,AP,Kakinada,wind_speed_kmh,48,NCEP GFS,0.193475,inverse_error_mvp,2026-09-28
AP_005,AP,Kakinada,wind_speed_kmh,48,GFS ENSEMBLE,0.266905,inverse_error_mvp,2026-09-28
AP_005,AP,Kakinada,wind_speed_kmh,48,AIFS,0.252521,inverse_error_mvp,2026-09-28
AP_005,AP,Kakinada,wind_speed_kmh,48,IFS,0.287098,inverse_error_mvp,2026-09-28
AP_005,AP,Kakinada,rainfall_mm,72,NCEP GFS,0.218355,inverse_error_mvp,2026-09-28
AP_005,AP,Kakinada,rainfall_mm,72,GFS ENSEMBLE,0.137858,inverse_error_mvp,2026-09-28
AP_005,AP,Kakinada,rainfall_mm,72,AIFS,0.454522,inverse_error_mvp,2026-09-28
AP_005,AP,Kakinada,rainfall_mm,72,IFS,0.189265,inverse_error_mvp,2026-09-28
AP_005,AP,Kakinada,temperature_c,72,NCEP GFS,0.191428,inverse_error_mvp,2026-09-28
AP_005,AP,Kakinada,temperature_c,72,GFS ENSEMBLE,0.281844,inverse_error_mvp,2026-09-28
AP_005,AP,Kakinada,temperature_c,72,AIFS,0.289447,inverse_error_mvp,2026-09-28
AP_005,AP,Kakinada,temperature_c,72,IFS,0.23728,inverse_error_mvp,2026-09-28
AP_005,AP,Kakinada,wind_speed_kmh,72,NCEP GFS,0.233064,inverse_error_mvp,2026-09-28
AP_005,AP,Kakinada,wind_speed_kmh,72,GFS ENSEMBLE,0.230862,inverse_error_mvp,2026-09-28
AP_005,AP,Kakinada,wind_speed_kmh,72,AIFS,0.279214,inverse_error_mvp,2026-09-28
AP_005,AP,Kakinada,wind_speed_kmh,72,IFS,0.25686,inverse_error_mvp,2026-09-28
AR_006,AR,Itanagar,rainfall_mm,24,NCEP GFS,0.187563,inverse_error_mvp,2026-09-28
AR_006,AR,Itanagar,rainfall_mm,24,GFS ENSEMBLE,0.144725,inverse_error_mvp,2026-09-28
AR_006,AR,Itanagar,rainfall_mm,24,AIFS,0.467603,inverse_error_mvp,2026-09-28
AR_006,AR,Itanagar,rainfall_mm,24,IFS,0.200109,inverse_error_mvp,2026-09-28
AR_006,AR,Itanagar,temperature_c,24,NCEP GFS,0.143289,inverse_error_mvp,2026-09-28
AR_006,AR,Itanagar,temperature_c,24,GFS ENSEMBLE,0.280757,inverse_error_mvp,2026-09-28
AR_006,AR,Itanagar,temperature_c,24,AIFS,0.256472,inverse_error_mvp,2026-09-28
AR_006,AR,Itanagar,temperature_c,24,IFS,0.319483,inverse_error_mvp,2026-09-28
AR_006,AR,Itanagar,wind_speed_kmh,24,NCEP GFS,0.17999,inverse_error_mvp,2026-09-28
AR_006,AR,Itanagar,wind_speed_kmh,24,GFS ENSEMBLE,0.278213,inverse_error_mvp,2026-09-28
AR_006,AR,Itanagar,wind_speed_kmh,24,AIFS,0.270329,inverse_error_mvp,2026-09-28
AR_006,AR,Itanagar,wind_speed_kmh,24,IFS,0.271468,inverse_error_mvp,2026-09-28
AR_006,AR,Itanagar,rainfall_mm,48,NCEP GFS,0.156207,inverse_error_mvp,2026-09-28
AR_006,AR,Itanagar,rainfall_mm,48,GFS ENSEMBLE,0.219944,inverse_error_mvp,2026-09-28
AR_006,AR,Itanagar,rainfall_mm,48,AIFS,0.28943,inverse_error_mvp,2026-09-28
AR_006,AR,Itanagar,rainfall_mm,48,IFS,0.334419,inverse_error_mvp,2026-09-28
AR_006,AR,Itanagar,temperature_c,48,NCEP GFS,0.166554,inverse_error_mvp,2026-09-28
AR_006,AR,Itanagar,temperature_c,48,GFS ENSEMBLE,0.297369,inverse_error_mvp,2026-09-28
AR_006,AR,Itanagar,temperature_c,48,AIFS,0.237806,inverse_error_mvp,2026-09-28
AR_006,AR,Itanagar,temperature_c,48,IFS,0.298272,inverse_error_mvp,2026-09-28
AR_006,AR,Itanagar,wind_speed_kmh,48,NCEP GFS,0.229547,inverse_error_mvp,2026-09-28
AR_006,AR,Itanagar,wind_speed_kmh,48,GFS ENSEMBLE,0.241411,inverse_error_mvp,2026-09-28
AR_006,AR,Itanagar,wind_speed_kmh,48,AIFS,0.287107,inverse_error_mvp,2026-09-28
AR_006,AR,Itanagar,wind_speed_kmh,48,IFS,0.241935,inverse_error_mvp,2026-09-28
AR_006,AR,Itanagar,rainfall_mm,72,NCEP GFS,0.192398,inverse_error_mvp,2026-09-28
AR_006,AR,Itanagar,rainfall_mm,72,GFS ENSEMBLE,0.159145,inverse_error_mvp,2026-09-28
AR_006,AR,Itanagar,rainfall_mm,72,AIFS,0.282608,inverse_error_mvp,2026-09-28
AR_006,AR,Itanagar,rainfall_mm,72,IFS,0.365849,inverse_error_mvp,2026-09-28
AR_006,AR,Itanagar,temperature_c,72,NCEP GFS,0.180467,inverse_error_mvp,2026-09-28
AR_006,AR,Itanagar,temperature_c,72,GFS ENSEMBLE,0.247564,inverse_error_mvp,2026-09-28
AR_006,AR,Itanagar,temperature_c,72,AIFS,0.242375,inverse_error_mvp,2026-09-28
AR_006,AR,Itanagar,temperature_c,72,IFS,0.329595,inverse_error_mvp,2026-09-28
AR_006,AR,Itanagar,wind_speed_kmh,72,NCEP GFS,0.20544,inverse_error_mvp,2026-09-28
AR_006,AR,Itanagar,wind_speed_kmh,72,GFS ENSEMBLE,0.287982,inverse_error_mvp,2026-09-28
AR_006,AR,Itanagar,wind_speed_kmh,72,AIFS,0.245354,inverse_error_mvp,2026-09-28
AR_006,AR,Itanagar,wind_speed_kmh,72,IFS,0.261223,inverse_error_mvp,2026-09-28
AR_007,AR,Naharlagun,rainfall_mm,24,NCEP GFS,0.188842,inverse_error_mvp,2026-09-28
AR_007,AR,Naharlagun,rainfall_mm,24,GFS ENSEMBLE,0.203257,inverse_error_mvp,2026-09-28
AR_007,AR,Naharlagun,rainfall_mm,24,AIFS,0.270139,inverse_error_mvp,2026-09-28
AR_007,AR,Naharlagun,rainfall_mm,24,IFS,0.337761,inverse_error_mvp,2026-09-28
AR_007,AR,Naharlagun,temperature_c,24,NCEP GFS,0.16223,inverse_error_mvp,2026-09-28
AR_007,AR,Naharlagun,temperature_c,24,GFS ENSEMBLE,0.282888,inverse_error_mvp,2026-09-28
AR_007,AR,Naharlagun,temperature_c,24,AIFS,0.281084,inverse_error_mvp,2026-09-28
AR_007,AR,Naharlagun,temperature_c,24,IFS,0.273797,inverse_error_mvp,2026-09-28
AR_007,AR,Naharlagun,wind_speed_kmh,24,NCEP GFS,0.193709,inverse_error_mvp,2026-09-28
AR_007,AR,Naharlagun,wind_speed_kmh,24,GFS ENSEMBLE,0.245967,inverse_error_mvp,2026-09-28
AR_007,AR,Naharlagun,wind_speed_kmh,24,AIFS,0.276094,inverse_error_mvp,2026-09-28
AR_007,AR,Naharlagun,wind_speed_kmh,24,IFS,0.284231,inverse_error_mvp,2026-09-28
AR_007,AR,Naharlagun,rainfall_mm,48,NCEP GFS,0.233711,inverse_error_mvp,2026-09-28
AR_007,AR,Naharlagun,rainfall_mm,48,GFS ENSEMBLE,0.244581,inverse_error_mvp,2026-09-28
AR_007,AR,Naharlagun,rainfall_mm,48,AIFS,0.24545,inverse_error_mvp,2026-09-28
AR_007,AR,Naharlagun,rainfall_mm,48,IFS,0.276258,inverse_error_mvp,2026-09-28
AR_007,AR,Naharlagun,temperature_c,48,NCEP GFS,0.221165,inverse_error_mvp,2026-09-28
AR_007,AR,Naharlagun,temperature_c,48,GFS ENSEMBLE,0.239836,inverse_error_mvp,2026-09-28
AR_007,AR,Naharlagun,temperature_c,48,AIFS,0.294453,inverse_error_mvp,2026-09-28
AR_007,AR,Naharlagun,temperature_c,48,IFS,0.244547,inverse_error_mvp,2026-09-28
AR_007,AR,Naharlagun,wind_speed_kmh,48,NCEP GFS,0.216631,inverse_error_mvp,2026-09-28
AR_007,AR,Naharlagun,wind_speed_kmh,48,GFS ENSEMBLE,0.274822,inverse_error_mvp,2026-09-28
AR_007,AR,Naharlagun,wind_speed_kmh,48,AIFS,0.257482,inverse_error_mvp,2026-09-28
AR_007,AR,Naharlagun,wind_speed_kmh,48,IFS,0.251065,inverse_error_mvp,2026-09-28
AR_007,AR,Naharlagun,rainfall_mm,72,NCEP GFS,0.170804,inverse_error_mvp,2026-09-28
AR_007,AR,Naharlagun,rainfall_mm,72,GFS ENSEMBLE,0.30191,inverse_error_mvp,2026-09-28
AR_007,AR,Naharlagun,rainfall_mm,72,AIFS,0.297919,inverse_error_mvp,2026-09-28
AR_007,AR,Naharlagun,rainfall_mm,72,IFS,0.229366,inverse_error_mvp,2026-09-28
AR_007,AR,Naharlagun,temperature_c,72,NCEP GFS,0.209694,inverse_error_mvp,2026-09-28
AR_007,AR,Naharlagun,temperature_c,72,GFS ENSEMBLE,0.273494,inverse_error_mvp,2026-09-28
AR_007,AR,Naharlagun,temperature_c,72,AIFS,0.254132,inverse_error_mvp,2026-09-28
AR_007,AR,Naharlagun,temperature_c,72,IFS,0.262681,inverse_error_mvp,2026-09-28
AR_007,AR,Naharlagun,wind_speed_kmh,72,NCEP GFS,0.219538,inverse_error_mvp,2026-09-28
AR_007,AR,Naharlagun,wind_speed_kmh,72,GFS ENSEMBLE,0.210289,inverse_error_mvp,2026-09-28
AR_007,AR,Naharlagun,wind_speed_kmh,72,AIFS,0.264898,inverse_error_mvp,2026-09-28
AR_007,AR,Naharlagun,wind_speed_kmh,72,IFS,0.305276,inverse_error_mvp,2026-09-28
AR_008,AR,Pasighat,rainfall_mm,24,NCEP GFS,0.358565,inverse_error_mvp,2026-09-28
AR_008,AR,Pasighat,rainfall_mm,24,GFS ENSEMBLE,0.162454,inverse_error_mvp,2026-09-28
AR_008,AR,Pasighat,rainfall_mm,24,AIFS,0.24982,inverse_error_mvp,2026-09-28
AR_008,AR,Pasighat,rainfall_mm,24,IFS,0.22916,inverse_error_mvp,2026-09-28
AR_008,AR,Pasighat,temperature_c,24,NCEP GFS,0.184455,inverse_error_mvp,2026-09-28
AR_008,AR,Pasighat,temperature_c,24,GFS ENSEMBLE,0.227872,inverse_error_mvp,2026-09-28
AR_008,AR,Pasighat,temperature_c,24,AIFS,0.326354,inverse_error_mvp,2026-09-28
AR_008,AR,Pasighat,temperature_c,24,IFS,0.261319,inverse_error_mvp,2026-09-28
AR_008,AR,Pasighat,wind_speed_kmh,24,NCEP GFS,0.228297,inverse_error_mvp,2026-09-28
AR_008,AR,Pasighat,wind_speed_kmh,24,GFS ENSEMBLE,0.238263,inverse_error_mvp,2026-09-28
AR_008,AR,Pasighat,wind_speed_kmh,24,AIFS,0.252247,inverse_error_mvp,2026-09-28
AR_008,AR,Pasighat,wind_speed_kmh,24,IFS,0.281193,inverse_error_mvp,2026-09-28
AR_008,AR,Pasighat,rainfall_mm,48,NCEP GFS,0.127575,inverse_error_mvp,2026-09-28
AR_008,AR,Pasighat,rainfall_mm,48,GFS ENSEMBLE,0.184062,inverse_error_mvp,2026-09-28
AR_008,AR,Pasighat,rainfall_mm,48,AIFS,0.354793,inverse_error_mvp,2026-09-28
AR_008,AR,Pasighat,rainfall_mm,48,IFS,0.33357,inverse_error_mvp,2026-09-28
AR_008,AR,Pasighat,temperature_c,48,NCEP GFS,0.238066,inverse_error_mvp,2026-09-28
AR_008,AR,Pasighat,temperature_c,48,GFS ENSEMBLE,0.230584,inverse_error_mvp,2026-09-28
AR_008,AR,Pasighat,temperature_c,48,AIFS,0.268323,inverse_error_mvp,2026-09-28
AR_008,AR,Pasighat,temperature_c,48,IFS,0.263027,inverse_error_mvp,2026-09-28
AR_008,AR,Pasighat,wind_speed_kmh,48,NCEP GFS,0.185932,inverse_error_mvp,2026-09-28
AR_008,AR,Pasighat,wind_speed_kmh,48,GFS ENSEMBLE,0.26122,inverse_error_mvp,2026-09-28
AR_008,AR,Pasighat,wind_speed_kmh,48,AIFS,0.293156,inverse_error_mvp,2026-09-28
AR_008,AR,Pasighat,wind_speed_kmh,48,IFS,0.259692,inverse_error_mvp,2026-09-28
AR_008,AR,Pasighat,rainfall_mm,72,NCEP GFS,0.219172,inverse_error_mvp,2026-09-28
AR_008,AR,Pasighat,rainfall_mm,72,GFS ENSEMBLE,0.225693,inverse_error_mvp,2026-09-28
AR_008,AR,Pasighat,rainfall_mm,72,AIFS,0.215066,inverse_error_mvp,2026-09-28
AR_008,AR,Pasighat,rainfall_mm,72,IFS,0.340069,inverse_error_mvp,2026-09-28
AR_008,AR,Pasighat,temperature_c,72,NCEP GFS,0.20406,inverse_error_mvp,2026-09-28
AR_008,AR,Pasighat,temperature_c,72,GFS ENSEMBLE,0.256684,inverse_error_mvp,2026-09-28
AR_008,AR,Pasighat,temperature_c,72,AIFS,0.286898,inverse_error_mvp,2026-09-28
AR_008,AR,Pasighat,temperature_c,72,IFS,0.252358,inverse_error_mvp,2026-09-28
AR_008,AR,Pasighat,wind_speed_kmh,72,NCEP GFS,0.180828,inverse_error_mvp,2026-09-28
AR_008,AR,Pasighat,wind_speed_kmh,72,GFS ENSEMBLE,0.257142,inverse_error_mvp,2026-09-28
AR_008,AR,Pasighat,wind_speed_kmh,72,AIFS,0.262415,inverse_error_mvp,2026-09-28
AR_008,AR,Pasighat,wind_speed_kmh,72,IFS,0.299615,inverse_error_mvp,2026-09-28
AR_009,AR,Tawang,rainfall_mm,24,NCEP GFS,0.192481,inverse_error_mvp,2026-09-28
AR_009,AR,Tawang,rainfall_mm,24,GFS ENSEMBLE,0.226455,inverse_error_mvp,2026-09-28
AR_009,AR,Tawang,rainfall_mm,24,AIFS,0.205179,inverse_error_mvp,2026-09-28
AR_009,AR,Tawang,rainfall_mm,24,IFS,0.375884,inverse_error_mvp,2026-09-28
AR_009,AR,Tawang,temperature_c,24,NCEP GFS,0.211265,inverse_error_mvp,2026-09-28
AR_009,AR,Tawang,temperature_c,24,GFS ENSEMBLE,0.246357,inverse_error_mvp,2026-09-28
AR_009,AR,Tawang,temperature_c,24,AIFS,0.314617,inverse_error_mvp,2026-09-28
AR_009,AR,Tawang,temperature_c,24,IFS,0.227761,inverse_error_mvp,2026-09-28
AR_009,AR,Tawang,wind_speed_kmh,24,NCEP GFS,0.232428,inverse_error_mvp,2026-09-28
AR_009,AR,Tawang,wind_speed_kmh,24,GFS ENSEMBLE,0.272502,inverse_error_mvp,2026-09-28
AR_009,AR,Tawang,wind_speed_kmh,24,AIFS,0.265549,inverse_error_mvp,2026-09-28
AR_009,AR,Tawang,wind_speed_kmh,24,IFS,0.229522,inverse_error_mvp,2026-09-28
AR_009,AR,Tawang,rainfall_mm,48,NCEP GFS,0.177348,inverse_error_mvp,2026-09-28
AR_009,AR,Tawang,rainfall_mm,48,GFS ENSEMBLE,0.199138,inverse_error_mvp,2026-09-28
AR_009,AR,Tawang,rainfall_mm,48,AIFS,0.272859,inverse_error_mvp,2026-09-28
AR_009,AR,Tawang,rainfall_mm,48,IFS,0.350655,inverse_error_mvp,2026-09-28
AR_009,AR,Tawang,temperature_c,48,NCEP GFS,0.175592,inverse_error_mvp,2026-09-28
AR_009,AR,Tawang,temperature_c,48,GFS ENSEMBLE,0.234852,inverse_error_mvp,2026-09-28
AR_009,AR,Tawang,temperature_c,48,AIFS,0.309755,inverse_error_mvp,2026-09-28
AR_009,AR,Tawang,temperature_c,48,IFS,0.279802,inverse_error_mvp,2026-09-28
AR_009,AR,Tawang,wind_speed_kmh,48,NCEP GFS,0.157359,inverse_error_mvp,2026-09-28
AR_009,AR,Tawang,wind_speed_kmh,48,GFS ENSEMBLE,0.276235,inverse_error_mvp,2026-09-28
AR_009,AR,Tawang,wind_speed_kmh,48,AIFS,0.271308,inverse_error_mvp,2026-09-28
AR_009,AR,Tawang,wind_speed_kmh,48,IFS,0.295098,inverse_error_mvp,2026-09-28
AR_009,AR,Tawang,rainfall_mm,72,NCEP GFS,0.217495,inverse_error_mvp,2026-09-28
AR_009,AR,Tawang,rainfall_mm,72,GFS ENSEMBLE,0.286148,inverse_error_mvp,2026-09-28
AR_009,AR,Tawang,rainfall_mm,72,AIFS,0.246198,inverse_error_mvp,2026-09-28
AR_009,AR,Tawang,rainfall_mm,72,IFS,0.250159,inverse_error_mvp,2026-09-28
AR_009,AR,Tawang,temperature_c,72,NCEP GFS,0.171557,inverse_error_mvp,2026-09-28
AR_009,AR,Tawang,temperature_c,72,GFS ENSEMBLE,0.270367,inverse_error_mvp,2026-09-28
AR_009,AR,Tawang,temperature_c,72,AIFS,0.307534,inverse_error_mvp,2026-09-28
AR_009,AR,Tawang,temperature_c,72,IFS,0.250541,inverse_error_mvp,2026-09-28
AR_009,AR,Tawang,wind_speed_kmh,72,NCEP GFS,0.186154,inverse_error_mvp,2026-09-28
AR_009,AR,Tawang,wind_speed_kmh,72,GFS ENSEMBLE,0.289722,inverse_error_mvp,2026-09-28
AR_009,AR,Tawang,wind_speed_kmh,72,AIFS,0.318142,inverse_error_mvp,2026-09-28
AR_009,AR,Tawang,wind_speed_kmh,72,IFS,0.205983,inverse_error_mvp,2026-09-28
AR_010,AR,Ziro,rainfall_mm,24,NCEP GFS,0.199165,inverse_error_mvp,2026-09-28
AR_010,AR,Ziro,rainfall_mm,24,GFS ENSEMBLE,0.311619,inverse_error_mvp,2026-09-28
AR_010,AR,Ziro,rainfall_mm,24,AIFS,0.156695,inverse_error_mvp,2026-09-28
AR_010,AR,Ziro,rainfall_mm,24,IFS,0.332521,inverse_error_mvp,2026-09-28
AR_010,AR,Ziro,temperature_c,24,NCEP GFS,0.186834,inverse_error_mvp,2026-09-28
AR_010,AR,Ziro,temperature_c,24,GFS ENSEMBLE,0.240103,inverse_error_mvp,2026-09-28
AR_010,AR,Ziro,temperature_c,24,AIFS,0.313545,inverse_error_mvp,2026-09-28
AR_010,AR,Ziro,temperature_c,24,IFS,0.259519,inverse_error_mvp,2026-09-28
AR_010,AR,Ziro,wind_speed_kmh,24,NCEP GFS,0.181271,inverse_error_mvp,2026-09-28
AR_010,AR,Ziro,wind_speed_kmh,24,GFS ENSEMBLE,0.200668,inverse_error_mvp,2026-09-28
AR_010,AR,Ziro,wind_speed_kmh,24,AIFS,0.255355,inverse_error_mvp,2026-09-28
AR_010,AR,Ziro,wind_speed_kmh,24,IFS,0.362706,inverse_error_mvp,2026-09-28
AR_010,AR,Ziro,rainfall_mm,48,NCEP GFS,0.246657,inverse_error_mvp,2026-09-28
AR_010,AR,Ziro,rainfall_mm,48,GFS ENSEMBLE,0.145602,inverse_error_mvp,2026-09-28
AR_010,AR,Ziro,rainfall_mm,48,AIFS,0.304271,inverse_error_mvp,2026-09-28
AR_010,AR,Ziro,rainfall_mm,48,IFS,0.30347,inverse_error_mvp,2026-09-28
AR_010,AR,Ziro,temperature_c,48,NCEP GFS,0.197871,inverse_error_mvp,2026-09-28
AR_010,AR,Ziro,temperature_c,48,GFS ENSEMBLE,0.247367,inverse_error_mvp,2026-09-28
AR_010,AR,Ziro,temperature_c,48,AIFS,0.245452,inverse_error_mvp,2026-09-28
AR_010,AR,Ziro,temperature_c,48,IFS,0.30931,inverse_error_mvp,2026-09-28
AR_010,AR,Ziro,wind_speed_kmh,48,NCEP GFS,0.217555,inverse_error_mvp,2026-09-28
AR_010,AR,Ziro,wind_speed_kmh,48,GFS ENSEMBLE,0.249449,inverse_error_mvp,2026-09-28
AR_010,AR,Ziro,wind_speed_kmh,48,AIFS,0.307455,inverse_error_mvp,2026-09-28
AR_010,AR,Ziro,wind_speed_kmh,48,IFS,0.225541,inverse_error_mvp,2026-09-28
AR_010,AR,Ziro,rainfall_mm,72,NCEP GFS,0.190845,inverse_error_mvp,2026-09-28
AR_010,AR,Ziro,rainfall_mm,72,GFS ENSEMBLE,0.191052,inverse_error_mvp,2026-09-28
AR_010,AR,Ziro,rainfall_mm,72,AIFS,0.234068,inverse_error_mvp,2026-09-28
AR_010,AR,Ziro,rainfall_mm,72,IFS,0.384035,inverse_error_mvp,2026-09-28
AR_010,AR,Ziro,temperature_c,72,NCEP GFS,0.201113,inverse_error_mvp,2026-09-28
AR_010,AR,Ziro,temperature_c,72,GFS ENSEMBLE,0.290689,inverse_error_mvp,2026-09-28
AR_010,AR,Ziro,temperature_c,72,AIFS,0.282367,inverse_error_mvp,2026-09-28
AR_010,AR,Ziro,temperature_c,72,IFS,0.225831,inverse_error_mvp,2026-09-28
AR_010,AR,Ziro,wind_speed_kmh,72,NCEP GFS,0.20572,inverse_error_mvp,2026-09-28
AR_010,AR,Ziro,wind_speed_kmh,72,GFS ENSEMBLE,0.267388,inverse_error_mvp,2026-09-28
AR_010,AR,Ziro,wind_speed_kmh,72,AIFS,0.227675,inverse_error_mvp,2026-09-28
AR_010,AR,Ziro,wind_speed_kmh,72,IFS,0.299217,inverse_error_mvp,2026-09-28
AS_011,AS,Guwahati,rainfall_mm,24,NCEP GFS,0.278891,inverse_error_mvp,2026-09-28
AS_011,AS,Guwahati,rainfall_mm,24,GFS ENSEMBLE,0.270675,inverse_error_mvp,2026-09-28
AS_011,AS,Guwahati,rainfall_mm,24,AIFS,0.138849,inverse_error_mvp,2026-09-28
AS_011,AS,Guwahati,rainfall_mm,24,IFS,0.311584,inverse_error_mvp,2026-09-28
AS_011,AS,Guwahati,temperature_c,24,NCEP GFS,0.146591,inverse_error_mvp,2026-09-28
AS_011,AS,Guwahati,temperature_c,24,GFS ENSEMBLE,0.280563,inverse_error_mvp,2026-09-28
AS_011,AS,Guwahati,temperature_c,24,AIFS,0.288553,inverse_error_mvp,2026-09-28
AS_011,AS,Guwahati,temperature_c,24,IFS,0.284292,inverse_error_mvp,2026-09-28
AS_011,AS,Guwahati,wind_speed_kmh,24,NCEP GFS,0.19251,inverse_error_mvp,2026-09-28
AS_011,AS,Guwahati,wind_speed_kmh,24,GFS ENSEMBLE,0.252267,inverse_error_mvp,2026-09-28
AS_011,AS,Guwahati,wind_speed_kmh,24,AIFS,0.263782,inverse_error_mvp,2026-09-28
AS_011,AS,Guwahati,wind_speed_kmh,24,IFS,0.291442,inverse_error_mvp,2026-09-28
AS_011,AS,Guwahati,rainfall_mm,48,NCEP GFS,0.198876,inverse_error_mvp,2026-09-28
AS_011,AS,Guwahati,rainfall_mm,48,GFS ENSEMBLE,0.215051,inverse_error_mvp,2026-09-28
AS_011,AS,Guwahati,rainfall_mm,48,AIFS,0.184044,inverse_error_mvp,2026-09-28
AS_011,AS,Guwahati,rainfall_mm,48,IFS,0.40203,inverse_error_mvp,2026-09-28
AS_011,AS,Guwahati,temperature_c,48,NCEP GFS,0.138667,inverse_error_mvp,2026-09-28
AS_011,AS,Guwahati,temperature_c,48,GFS ENSEMBLE,0.32606,inverse_error_mvp,2026-09-28
AS_011,AS,Guwahati,temperature_c,48,AIFS,0.286774,inverse_error_mvp,2026-09-28
AS_011,AS,Guwahati,temperature_c,48,IFS,0.248499,inverse_error_mvp,2026-09-28
AS_011,AS,Guwahati,wind_speed_kmh,48,NCEP GFS,0.19937,inverse_error_mvp,2026-09-28
AS_011,AS,Guwahati,wind_speed_kmh,48,GFS ENSEMBLE,0.249614,inverse_error_mvp,2026-09-28
AS_011,AS,Guwahati,wind_speed_kmh,48,AIFS,0.287256,inverse_error_mvp,2026-09-28
AS_011,AS,Guwahati,wind_speed_kmh,48,IFS,0.26376,inverse_error_mvp,2026-09-28
AS_011,AS,Guwahati,rainfall_mm,72,NCEP GFS,0.207301,inverse_error_mvp,2026-09-28
AS_011,AS,Guwahati,rainfall_mm,72,GFS ENSEMBLE,0.15194,inverse_error_mvp,2026-09-28
AS_011,AS,Guwahati,rainfall_mm,72,AIFS,0.205372,inverse_error_mvp,2026-09-28
AS_011,AS,Guwahati,rainfall_mm,72,IFS,0.435387,inverse_error_mvp,2026-09-28
AS_011,AS,Guwahati,temperature_c,72,NCEP GFS,0.16713,inverse_error_mvp,2026-09-28
AS_011,AS,Guwahati,temperature_c,72,GFS ENSEMBLE,0.245271,inverse_error_mvp,2026-09-28
AS_011,AS,Guwahati,temperature_c,72,AIFS,0.297221,inverse_error_mvp,2026-09-28
AS_011,AS,Guwahati,temperature_c,72,IFS,0.290378,inverse_error_mvp,2026-09-28
AS_011,AS,Guwahati,wind_speed_kmh,72,NCEP GFS,0.181821,inverse_error_mvp,2026-09-28
AS_011,AS,Guwahati,wind_speed_kmh,72,GFS ENSEMBLE,0.255507,inverse_error_mvp,2026-09-28
AS_011,AS,Guwahati,wind_speed_kmh,72,AIFS,0.302597,inverse_error_mvp,2026-09-28
AS_011,AS,Guwahati,wind_speed_kmh,72,IFS,0.260075,inverse_error_mvp,2026-09-28
AS_012,AS,Silchar,rainfall_mm,24,NCEP GFS,0.215088,inverse_error_mvp,2026-09-28
AS_012,AS,Silchar,rainfall_mm,24,GFS ENSEMBLE,0.34214,inverse_error_mvp,2026-09-28
AS_012,AS,Silchar,rainfall_mm,24,AIFS,0.223874,inverse_error_mvp,2026-09-28
AS_012,AS,Silchar,rainfall_mm,24,IFS,0.218899,inverse_error_mvp,2026-09-28
AS_012,AS,Silchar,temperature_c,24,NCEP GFS,0.167352,inverse_error_mvp,2026-09-28
AS_012,AS,Silchar,temperature_c,24,GFS ENSEMBLE,0.260994,inverse_error_mvp,2026-09-28
AS_012,AS,Silchar,temperature_c,24,AIFS,0.314307,inverse_error_mvp,2026-09-28
AS_012,AS,Silchar,temperature_c,24,IFS,0.257347,inverse_error_mvp,2026-09-28
AS_012,AS,Silchar,wind_speed_kmh,24,NCEP GFS,0.201485,inverse_error_mvp,2026-09-28
AS_012,AS,Silchar,wind_speed_kmh,24,GFS ENSEMBLE,0.29726,inverse_error_mvp,2026-09-28
AS_012,AS,Silchar,wind_speed_kmh,24,AIFS,0.27147,inverse_error_mvp,2026-09-28
AS_012,AS,Silchar,wind_speed_kmh,24,IFS,0.229786,inverse_error_mvp,2026-09-28
AS_012,AS,Silchar,rainfall_mm,48,NCEP GFS,0.143289,inverse_error_mvp,2026-09-28
AS_012,AS,Silchar,rainfall_mm,48,GFS ENSEMBLE,0.275834,inverse_error_mvp,2026-09-28
AS_012,AS,Silchar,rainfall_mm,48,AIFS,0.241745,inverse_error_mvp,2026-09-28
AS_012,AS,Silchar,rainfall_mm,48,IFS,0.339132,inverse_error_mvp,2026-09-28
AS_012,AS,Silchar,temperature_c,48,NCEP GFS,0.200591,inverse_error_mvp,2026-09-28
AS_012,AS,Silchar,temperature_c,48,GFS ENSEMBLE,0.224363,inverse_error_mvp,2026-09-28
AS_012,AS,Silchar,temperature_c,48,AIFS,0.298025,inverse_error_mvp,2026-09-28
AS_012,AS,Silchar,temperature_c,48,IFS,0.277022,inverse_error_mvp,2026-09-28
AS_012,AS,Silchar,wind_speed_kmh,48,NCEP GFS,0.188761,inverse_error_mvp,2026-09-28
AS_012,AS,Silchar,wind_speed_kmh,48,GFS ENSEMBLE,0.262009,inverse_error_mvp,2026-09-28
AS_012,AS,Silchar,wind_speed_kmh,48,AIFS,0.308897,inverse_error_mvp,2026-09-28
AS_012,AS,Silchar,wind_speed_kmh,48,IFS,0.240333,inverse_error_mvp,2026-09-28
AS_012,AS,Silchar,rainfall_mm,72,NCEP GFS,0.389225,inverse_error_mvp,2026-09-28
AS_012,AS,Silchar,rainfall_mm,72,GFS ENSEMBLE,0.184282,inverse_error_mvp,2026-09-28
AS_012,AS,Silchar,rainfall_mm,72,AIFS,0.189438,inverse_error_mvp,2026-09-28
AS_012,AS,Silchar,rainfall_mm,72,IFS,0.237055,inverse_error_mvp,2026-09-28
AS_012,AS,Silchar,temperature_c,72,NCEP GFS,0.1949,inverse_error_mvp,2026-09-28
AS_012,AS,Silchar,temperature_c,72,GFS ENSEMBLE,0.217659,inverse_error_mvp,2026-09-28
AS_012,AS,Silchar,temperature_c,72,AIFS,0.290227,inverse_error_mvp,2026-09-28
AS_012,AS,Silchar,temperature_c,72,IFS,0.297214,inverse_error_mvp,2026-09-28
AS_012,AS,Silchar,wind_speed_kmh,72,NCEP GFS,0.17063,inverse_error_mvp,2026-09-28
AS_012,AS,Silchar,wind_speed_kmh,72,GFS ENSEMBLE,0.245963,inverse_error_mvp,2026-09-28
AS_012,AS,Silchar,wind_speed_kmh,72,AIFS,0.276825,inverse_error_mvp,2026-09-28
AS_012,AS,Silchar,wind_speed_kmh,72,IFS,0.306583,inverse_error_mvp,2026-09-28
AS_013,AS,Dibrugarh,rainfall_mm,24,NCEP GFS,0.214869,inverse_error_mvp,2026-09-28
AS_013,AS,Dibrugarh,rainfall_mm,24,GFS ENSEMBLE,0.178566,inverse_error_mvp,2026-09-28
AS_013,AS,Dibrugarh,rainfall_mm,24,AIFS,0.275162,inverse_error_mvp,2026-09-28
AS_013,AS,Dibrugarh,rainfall_mm,24,IFS,0.331403,inverse_error_mvp,2026-09-28
AS_013,AS,Dibrugarh,temperature_c,24,NCEP GFS,0.193737,inverse_error_mvp,2026-09-28
AS_013,AS,Dibrugarh,temperature_c,24,GFS ENSEMBLE,0.252527,inverse_error_mvp,2026-09-28
AS_013,AS,Dibrugarh,temperature_c,24,AIFS,0.283662,inverse_error_mvp,2026-09-28
AS_013,AS,Dibrugarh,temperature_c,24,IFS,0.270074,inverse_error_mvp,2026-09-28
AS_013,AS,Dibrugarh,wind_speed_kmh,24,NCEP GFS,0.177169,inverse_error_mvp,2026-09-28
AS_013,AS,Dibrugarh,wind_speed_kmh,24,GFS ENSEMBLE,0.256108,inverse_error_mvp,2026-09-28
AS_013,AS,Dibrugarh,wind_speed_kmh,24,AIFS,0.300555,inverse_error_mvp,2026-09-28
AS_013,AS,Dibrugarh,wind_speed_kmh,24,IFS,0.266168,inverse_error_mvp,2026-09-28
AS_013,AS,Dibrugarh,rainfall_mm,48,NCEP GFS,0.150947,inverse_error_mvp,2026-09-28
AS_013,AS,Dibrugarh,rainfall_mm,48,GFS ENSEMBLE,0.307064,inverse_error_mvp,2026-09-28
AS_013,AS,Dibrugarh,rainfall_mm,48,AIFS,0.225586,inverse_error_mvp,2026-09-28
AS_013,AS,Dibrugarh,rainfall_mm,48,IFS,0.316403,inverse_error_mvp,2026-09-28
AS_013,AS,Dibrugarh,temperature_c,48,NCEP GFS,0.173608,inverse_error_mvp,2026-09-28
AS_013,AS,Dibrugarh,temperature_c,48,GFS ENSEMBLE,0.258348,inverse_error_mvp,2026-09-28
AS_013,AS,Dibrugarh,temperature_c,48,AIFS,0.299175,inverse_error_mvp,2026-09-28
AS_013,AS,Dibrugarh,temperature_c,48,IFS,0.268869,inverse_error_mvp,2026-09-28
AS_013,AS,Dibrugarh,wind_speed_kmh,48,NCEP GFS,0.168846,inverse_error_mvp,2026-09-28
AS_013,AS,Dibrugarh,wind_speed_kmh,48,GFS ENSEMBLE,0.239765,inverse_error_mvp,2026-09-28
AS_013,AS,Dibrugarh,wind_speed_kmh,48,AIFS,0.26596,inverse_error_mvp,2026-09-28
AS_013,AS,Dibrugarh,wind_speed_kmh,48,IFS,0.32543,inverse_error_mvp,2026-09-28
AS_013,AS,Dibrugarh,rainfall_mm,72,NCEP GFS,0.237718,inverse_error_mvp,2026-09-28
AS_013,AS,Dibrugarh,rainfall_mm,72,GFS ENSEMBLE,0.29701,inverse_error_mvp,2026-09-28
AS_013,AS,Dibrugarh,rainfall_mm,72,AIFS,0.290131,inverse_error_mvp,2026-09-28
AS_013,AS,Dibrugarh,rainfall_mm,72,IFS,0.175142,inverse_error_mvp,2026-09-28
AS_013,AS,Dibrugarh,temperature_c,72,NCEP GFS,0.188406,inverse_error_mvp,2026-09-28
AS_013,AS,Dibrugarh,temperature_c,72,GFS ENSEMBLE,0.248333,inverse_error_mvp,2026-09-28
AS_013,AS,Dibrugarh,temperature_c,72,AIFS,0.264806,inverse_error_mvp,2026-09-28
AS_013,AS,Dibrugarh,temperature_c,72,IFS,0.298454,inverse_error_mvp,2026-09-28
AS_013,AS,Dibrugarh,wind_speed_kmh,72,NCEP GFS,0.207725,inverse_error_mvp,2026-09-28
AS_013,AS,Dibrugarh,wind_speed_kmh,72,GFS ENSEMBLE,0.28367,inverse_error_mvp,2026-09-28
AS_013,AS,Dibrugarh,wind_speed_kmh,72,AIFS,0.238814,inverse_error_mvp,2026-09-28
AS_013,AS,Dibrugarh,wind_speed_kmh,72,IFS,0.269791,inverse_error_mvp,2026-09-28
AS_014,AS,Jorhat,rainfall_mm,24,NCEP GFS,0.182915,inverse_error_mvp,2026-09-28
AS_014,AS,Jorhat,rainfall_mm,24,GFS ENSEMBLE,0.270732,inverse_error_mvp,2026-09-28
AS_014,AS,Jorhat,rainfall_mm,24,AIFS,0.271617,inverse_error_mvp,2026-09-28
AS_014,AS,Jorhat,rainfall_mm,24,IFS,0.274736,inverse_error_mvp,2026-09-28
AS_014,AS,Jorhat,temperature_c,24,NCEP GFS,0.165407,inverse_error_mvp,2026-09-28
AS_014,AS,Jorhat,temperature_c,24,GFS ENSEMBLE,0.256794,inverse_error_mvp,2026-09-28
AS_014,AS,Jorhat,temperature_c,24,AIFS,0.324838,inverse_error_mvp,2026-09-28
AS_014,AS,Jorhat,temperature_c,24,IFS,0.252961,inverse_error_mvp,2026-09-28
AS_014,AS,Jorhat,wind_speed_kmh,24,NCEP GFS,0.220432,inverse_error_mvp,2026-09-28
AS_014,AS,Jorhat,wind_speed_kmh,24,GFS ENSEMBLE,0.275473,inverse_error_mvp,2026-09-28
AS_014,AS,Jorhat,wind_speed_kmh,24,AIFS,0.282029,inverse_error_mvp,2026-09-28
AS_014,AS,Jorhat,wind_speed_kmh,24,IFS,0.222066,inverse_error_mvp,2026-09-28
AS_014,AS,Jorhat,rainfall_mm,48,NCEP GFS,0.20467,inverse_error_mvp,2026-09-28
AS_014,AS,Jorhat,rainfall_mm,48,GFS ENSEMBLE,0.341677,inverse_error_mvp,2026-09-28
AS_014,AS,Jorhat,rainfall_mm,48,AIFS,0.198487,inverse_error_mvp,2026-09-28
AS_014,AS,Jorhat,rainfall_mm,48,IFS,0.255167,inverse_error_mvp,2026-09-28
AS_014,AS,Jorhat,temperature_c,48,NCEP GFS,0.165848,inverse_error_mvp,2026-09-28
AS_014,AS,Jorhat,temperature_c,48,GFS ENSEMBLE,0.236451,inverse_error_mvp,2026-09-28
AS_014,AS,Jorhat,temperature_c,48,AIFS,0.351089,inverse_error_mvp,2026-09-28
AS_014,AS,Jorhat,temperature_c,48,IFS,0.246612,inverse_error_mvp,2026-09-28
AS_014,AS,Jorhat,wind_speed_kmh,48,NCEP GFS,0.172303,inverse_error_mvp,2026-09-28
AS_014,AS,Jorhat,wind_speed_kmh,48,GFS ENSEMBLE,0.221928,inverse_error_mvp,2026-09-28
AS_014,AS,Jorhat,wind_speed_kmh,48,AIFS,0.301377,inverse_error_mvp,2026-09-28
AS_014,AS,Jorhat,wind_speed_kmh,48,IFS,0.304392,inverse_error_mvp,2026-09-28
AS_014,AS,Jorhat,rainfall_mm,72,NCEP GFS,0.213117,inverse_error_mvp,2026-09-28
AS_014,AS,Jorhat,rainfall_mm,72,GFS ENSEMBLE,0.247623,inverse_error_mvp,2026-09-28
AS_014,AS,Jorhat,rainfall_mm,72,AIFS,0.300842,inverse_error_mvp,2026-09-28
AS_014,AS,Jorhat,rainfall_mm,72,IFS,0.238419,inverse_error_mvp,2026-09-28
AS_014,AS,Jorhat,temperature_c,72,NCEP GFS,0.222047,inverse_error_mvp,2026-09-28
AS_014,AS,Jorhat,temperature_c,72,GFS ENSEMBLE,0.230232,inverse_error_mvp,2026-09-28
AS_014,AS,Jorhat,temperature_c,72,AIFS,0.243532,inverse_error_mvp,2026-09-28
AS_014,AS,Jorhat,temperature_c,72,IFS,0.304188,inverse_error_mvp,2026-09-28
AS_014,AS,Jorhat,wind_speed_kmh,72,NCEP GFS,0.201647,inverse_error_mvp,2026-09-28
AS_014,AS,Jorhat,wind_speed_kmh,72,GFS ENSEMBLE,0.248478,inverse_error_mvp,2026-09-28
AS_014,AS,Jorhat,wind_speed_kmh,72,AIFS,0.298322,inverse_error_mvp,2026-09-28
AS_014,AS,Jorhat,wind_speed_kmh,72,IFS,0.251552,inverse_error_mvp,2026-09-28
AS_015,AS,Tezpur,rainfall_mm,24,NCEP GFS,0.220036,inverse_error_mvp,2026-09-28
AS_015,AS,Tezpur,rainfall_mm,24,GFS ENSEMBLE,0.293022,inverse_error_mvp,2026-09-28
AS_015,AS,Tezpur,rainfall_mm,24,AIFS,0.206675,inverse_error_mvp,2026-09-28
AS_015,AS,Tezpur,rainfall_mm,24,IFS,0.280266,inverse_error_mvp,2026-09-28
AS_015,AS,Tezpur,temperature_c,24,NCEP GFS,0.156156,inverse_error_mvp,2026-09-28
AS_015,AS,Tezpur,temperature_c,24,GFS ENSEMBLE,0.317809,inverse_error_mvp,2026-09-28
AS_015,AS,Tezpur,temperature_c,24,AIFS,0.27144,inverse_error_mvp,2026-09-28
AS_015,AS,Tezpur,temperature_c,24,IFS,0.254594,inverse_error_mvp,2026-09-28
AS_015,AS,Tezpur,wind_speed_kmh,24,NCEP GFS,0.161395,inverse_error_mvp,2026-09-28
AS_015,AS,Tezpur,wind_speed_kmh,24,GFS ENSEMBLE,0.188219,inverse_error_mvp,2026-09-28
AS_015,AS,Tezpur,wind_speed_kmh,24,AIFS,0.314619,inverse_error_mvp,2026-09-28
AS_015,AS,Tezpur,wind_speed_kmh,24,IFS,0.335767,inverse_error_mvp,2026-09-28
AS_015,AS,Tezpur,rainfall_mm,48,NCEP GFS,0.178493,inverse_error_mvp,2026-09-28
AS_015,AS,Tezpur,rainfall_mm,48,GFS ENSEMBLE,0.161252,inverse_error_mvp,2026-09-28
AS_015,AS,Tezpur,rainfall_mm,48,AIFS,0.233762,inverse_error_mvp,2026-09-28
AS_015,AS,Tezpur,rainfall_mm,48,IFS,0.426493,inverse_error_mvp,2026-09-28
AS_015,AS,Tezpur,temperature_c,48,NCEP GFS,0.176395,inverse_error_mvp,2026-09-28
AS_015,AS,Tezpur,temperature_c,48,GFS ENSEMBLE,0.258741,inverse_error_mvp,2026-09-28
AS_015,AS,Tezpur,temperature_c,48,AIFS,0.297313,inverse_error_mvp,2026-09-28
AS_015,AS,Tezpur,temperature_c,48,IFS,0.26755,inverse_error_mvp,2026-09-28
AS_015,AS,Tezpur,wind_speed_kmh,48,NCEP GFS,0.220458,inverse_error_mvp,2026-09-28
AS_015,AS,Tezpur,wind_speed_kmh,48,GFS ENSEMBLE,0.264516,inverse_error_mvp,2026-09-28
AS_015,AS,Tezpur,wind_speed_kmh,48,AIFS,0.262069,inverse_error_mvp,2026-09-28
AS_015,AS,Tezpur,wind_speed_kmh,48,IFS,0.252956,inverse_error_mvp,2026-09-28
AS_015,AS,Tezpur,rainfall_mm,72,NCEP GFS,0.171456,inverse_error_mvp,2026-09-28
AS_015,AS,Tezpur,rainfall_mm,72,GFS ENSEMBLE,0.408637,inverse_error_mvp,2026-09-28
AS_015,AS,Tezpur,rainfall_mm,72,AIFS,0.237112,inverse_error_mvp,2026-09-28
AS_015,AS,Tezpur,rainfall_mm,72,IFS,0.182795,inverse_error_mvp,2026-09-28
AS_015,AS,Tezpur,temperature_c,72,NCEP GFS,0.213385,inverse_error_mvp,2026-09-28
AS_015,AS,Tezpur,temperature_c,72,GFS ENSEMBLE,0.272238,inverse_error_mvp,2026-09-28
AS_015,AS,Tezpur,temperature_c,72,AIFS,0.261168,inverse_error_mvp,2026-09-28
AS_015,AS,Tezpur,temperature_c,72,IFS,0.253208,inverse_error_mvp,2026-09-28
AS_015,AS,Tezpur,wind_speed_kmh,72,NCEP GFS,0.232627,inverse_error_mvp,2026-09-28
AS_015,AS,Tezpur,wind_speed_kmh,72,GFS ENSEMBLE,0.286048,inverse_error_mvp,2026-09-28
AS_015,AS,Tezpur,wind_speed_kmh,72,AIFS,0.257203,inverse_error_mvp,2026-09-28
AS_015,AS,Tezpur,wind_speed_kmh,72,IFS,0.224122,inverse_error_mvp,2026-09-28
BR_016,BR,Patna,rainfall_mm,24,NCEP GFS,0.137229,inverse_error_mvp,2026-09-28
BR_016,BR,Patna,rainfall_mm,24,GFS ENSEMBLE,0.217049,inverse_error_mvp,2026-09-28
BR_016,BR,Patna,rainfall_mm,24,AIFS,0.424606,inverse_error_mvp,2026-09-28
BR_016,BR,Patna,rainfall_mm,24,IFS,0.221115,inverse_error_mvp,2026-09-28
BR_016,BR,Patna,temperature_c,24,NCEP GFS,0.149943,inverse_error_mvp,2026-09-28
BR_016,BR,Patna,temperature_c,24,GFS ENSEMBLE,0.2321,inverse_error_mvp,2026-09-28
BR_016,BR,Patna,temperature_c,24,AIFS,0.303276,inverse_error_mvp,2026-09-28
BR_016,BR,Patna,temperature_c,24,IFS,0.314681,inverse_error_mvp,2026-09-28
BR_016,BR,Patna,wind_speed_kmh,24,NCEP GFS,0.16491,inverse_error_mvp,2026-09-28
BR_016,BR,Patna,wind_speed_kmh,24,GFS ENSEMBLE,0.244273,inverse_error_mvp,2026-09-28
BR_016,BR,Patna,wind_speed_kmh,24,AIFS,0.247497,inverse_error_mvp,2026-09-28
BR_016,BR,Patna,wind_speed_kmh,24,IFS,0.343319,inverse_error_mvp,2026-09-28
BR_016,BR,Patna,rainfall_mm,48,NCEP GFS,0.330547,inverse_error_mvp,2026-09-28
BR_016,BR,Patna,rainfall_mm,48,GFS ENSEMBLE,0.279994,inverse_error_mvp,2026-09-28
BR_016,BR,Patna,rainfall_mm,48,AIFS,0.235097,inverse_error_mvp,2026-09-28
BR_016,BR,Patna,rainfall_mm,48,IFS,0.154362,inverse_error_mvp,2026-09-28
BR_016,BR,Patna,temperature_c,48,NCEP GFS,0.221074,inverse_error_mvp,2026-09-28
BR_016,BR,Patna,temperature_c,48,GFS ENSEMBLE,0.296849,inverse_error_mvp,2026-09-28
BR_016,BR,Patna,temperature_c,48,AIFS,0.260411,inverse_error_mvp,2026-09-28
BR_016,BR,Patna,temperature_c,48,IFS,0.221666,inverse_error_mvp,2026-09-28
BR_016,BR,Patna,wind_speed_kmh,48,NCEP GFS,0.177994,inverse_error_mvp,2026-09-28
BR_016,BR,Patna,wind_speed_kmh,48,GFS ENSEMBLE,0.271004,inverse_error_mvp,2026-09-28
BR_016,BR,Patna,wind_speed_kmh,48,AIFS,0.266521,inverse_error_mvp,2026-09-28
BR_016,BR,Patna,wind_speed_kmh,48,IFS,0.284482,inverse_error_mvp,2026-09-28
BR_016,BR,Patna,rainfall_mm,72,NCEP GFS,0.212698,inverse_error_mvp,2026-09-28
BR_016,BR,Patna,rainfall_mm,72,GFS ENSEMBLE,0.172273,inverse_error_mvp,2026-09-28
BR_016,BR,Patna,rainfall_mm,72,AIFS,0.390801,inverse_error_mvp,2026-09-28
BR_016,BR,Patna,rainfall_mm,72,IFS,0.224228,inverse_error_mvp,2026-09-28
BR_016,BR,Patna,temperature_c,72,NCEP GFS,0.232862,inverse_error_mvp,2026-09-28
BR_016,BR,Patna,temperature_c,72,GFS ENSEMBLE,0.231234,inverse_error_mvp,2026-09-28
BR_016,BR,Patna,temperature_c,72,AIFS,0.285589,inverse_error_mvp,2026-09-28
BR_016,BR,Patna,temperature_c,72,IFS,0.250315,inverse_error_mvp,2026-09-28
BR_016,BR,Patna,wind_speed_kmh,72,NCEP GFS,0.195153,inverse_error_mvp,2026-09-28
BR_016,BR,Patna,wind_speed_kmh,72,GFS ENSEMBLE,0.23302,inverse_error_mvp,2026-09-28
BR_016,BR,Patna,wind_speed_kmh,72,AIFS,0.268247,inverse_error_mvp,2026-09-28
BR_016,BR,Patna,wind_speed_kmh,72,IFS,0.303579,inverse_error_mvp,2026-09-28
BR_017,BR,Gaya,rainfall_mm,24,NCEP GFS,0.220228,inverse_error_mvp,2026-09-28
BR_017,BR,Gaya,rainfall_mm,24,GFS ENSEMBLE,0.209063,inverse_error_mvp,2026-09-28
BR_017,BR,Gaya,rainfall_mm,24,AIFS,0.196329,inverse_error_mvp,2026-09-28
BR_017,BR,Gaya,rainfall_mm,24,IFS,0.37438,inverse_error_mvp,2026-09-28
BR_017,BR,Gaya,temperature_c,24,NCEP GFS,0.217624,inverse_error_mvp,2026-09-28
BR_017,BR,Gaya,temperature_c,24,GFS ENSEMBLE,0.25754,inverse_error_mvp,2026-09-28
BR_017,BR,Gaya,temperature_c,24,AIFS,0.262242,inverse_error_mvp,2026-09-28
BR_017,BR,Gaya,temperature_c,24,IFS,0.262593,inverse_error_mvp,2026-09-28
BR_017,BR,Gaya,wind_speed_kmh,24,NCEP GFS,0.18163,inverse_error_mvp,2026-09-28
BR_017,BR,Gaya,wind_speed_kmh,24,GFS ENSEMBLE,0.213605,inverse_error_mvp,2026-09-28
BR_017,BR,Gaya,wind_speed_kmh,24,AIFS,0.289083,inverse_error_mvp,2026-09-28
BR_017,BR,Gaya,wind_speed_kmh,24,IFS,0.315682,inverse_error_mvp,2026-09-28
BR_017,BR,Gaya,rainfall_mm,48,NCEP GFS,0.157069,inverse_error_mvp,2026-09-28
BR_017,BR,Gaya,rainfall_mm,48,GFS ENSEMBLE,0.326089,inverse_error_mvp,2026-09-28
BR_017,BR,Gaya,rainfall_mm,48,AIFS,0.240435,inverse_error_mvp,2026-09-28
BR_017,BR,Gaya,rainfall_mm,48,IFS,0.276406,inverse_error_mvp,2026-09-28
BR_017,BR,Gaya,temperature_c,48,NCEP GFS,0.218648,inverse_error_mvp,2026-09-28
BR_017,BR,Gaya,temperature_c,48,GFS ENSEMBLE,0.268488,inverse_error_mvp,2026-09-28
BR_017,BR,Gaya,temperature_c,48,AIFS,0.261031,inverse_error_mvp,2026-09-28
BR_017,BR,Gaya,temperature_c,48,IFS,0.251833,inverse_error_mvp,2026-09-28
BR_017,BR,Gaya,wind_speed_kmh,48,NCEP GFS,0.192648,inverse_error_mvp,2026-09-28
BR_017,BR,Gaya,wind_speed_kmh,48,GFS ENSEMBLE,0.252191,inverse_error_mvp,2026-09-28
BR_017,BR,Gaya,wind_speed_kmh,48,AIFS,0.316426,inverse_error_mvp,2026-09-28
BR_017,BR,Gaya,wind_speed_kmh,48,IFS,0.238735,inverse_error_mvp,2026-09-28
BR_017,BR,Gaya,rainfall_mm,72,NCEP GFS,0.245751,inverse_error_mvp,2026-09-28
BR_017,BR,Gaya,rainfall_mm,72,GFS ENSEMBLE,0.201461,inverse_error_mvp,2026-09-28
BR_017,BR,Gaya,rainfall_mm,72,AIFS,0.32192,inverse_error_mvp,2026-09-28
BR_017,BR,Gaya,rainfall_mm,72,IFS,0.230867,inverse_error_mvp,2026-09-28
BR_017,BR,Gaya,temperature_c,72,NCEP GFS,0.150675,inverse_error_mvp,2026-09-28
BR_017,BR,Gaya,temperature_c,72,GFS ENSEMBLE,0.223831,inverse_error_mvp,2026-09-28
BR_017,BR,Gaya,temperature_c,72,AIFS,0.275379,inverse_error_mvp,2026-09-28
BR_017,BR,Gaya,temperature_c,72,IFS,0.350114,inverse_error_mvp,2026-09-28
BR_017,BR,Gaya,wind_speed_kmh,72,NCEP GFS,0.204211,inverse_error_mvp,2026-09-28
BR_017,BR,Gaya,wind_speed_kmh,72,GFS ENSEMBLE,0.277292,inverse_error_mvp,2026-09-28
BR_017,BR,Gaya,wind_speed_kmh,72,AIFS,0.283882,inverse_error_mvp,2026-09-28
BR_017,BR,Gaya,wind_speed_kmh,72,IFS,0.234615,inverse_error_mvp,2026-09-28
BR_018,BR,Muzaffarpur,rainfall_mm,24,NCEP GFS,0.294061,inverse_error_mvp,2026-09-28
BR_018,BR,Muzaffarpur,rainfall_mm,24,GFS ENSEMBLE,0.175473,inverse_error_mvp,2026-09-28
BR_018,BR,Muzaffarpur,rainfall_mm,24,AIFS,0.271164,inverse_error_mvp,2026-09-28
BR_018,BR,Muzaffarpur,rainfall_mm,24,IFS,0.259302,inverse_error_mvp,2026-09-28
BR_018,BR,Muzaffarpur,temperature_c,24,NCEP GFS,0.172364,inverse_error_mvp,2026-09-28
BR_018,BR,Muzaffarpur,temperature_c,24,GFS ENSEMBLE,0.261481,inverse_error_mvp,2026-09-28
BR_018,BR,Muzaffarpur,temperature_c,24,AIFS,0.271384,inverse_error_mvp,2026-09-28
BR_018,BR,Muzaffarpur,temperature_c,24,IFS,0.294771,inverse_error_mvp,2026-09-28
BR_018,BR,Muzaffarpur,wind_speed_kmh,24,NCEP GFS,0.185575,inverse_error_mvp,2026-09-28
BR_018,BR,Muzaffarpur,wind_speed_kmh,24,GFS ENSEMBLE,0.218805,inverse_error_mvp,2026-09-28
BR_018,BR,Muzaffarpur,wind_speed_kmh,24,AIFS,0.277179,inverse_error_mvp,2026-09-28
BR_018,BR,Muzaffarpur,wind_speed_kmh,24,IFS,0.318441,inverse_error_mvp,2026-09-28
BR_018,BR,Muzaffarpur,rainfall_mm,48,NCEP GFS,0.231904,inverse_error_mvp,2026-09-28
BR_018,BR,Muzaffarpur,rainfall_mm,48,GFS ENSEMBLE,0.200614,inverse_error_mvp,2026-09-28
BR_018,BR,Muzaffarpur,rainfall_mm,48,AIFS,0.299975,inverse_error_mvp,2026-09-28
BR_018,BR,Muzaffarpur,rainfall_mm,48,IFS,0.267507,inverse_error_mvp,2026-09-28
BR_018,BR,Muzaffarpur,temperature_c,48,NCEP GFS,0.203368,inverse_error_mvp,2026-09-28
BR_018,BR,Muzaffarpur,temperature_c,48,GFS ENSEMBLE,0.277102,inverse_error_mvp,2026-09-28
BR_018,BR,Muzaffarpur,temperature_c,48,AIFS,0.223393,inverse_error_mvp,2026-09-28
BR_018,BR,Muzaffarpur,temperature_c,48,IFS,0.296137,inverse_error_mvp,2026-09-28
BR_018,BR,Muzaffarpur,wind_speed_kmh,48,NCEP GFS,0.172269,inverse_error_mvp,2026-09-28
BR_018,BR,Muzaffarpur,wind_speed_kmh,48,GFS ENSEMBLE,0.254131,inverse_error_mvp,2026-09-28
BR_018,BR,Muzaffarpur,wind_speed_kmh,48,AIFS,0.294251,inverse_error_mvp,2026-09-28
BR_018,BR,Muzaffarpur,wind_speed_kmh,48,IFS,0.279349,inverse_error_mvp,2026-09-28
BR_018,BR,Muzaffarpur,rainfall_mm,72,NCEP GFS,0.175939,inverse_error_mvp,2026-09-28
BR_018,BR,Muzaffarpur,rainfall_mm,72,GFS ENSEMBLE,0.207583,inverse_error_mvp,2026-09-28
BR_018,BR,Muzaffarpur,rainfall_mm,72,AIFS,0.246976,inverse_error_mvp,2026-09-28
BR_018,BR,Muzaffarpur,rainfall_mm,72,IFS,0.369502,inverse_error_mvp,2026-09-28
BR_018,BR,Muzaffarpur,temperature_c,72,NCEP GFS,0.207997,inverse_error_mvp,2026-09-28
BR_018,BR,Muzaffarpur,temperature_c,72,GFS ENSEMBLE,0.245675,inverse_error_mvp,2026-09-28
BR_018,BR,Muzaffarpur,temperature_c,72,AIFS,0.288228,inverse_error_mvp,2026-09-28
BR_018,BR,Muzaffarpur,temperature_c,72,IFS,0.258101,inverse_error_mvp,2026-09-28
BR_018,BR,Muzaffarpur,wind_speed_kmh,72,NCEP GFS,0.185575,inverse_error_mvp,2026-09-28
BR_018,BR,Muzaffarpur,wind_speed_kmh,72,GFS ENSEMBLE,0.242456,inverse_error_mvp,2026-09-28
BR_018,BR,Muzaffarpur,wind_speed_kmh,72,AIFS,0.292263,inverse_error_mvp,2026-09-28
BR_018,BR,Muzaffarpur,wind_speed_kmh,72,IFS,0.279706,inverse_error_mvp,2026-09-28
BR_019,BR,Bhagalpur,rainfall_mm,24,NCEP GFS,0.251559,inverse_error_mvp,2026-09-28
BR_019,BR,Bhagalpur,rainfall_mm,24,GFS ENSEMBLE,0.182696,inverse_error_mvp,2026-09-28
BR_019,BR,Bhagalpur,rainfall_mm,24,AIFS,0.306027,inverse_error_mvp,2026-09-28
BR_019,BR,Bhagalpur,rainfall_mm,24,IFS,0.259718,inverse_error_mvp,2026-09-28
BR_019,BR,Bhagalpur,temperature_c,24,NCEP GFS,0.190397,inverse_error_mvp,2026-09-28
BR_019,BR,Bhagalpur,temperature_c,24,GFS ENSEMBLE,0.26872,inverse_error_mvp,2026-09-28
BR_019,BR,Bhagalpur,temperature_c,24,AIFS,0.3126,inverse_error_mvp,2026-09-28
BR_019,BR,Bhagalpur,temperature_c,24,IFS,0.228283,inverse_error_mvp,2026-09-28
BR_019,BR,Bhagalpur,wind_speed_kmh,24,NCEP GFS,0.159472,inverse_error_mvp,2026-09-28
BR_019,BR,Bhagalpur,wind_speed_kmh,24,GFS ENSEMBLE,0.413904,inverse_error_mvp,2026-09-28
BR_019,BR,Bhagalpur,wind_speed_kmh,24,AIFS,0.228806,inverse_error_mvp,2026-09-28
BR_019,BR,Bhagalpur,wind_speed_kmh,24,IFS,0.197817,inverse_error_mvp,2026-09-28
BR_019,BR,Bhagalpur,rainfall_mm,48,NCEP GFS,0.217853,inverse_error_mvp,2026-09-28
BR_019,BR,Bhagalpur,rainfall_mm,48,GFS ENSEMBLE,0.151945,inverse_error_mvp,2026-09-28
BR_019,BR,Bhagalpur,rainfall_mm,48,AIFS,0.260424,inverse_error_mvp,2026-09-28
BR_019,BR,Bhagalpur,rainfall_mm,48,IFS,0.369778,inverse_error_mvp,2026-09-28
BR_019,BR,Bhagalpur,temperature_c,48,NCEP GFS,0.198202,inverse_error_mvp,2026-09-28
BR_019,BR,Bhagalpur,temperature_c,48,GFS ENSEMBLE,0.257727,inverse_error_mvp,2026-09-28
BR_019,BR,Bhagalpur,temperature_c,48,AIFS,0.252396,inverse_error_mvp,2026-09-28
BR_019,BR,Bhagalpur,temperature_c,48,IFS,0.291675,inverse_error_mvp,2026-09-28
BR_019,BR,Bhagalpur,wind_speed_kmh,48,NCEP GFS,0.164948,inverse_error_mvp,2026-09-28
BR_019,BR,Bhagalpur,wind_speed_kmh,48,GFS ENSEMBLE,0.236507,inverse_error_mvp,2026-09-28
BR_019,BR,Bhagalpur,wind_speed_kmh,48,AIFS,0.318619,inverse_error_mvp,2026-09-28
BR_019,BR,Bhagalpur,wind_speed_kmh,48,IFS,0.279927,inverse_error_mvp,2026-09-28
BR_019,BR,Bhagalpur,rainfall_mm,72,NCEP GFS,0.312095,inverse_error_mvp,2026-09-28
BR_019,BR,Bhagalpur,rainfall_mm,72,GFS ENSEMBLE,0.294487,inverse_error_mvp,2026-09-28
BR_019,BR,Bhagalpur,rainfall_mm,72,AIFS,0.25053,inverse_error_mvp,2026-09-28
BR_019,BR,Bhagalpur,rainfall_mm,72,IFS,0.142887,inverse_error_mvp,2026-09-28
BR_019,BR,Bhagalpur,temperature_c,72,NCEP GFS,0.195939,inverse_error_mvp,2026-09-28
BR_019,BR,Bhagalpur,temperature_c,72,GFS ENSEMBLE,0.239545,inverse_error_mvp,2026-09-28
BR_019,BR,Bhagalpur,temperature_c,72,AIFS,0.312694,inverse_error_mvp,2026-09-28
BR_019,BR,Bhagalpur,temperature_c,72,IFS,0.251823,inverse_error_mvp,2026-09-28
BR_019,BR,Bhagalpur,wind_speed_kmh,72,NCEP GFS,0.171954,inverse_error_mvp,2026-09-28
BR_019,BR,Bhagalpur,wind_speed_kmh,72,GFS ENSEMBLE,0.28897,inverse_error_mvp,2026-09-28
BR_019,BR,Bhagalpur,wind_speed_kmh,72,AIFS,0.260396,inverse_error_mvp,2026-09-28
BR_019,BR,Bhagalpur,wind_speed_kmh,72,IFS,0.27868,inverse_error_mvp,2026-09-28
BR_020,BR,Darbhanga,rainfall_mm,24,NCEP GFS,0.168667,inverse_error_mvp,2026-09-28
BR_020,BR,Darbhanga,rainfall_mm,24,GFS ENSEMBLE,0.218641,inverse_error_mvp,2026-09-28
BR_020,BR,Darbhanga,rainfall_mm,24,AIFS,0.304288,inverse_error_mvp,2026-09-28
BR_020,BR,Darbhanga,rainfall_mm,24,IFS,0.308405,inverse_error_mvp,2026-09-28
BR_020,BR,Darbhanga,temperature_c,24,NCEP GFS,0.191779,inverse_error_mvp,2026-09-28
BR_020,BR,Darbhanga,temperature_c,24,GFS ENSEMBLE,0.269344,inverse_error_mvp,2026-09-28
BR_020,BR,Darbhanga,temperature_c,24,AIFS,0.284136,inverse_error_mvp,2026-09-28
BR_020,BR,Darbhanga,temperature_c,24,IFS,0.254741,inverse_error_mvp,2026-09-28
BR_020,BR,Darbhanga,wind_speed_kmh,24,NCEP GFS,0.156814,inverse_error_mvp,2026-09-28
BR_020,BR,Darbhanga,wind_speed_kmh,24,GFS ENSEMBLE,0.243662,inverse_error_mvp,2026-09-28
BR_020,BR,Darbhanga,wind_speed_kmh,24,AIFS,0.337726,inverse_error_mvp,2026-09-28
BR_020,BR,Darbhanga,wind_speed_kmh,24,IFS,0.261799,inverse_error_mvp,2026-09-28
BR_020,BR,Darbhanga,rainfall_mm,48,NCEP GFS,0.303324,inverse_error_mvp,2026-09-28
BR_020,BR,Darbhanga,rainfall_mm,48,GFS ENSEMBLE,0.144939,inverse_error_mvp,2026-09-28
BR_020,BR,Darbhanga,rainfall_mm,48,AIFS,0.333603,inverse_error_mvp,2026-09-28
BR_020,BR,Darbhanga,rainfall_mm,48,IFS,0.218133,inverse_error_mvp,2026-09-28
BR_020,BR,Darbhanga,temperature_c,48,NCEP GFS,0.150416,inverse_error_mvp,2026-09-28
BR_020,BR,Darbhanga,temperature_c,48,GFS ENSEMBLE,0.278549,inverse_error_mvp,2026-09-28
BR_020,BR,Darbhanga,temperature_c,48,AIFS,0.335052,inverse_error_mvp,2026-09-28
BR_020,BR,Darbhanga,temperature_c,48,IFS,0.235983,inverse_error_mvp,2026-09-28
BR_020,BR,Darbhanga,wind_speed_kmh,48,NCEP GFS,0.1795,inverse_error_mvp,2026-09-28
BR_020,BR,Darbhanga,wind_speed_kmh,48,GFS ENSEMBLE,0.216367,inverse_error_mvp,2026-09-28
BR_020,BR,Darbhanga,wind_speed_kmh,48,AIFS,0.261733,inverse_error_mvp,2026-09-28
BR_020,BR,Darbhanga,wind_speed_kmh,48,IFS,0.342399,inverse_error_mvp,2026-09-28
BR_020,BR,Darbhanga,rainfall_mm,72,NCEP GFS,0.183006,inverse_error_mvp,2026-09-28
BR_020,BR,Darbhanga,rainfall_mm,72,GFS ENSEMBLE,0.16926,inverse_error_mvp,2026-09-28
BR_020,BR,Darbhanga,rainfall_mm,72,AIFS,0.373968,inverse_error_mvp,2026-09-28
BR_020,BR,Darbhanga,rainfall_mm,72,IFS,0.273766,inverse_error_mvp,2026-09-28
BR_020,BR,Darbhanga,temperature_c,72,NCEP GFS,0.198482,inverse_error_mvp,2026-09-28
BR_020,BR,Darbhanga,temperature_c,72,GFS ENSEMBLE,0.274888,inverse_error_mvp,2026-09-28
BR_020,BR,Darbhanga,temperature_c,72,AIFS,0.301149,inverse_error_mvp,2026-09-28
BR_020,BR,Darbhanga,temperature_c,72,IFS,0.22548,inverse_error_mvp,2026-09-28
BR_020,BR,Darbhanga,wind_speed_kmh,72,NCEP GFS,0.230045,inverse_error_mvp,2026-09-28
BR_020,BR,Darbhanga,wind_speed_kmh,72,GFS ENSEMBLE,0.230754,inverse_error_mvp,2026-09-28
BR_020,BR,Darbhanga,wind_speed_kmh,72,AIFS,0.294405,inverse_error_mvp,2026-09-28
BR_020,BR,Darbhanga,wind_speed_kmh,72,IFS,0.244796,inverse_error_mvp,2026-09-28
CG_021,CG,Raipur,rainfall_mm,24,NCEP GFS,0.22701,inverse_error_mvp,2026-09-28
CG_021,CG,Raipur,rainfall_mm,24,GFS ENSEMBLE,0.185946,inverse_error_mvp,2026-09-28
CG_021,CG,Raipur,rainfall_mm,24,AIFS,0.233031,inverse_error_mvp,2026-09-28
CG_021,CG,Raipur,rainfall_mm,24,IFS,0.354013,inverse_error_mvp,2026-09-28
CG_021,CG,Raipur,temperature_c,24,NCEP GFS,0.172482,inverse_error_mvp,2026-09-28
CG_021,CG,Raipur,temperature_c,24,GFS ENSEMBLE,0.236319,inverse_error_mvp,2026-09-28
CG_021,CG,Raipur,temperature_c,24,AIFS,0.293594,inverse_error_mvp,2026-09-28
CG_021,CG,Raipur,temperature_c,24,IFS,0.297604,inverse_error_mvp,2026-09-28
CG_021,CG,Raipur,wind_speed_kmh,24,NCEP GFS,0.184218,inverse_error_mvp,2026-09-28
CG_021,CG,Raipur,wind_speed_kmh,24,GFS ENSEMBLE,0.261459,inverse_error_mvp,2026-09-28
CG_021,CG,Raipur,wind_speed_kmh,24,AIFS,0.27715,inverse_error_mvp,2026-09-28
CG_021,CG,Raipur,wind_speed_kmh,24,IFS,0.277173,inverse_error_mvp,2026-09-28
CG_021,CG,Raipur,rainfall_mm,48,NCEP GFS,0.162147,inverse_error_mvp,2026-09-28
CG_021,CG,Raipur,rainfall_mm,48,GFS ENSEMBLE,0.239336,inverse_error_mvp,2026-09-28
CG_021,CG,Raipur,rainfall_mm,48,AIFS,0.248744,inverse_error_mvp,2026-09-28
CG_021,CG,Raipur,rainfall_mm,48,IFS,0.349772,inverse_error_mvp,2026-09-28
CG_021,CG,Raipur,temperature_c,48,NCEP GFS,0.208581,inverse_error_mvp,2026-09-28
CG_021,CG,Raipur,temperature_c,48,GFS ENSEMBLE,0.219804,inverse_error_mvp,2026-09-28
CG_021,CG,Raipur,temperature_c,48,AIFS,0.288841,inverse_error_mvp,2026-09-28
CG_021,CG,Raipur,temperature_c,48,IFS,0.282773,inverse_error_mvp,2026-09-28
CG_021,CG,Raipur,wind_speed_kmh,48,NCEP GFS,0.216258,inverse_error_mvp,2026-09-28
CG_021,CG,Raipur,wind_speed_kmh,48,GFS ENSEMBLE,0.278136,inverse_error_mvp,2026-09-28
CG_021,CG,Raipur,wind_speed_kmh,48,AIFS,0.278198,inverse_error_mvp,2026-09-28
CG_021,CG,Raipur,wind_speed_kmh,48,IFS,0.227408,inverse_error_mvp,2026-09-28
CG_021,CG,Raipur,rainfall_mm,72,NCEP GFS,0.136146,inverse_error_mvp,2026-09-28
CG_021,CG,Raipur,rainfall_mm,72,GFS ENSEMBLE,0.222556,inverse_error_mvp,2026-09-28
CG_021,CG,Raipur,rainfall_mm,72,AIFS,0.324274,inverse_error_mvp,2026-09-28
CG_021,CG,Raipur,rainfall_mm,72,IFS,0.317024,inverse_error_mvp,2026-09-28
CG_021,CG,Raipur,temperature_c,72,NCEP GFS,0.192433,inverse_error_mvp,2026-09-28
CG_021,CG,Raipur,temperature_c,72,GFS ENSEMBLE,0.265527,inverse_error_mvp,2026-09-28
CG_021,CG,Raipur,temperature_c,72,AIFS,0.266259,inverse_error_mvp,2026-09-28
CG_021,CG,Raipur,temperature_c,72,IFS,0.27578,inverse_error_mvp,2026-09-28
CG_021,CG,Raipur,wind_speed_kmh,72,NCEP GFS,0.177254,inverse_error_mvp,2026-09-28
CG_021,CG,Raipur,wind_speed_kmh,72,GFS ENSEMBLE,0.226386,inverse_error_mvp,2026-09-28
CG_021,CG,Raipur,wind_speed_kmh,72,AIFS,0.348888,inverse_error_mvp,2026-09-28
CG_021,CG,Raipur,wind_speed_kmh,72,IFS,0.247472,inverse_error_mvp,2026-09-28
CG_022,CG,Bhilai,rainfall_mm,24,NCEP GFS,0.114173,inverse_error_mvp,2026-09-28
CG_022,CG,Bhilai,rainfall_mm,24,GFS ENSEMBLE,0.248206,inverse_error_mvp,2026-09-28
CG_022,CG,Bhilai,rainfall_mm,24,AIFS,0.441472,inverse_error_mvp,2026-09-28
CG_022,CG,Bhilai,rainfall_mm,24,IFS,0.196149,inverse_error_mvp,2026-09-28
CG_022,CG,Bhilai,temperature_c,24,NCEP GFS,0.182936,inverse_error_mvp,2026-09-28
CG_022,CG,Bhilai,temperature_c,24,GFS ENSEMBLE,0.282202,inverse_error_mvp,2026-09-28
CG_022,CG,Bhilai,temperature_c,24,AIFS,0.270699,inverse_error_mvp,2026-09-28
CG_022,CG,Bhilai,temperature_c,24,IFS,0.264164,inverse_error_mvp,2026-09-28
CG_022,CG,Bhilai,wind_speed_kmh,24,NCEP GFS,0.208426,inverse_error_mvp,2026-09-28
CG_022,CG,Bhilai,wind_speed_kmh,24,GFS ENSEMBLE,0.281463,inverse_error_mvp,2026-09-28
CG_022,CG,Bhilai,wind_speed_kmh,24,AIFS,0.260729,inverse_error_mvp,2026-09-28
CG_022,CG,Bhilai,wind_speed_kmh,24,IFS,0.249382,inverse_error_mvp,2026-09-28
CG_022,CG,Bhilai,rainfall_mm,48,NCEP GFS,0.240535,inverse_error_mvp,2026-09-28
CG_022,CG,Bhilai,rainfall_mm,48,GFS ENSEMBLE,0.335745,inverse_error_mvp,2026-09-28
CG_022,CG,Bhilai,rainfall_mm,48,AIFS,0.203962,inverse_error_mvp,2026-09-28
CG_022,CG,Bhilai,rainfall_mm,48,IFS,0.219758,inverse_error_mvp,2026-09-28
CG_022,CG,Bhilai,temperature_c,48,NCEP GFS,0.167127,inverse_error_mvp,2026-09-28
CG_022,CG,Bhilai,temperature_c,48,GFS ENSEMBLE,0.220947,inverse_error_mvp,2026-09-28
CG_022,CG,Bhilai,temperature_c,48,AIFS,0.381812,inverse_error_mvp,2026-09-28
CG_022,CG,Bhilai,temperature_c,48,IFS,0.230114,inverse_error_mvp,2026-09-28
CG_022,CG,Bhilai,wind_speed_kmh,48,NCEP GFS,0.226813,inverse_error_mvp,2026-09-28
CG_022,CG,Bhilai,wind_speed_kmh,48,GFS ENSEMBLE,0.273801,inverse_error_mvp,2026-09-28
CG_022,CG,Bhilai,wind_speed_kmh,48,AIFS,0.252239,inverse_error_mvp,2026-09-28
CG_022,CG,Bhilai,wind_speed_kmh,48,IFS,0.247147,inverse_error_mvp,2026-09-28
CG_022,CG,Bhilai,rainfall_mm,72,NCEP GFS,0.246615,inverse_error_mvp,2026-09-28
CG_022,CG,Bhilai,rainfall_mm,72,GFS ENSEMBLE,0.315867,inverse_error_mvp,2026-09-28
CG_022,CG,Bhilai,rainfall_mm,72,AIFS,0.241521,inverse_error_mvp,2026-09-28
CG_022,CG,Bhilai,rainfall_mm,72,IFS,0.195996,inverse_error_mvp,2026-09-28
CG_022,CG,Bhilai,temperature_c,72,NCEP GFS,0.174124,inverse_error_mvp,2026-09-28
CG_022,CG,Bhilai,temperature_c,72,GFS ENSEMBLE,0.235394,inverse_error_mvp,2026-09-28
CG_022,CG,Bhilai,temperature_c,72,AIFS,0.332387,inverse_error_mvp,2026-09-28
CG_022,CG,Bhilai,temperature_c,72,IFS,0.258095,inverse_error_mvp,2026-09-28
CG_022,CG,Bhilai,wind_speed_kmh,72,NCEP GFS,0.162894,inverse_error_mvp,2026-09-28
CG_022,CG,Bhilai,wind_speed_kmh,72,GFS ENSEMBLE,0.258786,inverse_error_mvp,2026-09-28
CG_022,CG,Bhilai,wind_speed_kmh,72,AIFS,0.279023,inverse_error_mvp,2026-09-28
CG_022,CG,Bhilai,wind_speed_kmh,72,IFS,0.299297,inverse_error_mvp,2026-09-28
CG_023,CG,Bilaspur,rainfall_mm,24,NCEP GFS,0.195305,inverse_error_mvp,2026-09-28
CG_023,CG,Bilaspur,rainfall_mm,24,GFS ENSEMBLE,0.224128,inverse_error_mvp,2026-09-28
CG_023,CG,Bilaspur,rainfall_mm,24,AIFS,0.240305,inverse_error_mvp,2026-09-28
CG_023,CG,Bilaspur,rainfall_mm,24,IFS,0.340263,inverse_error_mvp,2026-09-28
CG_023,CG,Bilaspur,temperature_c,24,NCEP GFS,0.226238,inverse_error_mvp,2026-09-28
CG_023,CG,Bilaspur,temperature_c,24,GFS ENSEMBLE,0.26897,inverse_error_mvp,2026-09-28
CG_023,CG,Bilaspur,temperature_c,24,AIFS,0.264063,inverse_error_mvp,2026-09-28
CG_023,CG,Bilaspur,temperature_c,24,IFS,0.240729,inverse_error_mvp,2026-09-28
CG_023,CG,Bilaspur,wind_speed_kmh,24,NCEP GFS,0.196801,inverse_error_mvp,2026-09-28
CG_023,CG,Bilaspur,wind_speed_kmh,24,GFS ENSEMBLE,0.275962,inverse_error_mvp,2026-09-28
CG_023,CG,Bilaspur,wind_speed_kmh,24,AIFS,0.258362,inverse_error_mvp,2026-09-28
CG_023,CG,Bilaspur,wind_speed_kmh,24,IFS,0.268875,inverse_error_mvp,2026-09-28
CG_023,CG,Bilaspur,rainfall_mm,48,NCEP GFS,0.177659,inverse_error_mvp,2026-09-28
CG_023,CG,Bilaspur,rainfall_mm,48,GFS ENSEMBLE,0.256633,inverse_error_mvp,2026-09-28
CG_023,CG,Bilaspur,rainfall_mm,48,AIFS,0.270243,inverse_error_mvp,2026-09-28
CG_023,CG,Bilaspur,rainfall_mm,48,IFS,0.295465,inverse_error_mvp,2026-09-28
CG_023,CG,Bilaspur,temperature_c,48,NCEP GFS,0.207573,inverse_error_mvp,2026-09-28
CG_023,CG,Bilaspur,temperature_c,48,GFS ENSEMBLE,0.254748,inverse_error_mvp,2026-09-28
CG_023,CG,Bilaspur,temperature_c,48,AIFS,0.274114,inverse_error_mvp,2026-09-28
CG_023,CG,Bilaspur,temperature_c,48,IFS,0.263565,inverse_error_mvp,2026-09-28
CG_023,CG,Bilaspur,wind_speed_kmh,48,NCEP GFS,0.148055,inverse_error_mvp,2026-09-28
CG_023,CG,Bilaspur,wind_speed_kmh,48,GFS ENSEMBLE,0.215907,inverse_error_mvp,2026-09-28
CG_023,CG,Bilaspur,wind_speed_kmh,48,AIFS,0.265792,inverse_error_mvp,2026-09-28
CG_023,CG,Bilaspur,wind_speed_kmh,48,IFS,0.370246,inverse_error_mvp,2026-09-28
CG_023,CG,Bilaspur,rainfall_mm,72,NCEP GFS,0.194942,inverse_error_mvp,2026-09-28
CG_023,CG,Bilaspur,rainfall_mm,72,GFS ENSEMBLE,0.241593,inverse_error_mvp,2026-09-28
CG_023,CG,Bilaspur,rainfall_mm,72,AIFS,0.409086,inverse_error_mvp,2026-09-28
CG_023,CG,Bilaspur,rainfall_mm,72,IFS,0.154378,inverse_error_mvp,2026-09-28
CG_023,CG,Bilaspur,temperature_c,72,NCEP GFS,0.211472,inverse_error_mvp,2026-09-28
CG_023,CG,Bilaspur,temperature_c,72,GFS ENSEMBLE,0.218286,inverse_error_mvp,2026-09-28
CG_023,CG,Bilaspur,temperature_c,72,AIFS,0.266258,inverse_error_mvp,2026-09-28
CG_023,CG,Bilaspur,temperature_c,72,IFS,0.303983,inverse_error_mvp,2026-09-28
CG_023,CG,Bilaspur,wind_speed_kmh,72,NCEP GFS,0.202095,inverse_error_mvp,2026-09-28
CG_023,CG,Bilaspur,wind_speed_kmh,72,GFS ENSEMBLE,0.253499,inverse_error_mvp,2026-09-28
CG_023,CG,Bilaspur,wind_speed_kmh,72,AIFS,0.299101,inverse_error_mvp,2026-09-28
CG_023,CG,Bilaspur,wind_speed_kmh,72,IFS,0.245305,inverse_error_mvp,2026-09-28
CG_024,CG,Korba,rainfall_mm,24,NCEP GFS,0.190478,inverse_error_mvp,2026-09-28
CG_024,CG,Korba,rainfall_mm,24,GFS ENSEMBLE,0.237917,inverse_error_mvp,2026-09-28
CG_024,CG,Korba,rainfall_mm,24,AIFS,0.278208,inverse_error_mvp,2026-09-28
CG_024,CG,Korba,rainfall_mm,24,IFS,0.293398,inverse_error_mvp,2026-09-28
CG_024,CG,Korba,temperature_c,24,NCEP GFS,0.176772,inverse_error_mvp,2026-09-28
CG_024,CG,Korba,temperature_c,24,GFS ENSEMBLE,0.270782,inverse_error_mvp,2026-09-28
CG_024,CG,Korba,temperature_c,24,AIFS,0.299386,inverse_error_mvp,2026-09-28
CG_024,CG,Korba,temperature_c,24,IFS,0.25306,inverse_error_mvp,2026-09-28
CG_024,CG,Korba,wind_speed_kmh,24,NCEP GFS,0.184107,inverse_error_mvp,2026-09-28
CG_024,CG,Korba,wind_speed_kmh,24,GFS ENSEMBLE,0.248855,inverse_error_mvp,2026-09-28
CG_024,CG,Korba,wind_speed_kmh,24,AIFS,0.30197,inverse_error_mvp,2026-09-28
CG_024,CG,Korba,wind_speed_kmh,24,IFS,0.265068,inverse_error_mvp,2026-09-28
CG_024,CG,Korba,rainfall_mm,48,NCEP GFS,0.146531,inverse_error_mvp,2026-09-28
CG_024,CG,Korba,rainfall_mm,48,GFS ENSEMBLE,0.285824,inverse_error_mvp,2026-09-28
CG_024,CG,Korba,rainfall_mm,48,AIFS,0.255451,inverse_error_mvp,2026-09-28
CG_024,CG,Korba,rainfall_mm,48,IFS,0.312194,inverse_error_mvp,2026-09-28
CG_024,CG,Korba,temperature_c,48,NCEP GFS,0.165173,inverse_error_mvp,2026-09-28
CG_024,CG,Korba,temperature_c,48,GFS ENSEMBLE,0.235541,inverse_error_mvp,2026-09-28
CG_024,CG,Korba,temperature_c,48,AIFS,0.256116,inverse_error_mvp,2026-09-28
CG_024,CG,Korba,temperature_c,48,IFS,0.343169,inverse_error_mvp,2026-09-28
CG_024,CG,Korba,wind_speed_kmh,48,NCEP GFS,0.127521,inverse_error_mvp,2026-09-28
CG_024,CG,Korba,wind_speed_kmh,48,GFS ENSEMBLE,0.246956,inverse_error_mvp,2026-09-28
CG_024,CG,Korba,wind_speed_kmh,48,AIFS,0.377028,inverse_error_mvp,2026-09-28
CG_024,CG,Korba,wind_speed_kmh,48,IFS,0.248495,inverse_error_mvp,2026-09-28
CG_024,CG,Korba,rainfall_mm,72,NCEP GFS,0.22548,inverse_error_mvp,2026-09-28
CG_024,CG,Korba,rainfall_mm,72,GFS ENSEMBLE,0.29058,inverse_error_mvp,2026-09-28
CG_024,CG,Korba,rainfall_mm,72,AIFS,0.281379,inverse_error_mvp,2026-09-28
CG_024,CG,Korba,rainfall_mm,72,IFS,0.202561,inverse_error_mvp,2026-09-28
CG_024,CG,Korba,temperature_c,72,NCEP GFS,0.163594,inverse_error_mvp,2026-09-28
CG_024,CG,Korba,temperature_c,72,GFS ENSEMBLE,0.246689,inverse_error_mvp,2026-09-28
CG_024,CG,Korba,temperature_c,72,AIFS,0.268467,inverse_error_mvp,2026-09-28
CG_024,CG,Korba,temperature_c,72,IFS,0.32125,inverse_error_mvp,2026-09-28
CG_024,CG,Korba,wind_speed_kmh,72,NCEP GFS,0.220335,inverse_error_mvp,2026-09-28
CG_024,CG,Korba,wind_speed_kmh,72,GFS ENSEMBLE,0.243406,inverse_error_mvp,2026-09-28
CG_024,CG,Korba,wind_speed_kmh,72,AIFS,0.285471,inverse_error_mvp,2026-09-28
CG_024,CG,Korba,wind_speed_kmh,72,IFS,0.250788,inverse_error_mvp,2026-09-28
CG_025,CG,Durg,rainfall_mm,24,NCEP GFS,0.201989,inverse_error_mvp,2026-09-28
CG_025,CG,Durg,rainfall_mm,24,GFS ENSEMBLE,0.227743,inverse_error_mvp,2026-09-28
CG_025,CG,Durg,rainfall_mm,24,AIFS,0.357886,inverse_error_mvp,2026-09-28
CG_025,CG,Durg,rainfall_mm,24,IFS,0.212382,inverse_error_mvp,2026-09-28
CG_025,CG,Durg,temperature_c,24,NCEP GFS,0.167531,inverse_error_mvp,2026-09-28
CG_025,CG,Durg,temperature_c,24,GFS ENSEMBLE,0.273596,inverse_error_mvp,2026-09-28
CG_025,CG,Durg,temperature_c,24,AIFS,0.269181,inverse_error_mvp,2026-09-28
CG_025,CG,Durg,temperature_c,24,IFS,0.289692,inverse_error_mvp,2026-09-28
CG_025,CG,Durg,wind_speed_kmh,24,NCEP GFS,0.185573,inverse_error_mvp,2026-09-28
CG_025,CG,Durg,wind_speed_kmh,24,GFS ENSEMBLE,0.283661,inverse_error_mvp,2026-09-28
CG_025,CG,Durg,wind_speed_kmh,24,AIFS,0.273463,inverse_error_mvp,2026-09-28
CG_025,CG,Durg,wind_speed_kmh,24,IFS,0.257304,inverse_error_mvp,2026-09-28
CG_025,CG,Durg,rainfall_mm,48,NCEP GFS,0.310741,inverse_error_mvp,2026-09-28
CG_025,CG,Durg,rainfall_mm,48,GFS ENSEMBLE,0.224356,inverse_error_mvp,2026-09-28
CG_025,CG,Durg,rainfall_mm,48,AIFS,0.325712,inverse_error_mvp,2026-09-28
CG_025,CG,Durg,rainfall_mm,48,IFS,0.139192,inverse_error_mvp,2026-09-28
CG_025,CG,Durg,temperature_c,48,NCEP GFS,0.199659,inverse_error_mvp,2026-09-28
CG_025,CG,Durg,temperature_c,48,GFS ENSEMBLE,0.28037,inverse_error_mvp,2026-09-28
CG_025,CG,Durg,temperature_c,48,AIFS,0.226169,inverse_error_mvp,2026-09-28
CG_025,CG,Durg,temperature_c,48,IFS,0.293803,inverse_error_mvp,2026-09-28
CG_025,CG,Durg,wind_speed_kmh,48,NCEP GFS,0.235344,inverse_error_mvp,2026-09-28
CG_025,CG,Durg,wind_speed_kmh,48,GFS ENSEMBLE,0.300232,inverse_error_mvp,2026-09-28
CG_025,CG,Durg,wind_speed_kmh,48,AIFS,0.241984,inverse_error_mvp,2026-09-28
CG_025,CG,Durg,wind_speed_kmh,48,IFS,0.22244,inverse_error_mvp,2026-09-28
CG_025,CG,Durg,rainfall_mm,72,NCEP GFS,0.181556,inverse_error_mvp,2026-09-28
CG_025,CG,Durg,rainfall_mm,72,GFS ENSEMBLE,0.188271,inverse_error_mvp,2026-09-28
CG_025,CG,Durg,rainfall_mm,72,AIFS,0.290028,inverse_error_mvp,2026-09-28
CG_025,CG,Durg,rainfall_mm,72,IFS,0.340145,inverse_error_mvp,2026-09-28
CG_025,CG,Durg,temperature_c,72,NCEP GFS,0.173657,inverse_error_mvp,2026-09-28
CG_025,CG,Durg,temperature_c,72,GFS ENSEMBLE,0.231593,inverse_error_mvp,2026-09-28
CG_025,CG,Durg,temperature_c,72,AIFS,0.272774,inverse_error_mvp,2026-09-28
CG_025,CG,Durg,temperature_c,72,IFS,0.321976,inverse_error_mvp,2026-09-28
CG_025,CG,Durg,wind_speed_kmh,72,NCEP GFS,0.220757,inverse_error_mvp,2026-09-28
CG_025,CG,Durg,wind_speed_kmh,72,GFS ENSEMBLE,0.257114,inverse_error_mvp,2026-09-28
CG_025,CG,Durg,wind_speed_kmh,72,AIFS,0.30327,inverse_error_mvp,2026-09-28
CG_025,CG,Durg,wind_speed_kmh,72,IFS,0.218858,inverse_error_mvp,2026-09-28
GA_026,GA,Panaji,rainfall_mm,24,NCEP GFS,0.34721,inverse_error_mvp,2026-09-28
GA_026,GA,Panaji,rainfall_mm,24,GFS ENSEMBLE,0.197487,inverse_error_mvp,2026-09-28
GA_026,GA,Panaji,rainfall_mm,24,AIFS,0.192115,inverse_error_mvp,2026-09-28
GA_026,GA,Panaji,rainfall_mm,24,IFS,0.263187,inverse_error_mvp,2026-09-28
GA_026,GA,Panaji,temperature_c,24,NCEP GFS,0.20903,inverse_error_mvp,2026-09-28
GA_026,GA,Panaji,temperature_c,24,GFS ENSEMBLE,0.250493,inverse_error_mvp,2026-09-28
GA_026,GA,Panaji,temperature_c,24,AIFS,0.277798,inverse_error_mvp,2026-09-28
GA_026,GA,Panaji,temperature_c,24,IFS,0.262679,inverse_error_mvp,2026-09-28
GA_026,GA,Panaji,wind_speed_kmh,24,NCEP GFS,0.174157,inverse_error_mvp,2026-09-28
GA_026,GA,Panaji,wind_speed_kmh,24,GFS ENSEMBLE,0.243163,inverse_error_mvp,2026-09-28
GA_026,GA,Panaji,wind_speed_kmh,24,AIFS,0.346395,inverse_error_mvp,2026-09-28
GA_026,GA,Panaji,wind_speed_kmh,24,IFS,0.236285,inverse_error_mvp,2026-09-28
GA_026,GA,Panaji,rainfall_mm,48,NCEP GFS,0.177847,inverse_error_mvp,2026-09-28
GA_026,GA,Panaji,rainfall_mm,48,GFS ENSEMBLE,0.225973,inverse_error_mvp,2026-09-28
GA_026,GA,Panaji,rainfall_mm,48,AIFS,0.320857,inverse_error_mvp,2026-09-28
GA_026,GA,Panaji,rainfall_mm,48,IFS,0.275323,inverse_error_mvp,2026-09-28
GA_026,GA,Panaji,temperature_c,48,NCEP GFS,0.207041,inverse_error_mvp,2026-09-28
GA_026,GA,Panaji,temperature_c,48,GFS ENSEMBLE,0.260706,inverse_error_mvp,2026-09-28
GA_026,GA,Panaji,temperature_c,48,AIFS,0.282738,inverse_error_mvp,2026-09-28
GA_026,GA,Panaji,temperature_c,48,IFS,0.249516,inverse_error_mvp,2026-09-28
GA_026,GA,Panaji,wind_speed_kmh,48,NCEP GFS,0.191313,inverse_error_mvp,2026-09-28
GA_026,GA,Panaji,wind_speed_kmh,48,GFS ENSEMBLE,0.278916,inverse_error_mvp,2026-09-28
GA_026,GA,Panaji,wind_speed_kmh,48,AIFS,0.284522,inverse_error_mvp,2026-09-28
GA_026,GA,Panaji,wind_speed_kmh,48,IFS,0.245249,inverse_error_mvp,2026-09-28
GA_026,GA,Panaji,rainfall_mm,72,NCEP GFS,0.185886,inverse_error_mvp,2026-09-28
GA_026,GA,Panaji,rainfall_mm,72,GFS ENSEMBLE,0.184184,inverse_error_mvp,2026-09-28
GA_026,GA,Panaji,rainfall_mm,72,AIFS,0.380216,inverse_error_mvp,2026-09-28
GA_026,GA,Panaji,rainfall_mm,72,IFS,0.249714,inverse_error_mvp,2026-09-28
GA_026,GA,Panaji,temperature_c,72,NCEP GFS,0.183753,inverse_error_mvp,2026-09-28
GA_026,GA,Panaji,temperature_c,72,GFS ENSEMBLE,0.303781,inverse_error_mvp,2026-09-28
GA_026,GA,Panaji,temperature_c,72,AIFS,0.252874,inverse_error_mvp,2026-09-28
GA_026,GA,Panaji,temperature_c,72,IFS,0.259592,inverse_error_mvp,2026-09-28
GA_026,GA,Panaji,wind_speed_kmh,72,NCEP GFS,0.252168,inverse_error_mvp,2026-09-28
GA_026,GA,Panaji,wind_speed_kmh,72,GFS ENSEMBLE,0.231944,inverse_error_mvp,2026-09-28
GA_026,GA,Panaji,wind_speed_kmh,72,AIFS,0.25009,inverse_error_mvp,2026-09-28
GA_026,GA,Panaji,wind_speed_kmh,72,IFS,0.265797,inverse_error_mvp,2026-09-28
GA_027,GA,Margao,rainfall_mm,24,NCEP GFS,0.184669,inverse_error_mvp,2026-09-28
GA_027,GA,Margao,rainfall_mm,24,GFS ENSEMBLE,0.260723,inverse_error_mvp,2026-09-28
GA_027,GA,Margao,rainfall_mm,24,AIFS,0.338014,inverse_error_mvp,2026-09-28
GA_027,GA,Margao,rainfall_mm,24,IFS,0.216594,inverse_error_mvp,2026-09-28
GA_027,GA,Margao,temperature_c,24,NCEP GFS,0.145651,inverse_error_mvp,2026-09-28
GA_027,GA,Margao,temperature_c,24,GFS ENSEMBLE,0.245238,inverse_error_mvp,2026-09-28
GA_027,GA,Margao,temperature_c,24,AIFS,0.284572,inverse_error_mvp,2026-09-28
GA_027,GA,Margao,temperature_c,24,IFS,0.324538,inverse_error_mvp,2026-09-28
GA_027,GA,Margao,wind_speed_kmh,24,NCEP GFS,0.211246,inverse_error_mvp,2026-09-28
GA_027,GA,Margao,wind_speed_kmh,24,GFS ENSEMBLE,0.273749,inverse_error_mvp,2026-09-28
GA_027,GA,Margao,wind_speed_kmh,24,AIFS,0.252288,inverse_error_mvp,2026-09-28
GA_027,GA,Margao,wind_speed_kmh,24,IFS,0.262717,inverse_error_mvp,2026-09-28
GA_027,GA,Margao,rainfall_mm,48,NCEP GFS,0.15017,inverse_error_mvp,2026-09-28
GA_027,GA,Margao,rainfall_mm,48,GFS ENSEMBLE,0.225982,inverse_error_mvp,2026-09-28
GA_027,GA,Margao,rainfall_mm,48,AIFS,0.331542,inverse_error_mvp,2026-09-28
GA_027,GA,Margao,rainfall_mm,48,IFS,0.292305,inverse_error_mvp,2026-09-28
GA_027,GA,Margao,temperature_c,48,NCEP GFS,0.16698,inverse_error_mvp,2026-09-28
GA_027,GA,Margao,temperature_c,48,GFS ENSEMBLE,0.220332,inverse_error_mvp,2026-09-28
GA_027,GA,Margao,temperature_c,48,AIFS,0.33072,inverse_error_mvp,2026-09-28
GA_027,GA,Margao,temperature_c,48,IFS,0.281968,inverse_error_mvp,2026-09-28
GA_027,GA,Margao,wind_speed_kmh,48,NCEP GFS,0.195902,inverse_error_mvp,2026-09-28
GA_027,GA,Margao,wind_speed_kmh,48,GFS ENSEMBLE,0.284277,inverse_error_mvp,2026-09-28
GA_027,GA,Margao,wind_speed_kmh,48,AIFS,0.294404,inverse_error_mvp,2026-09-28
GA_027,GA,Margao,wind_speed_kmh,48,IFS,0.225417,inverse_error_mvp,2026-09-28
GA_027,GA,Margao,rainfall_mm,72,NCEP GFS,0.231138,inverse_error_mvp,2026-09-28
GA_027,GA,Margao,rainfall_mm,72,GFS ENSEMBLE,0.137085,inverse_error_mvp,2026-09-28
GA_027,GA,Margao,rainfall_mm,72,AIFS,0.226995,inverse_error_mvp,2026-09-28
GA_027,GA,Margao,rainfall_mm,72,IFS,0.404783,inverse_error_mvp,2026-09-28
GA_027,GA,Margao,temperature_c,72,NCEP GFS,0.188341,inverse_error_mvp,2026-09-28
GA_027,GA,Margao,temperature_c,72,GFS ENSEMBLE,0.241484,inverse_error_mvp,2026-09-28
GA_027,GA,Margao,temperature_c,72,AIFS,0.318961,inverse_error_mvp,2026-09-28
GA_027,GA,Margao,temperature_c,72,IFS,0.251214,inverse_error_mvp,2026-09-28
GA_027,GA,Margao,wind_speed_kmh,72,NCEP GFS,0.160288,inverse_error_mvp,2026-09-28
GA_027,GA,Margao,wind_speed_kmh,72,GFS ENSEMBLE,0.332537,inverse_error_mvp,2026-09-28
GA_027,GA,Margao,wind_speed_kmh,72,AIFS,0.272495,inverse_error_mvp,2026-09-28
GA_027,GA,Margao,wind_speed_kmh,72,IFS,0.23468,inverse_error_mvp,2026-09-28
GA_028,GA,Vasco da Gama,rainfall_mm,24,NCEP GFS,0.175793,inverse_error_mvp,2026-09-28
GA_028,GA,Vasco da Gama,rainfall_mm,24,GFS ENSEMBLE,0.16407,inverse_error_mvp,2026-09-28
GA_028,GA,Vasco da Gama,rainfall_mm,24,AIFS,0.253318,inverse_error_mvp,2026-09-28
GA_028,GA,Vasco da Gama,rainfall_mm,24,IFS,0.406819,inverse_error_mvp,2026-09-28
GA_028,GA,Vasco da Gama,temperature_c,24,NCEP GFS,0.179279,inverse_error_mvp,2026-09-28
GA_028,GA,Vasco da Gama,temperature_c,24,GFS ENSEMBLE,0.249574,inverse_error_mvp,2026-09-28
GA_028,GA,Vasco da Gama,temperature_c,24,AIFS,0.278483,inverse_error_mvp,2026-09-28
GA_028,GA,Vasco da Gama,temperature_c,24,IFS,0.292664,inverse_error_mvp,2026-09-28
GA_028,GA,Vasco da Gama,wind_speed_kmh,24,NCEP GFS,0.178556,inverse_error_mvp,2026-09-28
GA_028,GA,Vasco da Gama,wind_speed_kmh,24,GFS ENSEMBLE,0.206493,inverse_error_mvp,2026-09-28
GA_028,GA,Vasco da Gama,wind_speed_kmh,24,AIFS,0.297753,inverse_error_mvp,2026-09-28
GA_028,GA,Vasco da Gama,wind_speed_kmh,24,IFS,0.317199,inverse_error_mvp,2026-09-28
GA_028,GA,Vasco da Gama,rainfall_mm,48,NCEP GFS,0.201421,inverse_error_mvp,2026-09-28
GA_028,GA,Vasco da Gama,rainfall_mm,48,GFS ENSEMBLE,0.28927,inverse_error_mvp,2026-09-28
GA_028,GA,Vasco da Gama,rainfall_mm,48,AIFS,0.292297,inverse_error_mvp,2026-09-28
GA_028,GA,Vasco da Gama,rainfall_mm,48,IFS,0.217012,inverse_error_mvp,2026-09-28
GA_028,GA,Vasco da Gama,temperature_c,48,NCEP GFS,0.167246,inverse_error_mvp,2026-09-28
GA_028,GA,Vasco da Gama,temperature_c,48,GFS ENSEMBLE,0.368343,inverse_error_mvp,2026-09-28
GA_028,GA,Vasco da Gama,temperature_c,48,AIFS,0.230752,inverse_error_mvp,2026-09-28
GA_028,GA,Vasco da Gama,temperature_c,48,IFS,0.233659,inverse_error_mvp,2026-09-28
GA_028,GA,Vasco da Gama,wind_speed_kmh,48,NCEP GFS,0.174334,inverse_error_mvp,2026-09-28
GA_028,GA,Vasco da Gama,wind_speed_kmh,48,GFS ENSEMBLE,0.264817,inverse_error_mvp,2026-09-28
GA_028,GA,Vasco da Gama,wind_speed_kmh,48,AIFS,0.256325,inverse_error_mvp,2026-09-28
GA_028,GA,Vasco da Gama,wind_speed_kmh,48,IFS,0.304524,inverse_error_mvp,2026-09-28
GA_028,GA,Vasco da Gama,rainfall_mm,72,NCEP GFS,0.161959,inverse_error_mvp,2026-09-28
GA_028,GA,Vasco da Gama,rainfall_mm,72,GFS ENSEMBLE,0.215233,inverse_error_mvp,2026-09-28
GA_028,GA,Vasco da Gama,rainfall_mm,72,AIFS,0.362846,inverse_error_mvp,2026-09-28
GA_028,GA,Vasco da Gama,rainfall_mm,72,IFS,0.259961,inverse_error_mvp,2026-09-28
GA_028,GA,Vasco da Gama,temperature_c,72,NCEP GFS,0.183588,inverse_error_mvp,2026-09-28
GA_028,GA,Vasco da Gama,temperature_c,72,GFS ENSEMBLE,0.314578,inverse_error_mvp,2026-09-28
GA_028,GA,Vasco da Gama,temperature_c,72,AIFS,0.240898,inverse_error_mvp,2026-09-28
GA_028,GA,Vasco da Gama,temperature_c,72,IFS,0.260936,inverse_error_mvp,2026-09-28
GA_028,GA,Vasco da Gama,wind_speed_kmh,72,NCEP GFS,0.195455,inverse_error_mvp,2026-09-28
GA_028,GA,Vasco da Gama,wind_speed_kmh,72,GFS ENSEMBLE,0.281728,inverse_error_mvp,2026-09-28
GA_028,GA,Vasco da Gama,wind_speed_kmh,72,AIFS,0.287191,inverse_error_mvp,2026-09-28
GA_028,GA,Vasco da Gama,wind_speed_kmh,72,IFS,0.235627,inverse_error_mvp,2026-09-28
GA_029,GA,Mapusa,rainfall_mm,24,NCEP GFS,0.174411,inverse_error_mvp,2026-09-28
GA_029,GA,Mapusa,rainfall_mm,24,GFS ENSEMBLE,0.146034,inverse_error_mvp,2026-09-28
GA_029,GA,Mapusa,rainfall_mm,24,AIFS,0.443888,inverse_error_mvp,2026-09-28
GA_029,GA,Mapusa,rainfall_mm,24,IFS,0.235667,inverse_error_mvp,2026-09-28
GA_029,GA,Mapusa,temperature_c,24,NCEP GFS,0.190599,inverse_error_mvp,2026-09-28
GA_029,GA,Mapusa,temperature_c,24,GFS ENSEMBLE,0.287937,inverse_error_mvp,2026-09-28
GA_029,GA,Mapusa,temperature_c,24,AIFS,0.278189,inverse_error_mvp,2026-09-28
GA_029,GA,Mapusa,temperature_c,24,IFS,0.243275,inverse_error_mvp,2026-09-28
GA_029,GA,Mapusa,wind_speed_kmh,24,NCEP GFS,0.180885,inverse_error_mvp,2026-09-28
GA_029,GA,Mapusa,wind_speed_kmh,24,GFS ENSEMBLE,0.291431,inverse_error_mvp,2026-09-28
GA_029,GA,Mapusa,wind_speed_kmh,24,AIFS,0.287336,inverse_error_mvp,2026-09-28
GA_029,GA,Mapusa,wind_speed_kmh,24,IFS,0.240348,inverse_error_mvp,2026-09-28
GA_029,GA,Mapusa,rainfall_mm,48,NCEP GFS,0.169884,inverse_error_mvp,2026-09-28
GA_029,GA,Mapusa,rainfall_mm,48,GFS ENSEMBLE,0.229695,inverse_error_mvp,2026-09-28
GA_029,GA,Mapusa,rainfall_mm,48,AIFS,0.278817,inverse_error_mvp,2026-09-28
GA_029,GA,Mapusa,rainfall_mm,48,IFS,0.321604,inverse_error_mvp,2026-09-28
GA_029,GA,Mapusa,temperature_c,48,NCEP GFS,0.161225,inverse_error_mvp,2026-09-28
GA_029,GA,Mapusa,temperature_c,48,GFS ENSEMBLE,0.278942,inverse_error_mvp,2026-09-28
GA_029,GA,Mapusa,temperature_c,48,AIFS,0.328094,inverse_error_mvp,2026-09-28
GA_029,GA,Mapusa,temperature_c,48,IFS,0.231739,inverse_error_mvp,2026-09-28
GA_029,GA,Mapusa,wind_speed_kmh,48,NCEP GFS,0.182695,inverse_error_mvp,2026-09-28
GA_029,GA,Mapusa,wind_speed_kmh,48,GFS ENSEMBLE,0.305769,inverse_error_mvp,2026-09-28
GA_029,GA,Mapusa,wind_speed_kmh,48,AIFS,0.290222,inverse_error_mvp,2026-09-28
GA_029,GA,Mapusa,wind_speed_kmh,48,IFS,0.221314,inverse_error_mvp,2026-09-28
GA_029,GA,Mapusa,rainfall_mm,72,NCEP GFS,0.153484,inverse_error_mvp,2026-09-28
GA_029,GA,Mapusa,rainfall_mm,72,GFS ENSEMBLE,0.267602,inverse_error_mvp,2026-09-28
GA_029,GA,Mapusa,rainfall_mm,72,AIFS,0.281243,inverse_error_mvp,2026-09-28
GA_029,GA,Mapusa,rainfall_mm,72,IFS,0.297671,inverse_error_mvp,2026-09-28
GA_029,GA,Mapusa,temperature_c,72,NCEP GFS,0.177533,inverse_error_mvp,2026-09-28
GA_029,GA,Mapusa,temperature_c,72,GFS ENSEMBLE,0.265277,inverse_error_mvp,2026-09-28
GA_029,GA,Mapusa,temperature_c,72,AIFS,0.283301,inverse_error_mvp,2026-09-28
GA_029,GA,Mapusa,temperature_c,72,IFS,0.273889,inverse_error_mvp,2026-09-28
GA_029,GA,Mapusa,wind_speed_kmh,72,NCEP GFS,0.187029,inverse_error_mvp,2026-09-28
GA_029,GA,Mapusa,wind_speed_kmh,72,GFS ENSEMBLE,0.206156,inverse_error_mvp,2026-09-28
GA_029,GA,Mapusa,wind_speed_kmh,72,AIFS,0.24708,inverse_error_mvp,2026-09-28
GA_029,GA,Mapusa,wind_speed_kmh,72,IFS,0.359735,inverse_error_mvp,2026-09-28
GA_030,GA,Ponda,rainfall_mm,24,NCEP GFS,0.135,inverse_error_mvp,2026-09-28
GA_030,GA,Ponda,rainfall_mm,24,GFS ENSEMBLE,0.233164,inverse_error_mvp,2026-09-28
GA_030,GA,Ponda,rainfall_mm,24,AIFS,0.241825,inverse_error_mvp,2026-09-28
GA_030,GA,Ponda,rainfall_mm,24,IFS,0.390011,inverse_error_mvp,2026-09-28
GA_030,GA,Ponda,temperature_c,24,NCEP GFS,0.167725,inverse_error_mvp,2026-09-28
GA_030,GA,Ponda,temperature_c,24,GFS ENSEMBLE,0.30175,inverse_error_mvp,2026-09-28
GA_030,GA,Ponda,temperature_c,24,AIFS,0.256241,inverse_error_mvp,2026-09-28
GA_030,GA,Ponda,temperature_c,24,IFS,0.274284,inverse_error_mvp,2026-09-28
GA_030,GA,Ponda,wind_speed_kmh,24,NCEP GFS,0.202009,inverse_error_mvp,2026-09-28
GA_030,GA,Ponda,wind_speed_kmh,24,GFS ENSEMBLE,0.256,inverse_error_mvp,2026-09-28
GA_030,GA,Ponda,wind_speed_kmh,24,AIFS,0.328037,inverse_error_mvp,2026-09-28
GA_030,GA,Ponda,wind_speed_kmh,24,IFS,0.213953,inverse_error_mvp,2026-09-28
GA_030,GA,Ponda,rainfall_mm,48,NCEP GFS,0.150712,inverse_error_mvp,2026-09-28
GA_030,GA,Ponda,rainfall_mm,48,GFS ENSEMBLE,0.234175,inverse_error_mvp,2026-09-28
GA_030,GA,Ponda,rainfall_mm,48,AIFS,0.27818,inverse_error_mvp,2026-09-28
GA_030,GA,Ponda,rainfall_mm,48,IFS,0.336933,inverse_error_mvp,2026-09-28
GA_030,GA,Ponda,temperature_c,48,NCEP GFS,0.191743,inverse_error_mvp,2026-09-28
GA_030,GA,Ponda,temperature_c,48,GFS ENSEMBLE,0.269327,inverse_error_mvp,2026-09-28
GA_030,GA,Ponda,temperature_c,48,AIFS,0.258405,inverse_error_mvp,2026-09-28
GA_030,GA,Ponda,temperature_c,48,IFS,0.280525,inverse_error_mvp,2026-09-28
GA_030,GA,Ponda,wind_speed_kmh,48,NCEP GFS,0.181198,inverse_error_mvp,2026-09-28
GA_030,GA,Ponda,wind_speed_kmh,48,GFS ENSEMBLE,0.226426,inverse_error_mvp,2026-09-28
GA_030,GA,Ponda,wind_speed_kmh,48,AIFS,0.271712,inverse_error_mvp,2026-09-28
GA_030,GA,Ponda,wind_speed_kmh,48,IFS,0.320664,inverse_error_mvp,2026-09-28
GA_030,GA,Ponda,rainfall_mm,72,NCEP GFS,0.200942,inverse_error_mvp,2026-09-28
GA_030,GA,Ponda,rainfall_mm,72,GFS ENSEMBLE,0.210444,inverse_error_mvp,2026-09-28
GA_030,GA,Ponda,rainfall_mm,72,AIFS,0.229218,inverse_error_mvp,2026-09-28
GA_030,GA,Ponda,rainfall_mm,72,IFS,0.359396,inverse_error_mvp,2026-09-28
GA_030,GA,Ponda,temperature_c,72,NCEP GFS,0.154523,inverse_error_mvp,2026-09-28
GA_030,GA,Ponda,temperature_c,72,GFS ENSEMBLE,0.27107,inverse_error_mvp,2026-09-28
GA_030,GA,Ponda,temperature_c,72,AIFS,0.303385,inverse_error_mvp,2026-09-28
GA_030,GA,Ponda,temperature_c,72,IFS,0.271023,inverse_error_mvp,2026-09-28
GA_030,GA,Ponda,wind_speed_kmh,72,NCEP GFS,0.203925,inverse_error_mvp,2026-09-28
GA_030,GA,Ponda,wind_speed_kmh,72,GFS ENSEMBLE,0.255708,inverse_error_mvp,2026-09-28
GA_030,GA,Ponda,wind_speed_kmh,72,AIFS,0.294175,inverse_error_mvp,2026-09-28
GA_030,GA,Ponda,wind_speed_kmh,72,IFS,0.246192,inverse_error_mvp,2026-09-28
GJ_031,GJ,Ahmedabad,rainfall_mm,24,NCEP GFS,0.197456,inverse_error_mvp,2026-09-28
GJ_031,GJ,Ahmedabad,rainfall_mm,24,GFS ENSEMBLE,0.315443,inverse_error_mvp,2026-09-28
GJ_031,GJ,Ahmedabad,rainfall_mm,24,AIFS,0.287948,inverse_error_mvp,2026-09-28
GJ_031,GJ,Ahmedabad,rainfall_mm,24,IFS,0.199153,inverse_error_mvp,2026-09-28
GJ_031,GJ,Ahmedabad,temperature_c,24,NCEP GFS,0.164916,inverse_error_mvp,2026-09-28
GJ_031,GJ,Ahmedabad,temperature_c,24,GFS ENSEMBLE,0.20488,inverse_error_mvp,2026-09-28
GJ_031,GJ,Ahmedabad,temperature_c,24,AIFS,0.336258,inverse_error_mvp,2026-09-28
GJ_031,GJ,Ahmedabad,temperature_c,24,IFS,0.293946,inverse_error_mvp,2026-09-28
GJ_031,GJ,Ahmedabad,wind_speed_kmh,24,NCEP GFS,0.190976,inverse_error_mvp,2026-09-28
GJ_031,GJ,Ahmedabad,wind_speed_kmh,24,GFS ENSEMBLE,0.237622,inverse_error_mvp,2026-09-28
GJ_031,GJ,Ahmedabad,wind_speed_kmh,24,AIFS,0.267272,inverse_error_mvp,2026-09-28
GJ_031,GJ,Ahmedabad,wind_speed_kmh,24,IFS,0.30413,inverse_error_mvp,2026-09-28
GJ_031,GJ,Ahmedabad,rainfall_mm,48,NCEP GFS,0.17637,inverse_error_mvp,2026-09-28
GJ_031,GJ,Ahmedabad,rainfall_mm,48,GFS ENSEMBLE,0.242477,inverse_error_mvp,2026-09-28
GJ_031,GJ,Ahmedabad,rainfall_mm,48,AIFS,0.293316,inverse_error_mvp,2026-09-28
GJ_031,GJ,Ahmedabad,rainfall_mm,48,IFS,0.287837,inverse_error_mvp,2026-09-28
GJ_031,GJ,Ahmedabad,temperature_c,48,NCEP GFS,0.191588,inverse_error_mvp,2026-09-28
GJ_031,GJ,Ahmedabad,temperature_c,48,GFS ENSEMBLE,0.230352,inverse_error_mvp,2026-09-28
GJ_031,GJ,Ahmedabad,temperature_c,48,AIFS,0.218832,inverse_error_mvp,2026-09-28
GJ_031,GJ,Ahmedabad,temperature_c,48,IFS,0.359228,inverse_error_mvp,2026-09-28
GJ_031,GJ,Ahmedabad,wind_speed_kmh,48,NCEP GFS,0.191586,inverse_error_mvp,2026-09-28
GJ_031,GJ,Ahmedabad,wind_speed_kmh,48,GFS ENSEMBLE,0.228607,inverse_error_mvp,2026-09-28
GJ_031,GJ,Ahmedabad,wind_speed_kmh,48,AIFS,0.327243,inverse_error_mvp,2026-09-28
GJ_031,GJ,Ahmedabad,wind_speed_kmh,48,IFS,0.252564,inverse_error_mvp,2026-09-28
GJ_031,GJ,Ahmedabad,rainfall_mm,72,NCEP GFS,0.287854,inverse_error_mvp,2026-09-28
GJ_031,GJ,Ahmedabad,rainfall_mm,72,GFS ENSEMBLE,0.212642,inverse_error_mvp,2026-09-28
GJ_031,GJ,Ahmedabad,rainfall_mm,72,AIFS,0.28222,inverse_error_mvp,2026-09-28
GJ_031,GJ,Ahmedabad,rainfall_mm,72,IFS,0.217285,inverse_error_mvp,2026-09-28
GJ_031,GJ,Ahmedabad,temperature_c,72,NCEP GFS,0.224868,inverse_error_mvp,2026-09-28
GJ_031,GJ,Ahmedabad,temperature_c,72,GFS ENSEMBLE,0.215709,inverse_error_mvp,2026-09-28
GJ_031,GJ,Ahmedabad,temperature_c,72,AIFS,0.305332,inverse_error_mvp,2026-09-28
GJ_031,GJ,Ahmedabad,temperature_c,72,IFS,0.254091,inverse_error_mvp,2026-09-28
GJ_031,GJ,Ahmedabad,wind_speed_kmh,72,NCEP GFS,0.228755,inverse_error_mvp,2026-09-28
GJ_031,GJ,Ahmedabad,wind_speed_kmh,72,GFS ENSEMBLE,0.251043,inverse_error_mvp,2026-09-28
GJ_031,GJ,Ahmedabad,wind_speed_kmh,72,AIFS,0.237257,inverse_error_mvp,2026-09-28
GJ_031,GJ,Ahmedabad,wind_speed_kmh,72,IFS,0.282945,inverse_error_mvp,2026-09-28
GJ_032,GJ,Surat,rainfall_mm,24,NCEP GFS,0.605732,inverse_error_mvp,2026-09-28
GJ_032,GJ,Surat,rainfall_mm,24,GFS ENSEMBLE,0.11349,inverse_error_mvp,2026-09-28
GJ_032,GJ,Surat,rainfall_mm,24,AIFS,0.177098,inverse_error_mvp,2026-09-28
GJ_032,GJ,Surat,rainfall_mm,24,IFS,0.10368,inverse_error_mvp,2026-09-28
GJ_032,GJ,Surat,temperature_c,24,NCEP GFS,0.149476,inverse_error_mvp,2026-09-28
GJ_032,GJ,Surat,temperature_c,24,GFS ENSEMBLE,0.2916,inverse_error_mvp,2026-09-28
GJ_032,GJ,Surat,temperature_c,24,AIFS,0.319675,inverse_error_mvp,2026-09-28
GJ_032,GJ,Surat,temperature_c,24,IFS,0.23925,inverse_error_mvp,2026-09-28
GJ_032,GJ,Surat,wind_speed_kmh,24,NCEP GFS,0.177406,inverse_error_mvp,2026-09-28
GJ_032,GJ,Surat,wind_speed_kmh,24,GFS ENSEMBLE,0.267034,inverse_error_mvp,2026-09-28
GJ_032,GJ,Surat,wind_speed_kmh,24,AIFS,0.326687,inverse_error_mvp,2026-09-28
GJ_032,GJ,Surat,wind_speed_kmh,24,IFS,0.228873,inverse_error_mvp,2026-09-28
GJ_032,GJ,Surat,rainfall_mm,48,NCEP GFS,0.247483,inverse_error_mvp,2026-09-28
GJ_032,GJ,Surat,rainfall_mm,48,GFS ENSEMBLE,0.14116,inverse_error_mvp,2026-09-28
GJ_032,GJ,Surat,rainfall_mm,48,AIFS,0.287728,inverse_error_mvp,2026-09-28
GJ_032,GJ,Surat,rainfall_mm,48,IFS,0.323628,inverse_error_mvp,2026-09-28
GJ_032,GJ,Surat,temperature_c,48,NCEP GFS,0.195084,inverse_error_mvp,2026-09-28
GJ_032,GJ,Surat,temperature_c,48,GFS ENSEMBLE,0.295355,inverse_error_mvp,2026-09-28
GJ_032,GJ,Surat,temperature_c,48,AIFS,0.250931,inverse_error_mvp,2026-09-28
GJ_032,GJ,Surat,temperature_c,48,IFS,0.25863,inverse_error_mvp,2026-09-28
GJ_032,GJ,Surat,wind_speed_kmh,48,NCEP GFS,0.193537,inverse_error_mvp,2026-09-28
GJ_032,GJ,Surat,wind_speed_kmh,48,GFS ENSEMBLE,0.231543,inverse_error_mvp,2026-09-28
GJ_032,GJ,Surat,wind_speed_kmh,48,AIFS,0.312977,inverse_error_mvp,2026-09-28
GJ_032,GJ,Surat,wind_speed_kmh,48,IFS,0.261943,inverse_error_mvp,2026-09-28
GJ_032,GJ,Surat,rainfall_mm,72,NCEP GFS,0.340785,inverse_error_mvp,2026-09-28
GJ_032,GJ,Surat,rainfall_mm,72,GFS ENSEMBLE,0.262239,inverse_error_mvp,2026-09-28
GJ_032,GJ,Surat,rainfall_mm,72,AIFS,0.170757,inverse_error_mvp,2026-09-28
GJ_032,GJ,Surat,rainfall_mm,72,IFS,0.226219,inverse_error_mvp,2026-09-28
GJ_032,GJ,Surat,temperature_c,72,NCEP GFS,0.174376,inverse_error_mvp,2026-09-28
GJ_032,GJ,Surat,temperature_c,72,GFS ENSEMBLE,0.257598,inverse_error_mvp,2026-09-28
GJ_032,GJ,Surat,temperature_c,72,AIFS,0.299816,inverse_error_mvp,2026-09-28
GJ_032,GJ,Surat,temperature_c,72,IFS,0.26821,inverse_error_mvp,2026-09-28
GJ_032,GJ,Surat,wind_speed_kmh,72,NCEP GFS,0.226717,inverse_error_mvp,2026-09-28
GJ_032,GJ,Surat,wind_speed_kmh,72,GFS ENSEMBLE,0.227528,inverse_error_mvp,2026-09-28
GJ_032,GJ,Surat,wind_speed_kmh,72,AIFS,0.28679,inverse_error_mvp,2026-09-28
GJ_032,GJ,Surat,wind_speed_kmh,72,IFS,0.258965,inverse_error_mvp,2026-09-28
GJ_033,GJ,Vadodara,rainfall_mm,24,NCEP GFS,0.173365,inverse_error_mvp,2026-09-28
GJ_033,GJ,Vadodara,rainfall_mm,24,GFS ENSEMBLE,0.25867,inverse_error_mvp,2026-09-28
GJ_033,GJ,Vadodara,rainfall_mm,24,AIFS,0.234317,inverse_error_mvp,2026-09-28
GJ_033,GJ,Vadodara,rainfall_mm,24,IFS,0.333648,inverse_error_mvp,2026-09-28
GJ_033,GJ,Vadodara,temperature_c,24,NCEP GFS,0.154592,inverse_error_mvp,2026-09-28
GJ_033,GJ,Vadodara,temperature_c,24,GFS ENSEMBLE,0.271283,inverse_error_mvp,2026-09-28
GJ_033,GJ,Vadodara,temperature_c,24,AIFS,0.329042,inverse_error_mvp,2026-09-28
GJ_033,GJ,Vadodara,temperature_c,24,IFS,0.245082,inverse_error_mvp,2026-09-28
GJ_033,GJ,Vadodara,wind_speed_kmh,24,NCEP GFS,0.172054,inverse_error_mvp,2026-09-28
GJ_033,GJ,Vadodara,wind_speed_kmh,24,GFS ENSEMBLE,0.254582,inverse_error_mvp,2026-09-28
GJ_033,GJ,Vadodara,wind_speed_kmh,24,AIFS,0.330673,inverse_error_mvp,2026-09-28
GJ_033,GJ,Vadodara,wind_speed_kmh,24,IFS,0.24269,inverse_error_mvp,2026-09-28
GJ_033,GJ,Vadodara,rainfall_mm,48,NCEP GFS,0.232405,inverse_error_mvp,2026-09-28
GJ_033,GJ,Vadodara,rainfall_mm,48,GFS ENSEMBLE,0.188405,inverse_error_mvp,2026-09-28
GJ_033,GJ,Vadodara,rainfall_mm,48,AIFS,0.257282,inverse_error_mvp,2026-09-28
GJ_033,GJ,Vadodara,rainfall_mm,48,IFS,0.321908,inverse_error_mvp,2026-09-28
GJ_033,GJ,Vadodara,temperature_c,48,NCEP GFS,0.181882,inverse_error_mvp,2026-09-28
GJ_033,GJ,Vadodara,temperature_c,48,GFS ENSEMBLE,0.253152,inverse_error_mvp,2026-09-28
GJ_033,GJ,Vadodara,temperature_c,48,AIFS,0.247847,inverse_error_mvp,2026-09-28
GJ_033,GJ,Vadodara,temperature_c,48,IFS,0.317119,inverse_error_mvp,2026-09-28
GJ_033,GJ,Vadodara,wind_speed_kmh,48,NCEP GFS,0.193116,inverse_error_mvp,2026-09-28
GJ_033,GJ,Vadodara,wind_speed_kmh,48,GFS ENSEMBLE,0.220263,inverse_error_mvp,2026-09-28
GJ_033,GJ,Vadodara,wind_speed_kmh,48,AIFS,0.305839,inverse_error_mvp,2026-09-28
GJ_033,GJ,Vadodara,wind_speed_kmh,48,IFS,0.280783,inverse_error_mvp,2026-09-28
GJ_033,GJ,Vadodara,rainfall_mm,72,NCEP GFS,0.197645,inverse_error_mvp,2026-09-28
GJ_033,GJ,Vadodara,rainfall_mm,72,GFS ENSEMBLE,0.173595,inverse_error_mvp,2026-09-28
GJ_033,GJ,Vadodara,rainfall_mm,72,AIFS,0.342611,inverse_error_mvp,2026-09-28
GJ_033,GJ,Vadodara,rainfall_mm,72,IFS,0.286148,inverse_error_mvp,2026-09-28
GJ_033,GJ,Vadodara,temperature_c,72,NCEP GFS,0.189524,inverse_error_mvp,2026-09-28
GJ_033,GJ,Vadodara,temperature_c,72,GFS ENSEMBLE,0.288024,inverse_error_mvp,2026-09-28
GJ_033,GJ,Vadodara,temperature_c,72,AIFS,0.286744,inverse_error_mvp,2026-09-28
GJ_033,GJ,Vadodara,temperature_c,72,IFS,0.235708,inverse_error_mvp,2026-09-28
GJ_033,GJ,Vadodara,wind_speed_kmh,72,NCEP GFS,0.270995,inverse_error_mvp,2026-09-28
GJ_033,GJ,Vadodara,wind_speed_kmh,72,GFS ENSEMBLE,0.258138,inverse_error_mvp,2026-09-28
GJ_033,GJ,Vadodara,wind_speed_kmh,72,AIFS,0.25964,inverse_error_mvp,2026-09-28
GJ_033,GJ,Vadodara,wind_speed_kmh,72,IFS,0.211227,inverse_error_mvp,2026-09-28
GJ_034,GJ,Rajkot,rainfall_mm,24,NCEP GFS,0.29283,inverse_error_mvp,2026-09-28
GJ_034,GJ,Rajkot,rainfall_mm,24,GFS ENSEMBLE,0.154582,inverse_error_mvp,2026-09-28
GJ_034,GJ,Rajkot,rainfall_mm,24,AIFS,0.263332,inverse_error_mvp,2026-09-28
GJ_034,GJ,Rajkot,rainfall_mm,24,IFS,0.289256,inverse_error_mvp,2026-09-28
GJ_034,GJ,Rajkot,temperature_c,24,NCEP GFS,0.209514,inverse_error_mvp,2026-09-28
GJ_034,GJ,Rajkot,temperature_c,24,GFS ENSEMBLE,0.258024,inverse_error_mvp,2026-09-28
GJ_034,GJ,Rajkot,temperature_c,24,AIFS,0.2761,inverse_error_mvp,2026-09-28
GJ_034,GJ,Rajkot,temperature_c,24,IFS,0.256362,inverse_error_mvp,2026-09-28
GJ_034,GJ,Rajkot,wind_speed_kmh,24,NCEP GFS,0.21086,inverse_error_mvp,2026-09-28
GJ_034,GJ,Rajkot,wind_speed_kmh,24,GFS ENSEMBLE,0.239181,inverse_error_mvp,2026-09-28
GJ_034,GJ,Rajkot,wind_speed_kmh,24,AIFS,0.273716,inverse_error_mvp,2026-09-28
GJ_034,GJ,Rajkot,wind_speed_kmh,24,IFS,0.276243,inverse_error_mvp,2026-09-28
GJ_034,GJ,Rajkot,rainfall_mm,48,NCEP GFS,0.199081,inverse_error_mvp,2026-09-28
GJ_034,GJ,Rajkot,rainfall_mm,48,GFS ENSEMBLE,0.319114,inverse_error_mvp,2026-09-28
GJ_034,GJ,Rajkot,rainfall_mm,48,AIFS,0.217413,inverse_error_mvp,2026-09-28
GJ_034,GJ,Rajkot,rainfall_mm,48,IFS,0.264392,inverse_error_mvp,2026-09-28
GJ_034,GJ,Rajkot,temperature_c,48,NCEP GFS,0.153328,inverse_error_mvp,2026-09-28
GJ_034,GJ,Rajkot,temperature_c,48,GFS ENSEMBLE,0.239186,inverse_error_mvp,2026-09-28
GJ_034,GJ,Rajkot,temperature_c,48,AIFS,0.295167,inverse_error_mvp,2026-09-28
GJ_034,GJ,Rajkot,temperature_c,48,IFS,0.312318,inverse_error_mvp,2026-09-28
GJ_034,GJ,Rajkot,wind_speed_kmh,48,NCEP GFS,0.207722,inverse_error_mvp,2026-09-28
GJ_034,GJ,Rajkot,wind_speed_kmh,48,GFS ENSEMBLE,0.2631,inverse_error_mvp,2026-09-28
GJ_034,GJ,Rajkot,wind_speed_kmh,48,AIFS,0.296047,inverse_error_mvp,2026-09-28
GJ_034,GJ,Rajkot,wind_speed_kmh,48,IFS,0.233131,inverse_error_mvp,2026-09-28
GJ_034,GJ,Rajkot,rainfall_mm,72,NCEP GFS,0.298565,inverse_error_mvp,2026-09-28
GJ_034,GJ,Rajkot,rainfall_mm,72,GFS ENSEMBLE,0.150748,inverse_error_mvp,2026-09-28
GJ_034,GJ,Rajkot,rainfall_mm,72,AIFS,0.240225,inverse_error_mvp,2026-09-28
GJ_034,GJ,Rajkot,rainfall_mm,72,IFS,0.310462,inverse_error_mvp,2026-09-28
GJ_034,GJ,Rajkot,temperature_c,72,NCEP GFS,0.152643,inverse_error_mvp,2026-09-28
GJ_034,GJ,Rajkot,temperature_c,72,GFS ENSEMBLE,0.258936,inverse_error_mvp,2026-09-28
GJ_034,GJ,Rajkot,temperature_c,72,AIFS,0.324457,inverse_error_mvp,2026-09-28
GJ_034,GJ,Rajkot,temperature_c,72,IFS,0.263964,inverse_error_mvp,2026-09-28
GJ_034,GJ,Rajkot,wind_speed_kmh,72,NCEP GFS,0.174816,inverse_error_mvp,2026-09-28
GJ_034,GJ,Rajkot,wind_speed_kmh,72,GFS ENSEMBLE,0.227654,inverse_error_mvp,2026-09-28
GJ_034,GJ,Rajkot,wind_speed_kmh,72,AIFS,0.337674,inverse_error_mvp,2026-09-28
GJ_034,GJ,Rajkot,wind_speed_kmh,72,IFS,0.259856,inverse_error_mvp,2026-09-28
GJ_035,GJ,Bhavnagar,rainfall_mm,24,NCEP GFS,0.200309,inverse_error_mvp,2026-09-28
GJ_035,GJ,Bhavnagar,rainfall_mm,24,GFS ENSEMBLE,0.248707,inverse_error_mvp,2026-09-28
GJ_035,GJ,Bhavnagar,rainfall_mm,24,AIFS,0.207387,inverse_error_mvp,2026-09-28
GJ_035,GJ,Bhavnagar,rainfall_mm,24,IFS,0.343597,inverse_error_mvp,2026-09-28
GJ_035,GJ,Bhavnagar,temperature_c,24,NCEP GFS,0.189682,inverse_error_mvp,2026-09-28
GJ_035,GJ,Bhavnagar,temperature_c,24,GFS ENSEMBLE,0.206129,inverse_error_mvp,2026-09-28
GJ_035,GJ,Bhavnagar,temperature_c,24,AIFS,0.338828,inverse_error_mvp,2026-09-28
GJ_035,GJ,Bhavnagar,temperature_c,24,IFS,0.26536,inverse_error_mvp,2026-09-28
GJ_035,GJ,Bhavnagar,wind_speed_kmh,24,NCEP GFS,0.20708,inverse_error_mvp,2026-09-28
GJ_035,GJ,Bhavnagar,wind_speed_kmh,24,GFS ENSEMBLE,0.23274,inverse_error_mvp,2026-09-28
GJ_035,GJ,Bhavnagar,wind_speed_kmh,24,AIFS,0.298296,inverse_error_mvp,2026-09-28
GJ_035,GJ,Bhavnagar,wind_speed_kmh,24,IFS,0.261885,inverse_error_mvp,2026-09-28
GJ_035,GJ,Bhavnagar,rainfall_mm,48,NCEP GFS,0.172879,inverse_error_mvp,2026-09-28
GJ_035,GJ,Bhavnagar,rainfall_mm,48,GFS ENSEMBLE,0.257794,inverse_error_mvp,2026-09-28
GJ_035,GJ,Bhavnagar,rainfall_mm,48,AIFS,0.335863,inverse_error_mvp,2026-09-28
GJ_035,GJ,Bhavnagar,rainfall_mm,48,IFS,0.233464,inverse_error_mvp,2026-09-28
GJ_035,GJ,Bhavnagar,temperature_c,48,NCEP GFS,0.186332,inverse_error_mvp,2026-09-28
GJ_035,GJ,Bhavnagar,temperature_c,48,GFS ENSEMBLE,0.263344,inverse_error_mvp,2026-09-28
GJ_035,GJ,Bhavnagar,temperature_c,48,AIFS,0.226793,inverse_error_mvp,2026-09-28
GJ_035,GJ,Bhavnagar,temperature_c,48,IFS,0.32353,inverse_error_mvp,2026-09-28
GJ_035,GJ,Bhavnagar,wind_speed_kmh,48,NCEP GFS,0.201762,inverse_error_mvp,2026-09-28
GJ_035,GJ,Bhavnagar,wind_speed_kmh,48,GFS ENSEMBLE,0.221475,inverse_error_mvp,2026-09-28
GJ_035,GJ,Bhavnagar,wind_speed_kmh,48,AIFS,0.287306,inverse_error_mvp,2026-09-28
GJ_035,GJ,Bhavnagar,wind_speed_kmh,48,IFS,0.289457,inverse_error_mvp,2026-09-28
GJ_035,GJ,Bhavnagar,rainfall_mm,72,NCEP GFS,0.222991,inverse_error_mvp,2026-09-28
GJ_035,GJ,Bhavnagar,rainfall_mm,72,GFS ENSEMBLE,0.280957,inverse_error_mvp,2026-09-28
GJ_035,GJ,Bhavnagar,rainfall_mm,72,AIFS,0.255797,inverse_error_mvp,2026-09-28
GJ_035,GJ,Bhavnagar,rainfall_mm,72,IFS,0.240256,inverse_error_mvp,2026-09-28
GJ_035,GJ,Bhavnagar,temperature_c,72,NCEP GFS,0.206913,inverse_error_mvp,2026-09-28
GJ_035,GJ,Bhavnagar,temperature_c,72,GFS ENSEMBLE,0.264332,inverse_error_mvp,2026-09-28
GJ_035,GJ,Bhavnagar,temperature_c,72,AIFS,0.245021,inverse_error_mvp,2026-09-28
GJ_035,GJ,Bhavnagar,temperature_c,72,IFS,0.283734,inverse_error_mvp,2026-09-28
GJ_035,GJ,Bhavnagar,wind_speed_kmh,72,NCEP GFS,0.207528,inverse_error_mvp,2026-09-28
GJ_035,GJ,Bhavnagar,wind_speed_kmh,72,GFS ENSEMBLE,0.220968,inverse_error_mvp,2026-09-28
GJ_035,GJ,Bhavnagar,wind_speed_kmh,72,AIFS,0.267756,inverse_error_mvp,2026-09-28
GJ_035,GJ,Bhavnagar,wind_speed_kmh,72,IFS,0.303748,inverse_error_mvp,2026-09-28
HR_036,HR,Gurugram,rainfall_mm,24,NCEP GFS,0.136215,inverse_error_mvp,2026-09-28
HR_036,HR,Gurugram,rainfall_mm,24,GFS ENSEMBLE,0.32868,inverse_error_mvp,2026-09-28
HR_036,HR,Gurugram,rainfall_mm,24,AIFS,0.300526,inverse_error_mvp,2026-09-28
HR_036,HR,Gurugram,rainfall_mm,24,IFS,0.234579,inverse_error_mvp,2026-09-28
HR_036,HR,Gurugram,temperature_c,24,NCEP GFS,0.230294,inverse_error_mvp,2026-09-28
HR_036,HR,Gurugram,temperature_c,24,GFS ENSEMBLE,0.209836,inverse_error_mvp,2026-09-28
HR_036,HR,Gurugram,temperature_c,24,AIFS,0.3043,inverse_error_mvp,2026-09-28
HR_036,HR,Gurugram,temperature_c,24,IFS,0.25557,inverse_error_mvp,2026-09-28
HR_036,HR,Gurugram,wind_speed_kmh,24,NCEP GFS,0.189311,inverse_error_mvp,2026-09-28
HR_036,HR,Gurugram,wind_speed_kmh,24,GFS ENSEMBLE,0.272903,inverse_error_mvp,2026-09-28
HR_036,HR,Gurugram,wind_speed_kmh,24,AIFS,0.259116,inverse_error_mvp,2026-09-28
HR_036,HR,Gurugram,wind_speed_kmh,24,IFS,0.27867,inverse_error_mvp,2026-09-28
HR_036,HR,Gurugram,rainfall_mm,48,NCEP GFS,0.273594,inverse_error_mvp,2026-09-28
HR_036,HR,Gurugram,rainfall_mm,48,GFS ENSEMBLE,0.321499,inverse_error_mvp,2026-09-28
HR_036,HR,Gurugram,rainfall_mm,48,AIFS,0.177341,inverse_error_mvp,2026-09-28
HR_036,HR,Gurugram,rainfall_mm,48,IFS,0.227565,inverse_error_mvp,2026-09-28
HR_036,HR,Gurugram,temperature_c,48,NCEP GFS,0.204463,inverse_error_mvp,2026-09-28
HR_036,HR,Gurugram,temperature_c,48,GFS ENSEMBLE,0.267041,inverse_error_mvp,2026-09-28
HR_036,HR,Gurugram,temperature_c,48,AIFS,0.295276,inverse_error_mvp,2026-09-28
HR_036,HR,Gurugram,temperature_c,48,IFS,0.23322,inverse_error_mvp,2026-09-28
HR_036,HR,Gurugram,wind_speed_kmh,48,NCEP GFS,0.161767,inverse_error_mvp,2026-09-28
HR_036,HR,Gurugram,wind_speed_kmh,48,GFS ENSEMBLE,0.268782,inverse_error_mvp,2026-09-28
HR_036,HR,Gurugram,wind_speed_kmh,48,AIFS,0.253342,inverse_error_mvp,2026-09-28
HR_036,HR,Gurugram,wind_speed_kmh,48,IFS,0.31611,inverse_error_mvp,2026-09-28
HR_036,HR,Gurugram,rainfall_mm,72,NCEP GFS,0.080581,inverse_error_mvp,2026-09-28
HR_036,HR,Gurugram,rainfall_mm,72,GFS ENSEMBLE,0.373558,inverse_error_mvp,2026-09-28
HR_036,HR,Gurugram,rainfall_mm,72,AIFS,0.205558,inverse_error_mvp,2026-09-28
HR_036,HR,Gurugram,rainfall_mm,72,IFS,0.340304,inverse_error_mvp,2026-09-28
HR_036,HR,Gurugram,temperature_c,72,NCEP GFS,0.198982,inverse_error_mvp,2026-09-28
HR_036,HR,Gurugram,temperature_c,72,GFS ENSEMBLE,0.275113,inverse_error_mvp,2026-09-28
HR_036,HR,Gurugram,temperature_c,72,AIFS,0.249312,inverse_error_mvp,2026-09-28
HR_036,HR,Gurugram,temperature_c,72,IFS,0.276593,inverse_error_mvp,2026-09-28
HR_036,HR,Gurugram,wind_speed_kmh,72,NCEP GFS,0.169179,inverse_error_mvp,2026-09-28
HR_036,HR,Gurugram,wind_speed_kmh,72,GFS ENSEMBLE,0.264242,inverse_error_mvp,2026-09-28
HR_036,HR,Gurugram,wind_speed_kmh,72,AIFS,0.241996,inverse_error_mvp,2026-09-28
HR_036,HR,Gurugram,wind_speed_kmh,72,IFS,0.324582,inverse_error_mvp,2026-09-28
HR_037,HR,Faridabad,rainfall_mm,24,NCEP GFS,0.135299,inverse_error_mvp,2026-09-28
HR_037,HR,Faridabad,rainfall_mm,24,GFS ENSEMBLE,0.517466,inverse_error_mvp,2026-09-28
HR_037,HR,Faridabad,rainfall_mm,24,AIFS,0.109089,inverse_error_mvp,2026-09-28
HR_037,HR,Faridabad,rainfall_mm,24,IFS,0.238145,inverse_error_mvp,2026-09-28
HR_037,HR,Faridabad,temperature_c,24,NCEP GFS,0.168051,inverse_error_mvp,2026-09-28
HR_037,HR,Faridabad,temperature_c,24,GFS ENSEMBLE,0.195632,inverse_error_mvp,2026-09-28
HR_037,HR,Faridabad,temperature_c,24,AIFS,0.339048,inverse_error_mvp,2026-09-28
HR_037,HR,Faridabad,temperature_c,24,IFS,0.297269,inverse_error_mvp,2026-09-28
HR_037,HR,Faridabad,wind_speed_kmh,24,NCEP GFS,0.205534,inverse_error_mvp,2026-09-28
HR_037,HR,Faridabad,wind_speed_kmh,24,GFS ENSEMBLE,0.243977,inverse_error_mvp,2026-09-28
HR_037,HR,Faridabad,wind_speed_kmh,24,AIFS,0.317472,inverse_error_mvp,2026-09-28
HR_037,HR,Faridabad,wind_speed_kmh,24,IFS,0.233017,inverse_error_mvp,2026-09-28
HR_037,HR,Faridabad,rainfall_mm,48,NCEP GFS,0.247806,inverse_error_mvp,2026-09-28
HR_037,HR,Faridabad,rainfall_mm,48,GFS ENSEMBLE,0.141494,inverse_error_mvp,2026-09-28
HR_037,HR,Faridabad,rainfall_mm,48,AIFS,0.307467,inverse_error_mvp,2026-09-28
HR_037,HR,Faridabad,rainfall_mm,48,IFS,0.303234,inverse_error_mvp,2026-09-28
HR_037,HR,Faridabad,temperature_c,48,NCEP GFS,0.17903,inverse_error_mvp,2026-09-28
HR_037,HR,Faridabad,temperature_c,48,GFS ENSEMBLE,0.224242,inverse_error_mvp,2026-09-28
HR_037,HR,Faridabad,temperature_c,48,AIFS,0.36294,inverse_error_mvp,2026-09-28
HR_037,HR,Faridabad,temperature_c,48,IFS,0.233788,inverse_error_mvp,2026-09-28
HR_037,HR,Faridabad,wind_speed_kmh,48,NCEP GFS,0.194235,inverse_error_mvp,2026-09-28
HR_037,HR,Faridabad,wind_speed_kmh,48,GFS ENSEMBLE,0.292195,inverse_error_mvp,2026-09-28
HR_037,HR,Faridabad,wind_speed_kmh,48,AIFS,0.281959,inverse_error_mvp,2026-09-28
HR_037,HR,Faridabad,wind_speed_kmh,48,IFS,0.231611,inverse_error_mvp,2026-09-28
HR_037,HR,Faridabad,rainfall_mm,72,NCEP GFS,0.214758,inverse_error_mvp,2026-09-28
HR_037,HR,Faridabad,rainfall_mm,72,GFS ENSEMBLE,0.173247,inverse_error_mvp,2026-09-28
HR_037,HR,Faridabad,rainfall_mm,72,AIFS,0.478558,inverse_error_mvp,2026-09-28
HR_037,HR,Faridabad,rainfall_mm,72,IFS,0.133438,inverse_error_mvp,2026-09-28
HR_037,HR,Faridabad,temperature_c,72,NCEP GFS,0.188578,inverse_error_mvp,2026-09-28
HR_037,HR,Faridabad,temperature_c,72,GFS ENSEMBLE,0.256185,inverse_error_mvp,2026-09-28
HR_037,HR,Faridabad,temperature_c,72,AIFS,0.33917,inverse_error_mvp,2026-09-28
HR_037,HR,Faridabad,temperature_c,72,IFS,0.216067,inverse_error_mvp,2026-09-28
HR_037,HR,Faridabad,wind_speed_kmh,72,NCEP GFS,0.139282,inverse_error_mvp,2026-09-28
HR_037,HR,Faridabad,wind_speed_kmh,72,GFS ENSEMBLE,0.267146,inverse_error_mvp,2026-09-28
HR_037,HR,Faridabad,wind_speed_kmh,72,AIFS,0.263576,inverse_error_mvp,2026-09-28
HR_037,HR,Faridabad,wind_speed_kmh,72,IFS,0.329996,inverse_error_mvp,2026-09-28
HR_038,HR,Panipat,rainfall_mm,24,NCEP GFS,0.321525,inverse_error_mvp,2026-09-28
HR_038,HR,Panipat,rainfall_mm,24,GFS ENSEMBLE,0.24414,inverse_error_mvp,2026-09-28
HR_038,HR,Panipat,rainfall_mm,24,AIFS,0.268714,inverse_error_mvp,2026-09-28
HR_038,HR,Panipat,rainfall_mm,24,IFS,0.16562,inverse_error_mvp,2026-09-28
HR_038,HR,Panipat,temperature_c,24,NCEP GFS,0.181406,inverse_error_mvp,2026-09-28
HR_038,HR,Panipat,temperature_c,24,GFS ENSEMBLE,0.228804,inverse_error_mvp,2026-09-28
HR_038,HR,Panipat,temperature_c,24,AIFS,0.281495,inverse_error_mvp,2026-09-28
HR_038,HR,Panipat,temperature_c,24,IFS,0.308295,inverse_error_mvp,2026-09-28
HR_038,HR,Panipat,wind_speed_kmh,24,NCEP GFS,0.180161,inverse_error_mvp,2026-09-28
HR_038,HR,Panipat,wind_speed_kmh,24,GFS ENSEMBLE,0.265983,inverse_error_mvp,2026-09-28
HR_038,HR,Panipat,wind_speed_kmh,24,AIFS,0.344213,inverse_error_mvp,2026-09-28
HR_038,HR,Panipat,wind_speed_kmh,24,IFS,0.209643,inverse_error_mvp,2026-09-28
HR_038,HR,Panipat,rainfall_mm,48,NCEP GFS,0.211716,inverse_error_mvp,2026-09-28
HR_038,HR,Panipat,rainfall_mm,48,GFS ENSEMBLE,0.230067,inverse_error_mvp,2026-09-28
HR_038,HR,Panipat,rainfall_mm,48,AIFS,0.364795,inverse_error_mvp,2026-09-28
HR_038,HR,Panipat,rainfall_mm,48,IFS,0.193421,inverse_error_mvp,2026-09-28
HR_038,HR,Panipat,temperature_c,48,NCEP GFS,0.21632,inverse_error_mvp,2026-09-28
HR_038,HR,Panipat,temperature_c,48,GFS ENSEMBLE,0.270278,inverse_error_mvp,2026-09-28
HR_038,HR,Panipat,temperature_c,48,AIFS,0.239463,inverse_error_mvp,2026-09-28
HR_038,HR,Panipat,temperature_c,48,IFS,0.273939,inverse_error_mvp,2026-09-28
HR_038,HR,Panipat,wind_speed_kmh,48,NCEP GFS,0.213093,inverse_error_mvp,2026-09-28
HR_038,HR,Panipat,wind_speed_kmh,48,GFS ENSEMBLE,0.263644,inverse_error_mvp,2026-09-28
HR_038,HR,Panipat,wind_speed_kmh,48,AIFS,0.281752,inverse_error_mvp,2026-09-28
HR_038,HR,Panipat,wind_speed_kmh,48,IFS,0.241511,inverse_error_mvp,2026-09-28
HR_038,HR,Panipat,rainfall_mm,72,NCEP GFS,0.226175,inverse_error_mvp,2026-09-28
HR_038,HR,Panipat,rainfall_mm,72,GFS ENSEMBLE,0.422851,inverse_error_mvp,2026-09-28
HR_038,HR,Panipat,rainfall_mm,72,AIFS,0.1998,inverse_error_mvp,2026-09-28
HR_038,HR,Panipat,rainfall_mm,72,IFS,0.151174,inverse_error_mvp,2026-09-28
HR_038,HR,Panipat,temperature_c,72,NCEP GFS,0.173192,inverse_error_mvp,2026-09-28
HR_038,HR,Panipat,temperature_c,72,GFS ENSEMBLE,0.300129,inverse_error_mvp,2026-09-28
HR_038,HR,Panipat,temperature_c,72,AIFS,0.23192,inverse_error_mvp,2026-09-28
HR_038,HR,Panipat,temperature_c,72,IFS,0.294758,inverse_error_mvp,2026-09-28
HR_038,HR,Panipat,wind_speed_kmh,72,NCEP GFS,0.17154,inverse_error_mvp,2026-09-28
HR_038,HR,Panipat,wind_speed_kmh,72,GFS ENSEMBLE,0.222769,inverse_error_mvp,2026-09-28
HR_038,HR,Panipat,wind_speed_kmh,72,AIFS,0.295857,inverse_error_mvp,2026-09-28
HR_038,HR,Panipat,wind_speed_kmh,72,IFS,0.309834,inverse_error_mvp,2026-09-28
HR_039,HR,Ambala,rainfall_mm,24,NCEP GFS,0.256118,inverse_error_mvp,2026-09-28
HR_039,HR,Ambala,rainfall_mm,24,GFS ENSEMBLE,0.293595,inverse_error_mvp,2026-09-28
HR_039,HR,Ambala,rainfall_mm,24,AIFS,0.198547,inverse_error_mvp,2026-09-28
HR_039,HR,Ambala,rainfall_mm,24,IFS,0.25174,inverse_error_mvp,2026-09-28
HR_039,HR,Ambala,temperature_c,24,NCEP GFS,0.177154,inverse_error_mvp,2026-09-28
HR_039,HR,Ambala,temperature_c,24,GFS ENSEMBLE,0.266829,inverse_error_mvp,2026-09-28
HR_039,HR,Ambala,temperature_c,24,AIFS,0.301656,inverse_error_mvp,2026-09-28
HR_039,HR,Ambala,temperature_c,24,IFS,0.254361,inverse_error_mvp,2026-09-28
HR_039,HR,Ambala,wind_speed_kmh,24,NCEP GFS,0.203009,inverse_error_mvp,2026-09-28
HR_039,HR,Ambala,wind_speed_kmh,24,GFS ENSEMBLE,0.248652,inverse_error_mvp,2026-09-28
HR_039,HR,Ambala,wind_speed_kmh,24,AIFS,0.294064,inverse_error_mvp,2026-09-28
HR_039,HR,Ambala,wind_speed_kmh,24,IFS,0.254275,inverse_error_mvp,2026-09-28
HR_039,HR,Ambala,rainfall_mm,48,NCEP GFS,0.139991,inverse_error_mvp,2026-09-28
HR_039,HR,Ambala,rainfall_mm,48,GFS ENSEMBLE,0.132574,inverse_error_mvp,2026-09-28
HR_039,HR,Ambala,rainfall_mm,48,AIFS,0.310246,inverse_error_mvp,2026-09-28
HR_039,HR,Ambala,rainfall_mm,48,IFS,0.41719,inverse_error_mvp,2026-09-28
HR_039,HR,Ambala,temperature_c,48,NCEP GFS,0.131771,inverse_error_mvp,2026-09-28
HR_039,HR,Ambala,temperature_c,48,GFS ENSEMBLE,0.282463,inverse_error_mvp,2026-09-28
HR_039,HR,Ambala,temperature_c,48,AIFS,0.350597,inverse_error_mvp,2026-09-28
HR_039,HR,Ambala,temperature_c,48,IFS,0.235169,inverse_error_mvp,2026-09-28
HR_039,HR,Ambala,wind_speed_kmh,48,NCEP GFS,0.218832,inverse_error_mvp,2026-09-28
HR_039,HR,Ambala,wind_speed_kmh,48,GFS ENSEMBLE,0.267119,inverse_error_mvp,2026-09-28
HR_039,HR,Ambala,wind_speed_kmh,48,AIFS,0.257401,inverse_error_mvp,2026-09-28
HR_039,HR,Ambala,wind_speed_kmh,48,IFS,0.256648,inverse_error_mvp,2026-09-28
HR_039,HR,Ambala,rainfall_mm,72,NCEP GFS,0.179579,inverse_error_mvp,2026-09-28
HR_039,HR,Ambala,rainfall_mm,72,GFS ENSEMBLE,0.234513,inverse_error_mvp,2026-09-28
HR_039,HR,Ambala,rainfall_mm,72,AIFS,0.319885,inverse_error_mvp,2026-09-28
HR_039,HR,Ambala,rainfall_mm,72,IFS,0.266024,inverse_error_mvp,2026-09-28
HR_039,HR,Ambala,temperature_c,72,NCEP GFS,0.171303,inverse_error_mvp,2026-09-28
HR_039,HR,Ambala,temperature_c,72,GFS ENSEMBLE,0.289966,inverse_error_mvp,2026-09-28
HR_039,HR,Ambala,temperature_c,72,AIFS,0.29178,inverse_error_mvp,2026-09-28
HR_039,HR,Ambala,temperature_c,72,IFS,0.24695,inverse_error_mvp,2026-09-28
HR_039,HR,Ambala,wind_speed_kmh,72,NCEP GFS,0.202156,inverse_error_mvp,2026-09-28
HR_039,HR,Ambala,wind_speed_kmh,72,GFS ENSEMBLE,0.255884,inverse_error_mvp,2026-09-28
HR_039,HR,Ambala,wind_speed_kmh,72,AIFS,0.28571,inverse_error_mvp,2026-09-28
HR_039,HR,Ambala,wind_speed_kmh,72,IFS,0.25625,inverse_error_mvp,2026-09-28
HR_040,HR,Hisar,rainfall_mm,24,NCEP GFS,0.15242,inverse_error_mvp,2026-09-28
HR_040,HR,Hisar,rainfall_mm,24,GFS ENSEMBLE,0.331687,inverse_error_mvp,2026-09-28
HR_040,HR,Hisar,rainfall_mm,24,AIFS,0.196842,inverse_error_mvp,2026-09-28
HR_040,HR,Hisar,rainfall_mm,24,IFS,0.31905,inverse_error_mvp,2026-09-28
HR_040,HR,Hisar,temperature_c,24,NCEP GFS,0.216873,inverse_error_mvp,2026-09-28
HR_040,HR,Hisar,temperature_c,24,GFS ENSEMBLE,0.263718,inverse_error_mvp,2026-09-28
HR_040,HR,Hisar,temperature_c,24,AIFS,0.271046,inverse_error_mvp,2026-09-28
HR_040,HR,Hisar,temperature_c,24,IFS,0.248363,inverse_error_mvp,2026-09-28
HR_040,HR,Hisar,wind_speed_kmh,24,NCEP GFS,0.174036,inverse_error_mvp,2026-09-28
HR_040,HR,Hisar,wind_speed_kmh,24,GFS ENSEMBLE,0.227825,inverse_error_mvp,2026-09-28
HR_040,HR,Hisar,wind_speed_kmh,24,AIFS,0.306596,inverse_error_mvp,2026-09-28
HR_040,HR,Hisar,wind_speed_kmh,24,IFS,0.291543,inverse_error_mvp,2026-09-28
HR_040,HR,Hisar,rainfall_mm,48,NCEP GFS,0.294801,inverse_error_mvp,2026-09-28
HR_040,HR,Hisar,rainfall_mm,48,GFS ENSEMBLE,0.148391,inverse_error_mvp,2026-09-28
HR_040,HR,Hisar,rainfall_mm,48,AIFS,0.342043,inverse_error_mvp,2026-09-28
HR_040,HR,Hisar,rainfall_mm,48,IFS,0.214765,inverse_error_mvp,2026-09-28
HR_040,HR,Hisar,temperature_c,48,NCEP GFS,0.146489,inverse_error_mvp,2026-09-28
HR_040,HR,Hisar,temperature_c,48,GFS ENSEMBLE,0.272857,inverse_error_mvp,2026-09-28
HR_040,HR,Hisar,temperature_c,48,AIFS,0.290128,inverse_error_mvp,2026-09-28
HR_040,HR,Hisar,temperature_c,48,IFS,0.290527,inverse_error_mvp,2026-09-28
HR_040,HR,Hisar,wind_speed_kmh,48,NCEP GFS,0.218915,inverse_error_mvp,2026-09-28
HR_040,HR,Hisar,wind_speed_kmh,48,GFS ENSEMBLE,0.223453,inverse_error_mvp,2026-09-28
HR_040,HR,Hisar,wind_speed_kmh,48,AIFS,0.299998,inverse_error_mvp,2026-09-28
HR_040,HR,Hisar,wind_speed_kmh,48,IFS,0.257634,inverse_error_mvp,2026-09-28
HR_040,HR,Hisar,rainfall_mm,72,NCEP GFS,0.103636,inverse_error_mvp,2026-09-28
HR_040,HR,Hisar,rainfall_mm,72,GFS ENSEMBLE,0.236093,inverse_error_mvp,2026-09-28
HR_040,HR,Hisar,rainfall_mm,72,AIFS,0.332797,inverse_error_mvp,2026-09-28
HR_040,HR,Hisar,rainfall_mm,72,IFS,0.327475,inverse_error_mvp,2026-09-28
HR_040,HR,Hisar,temperature_c,72,NCEP GFS,0.171355,inverse_error_mvp,2026-09-28
HR_040,HR,Hisar,temperature_c,72,GFS ENSEMBLE,0.272563,inverse_error_mvp,2026-09-28
HR_040,HR,Hisar,temperature_c,72,AIFS,0.258905,inverse_error_mvp,2026-09-28
HR_040,HR,Hisar,temperature_c,72,IFS,0.297177,inverse_error_mvp,2026-09-28
HR_040,HR,Hisar,wind_speed_kmh,72,NCEP GFS,0.196076,inverse_error_mvp,2026-09-28
HR_040,HR,Hisar,wind_speed_kmh,72,GFS ENSEMBLE,0.245296,inverse_error_mvp,2026-09-28
HR_040,HR,Hisar,wind_speed_kmh,72,AIFS,0.297657,inverse_error_mvp,2026-09-28
HR_040,HR,Hisar,wind_speed_kmh,72,IFS,0.260971,inverse_error_mvp,2026-09-28
HP_041,HP,Shimla,rainfall_mm,24,NCEP GFS,0.148171,inverse_error_mvp,2026-09-28
HP_041,HP,Shimla,rainfall_mm,24,GFS ENSEMBLE,0.305454,inverse_error_mvp,2026-09-28
HP_041,HP,Shimla,rainfall_mm,24,AIFS,0.225269,inverse_error_mvp,2026-09-28
HP_041,HP,Shimla,rainfall_mm,24,IFS,0.321107,inverse_error_mvp,2026-09-28
HP_041,HP,Shimla,temperature_c,24,NCEP GFS,0.194849,inverse_error_mvp,2026-09-28
HP_041,HP,Shimla,temperature_c,24,GFS ENSEMBLE,0.214207,inverse_error_mvp,2026-09-28
HP_041,HP,Shimla,temperature_c,24,AIFS,0.285522,inverse_error_mvp,2026-09-28
HP_041,HP,Shimla,temperature_c,24,IFS,0.305422,inverse_error_mvp,2026-09-28
HP_041,HP,Shimla,wind_speed_kmh,24,NCEP GFS,0.165646,inverse_error_mvp,2026-09-28
HP_041,HP,Shimla,wind_speed_kmh,24,GFS ENSEMBLE,0.265323,inverse_error_mvp,2026-09-28
HP_041,HP,Shimla,wind_speed_kmh,24,AIFS,0.299115,inverse_error_mvp,2026-09-28
HP_041,HP,Shimla,wind_speed_kmh,24,IFS,0.269917,inverse_error_mvp,2026-09-28
HP_041,HP,Shimla,rainfall_mm,48,NCEP GFS,0.289744,inverse_error_mvp,2026-09-28
HP_041,HP,Shimla,rainfall_mm,48,GFS ENSEMBLE,0.206473,inverse_error_mvp,2026-09-28
HP_041,HP,Shimla,rainfall_mm,48,AIFS,0.288311,inverse_error_mvp,2026-09-28
HP_041,HP,Shimla,rainfall_mm,48,IFS,0.215472,inverse_error_mvp,2026-09-28
HP_041,HP,Shimla,temperature_c,48,NCEP GFS,0.226401,inverse_error_mvp,2026-09-28
HP_041,HP,Shimla,temperature_c,48,GFS ENSEMBLE,0.226303,inverse_error_mvp,2026-09-28
HP_041,HP,Shimla,temperature_c,48,AIFS,0.289609,inverse_error_mvp,2026-09-28
HP_041,HP,Shimla,temperature_c,48,IFS,0.257687,inverse_error_mvp,2026-09-28
HP_041,HP,Shimla,wind_speed_kmh,48,NCEP GFS,0.243929,inverse_error_mvp,2026-09-28
HP_041,HP,Shimla,wind_speed_kmh,48,GFS ENSEMBLE,0.249106,inverse_error_mvp,2026-09-28
HP_041,HP,Shimla,wind_speed_kmh,48,AIFS,0.27911,inverse_error_mvp,2026-09-28
HP_041,HP,Shimla,wind_speed_kmh,48,IFS,0.227855,inverse_error_mvp,2026-09-28
HP_041,HP,Shimla,rainfall_mm,72,NCEP GFS,0.239288,inverse_error_mvp,2026-09-28
HP_041,HP,Shimla,rainfall_mm,72,GFS ENSEMBLE,0.237285,inverse_error_mvp,2026-09-28
HP_041,HP,Shimla,rainfall_mm,72,AIFS,0.287627,inverse_error_mvp,2026-09-28
HP_041,HP,Shimla,rainfall_mm,72,IFS,0.2358,inverse_error_mvp,2026-09-28
HP_041,HP,Shimla,temperature_c,72,NCEP GFS,0.156436,inverse_error_mvp,2026-09-28
HP_041,HP,Shimla,temperature_c,72,GFS ENSEMBLE,0.286595,inverse_error_mvp,2026-09-28
HP_041,HP,Shimla,temperature_c,72,AIFS,0.252152,inverse_error_mvp,2026-09-28
HP_041,HP,Shimla,temperature_c,72,IFS,0.304817,inverse_error_mvp,2026-09-28
HP_041,HP,Shimla,wind_speed_kmh,72,NCEP GFS,0.153026,inverse_error_mvp,2026-09-28
HP_041,HP,Shimla,wind_speed_kmh,72,GFS ENSEMBLE,0.257671,inverse_error_mvp,2026-09-28
HP_041,HP,Shimla,wind_speed_kmh,72,AIFS,0.311822,inverse_error_mvp,2026-09-28
HP_041,HP,Shimla,wind_speed_kmh,72,IFS,0.277482,inverse_error_mvp,2026-09-28
HP_042,HP,Manali,rainfall_mm,24,NCEP GFS,0.164588,inverse_error_mvp,2026-09-28
HP_042,HP,Manali,rainfall_mm,24,GFS ENSEMBLE,0.173073,inverse_error_mvp,2026-09-28
HP_042,HP,Manali,rainfall_mm,24,AIFS,0.346365,inverse_error_mvp,2026-09-28
HP_042,HP,Manali,rainfall_mm,24,IFS,0.315974,inverse_error_mvp,2026-09-28
HP_042,HP,Manali,temperature_c,24,NCEP GFS,0.192846,inverse_error_mvp,2026-09-28
HP_042,HP,Manali,temperature_c,24,GFS ENSEMBLE,0.245324,inverse_error_mvp,2026-09-28
HP_042,HP,Manali,temperature_c,24,AIFS,0.329105,inverse_error_mvp,2026-09-28
HP_042,HP,Manali,temperature_c,24,IFS,0.232725,inverse_error_mvp,2026-09-28
HP_042,HP,Manali,wind_speed_kmh,24,NCEP GFS,0.212939,inverse_error_mvp,2026-09-28
HP_042,HP,Manali,wind_speed_kmh,24,GFS ENSEMBLE,0.260731,inverse_error_mvp,2026-09-28
HP_042,HP,Manali,wind_speed_kmh,24,AIFS,0.341009,inverse_error_mvp,2026-09-28
HP_042,HP,Manali,wind_speed_kmh,24,IFS,0.185321,inverse_error_mvp,2026-09-28
HP_042,HP,Manali,rainfall_mm,48,NCEP GFS,0.180978,inverse_error_mvp,2026-09-28
HP_042,HP,Manali,rainfall_mm,48,GFS ENSEMBLE,0.308221,inverse_error_mvp,2026-09-28
HP_042,HP,Manali,rainfall_mm,48,AIFS,0.192558,inverse_error_mvp,2026-09-28
HP_042,HP,Manali,rainfall_mm,48,IFS,0.318243,inverse_error_mvp,2026-09-28
HP_042,HP,Manali,temperature_c,48,NCEP GFS,0.160754,inverse_error_mvp,2026-09-28
HP_042,HP,Manali,temperature_c,48,GFS ENSEMBLE,0.335562,inverse_error_mvp,2026-09-28
HP_042,HP,Manali,temperature_c,48,AIFS,0.259424,inverse_error_mvp,2026-09-28
HP_042,HP,Manali,temperature_c,48,IFS,0.244259,inverse_error_mvp,2026-09-28
HP_042,HP,Manali,wind_speed_kmh,48,NCEP GFS,0.195577,inverse_error_mvp,2026-09-28
HP_042,HP,Manali,wind_speed_kmh,48,GFS ENSEMBLE,0.264254,inverse_error_mvp,2026-09-28
HP_042,HP,Manali,wind_speed_kmh,48,AIFS,0.276308,inverse_error_mvp,2026-09-28
HP_042,HP,Manali,wind_speed_kmh,48,IFS,0.263861,inverse_error_mvp,2026-09-28
HP_042,HP,Manali,rainfall_mm,72,NCEP GFS,0.179872,inverse_error_mvp,2026-09-28
HP_042,HP,Manali,rainfall_mm,72,GFS ENSEMBLE,0.24854,inverse_error_mvp,2026-09-28
HP_042,HP,Manali,rainfall_mm,72,AIFS,0.277871,inverse_error_mvp,2026-09-28
HP_042,HP,Manali,rainfall_mm,72,IFS,0.293716,inverse_error_mvp,2026-09-28
HP_042,HP,Manali,temperature_c,72,NCEP GFS,0.162531,inverse_error_mvp,2026-09-28
HP_042,HP,Manali,temperature_c,72,GFS ENSEMBLE,0.239248,inverse_error_mvp,2026-09-28
HP_042,HP,Manali,temperature_c,72,AIFS,0.353549,inverse_error_mvp,2026-09-28
HP_042,HP,Manali,temperature_c,72,IFS,0.244672,inverse_error_mvp,2026-09-28
HP_042,HP,Manali,wind_speed_kmh,72,NCEP GFS,0.181127,inverse_error_mvp,2026-09-28
HP_042,HP,Manali,wind_speed_kmh,72,GFS ENSEMBLE,0.289689,inverse_error_mvp,2026-09-28
HP_042,HP,Manali,wind_speed_kmh,72,AIFS,0.276946,inverse_error_mvp,2026-09-28
HP_042,HP,Manali,wind_speed_kmh,72,IFS,0.252237,inverse_error_mvp,2026-09-28
HP_043,HP,Dharamshala,rainfall_mm,24,NCEP GFS,0.230422,inverse_error_mvp,2026-09-28
HP_043,HP,Dharamshala,rainfall_mm,24,GFS ENSEMBLE,0.194291,inverse_error_mvp,2026-09-28
HP_043,HP,Dharamshala,rainfall_mm,24,AIFS,0.257454,inverse_error_mvp,2026-09-28
HP_043,HP,Dharamshala,rainfall_mm,24,IFS,0.317833,inverse_error_mvp,2026-09-28
HP_043,HP,Dharamshala,temperature_c,24,NCEP GFS,0.188968,inverse_error_mvp,2026-09-28
HP_043,HP,Dharamshala,temperature_c,24,GFS ENSEMBLE,0.218188,inverse_error_mvp,2026-09-28
HP_043,HP,Dharamshala,temperature_c,24,AIFS,0.296408,inverse_error_mvp,2026-09-28
HP_043,HP,Dharamshala,temperature_c,24,IFS,0.296436,inverse_error_mvp,2026-09-28
HP_043,HP,Dharamshala,wind_speed_kmh,24,NCEP GFS,0.162771,inverse_error_mvp,2026-09-28
HP_043,HP,Dharamshala,wind_speed_kmh,24,GFS ENSEMBLE,0.260306,inverse_error_mvp,2026-09-28
HP_043,HP,Dharamshala,wind_speed_kmh,24,AIFS,0.320614,inverse_error_mvp,2026-09-28
HP_043,HP,Dharamshala,wind_speed_kmh,24,IFS,0.256309,inverse_error_mvp,2026-09-28
HP_043,HP,Dharamshala,rainfall_mm,48,NCEP GFS,0.238042,inverse_error_mvp,2026-09-28
HP_043,HP,Dharamshala,rainfall_mm,48,GFS ENSEMBLE,0.270198,inverse_error_mvp,2026-09-28
HP_043,HP,Dharamshala,rainfall_mm,48,AIFS,0.210485,inverse_error_mvp,2026-09-28
HP_043,HP,Dharamshala,rainfall_mm,48,IFS,0.281275,inverse_error_mvp,2026-09-28
HP_043,HP,Dharamshala,temperature_c,48,NCEP GFS,0.170804,inverse_error_mvp,2026-09-28
HP_043,HP,Dharamshala,temperature_c,48,GFS ENSEMBLE,0.272015,inverse_error_mvp,2026-09-28
HP_043,HP,Dharamshala,temperature_c,48,AIFS,0.308547,inverse_error_mvp,2026-09-28
HP_043,HP,Dharamshala,temperature_c,48,IFS,0.248634,inverse_error_mvp,2026-09-28
HP_043,HP,Dharamshala,wind_speed_kmh,48,NCEP GFS,0.191144,inverse_error_mvp,2026-09-28
HP_043,HP,Dharamshala,wind_speed_kmh,48,GFS ENSEMBLE,0.288286,inverse_error_mvp,2026-09-28
HP_043,HP,Dharamshala,wind_speed_kmh,48,AIFS,0.237204,inverse_error_mvp,2026-09-28
HP_043,HP,Dharamshala,wind_speed_kmh,48,IFS,0.283365,inverse_error_mvp,2026-09-28
HP_043,HP,Dharamshala,rainfall_mm,72,NCEP GFS,0.285126,inverse_error_mvp,2026-09-28
HP_043,HP,Dharamshala,rainfall_mm,72,GFS ENSEMBLE,0.202773,inverse_error_mvp,2026-09-28
HP_043,HP,Dharamshala,rainfall_mm,72,AIFS,0.282057,inverse_error_mvp,2026-09-28
HP_043,HP,Dharamshala,rainfall_mm,72,IFS,0.230044,inverse_error_mvp,2026-09-28
HP_043,HP,Dharamshala,temperature_c,72,NCEP GFS,0.179223,inverse_error_mvp,2026-09-28
HP_043,HP,Dharamshala,temperature_c,72,GFS ENSEMBLE,0.240436,inverse_error_mvp,2026-09-28
HP_043,HP,Dharamshala,temperature_c,72,AIFS,0.307569,inverse_error_mvp,2026-09-28
HP_043,HP,Dharamshala,temperature_c,72,IFS,0.272771,inverse_error_mvp,2026-09-28
HP_043,HP,Dharamshala,wind_speed_kmh,72,NCEP GFS,0.16114,inverse_error_mvp,2026-09-28
HP_043,HP,Dharamshala,wind_speed_kmh,72,GFS ENSEMBLE,0.232511,inverse_error_mvp,2026-09-28
HP_043,HP,Dharamshala,wind_speed_kmh,72,AIFS,0.30185,inverse_error_mvp,2026-09-28
HP_043,HP,Dharamshala,wind_speed_kmh,72,IFS,0.304498,inverse_error_mvp,2026-09-28
HP_044,HP,Solan,rainfall_mm,24,NCEP GFS,0.183656,inverse_error_mvp,2026-09-28
HP_044,HP,Solan,rainfall_mm,24,GFS ENSEMBLE,0.197323,inverse_error_mvp,2026-09-28
HP_044,HP,Solan,rainfall_mm,24,AIFS,0.333055,inverse_error_mvp,2026-09-28
HP_044,HP,Solan,rainfall_mm,24,IFS,0.285967,inverse_error_mvp,2026-09-28
HP_044,HP,Solan,temperature_c,24,NCEP GFS,0.180286,inverse_error_mvp,2026-09-28
HP_044,HP,Solan,temperature_c,24,GFS ENSEMBLE,0.260631,inverse_error_mvp,2026-09-28
HP_044,HP,Solan,temperature_c,24,AIFS,0.255709,inverse_error_mvp,2026-09-28
HP_044,HP,Solan,temperature_c,24,IFS,0.303373,inverse_error_mvp,2026-09-28
HP_044,HP,Solan,wind_speed_kmh,24,NCEP GFS,0.200559,inverse_error_mvp,2026-09-28
HP_044,HP,Solan,wind_speed_kmh,24,GFS ENSEMBLE,0.245946,inverse_error_mvp,2026-09-28
HP_044,HP,Solan,wind_speed_kmh,24,AIFS,0.324057,inverse_error_mvp,2026-09-28
HP_044,HP,Solan,wind_speed_kmh,24,IFS,0.229439,inverse_error_mvp,2026-09-28
HP_044,HP,Solan,rainfall_mm,48,NCEP GFS,0.153458,inverse_error_mvp,2026-09-28
HP_044,HP,Solan,rainfall_mm,48,GFS ENSEMBLE,0.331984,inverse_error_mvp,2026-09-28
HP_044,HP,Solan,rainfall_mm,48,AIFS,0.258062,inverse_error_mvp,2026-09-28
HP_044,HP,Solan,rainfall_mm,48,IFS,0.256495,inverse_error_mvp,2026-09-28
HP_044,HP,Solan,temperature_c,48,NCEP GFS,0.192936,inverse_error_mvp,2026-09-28
HP_044,HP,Solan,temperature_c,48,GFS ENSEMBLE,0.254582,inverse_error_mvp,2026-09-28
HP_044,HP,Solan,temperature_c,48,AIFS,0.266456,inverse_error_mvp,2026-09-28
HP_044,HP,Solan,temperature_c,48,IFS,0.286026,inverse_error_mvp,2026-09-28
HP_044,HP,Solan,wind_speed_kmh,48,NCEP GFS,0.2049,inverse_error_mvp,2026-09-28
HP_044,HP,Solan,wind_speed_kmh,48,GFS ENSEMBLE,0.252943,inverse_error_mvp,2026-09-28
HP_044,HP,Solan,wind_speed_kmh,48,AIFS,0.308404,inverse_error_mvp,2026-09-28
HP_044,HP,Solan,wind_speed_kmh,48,IFS,0.233753,inverse_error_mvp,2026-09-28
HP_044,HP,Solan,rainfall_mm,72,NCEP GFS,0.231666,inverse_error_mvp,2026-09-28
HP_044,HP,Solan,rainfall_mm,72,GFS ENSEMBLE,0.274578,inverse_error_mvp,2026-09-28
HP_044,HP,Solan,rainfall_mm,72,AIFS,0.254707,inverse_error_mvp,2026-09-28
HP_044,HP,Solan,rainfall_mm,72,IFS,0.23905,inverse_error_mvp,2026-09-28
HP_044,HP,Solan,temperature_c,72,NCEP GFS,0.209095,inverse_error_mvp,2026-09-28
HP_044,HP,Solan,temperature_c,72,GFS ENSEMBLE,0.25669,inverse_error_mvp,2026-09-28
HP_044,HP,Solan,temperature_c,72,AIFS,0.22244,inverse_error_mvp,2026-09-28
HP_044,HP,Solan,temperature_c,72,IFS,0.311775,inverse_error_mvp,2026-09-28
HP_044,HP,Solan,wind_speed_kmh,72,NCEP GFS,0.240007,inverse_error_mvp,2026-09-28
HP_044,HP,Solan,wind_speed_kmh,72,GFS ENSEMBLE,0.229914,inverse_error_mvp,2026-09-28
HP_044,HP,Solan,wind_speed_kmh,72,AIFS,0.297324,inverse_error_mvp,2026-09-28
HP_044,HP,Solan,wind_speed_kmh,72,IFS,0.232755,inverse_error_mvp,2026-09-28
HP_045,HP,Mandi,rainfall_mm,24,NCEP GFS,0.255501,inverse_error_mvp,2026-09-28
HP_045,HP,Mandi,rainfall_mm,24,GFS ENSEMBLE,0.293762,inverse_error_mvp,2026-09-28
HP_045,HP,Mandi,rainfall_mm,24,AIFS,0.24532,inverse_error_mvp,2026-09-28
HP_045,HP,Mandi,rainfall_mm,24,IFS,0.205418,inverse_error_mvp,2026-09-28
HP_045,HP,Mandi,temperature_c,24,NCEP GFS,0.18419,inverse_error_mvp,2026-09-28
HP_045,HP,Mandi,temperature_c,24,GFS ENSEMBLE,0.247082,inverse_error_mvp,2026-09-28
HP_045,HP,Mandi,temperature_c,24,AIFS,0.299731,inverse_error_mvp,2026-09-28
HP_045,HP,Mandi,temperature_c,24,IFS,0.268996,inverse_error_mvp,2026-09-28
HP_045,HP,Mandi,wind_speed_kmh,24,NCEP GFS,0.198832,inverse_error_mvp,2026-09-28
HP_045,HP,Mandi,wind_speed_kmh,24,GFS ENSEMBLE,0.281127,inverse_error_mvp,2026-09-28
HP_045,HP,Mandi,wind_speed_kmh,24,AIFS,0.272176,inverse_error_mvp,2026-09-28
HP_045,HP,Mandi,wind_speed_kmh,24,IFS,0.247865,inverse_error_mvp,2026-09-28
HP_045,HP,Mandi,rainfall_mm,48,NCEP GFS,0.152488,inverse_error_mvp,2026-09-28
HP_045,HP,Mandi,rainfall_mm,48,GFS ENSEMBLE,0.304363,inverse_error_mvp,2026-09-28
HP_045,HP,Mandi,rainfall_mm,48,AIFS,0.260495,inverse_error_mvp,2026-09-28
HP_045,HP,Mandi,rainfall_mm,48,IFS,0.282654,inverse_error_mvp,2026-09-28
HP_045,HP,Mandi,temperature_c,48,NCEP GFS,0.220113,inverse_error_mvp,2026-09-28
HP_045,HP,Mandi,temperature_c,48,GFS ENSEMBLE,0.212525,inverse_error_mvp,2026-09-28
HP_045,HP,Mandi,temperature_c,48,AIFS,0.298746,inverse_error_mvp,2026-09-28
HP_045,HP,Mandi,temperature_c,48,IFS,0.268616,inverse_error_mvp,2026-09-28
HP_045,HP,Mandi,wind_speed_kmh,48,NCEP GFS,0.205677,inverse_error_mvp,2026-09-28
HP_045,HP,Mandi,wind_speed_kmh,48,GFS ENSEMBLE,0.233407,inverse_error_mvp,2026-09-28
HP_045,HP,Mandi,wind_speed_kmh,48,AIFS,0.320163,inverse_error_mvp,2026-09-28
HP_045,HP,Mandi,wind_speed_kmh,48,IFS,0.240754,inverse_error_mvp,2026-09-28
HP_045,HP,Mandi,rainfall_mm,72,NCEP GFS,0.221765,inverse_error_mvp,2026-09-28
HP_045,HP,Mandi,rainfall_mm,72,GFS ENSEMBLE,0.327784,inverse_error_mvp,2026-09-28
HP_045,HP,Mandi,rainfall_mm,72,AIFS,0.209614,inverse_error_mvp,2026-09-28
HP_045,HP,Mandi,rainfall_mm,72,IFS,0.240836,inverse_error_mvp,2026-09-28
HP_045,HP,Mandi,temperature_c,72,NCEP GFS,0.175778,inverse_error_mvp,2026-09-28
HP_045,HP,Mandi,temperature_c,72,GFS ENSEMBLE,0.253998,inverse_error_mvp,2026-09-28
HP_045,HP,Mandi,temperature_c,72,AIFS,0.268745,inverse_error_mvp,2026-09-28
HP_045,HP,Mandi,temperature_c,72,IFS,0.30148,inverse_error_mvp,2026-09-28
HP_045,HP,Mandi,wind_speed_kmh,72,NCEP GFS,0.218935,inverse_error_mvp,2026-09-28
HP_045,HP,Mandi,wind_speed_kmh,72,GFS ENSEMBLE,0.223948,inverse_error_mvp,2026-09-28
HP_045,HP,Mandi,wind_speed_kmh,72,AIFS,0.273683,inverse_error_mvp,2026-09-28
HP_045,HP,Mandi,wind_speed_kmh,72,IFS,0.283434,inverse_error_mvp,2026-09-28
JH_046,JH,Ranchi,rainfall_mm,24,NCEP GFS,0.236895,inverse_error_mvp,2026-09-28
JH_046,JH,Ranchi,rainfall_mm,24,GFS ENSEMBLE,0.281047,inverse_error_mvp,2026-09-28
JH_046,JH,Ranchi,rainfall_mm,24,AIFS,0.315487,inverse_error_mvp,2026-09-28
JH_046,JH,Ranchi,rainfall_mm,24,IFS,0.166571,inverse_error_mvp,2026-09-28
JH_046,JH,Ranchi,temperature_c,24,NCEP GFS,0.186975,inverse_error_mvp,2026-09-28
JH_046,JH,Ranchi,temperature_c,24,GFS ENSEMBLE,0.290986,inverse_error_mvp,2026-09-28
JH_046,JH,Ranchi,temperature_c,24,AIFS,0.258873,inverse_error_mvp,2026-09-28
JH_046,JH,Ranchi,temperature_c,24,IFS,0.263166,inverse_error_mvp,2026-09-28
JH_046,JH,Ranchi,wind_speed_kmh,24,NCEP GFS,0.217666,inverse_error_mvp,2026-09-28
JH_046,JH,Ranchi,wind_speed_kmh,24,GFS ENSEMBLE,0.236498,inverse_error_mvp,2026-09-28
JH_046,JH,Ranchi,wind_speed_kmh,24,AIFS,0.304743,inverse_error_mvp,2026-09-28
JH_046,JH,Ranchi,wind_speed_kmh,24,IFS,0.241093,inverse_error_mvp,2026-09-28
JH_046,JH,Ranchi,rainfall_mm,48,NCEP GFS,0.284112,inverse_error_mvp,2026-09-28
JH_046,JH,Ranchi,rainfall_mm,48,GFS ENSEMBLE,0.203798,inverse_error_mvp,2026-09-28
JH_046,JH,Ranchi,rainfall_mm,48,AIFS,0.243474,inverse_error_mvp,2026-09-28
JH_046,JH,Ranchi,rainfall_mm,48,IFS,0.268615,inverse_error_mvp,2026-09-28
JH_046,JH,Ranchi,temperature_c,48,NCEP GFS,0.160356,inverse_error_mvp,2026-09-28
JH_046,JH,Ranchi,temperature_c,48,GFS ENSEMBLE,0.236894,inverse_error_mvp,2026-09-28
JH_046,JH,Ranchi,temperature_c,48,AIFS,0.366508,inverse_error_mvp,2026-09-28
JH_046,JH,Ranchi,temperature_c,48,IFS,0.236242,inverse_error_mvp,2026-09-28
JH_046,JH,Ranchi,wind_speed_kmh,48,NCEP GFS,0.187071,inverse_error_mvp,2026-09-28
JH_046,JH,Ranchi,wind_speed_kmh,48,GFS ENSEMBLE,0.25036,inverse_error_mvp,2026-09-28
JH_046,JH,Ranchi,wind_speed_kmh,48,AIFS,0.298819,inverse_error_mvp,2026-09-28
JH_046,JH,Ranchi,wind_speed_kmh,48,IFS,0.263749,inverse_error_mvp,2026-09-28
JH_046,JH,Ranchi,rainfall_mm,72,NCEP GFS,0.273654,inverse_error_mvp,2026-09-28
JH_046,JH,Ranchi,rainfall_mm,72,GFS ENSEMBLE,0.252368,inverse_error_mvp,2026-09-28
JH_046,JH,Ranchi,rainfall_mm,72,AIFS,0.270865,inverse_error_mvp,2026-09-28
JH_046,JH,Ranchi,rainfall_mm,72,IFS,0.203113,inverse_error_mvp,2026-09-28
JH_046,JH,Ranchi,temperature_c,72,NCEP GFS,0.204234,inverse_error_mvp,2026-09-28
JH_046,JH,Ranchi,temperature_c,72,GFS ENSEMBLE,0.23399,inverse_error_mvp,2026-09-28
JH_046,JH,Ranchi,temperature_c,72,AIFS,0.28236,inverse_error_mvp,2026-09-28
JH_046,JH,Ranchi,temperature_c,72,IFS,0.279417,inverse_error_mvp,2026-09-28
JH_046,JH,Ranchi,wind_speed_kmh,72,NCEP GFS,0.20612,inverse_error_mvp,2026-09-28
JH_046,JH,Ranchi,wind_speed_kmh,72,GFS ENSEMBLE,0.333901,inverse_error_mvp,2026-09-28
JH_046,JH,Ranchi,wind_speed_kmh,72,AIFS,0.229958,inverse_error_mvp,2026-09-28
JH_046,JH,Ranchi,wind_speed_kmh,72,IFS,0.230021,inverse_error_mvp,2026-09-28
JH_047,JH,Jamshedpur,rainfall_mm,24,NCEP GFS,0.326063,inverse_error_mvp,2026-09-28
JH_047,JH,Jamshedpur,rainfall_mm,24,GFS ENSEMBLE,0.200841,inverse_error_mvp,2026-09-28
JH_047,JH,Jamshedpur,rainfall_mm,24,AIFS,0.284606,inverse_error_mvp,2026-09-28
JH_047,JH,Jamshedpur,rainfall_mm,24,IFS,0.18849,inverse_error_mvp,2026-09-28
JH_047,JH,Jamshedpur,temperature_c,24,NCEP GFS,0.182703,inverse_error_mvp,2026-09-28
JH_047,JH,Jamshedpur,temperature_c,24,GFS ENSEMBLE,0.225989,inverse_error_mvp,2026-09-28
JH_047,JH,Jamshedpur,temperature_c,24,AIFS,0.307672,inverse_error_mvp,2026-09-28
JH_047,JH,Jamshedpur,temperature_c,24,IFS,0.283636,inverse_error_mvp,2026-09-28
JH_047,JH,Jamshedpur,wind_speed_kmh,24,NCEP GFS,0.178042,inverse_error_mvp,2026-09-28
JH_047,JH,Jamshedpur,wind_speed_kmh,24,GFS ENSEMBLE,0.28113,inverse_error_mvp,2026-09-28
JH_047,JH,Jamshedpur,wind_speed_kmh,24,AIFS,0.278563,inverse_error_mvp,2026-09-28
JH_047,JH,Jamshedpur,wind_speed_kmh,24,IFS,0.262264,inverse_error_mvp,2026-09-28
JH_047,JH,Jamshedpur,rainfall_mm,48,NCEP GFS,0.294963,inverse_error_mvp,2026-09-28
JH_047,JH,Jamshedpur,rainfall_mm,48,GFS ENSEMBLE,0.198343,inverse_error_mvp,2026-09-28
JH_047,JH,Jamshedpur,rainfall_mm,48,AIFS,0.189762,inverse_error_mvp,2026-09-28
JH_047,JH,Jamshedpur,rainfall_mm,48,IFS,0.316932,inverse_error_mvp,2026-09-28
JH_047,JH,Jamshedpur,temperature_c,48,NCEP GFS,0.210238,inverse_error_mvp,2026-09-28
JH_047,JH,Jamshedpur,temperature_c,48,GFS ENSEMBLE,0.248977,inverse_error_mvp,2026-09-28
JH_047,JH,Jamshedpur,temperature_c,48,AIFS,0.255562,inverse_error_mvp,2026-09-28
JH_047,JH,Jamshedpur,temperature_c,48,IFS,0.285224,inverse_error_mvp,2026-09-28
JH_047,JH,Jamshedpur,wind_speed_kmh,48,NCEP GFS,0.205544,inverse_error_mvp,2026-09-28
JH_047,JH,Jamshedpur,wind_speed_kmh,48,GFS ENSEMBLE,0.30088,inverse_error_mvp,2026-09-28
JH_047,JH,Jamshedpur,wind_speed_kmh,48,AIFS,0.25989,inverse_error_mvp,2026-09-28
JH_047,JH,Jamshedpur,wind_speed_kmh,48,IFS,0.233686,inverse_error_mvp,2026-09-28
JH_047,JH,Jamshedpur,rainfall_mm,72,NCEP GFS,0.295931,inverse_error_mvp,2026-09-28
JH_047,JH,Jamshedpur,rainfall_mm,72,GFS ENSEMBLE,0.199405,inverse_error_mvp,2026-09-28
JH_047,JH,Jamshedpur,rainfall_mm,72,AIFS,0.254103,inverse_error_mvp,2026-09-28
JH_047,JH,Jamshedpur,rainfall_mm,72,IFS,0.250562,inverse_error_mvp,2026-09-28
JH_047,JH,Jamshedpur,temperature_c,72,NCEP GFS,0.201152,inverse_error_mvp,2026-09-28
JH_047,JH,Jamshedpur,temperature_c,72,GFS ENSEMBLE,0.243501,inverse_error_mvp,2026-09-28
JH_047,JH,Jamshedpur,temperature_c,72,AIFS,0.304909,inverse_error_mvp,2026-09-28
JH_047,JH,Jamshedpur,temperature_c,72,IFS,0.250438,inverse_error_mvp,2026-09-28
JH_047,JH,Jamshedpur,wind_speed_kmh,72,NCEP GFS,0.191397,inverse_error_mvp,2026-09-28
JH_047,JH,Jamshedpur,wind_speed_kmh,72,GFS ENSEMBLE,0.246702,inverse_error_mvp,2026-09-28
JH_047,JH,Jamshedpur,wind_speed_kmh,72,AIFS,0.276414,inverse_error_mvp,2026-09-28
JH_047,JH,Jamshedpur,wind_speed_kmh,72,IFS,0.285486,inverse_error_mvp,2026-09-28
JH_048,JH,Dhanbad,rainfall_mm,24,NCEP GFS,0.222139,inverse_error_mvp,2026-09-28
JH_048,JH,Dhanbad,rainfall_mm,24,GFS ENSEMBLE,0.307706,inverse_error_mvp,2026-09-28
JH_048,JH,Dhanbad,rainfall_mm,24,AIFS,0.239522,inverse_error_mvp,2026-09-28
JH_048,JH,Dhanbad,rainfall_mm,24,IFS,0.230634,inverse_error_mvp,2026-09-28
JH_048,JH,Dhanbad,temperature_c,24,NCEP GFS,0.204151,inverse_error_mvp,2026-09-28
JH_048,JH,Dhanbad,temperature_c,24,GFS ENSEMBLE,0.279873,inverse_error_mvp,2026-09-28
JH_048,JH,Dhanbad,temperature_c,24,AIFS,0.279825,inverse_error_mvp,2026-09-28
JH_048,JH,Dhanbad,temperature_c,24,IFS,0.23615,inverse_error_mvp,2026-09-28
JH_048,JH,Dhanbad,wind_speed_kmh,24,NCEP GFS,0.168655,inverse_error_mvp,2026-09-28
JH_048,JH,Dhanbad,wind_speed_kmh,24,GFS ENSEMBLE,0.301533,inverse_error_mvp,2026-09-28
JH_048,JH,Dhanbad,wind_speed_kmh,24,AIFS,0.266134,inverse_error_mvp,2026-09-28
JH_048,JH,Dhanbad,wind_speed_kmh,24,IFS,0.263679,inverse_error_mvp,2026-09-28
JH_048,JH,Dhanbad,rainfall_mm,48,NCEP GFS,0.151639,inverse_error_mvp,2026-09-28
JH_048,JH,Dhanbad,rainfall_mm,48,GFS ENSEMBLE,0.48388,inverse_error_mvp,2026-09-28
JH_048,JH,Dhanbad,rainfall_mm,48,AIFS,0.145918,inverse_error_mvp,2026-09-28
JH_048,JH,Dhanbad,rainfall_mm,48,IFS,0.218564,inverse_error_mvp,2026-09-28
JH_048,JH,Dhanbad,temperature_c,48,NCEP GFS,0.126939,inverse_error_mvp,2026-09-28
JH_048,JH,Dhanbad,temperature_c,48,GFS ENSEMBLE,0.236894,inverse_error_mvp,2026-09-28
JH_048,JH,Dhanbad,temperature_c,48,AIFS,0.270086,inverse_error_mvp,2026-09-28
JH_048,JH,Dhanbad,temperature_c,48,IFS,0.366081,inverse_error_mvp,2026-09-28
JH_048,JH,Dhanbad,wind_speed_kmh,48,NCEP GFS,0.173234,inverse_error_mvp,2026-09-28
JH_048,JH,Dhanbad,wind_speed_kmh,48,GFS ENSEMBLE,0.242792,inverse_error_mvp,2026-09-28
JH_048,JH,Dhanbad,wind_speed_kmh,48,AIFS,0.284625,inverse_error_mvp,2026-09-28
JH_048,JH,Dhanbad,wind_speed_kmh,48,IFS,0.299349,inverse_error_mvp,2026-09-28
JH_048,JH,Dhanbad,rainfall_mm,72,NCEP GFS,0.133436,inverse_error_mvp,2026-09-28
JH_048,JH,Dhanbad,rainfall_mm,72,GFS ENSEMBLE,0.211168,inverse_error_mvp,2026-09-28
JH_048,JH,Dhanbad,rainfall_mm,72,AIFS,0.257397,inverse_error_mvp,2026-09-28
JH_048,JH,Dhanbad,rainfall_mm,72,IFS,0.397999,inverse_error_mvp,2026-09-28
JH_048,JH,Dhanbad,temperature_c,72,NCEP GFS,0.190186,inverse_error_mvp,2026-09-28
JH_048,JH,Dhanbad,temperature_c,72,GFS ENSEMBLE,0.285185,inverse_error_mvp,2026-09-28
JH_048,JH,Dhanbad,temperature_c,72,AIFS,0.261674,inverse_error_mvp,2026-09-28
JH_048,JH,Dhanbad,temperature_c,72,IFS,0.262955,inverse_error_mvp,2026-09-28
JH_048,JH,Dhanbad,wind_speed_kmh,72,NCEP GFS,0.196617,inverse_error_mvp,2026-09-28
JH_048,JH,Dhanbad,wind_speed_kmh,72,GFS ENSEMBLE,0.272822,inverse_error_mvp,2026-09-28
JH_048,JH,Dhanbad,wind_speed_kmh,72,AIFS,0.269736,inverse_error_mvp,2026-09-28
JH_048,JH,Dhanbad,wind_speed_kmh,72,IFS,0.260825,inverse_error_mvp,2026-09-28
JH_049,JH,Bokaro,rainfall_mm,24,NCEP GFS,0.223443,inverse_error_mvp,2026-09-28
JH_049,JH,Bokaro,rainfall_mm,24,GFS ENSEMBLE,0.290825,inverse_error_mvp,2026-09-28
JH_049,JH,Bokaro,rainfall_mm,24,AIFS,0.21374,inverse_error_mvp,2026-09-28
JH_049,JH,Bokaro,rainfall_mm,24,IFS,0.271992,inverse_error_mvp,2026-09-28
JH_049,JH,Bokaro,temperature_c,24,NCEP GFS,0.164061,inverse_error_mvp,2026-09-28
JH_049,JH,Bokaro,temperature_c,24,GFS ENSEMBLE,0.241065,inverse_error_mvp,2026-09-28
JH_049,JH,Bokaro,temperature_c,24,AIFS,0.305432,inverse_error_mvp,2026-09-28
JH_049,JH,Bokaro,temperature_c,24,IFS,0.289441,inverse_error_mvp,2026-09-28
JH_049,JH,Bokaro,wind_speed_kmh,24,NCEP GFS,0.226414,inverse_error_mvp,2026-09-28
JH_049,JH,Bokaro,wind_speed_kmh,24,GFS ENSEMBLE,0.238564,inverse_error_mvp,2026-09-28
JH_049,JH,Bokaro,wind_speed_kmh,24,AIFS,0.2588,inverse_error_mvp,2026-09-28
JH_049,JH,Bokaro,wind_speed_kmh,24,IFS,0.276223,inverse_error_mvp,2026-09-28
JH_049,JH,Bokaro,rainfall_mm,48,NCEP GFS,0.153758,inverse_error_mvp,2026-09-28
JH_049,JH,Bokaro,rainfall_mm,48,GFS ENSEMBLE,0.143091,inverse_error_mvp,2026-09-28
JH_049,JH,Bokaro,rainfall_mm,48,AIFS,0.43265,inverse_error_mvp,2026-09-28
JH_049,JH,Bokaro,rainfall_mm,48,IFS,0.270502,inverse_error_mvp,2026-09-28
JH_049,JH,Bokaro,temperature_c,48,NCEP GFS,0.199528,inverse_error_mvp,2026-09-28
JH_049,JH,Bokaro,temperature_c,48,GFS ENSEMBLE,0.286497,inverse_error_mvp,2026-09-28
JH_049,JH,Bokaro,temperature_c,48,AIFS,0.275354,inverse_error_mvp,2026-09-28
JH_049,JH,Bokaro,temperature_c,48,IFS,0.23862,inverse_error_mvp,2026-09-28
JH_049,JH,Bokaro,wind_speed_kmh,48,NCEP GFS,0.167724,inverse_error_mvp,2026-09-28
JH_049,JH,Bokaro,wind_speed_kmh,48,GFS ENSEMBLE,0.21176,inverse_error_mvp,2026-09-28
JH_049,JH,Bokaro,wind_speed_kmh,48,AIFS,0.323251,inverse_error_mvp,2026-09-28
JH_049,JH,Bokaro,wind_speed_kmh,48,IFS,0.297265,inverse_error_mvp,2026-09-28
JH_049,JH,Bokaro,rainfall_mm,72,NCEP GFS,0.141217,inverse_error_mvp,2026-09-28
JH_049,JH,Bokaro,rainfall_mm,72,GFS ENSEMBLE,0.237104,inverse_error_mvp,2026-09-28
JH_049,JH,Bokaro,rainfall_mm,72,AIFS,0.245047,inverse_error_mvp,2026-09-28
JH_049,JH,Bokaro,rainfall_mm,72,IFS,0.376632,inverse_error_mvp,2026-09-28
JH_049,JH,Bokaro,temperature_c,72,NCEP GFS,0.163782,inverse_error_mvp,2026-09-28
JH_049,JH,Bokaro,temperature_c,72,GFS ENSEMBLE,0.262695,inverse_error_mvp,2026-09-28
JH_049,JH,Bokaro,temperature_c,72,AIFS,0.259788,inverse_error_mvp,2026-09-28
JH_049,JH,Bokaro,temperature_c,72,IFS,0.313734,inverse_error_mvp,2026-09-28
JH_049,JH,Bokaro,wind_speed_kmh,72,NCEP GFS,0.167142,inverse_error_mvp,2026-09-28
JH_049,JH,Bokaro,wind_speed_kmh,72,GFS ENSEMBLE,0.271216,inverse_error_mvp,2026-09-28
JH_049,JH,Bokaro,wind_speed_kmh,72,AIFS,0.283953,inverse_error_mvp,2026-09-28
JH_049,JH,Bokaro,wind_speed_kmh,72,IFS,0.277689,inverse_error_mvp,2026-09-28
JH_050,JH,Hazaribagh,rainfall_mm,24,NCEP GFS,0.255385,inverse_error_mvp,2026-09-28
JH_050,JH,Hazaribagh,rainfall_mm,24,GFS ENSEMBLE,0.221464,inverse_error_mvp,2026-09-28
JH_050,JH,Hazaribagh,rainfall_mm,24,AIFS,0.322484,inverse_error_mvp,2026-09-28
JH_050,JH,Hazaribagh,rainfall_mm,24,IFS,0.200666,inverse_error_mvp,2026-09-28
JH_050,JH,Hazaribagh,temperature_c,24,NCEP GFS,0.177355,inverse_error_mvp,2026-09-28
JH_050,JH,Hazaribagh,temperature_c,24,GFS ENSEMBLE,0.244282,inverse_error_mvp,2026-09-28
JH_050,JH,Hazaribagh,temperature_c,24,AIFS,0.30666,inverse_error_mvp,2026-09-28
JH_050,JH,Hazaribagh,temperature_c,24,IFS,0.271703,inverse_error_mvp,2026-09-28
JH_050,JH,Hazaribagh,wind_speed_kmh,24,NCEP GFS,0.193447,inverse_error_mvp,2026-09-28
JH_050,JH,Hazaribagh,wind_speed_kmh,24,GFS ENSEMBLE,0.266154,inverse_error_mvp,2026-09-28
JH_050,JH,Hazaribagh,wind_speed_kmh,24,AIFS,0.270106,inverse_error_mvp,2026-09-28
JH_050,JH,Hazaribagh,wind_speed_kmh,24,IFS,0.270292,inverse_error_mvp,2026-09-28
JH_050,JH,Hazaribagh,rainfall_mm,48,NCEP GFS,0.198862,inverse_error_mvp,2026-09-28
JH_050,JH,Hazaribagh,rainfall_mm,48,GFS ENSEMBLE,0.303064,inverse_error_mvp,2026-09-28
JH_050,JH,Hazaribagh,rainfall_mm,48,AIFS,0.273519,inverse_error_mvp,2026-09-28
JH_050,JH,Hazaribagh,rainfall_mm,48,IFS,0.224555,inverse_error_mvp,2026-09-28
JH_050,JH,Hazaribagh,temperature_c,48,NCEP GFS,0.166271,inverse_error_mvp,2026-09-28
JH_050,JH,Hazaribagh,temperature_c,48,GFS ENSEMBLE,0.290795,inverse_error_mvp,2026-09-28
JH_050,JH,Hazaribagh,temperature_c,48,AIFS,0.250659,inverse_error_mvp,2026-09-28
JH_050,JH,Hazaribagh,temperature_c,48,IFS,0.292276,inverse_error_mvp,2026-09-28
JH_050,JH,Hazaribagh,wind_speed_kmh,48,NCEP GFS,0.239275,inverse_error_mvp,2026-09-28
JH_050,JH,Hazaribagh,wind_speed_kmh,48,GFS ENSEMBLE,0.178564,inverse_error_mvp,2026-09-28
JH_050,JH,Hazaribagh,wind_speed_kmh,48,AIFS,0.313555,inverse_error_mvp,2026-09-28
JH_050,JH,Hazaribagh,wind_speed_kmh,48,IFS,0.268605,inverse_error_mvp,2026-09-28
JH_050,JH,Hazaribagh,rainfall_mm,72,NCEP GFS,0.174128,inverse_error_mvp,2026-09-28
JH_050,JH,Hazaribagh,rainfall_mm,72,GFS ENSEMBLE,0.279127,inverse_error_mvp,2026-09-28
JH_050,JH,Hazaribagh,rainfall_mm,72,AIFS,0.369346,inverse_error_mvp,2026-09-28
JH_050,JH,Hazaribagh,rainfall_mm,72,IFS,0.177399,inverse_error_mvp,2026-09-28
JH_050,JH,Hazaribagh,temperature_c,72,NCEP GFS,0.198666,inverse_error_mvp,2026-09-28
JH_050,JH,Hazaribagh,temperature_c,72,GFS ENSEMBLE,0.276238,inverse_error_mvp,2026-09-28
JH_050,JH,Hazaribagh,temperature_c,72,AIFS,0.280927,inverse_error_mvp,2026-09-28
JH_050,JH,Hazaribagh,temperature_c,72,IFS,0.244169,inverse_error_mvp,2026-09-28
JH_050,JH,Hazaribagh,wind_speed_kmh,72,NCEP GFS,0.209052,inverse_error_mvp,2026-09-28
JH_050,JH,Hazaribagh,wind_speed_kmh,72,GFS ENSEMBLE,0.234002,inverse_error_mvp,2026-09-28
JH_050,JH,Hazaribagh,wind_speed_kmh,72,AIFS,0.272279,inverse_error_mvp,2026-09-28
JH_050,JH,Hazaribagh,wind_speed_kmh,72,IFS,0.284666,inverse_error_mvp,2026-09-28
KA_051,KA,Bengaluru,rainfall_mm,24,NCEP GFS,0.262974,inverse_error_mvp,2026-09-28
KA_051,KA,Bengaluru,rainfall_mm,24,GFS ENSEMBLE,0.288339,inverse_error_mvp,2026-09-28
KA_051,KA,Bengaluru,rainfall_mm,24,AIFS,0.251679,inverse_error_mvp,2026-09-28
KA_051,KA,Bengaluru,rainfall_mm,24,IFS,0.197008,inverse_error_mvp,2026-09-28
KA_051,KA,Bengaluru,temperature_c,24,NCEP GFS,0.2208,inverse_error_mvp,2026-09-28
KA_051,KA,Bengaluru,temperature_c,24,GFS ENSEMBLE,0.28013,inverse_error_mvp,2026-09-28
KA_051,KA,Bengaluru,temperature_c,24,AIFS,0.249576,inverse_error_mvp,2026-09-28
KA_051,KA,Bengaluru,temperature_c,24,IFS,0.249495,inverse_error_mvp,2026-09-28
KA_051,KA,Bengaluru,wind_speed_kmh,24,NCEP GFS,0.153013,inverse_error_mvp,2026-09-28
KA_051,KA,Bengaluru,wind_speed_kmh,24,GFS ENSEMBLE,0.271801,inverse_error_mvp,2026-09-28
KA_051,KA,Bengaluru,wind_speed_kmh,24,AIFS,0.339871,inverse_error_mvp,2026-09-28
KA_051,KA,Bengaluru,wind_speed_kmh,24,IFS,0.235316,inverse_error_mvp,2026-09-28
KA_051,KA,Bengaluru,rainfall_mm,48,NCEP GFS,0.317028,inverse_error_mvp,2026-09-28
KA_051,KA,Bengaluru,rainfall_mm,48,GFS ENSEMBLE,0.169756,inverse_error_mvp,2026-09-28
KA_051,KA,Bengaluru,rainfall_mm,48,AIFS,0.141995,inverse_error_mvp,2026-09-28
KA_051,KA,Bengaluru,rainfall_mm,48,IFS,0.371221,inverse_error_mvp,2026-09-28
KA_051,KA,Bengaluru,temperature_c,48,NCEP GFS,0.145037,inverse_error_mvp,2026-09-28
KA_051,KA,Bengaluru,temperature_c,48,GFS ENSEMBLE,0.332163,inverse_error_mvp,2026-09-28
KA_051,KA,Bengaluru,temperature_c,48,AIFS,0.275599,inverse_error_mvp,2026-09-28
KA_051,KA,Bengaluru,temperature_c,48,IFS,0.247201,inverse_error_mvp,2026-09-28
KA_051,KA,Bengaluru,wind_speed_kmh,48,NCEP GFS,0.227093,inverse_error_mvp,2026-09-28
KA_051,KA,Bengaluru,wind_speed_kmh,48,GFS ENSEMBLE,0.209819,inverse_error_mvp,2026-09-28
KA_051,KA,Bengaluru,wind_speed_kmh,48,AIFS,0.277497,inverse_error_mvp,2026-09-28
KA_051,KA,Bengaluru,wind_speed_kmh,48,IFS,0.285591,inverse_error_mvp,2026-09-28
KA_051,KA,Bengaluru,rainfall_mm,72,NCEP GFS,0.185951,inverse_error_mvp,2026-09-28
KA_051,KA,Bengaluru,rainfall_mm,72,GFS ENSEMBLE,0.282485,inverse_error_mvp,2026-09-28
KA_051,KA,Bengaluru,rainfall_mm,72,AIFS,0.223651,inverse_error_mvp,2026-09-28
KA_051,KA,Bengaluru,rainfall_mm,72,IFS,0.307913,inverse_error_mvp,2026-09-28
KA_051,KA,Bengaluru,temperature_c,72,NCEP GFS,0.176457,inverse_error_mvp,2026-09-28
KA_051,KA,Bengaluru,temperature_c,72,GFS ENSEMBLE,0.304966,inverse_error_mvp,2026-09-28
KA_051,KA,Bengaluru,temperature_c,72,AIFS,0.231609,inverse_error_mvp,2026-09-28
KA_051,KA,Bengaluru,temperature_c,72,IFS,0.286969,inverse_error_mvp,2026-09-28
KA_051,KA,Bengaluru,wind_speed_kmh,72,NCEP GFS,0.177398,inverse_error_mvp,2026-09-28
KA_051,KA,Bengaluru,wind_speed_kmh,72,GFS ENSEMBLE,0.257149,inverse_error_mvp,2026-09-28
KA_051,KA,Bengaluru,wind_speed_kmh,72,AIFS,0.317075,inverse_error_mvp,2026-09-28
KA_051,KA,Bengaluru,wind_speed_kmh,72,IFS,0.248378,inverse_error_mvp,2026-09-28
KA_052,KA,Mangaluru,rainfall_mm,24,NCEP GFS,0.290941,inverse_error_mvp,2026-09-28
KA_052,KA,Mangaluru,rainfall_mm,24,GFS ENSEMBLE,0.183749,inverse_error_mvp,2026-09-28
KA_052,KA,Mangaluru,rainfall_mm,24,AIFS,0.165304,inverse_error_mvp,2026-09-28
KA_052,KA,Mangaluru,rainfall_mm,24,IFS,0.360006,inverse_error_mvp,2026-09-28
KA_052,KA,Mangaluru,temperature_c,24,NCEP GFS,0.174291,inverse_error_mvp,2026-09-28
KA_052,KA,Mangaluru,temperature_c,24,GFS ENSEMBLE,0.256828,inverse_error_mvp,2026-09-28
KA_052,KA,Mangaluru,temperature_c,24,AIFS,0.319233,inverse_error_mvp,2026-09-28
KA_052,KA,Mangaluru,temperature_c,24,IFS,0.249648,inverse_error_mvp,2026-09-28
KA_052,KA,Mangaluru,wind_speed_kmh,24,NCEP GFS,0.157624,inverse_error_mvp,2026-09-28
KA_052,KA,Mangaluru,wind_speed_kmh,24,GFS ENSEMBLE,0.307142,inverse_error_mvp,2026-09-28
KA_052,KA,Mangaluru,wind_speed_kmh,24,AIFS,0.25622,inverse_error_mvp,2026-09-28
KA_052,KA,Mangaluru,wind_speed_kmh,24,IFS,0.279014,inverse_error_mvp,2026-09-28
KA_052,KA,Mangaluru,rainfall_mm,48,NCEP GFS,0.156808,inverse_error_mvp,2026-09-28
KA_052,KA,Mangaluru,rainfall_mm,48,GFS ENSEMBLE,0.141052,inverse_error_mvp,2026-09-28
KA_052,KA,Mangaluru,rainfall_mm,48,AIFS,0.260786,inverse_error_mvp,2026-09-28
KA_052,KA,Mangaluru,rainfall_mm,48,IFS,0.441354,inverse_error_mvp,2026-09-28
KA_052,KA,Mangaluru,temperature_c,48,NCEP GFS,0.136957,inverse_error_mvp,2026-09-28
KA_052,KA,Mangaluru,temperature_c,48,GFS ENSEMBLE,0.296422,inverse_error_mvp,2026-09-28
KA_052,KA,Mangaluru,temperature_c,48,AIFS,0.259859,inverse_error_mvp,2026-09-28
KA_052,KA,Mangaluru,temperature_c,48,IFS,0.306763,inverse_error_mvp,2026-09-28
KA_052,KA,Mangaluru,wind_speed_kmh,48,NCEP GFS,0.19776,inverse_error_mvp,2026-09-28
KA_052,KA,Mangaluru,wind_speed_kmh,48,GFS ENSEMBLE,0.207328,inverse_error_mvp,2026-09-28
KA_052,KA,Mangaluru,wind_speed_kmh,48,AIFS,0.364828,inverse_error_mvp,2026-09-28
KA_052,KA,Mangaluru,wind_speed_kmh,48,IFS,0.230083,inverse_error_mvp,2026-09-28
KA_052,KA,Mangaluru,rainfall_mm,72,NCEP GFS,0.34531,inverse_error_mvp,2026-09-28
KA_052,KA,Mangaluru,rainfall_mm,72,GFS ENSEMBLE,0.14157,inverse_error_mvp,2026-09-28
KA_052,KA,Mangaluru,rainfall_mm,72,AIFS,0.221781,inverse_error_mvp,2026-09-28
KA_052,KA,Mangaluru,rainfall_mm,72,IFS,0.291338,inverse_error_mvp,2026-09-28
KA_052,KA,Mangaluru,temperature_c,72,NCEP GFS,0.171133,inverse_error_mvp,2026-09-28
KA_052,KA,Mangaluru,temperature_c,72,GFS ENSEMBLE,0.31363,inverse_error_mvp,2026-09-28
KA_052,KA,Mangaluru,temperature_c,72,AIFS,0.257003,inverse_error_mvp,2026-09-28
KA_052,KA,Mangaluru,temperature_c,72,IFS,0.258234,inverse_error_mvp,2026-09-28
KA_052,KA,Mangaluru,wind_speed_kmh,72,NCEP GFS,0.182816,inverse_error_mvp,2026-09-28
KA_052,KA,Mangaluru,wind_speed_kmh,72,GFS ENSEMBLE,0.219026,inverse_error_mvp,2026-09-28
KA_052,KA,Mangaluru,wind_speed_kmh,72,AIFS,0.299551,inverse_error_mvp,2026-09-28
KA_052,KA,Mangaluru,wind_speed_kmh,72,IFS,0.298607,inverse_error_mvp,2026-09-28
KA_053,KA,Mysuru,rainfall_mm,24,NCEP GFS,0.108769,inverse_error_mvp,2026-09-28
KA_053,KA,Mysuru,rainfall_mm,24,GFS ENSEMBLE,0.352102,inverse_error_mvp,2026-09-28
KA_053,KA,Mysuru,rainfall_mm,24,AIFS,0.330117,inverse_error_mvp,2026-09-28
KA_053,KA,Mysuru,rainfall_mm,24,IFS,0.209012,inverse_error_mvp,2026-09-28
KA_053,KA,Mysuru,temperature_c,24,NCEP GFS,0.218872,inverse_error_mvp,2026-09-28
KA_053,KA,Mysuru,temperature_c,24,GFS ENSEMBLE,0.268727,inverse_error_mvp,2026-09-28
KA_053,KA,Mysuru,temperature_c,24,AIFS,0.260153,inverse_error_mvp,2026-09-28
KA_053,KA,Mysuru,temperature_c,24,IFS,0.252248,inverse_error_mvp,2026-09-28
KA_053,KA,Mysuru,wind_speed_kmh,24,NCEP GFS,0.151582,inverse_error_mvp,2026-09-28
KA_053,KA,Mysuru,wind_speed_kmh,24,GFS ENSEMBLE,0.225522,inverse_error_mvp,2026-09-28
KA_053,KA,Mysuru,wind_speed_kmh,24,AIFS,0.263239,inverse_error_mvp,2026-09-28
KA_053,KA,Mysuru,wind_speed_kmh,24,IFS,0.359656,inverse_error_mvp,2026-09-28
KA_053,KA,Mysuru,rainfall_mm,48,NCEP GFS,0.246038,inverse_error_mvp,2026-09-28
KA_053,KA,Mysuru,rainfall_mm,48,GFS ENSEMBLE,0.1649,inverse_error_mvp,2026-09-28
KA_053,KA,Mysuru,rainfall_mm,48,AIFS,0.390229,inverse_error_mvp,2026-09-28
KA_053,KA,Mysuru,rainfall_mm,48,IFS,0.198833,inverse_error_mvp,2026-09-28
KA_053,KA,Mysuru,temperature_c,48,NCEP GFS,0.22362,inverse_error_mvp,2026-09-28
KA_053,KA,Mysuru,temperature_c,48,GFS ENSEMBLE,0.258619,inverse_error_mvp,2026-09-28
KA_053,KA,Mysuru,temperature_c,48,AIFS,0.246108,inverse_error_mvp,2026-09-28
KA_053,KA,Mysuru,temperature_c,48,IFS,0.271653,inverse_error_mvp,2026-09-28
KA_053,KA,Mysuru,wind_speed_kmh,48,NCEP GFS,0.173308,inverse_error_mvp,2026-09-28
KA_053,KA,Mysuru,wind_speed_kmh,48,GFS ENSEMBLE,0.282231,inverse_error_mvp,2026-09-28
KA_053,KA,Mysuru,wind_speed_kmh,48,AIFS,0.299947,inverse_error_mvp,2026-09-28
KA_053,KA,Mysuru,wind_speed_kmh,48,IFS,0.244514,inverse_error_mvp,2026-09-28
KA_053,KA,Mysuru,rainfall_mm,72,NCEP GFS,0.162659,inverse_error_mvp,2026-09-28
KA_053,KA,Mysuru,rainfall_mm,72,GFS ENSEMBLE,0.37721,inverse_error_mvp,2026-09-28
KA_053,KA,Mysuru,rainfall_mm,72,AIFS,0.325029,inverse_error_mvp,2026-09-28
KA_053,KA,Mysuru,rainfall_mm,72,IFS,0.135102,inverse_error_mvp,2026-09-28
KA_053,KA,Mysuru,temperature_c,72,NCEP GFS,0.182593,inverse_error_mvp,2026-09-28
KA_053,KA,Mysuru,temperature_c,72,GFS ENSEMBLE,0.310229,inverse_error_mvp,2026-09-28
KA_053,KA,Mysuru,temperature_c,72,AIFS,0.247792,inverse_error_mvp,2026-09-28
KA_053,KA,Mysuru,temperature_c,72,IFS,0.259385,inverse_error_mvp,2026-09-28
KA_053,KA,Mysuru,wind_speed_kmh,72,NCEP GFS,0.170141,inverse_error_mvp,2026-09-28
KA_053,KA,Mysuru,wind_speed_kmh,72,GFS ENSEMBLE,0.297258,inverse_error_mvp,2026-09-28
KA_053,KA,Mysuru,wind_speed_kmh,72,AIFS,0.264474,inverse_error_mvp,2026-09-28
KA_053,KA,Mysuru,wind_speed_kmh,72,IFS,0.268127,inverse_error_mvp,2026-09-28
KA_054,KA,Hubballi,rainfall_mm,24,NCEP GFS,0.212546,inverse_error_mvp,2026-09-28
KA_054,KA,Hubballi,rainfall_mm,24,GFS ENSEMBLE,0.248216,inverse_error_mvp,2026-09-28
KA_054,KA,Hubballi,rainfall_mm,24,AIFS,0.217884,inverse_error_mvp,2026-09-28
KA_054,KA,Hubballi,rainfall_mm,24,IFS,0.321354,inverse_error_mvp,2026-09-28
KA_054,KA,Hubballi,temperature_c,24,NCEP GFS,0.163084,inverse_error_mvp,2026-09-28
KA_054,KA,Hubballi,temperature_c,24,GFS ENSEMBLE,0.329181,inverse_error_mvp,2026-09-28
KA_054,KA,Hubballi,temperature_c,24,AIFS,0.273107,inverse_error_mvp,2026-09-28
KA_054,KA,Hubballi,temperature_c,24,IFS,0.234628,inverse_error_mvp,2026-09-28
KA_054,KA,Hubballi,wind_speed_kmh,24,NCEP GFS,0.199962,inverse_error_mvp,2026-09-28
KA_054,KA,Hubballi,wind_speed_kmh,24,GFS ENSEMBLE,0.207618,inverse_error_mvp,2026-09-28
KA_054,KA,Hubballi,wind_speed_kmh,24,AIFS,0.256544,inverse_error_mvp,2026-09-28
KA_054,KA,Hubballi,wind_speed_kmh,24,IFS,0.335876,inverse_error_mvp,2026-09-28
KA_054,KA,Hubballi,rainfall_mm,48,NCEP GFS,0.229815,inverse_error_mvp,2026-09-28
KA_054,KA,Hubballi,rainfall_mm,48,GFS ENSEMBLE,0.230221,inverse_error_mvp,2026-09-28
KA_054,KA,Hubballi,rainfall_mm,48,AIFS,0.234393,inverse_error_mvp,2026-09-28
KA_054,KA,Hubballi,rainfall_mm,48,IFS,0.30557,inverse_error_mvp,2026-09-28
KA_054,KA,Hubballi,temperature_c,48,NCEP GFS,0.197246,inverse_error_mvp,2026-09-28
KA_054,KA,Hubballi,temperature_c,48,GFS ENSEMBLE,0.268284,inverse_error_mvp,2026-09-28
KA_054,KA,Hubballi,temperature_c,48,AIFS,0.25235,inverse_error_mvp,2026-09-28
KA_054,KA,Hubballi,temperature_c,48,IFS,0.28212,inverse_error_mvp,2026-09-28
KA_054,KA,Hubballi,wind_speed_kmh,48,NCEP GFS,0.194326,inverse_error_mvp,2026-09-28
KA_054,KA,Hubballi,wind_speed_kmh,48,GFS ENSEMBLE,0.254407,inverse_error_mvp,2026-09-28
KA_054,KA,Hubballi,wind_speed_kmh,48,AIFS,0.250625,inverse_error_mvp,2026-09-28
KA_054,KA,Hubballi,wind_speed_kmh,48,IFS,0.300642,inverse_error_mvp,2026-09-28
KA_054,KA,Hubballi,rainfall_mm,72,NCEP GFS,0.253765,inverse_error_mvp,2026-09-28
KA_054,KA,Hubballi,rainfall_mm,72,GFS ENSEMBLE,0.145405,inverse_error_mvp,2026-09-28
KA_054,KA,Hubballi,rainfall_mm,72,AIFS,0.215794,inverse_error_mvp,2026-09-28
KA_054,KA,Hubballi,rainfall_mm,72,IFS,0.385037,inverse_error_mvp,2026-09-28
KA_054,KA,Hubballi,temperature_c,72,NCEP GFS,0.169306,inverse_error_mvp,2026-09-28
KA_054,KA,Hubballi,temperature_c,72,GFS ENSEMBLE,0.301441,inverse_error_mvp,2026-09-28
KA_054,KA,Hubballi,temperature_c,72,AIFS,0.268882,inverse_error_mvp,2026-09-28
KA_054,KA,Hubballi,temperature_c,72,IFS,0.26037,inverse_error_mvp,2026-09-28
KA_054,KA,Hubballi,wind_speed_kmh,72,NCEP GFS,0.158952,inverse_error_mvp,2026-09-28
KA_054,KA,Hubballi,wind_speed_kmh,72,GFS ENSEMBLE,0.263841,inverse_error_mvp,2026-09-28
KA_054,KA,Hubballi,wind_speed_kmh,72,AIFS,0.329361,inverse_error_mvp,2026-09-28
KA_054,KA,Hubballi,wind_speed_kmh,72,IFS,0.247846,inverse_error_mvp,2026-09-28
KA_055,KA,Belagavi,rainfall_mm,24,NCEP GFS,0.174877,inverse_error_mvp,2026-09-28
KA_055,KA,Belagavi,rainfall_mm,24,GFS ENSEMBLE,0.271567,inverse_error_mvp,2026-09-28
KA_055,KA,Belagavi,rainfall_mm,24,AIFS,0.227865,inverse_error_mvp,2026-09-28
KA_055,KA,Belagavi,rainfall_mm,24,IFS,0.32569,inverse_error_mvp,2026-09-28
KA_055,KA,Belagavi,temperature_c,24,NCEP GFS,0.221734,inverse_error_mvp,2026-09-28
KA_055,KA,Belagavi,temperature_c,24,GFS ENSEMBLE,0.229215,inverse_error_mvp,2026-09-28
KA_055,KA,Belagavi,temperature_c,24,AIFS,0.326027,inverse_error_mvp,2026-09-28
KA_055,KA,Belagavi,temperature_c,24,IFS,0.223024,inverse_error_mvp,2026-09-28
KA_055,KA,Belagavi,wind_speed_kmh,24,NCEP GFS,0.234078,inverse_error_mvp,2026-09-28
KA_055,KA,Belagavi,wind_speed_kmh,24,GFS ENSEMBLE,0.228297,inverse_error_mvp,2026-09-28
KA_055,KA,Belagavi,wind_speed_kmh,24,AIFS,0.289382,inverse_error_mvp,2026-09-28
KA_055,KA,Belagavi,wind_speed_kmh,24,IFS,0.248244,inverse_error_mvp,2026-09-28
KA_055,KA,Belagavi,rainfall_mm,48,NCEP GFS,0.265886,inverse_error_mvp,2026-09-28
KA_055,KA,Belagavi,rainfall_mm,48,GFS ENSEMBLE,0.19661,inverse_error_mvp,2026-09-28
KA_055,KA,Belagavi,rainfall_mm,48,AIFS,0.254606,inverse_error_mvp,2026-09-28
KA_055,KA,Belagavi,rainfall_mm,48,IFS,0.282898,inverse_error_mvp,2026-09-28
KA_055,KA,Belagavi,temperature_c,48,NCEP GFS,0.176559,inverse_error_mvp,2026-09-28
KA_055,KA,Belagavi,temperature_c,48,GFS ENSEMBLE,0.285486,inverse_error_mvp,2026-09-28
KA_055,KA,Belagavi,temperature_c,48,AIFS,0.268968,inverse_error_mvp,2026-09-28
KA_055,KA,Belagavi,temperature_c,48,IFS,0.268987,inverse_error_mvp,2026-09-28
KA_055,KA,Belagavi,wind_speed_kmh,48,NCEP GFS,0.202414,inverse_error_mvp,2026-09-28
KA_055,KA,Belagavi,wind_speed_kmh,48,GFS ENSEMBLE,0.252059,inverse_error_mvp,2026-09-28
KA_055,KA,Belagavi,wind_speed_kmh,48,AIFS,0.268492,inverse_error_mvp,2026-09-28
KA_055,KA,Belagavi,wind_speed_kmh,48,IFS,0.277034,inverse_error_mvp,2026-09-28
KA_055,KA,Belagavi,rainfall_mm,72,NCEP GFS,0.152149,inverse_error_mvp,2026-09-28
KA_055,KA,Belagavi,rainfall_mm,72,GFS ENSEMBLE,0.300256,inverse_error_mvp,2026-09-28
KA_055,KA,Belagavi,rainfall_mm,72,AIFS,0.316854,inverse_error_mvp,2026-09-28
KA_055,KA,Belagavi,rainfall_mm,72,IFS,0.23074,inverse_error_mvp,2026-09-28
KA_055,KA,Belagavi,temperature_c,72,NCEP GFS,0.161769,inverse_error_mvp,2026-09-28
KA_055,KA,Belagavi,temperature_c,72,GFS ENSEMBLE,0.34382,inverse_error_mvp,2026-09-28
KA_055,KA,Belagavi,temperature_c,72,AIFS,0.271427,inverse_error_mvp,2026-09-28
KA_055,KA,Belagavi,temperature_c,72,IFS,0.222984,inverse_error_mvp,2026-09-28
KA_055,KA,Belagavi,wind_speed_kmh,72,NCEP GFS,0.183658,inverse_error_mvp,2026-09-28
KA_055,KA,Belagavi,wind_speed_kmh,72,GFS ENSEMBLE,0.253642,inverse_error_mvp,2026-09-28
KA_055,KA,Belagavi,wind_speed_kmh,72,AIFS,0.22761,inverse_error_mvp,2026-09-28
KA_055,KA,Belagavi,wind_speed_kmh,72,IFS,0.335091,inverse_error_mvp,2026-09-28
KL_056,KL,Thiruvananthapuram,rainfall_mm,24,NCEP GFS,0.208713,inverse_error_mvp,2026-09-28
KL_056,KL,Thiruvananthapuram,rainfall_mm,24,GFS ENSEMBLE,0.325654,inverse_error_mvp,2026-09-28
KL_056,KL,Thiruvananthapuram,rainfall_mm,24,AIFS,0.218855,inverse_error_mvp,2026-09-28
KL_056,KL,Thiruvananthapuram,rainfall_mm,24,IFS,0.246778,inverse_error_mvp,2026-09-28
KL_056,KL,Thiruvananthapuram,temperature_c,24,NCEP GFS,0.174756,inverse_error_mvp,2026-09-28
KL_056,KL,Thiruvananthapuram,temperature_c,24,GFS ENSEMBLE,0.293073,inverse_error_mvp,2026-09-28
KL_056,KL,Thiruvananthapuram,temperature_c,24,AIFS,0.270722,inverse_error_mvp,2026-09-28
KL_056,KL,Thiruvananthapuram,temperature_c,24,IFS,0.261449,inverse_error_mvp,2026-09-28
KL_056,KL,Thiruvananthapuram,wind_speed_kmh,24,NCEP GFS,0.157987,inverse_error_mvp,2026-09-28
KL_056,KL,Thiruvananthapuram,wind_speed_kmh,24,GFS ENSEMBLE,0.247537,inverse_error_mvp,2026-09-28
KL_056,KL,Thiruvananthapuram,wind_speed_kmh,24,AIFS,0.298114,inverse_error_mvp,2026-09-28
KL_056,KL,Thiruvananthapuram,wind_speed_kmh,24,IFS,0.296362,inverse_error_mvp,2026-09-28
KL_056,KL,Thiruvananthapuram,rainfall_mm,48,NCEP GFS,0.243194,inverse_error_mvp,2026-09-28
KL_056,KL,Thiruvananthapuram,rainfall_mm,48,GFS ENSEMBLE,0.348899,inverse_error_mvp,2026-09-28
KL_056,KL,Thiruvananthapuram,rainfall_mm,48,AIFS,0.231561,inverse_error_mvp,2026-09-28
KL_056,KL,Thiruvananthapuram,rainfall_mm,48,IFS,0.176345,inverse_error_mvp,2026-09-28
KL_056,KL,Thiruvananthapuram,temperature_c,48,NCEP GFS,0.196492,inverse_error_mvp,2026-09-28
KL_056,KL,Thiruvananthapuram,temperature_c,48,GFS ENSEMBLE,0.2458,inverse_error_mvp,2026-09-28
KL_056,KL,Thiruvananthapuram,temperature_c,48,AIFS,0.239705,inverse_error_mvp,2026-09-28
KL_056,KL,Thiruvananthapuram,temperature_c,48,IFS,0.318003,inverse_error_mvp,2026-09-28
KL_056,KL,Thiruvananthapuram,wind_speed_kmh,48,NCEP GFS,0.199233,inverse_error_mvp,2026-09-28
KL_056,KL,Thiruvananthapuram,wind_speed_kmh,48,GFS ENSEMBLE,0.275654,inverse_error_mvp,2026-09-28
KL_056,KL,Thiruvananthapuram,wind_speed_kmh,48,AIFS,0.226608,inverse_error_mvp,2026-09-28
KL_056,KL,Thiruvananthapuram,wind_speed_kmh,48,IFS,0.298506,inverse_error_mvp,2026-09-28
KL_056,KL,Thiruvananthapuram,rainfall_mm,72,NCEP GFS,0.257946,inverse_error_mvp,2026-09-28
KL_056,KL,Thiruvananthapuram,rainfall_mm,72,GFS ENSEMBLE,0.282093,inverse_error_mvp,2026-09-28
KL_056,KL,Thiruvananthapuram,rainfall_mm,72,AIFS,0.23031,inverse_error_mvp,2026-09-28
KL_056,KL,Thiruvananthapuram,rainfall_mm,72,IFS,0.229651,inverse_error_mvp,2026-09-28
KL_056,KL,Thiruvananthapuram,temperature_c,72,NCEP GFS,0.14385,inverse_error_mvp,2026-09-28
KL_056,KL,Thiruvananthapuram,temperature_c,72,GFS ENSEMBLE,0.268433,inverse_error_mvp,2026-09-28
KL_056,KL,Thiruvananthapuram,temperature_c,72,AIFS,0.281784,inverse_error_mvp,2026-09-28
KL_056,KL,Thiruvananthapuram,temperature_c,72,IFS,0.305933,inverse_error_mvp,2026-09-28
KL_056,KL,Thiruvananthapuram,wind_speed_kmh,72,NCEP GFS,0.216304,inverse_error_mvp,2026-09-28
KL_056,KL,Thiruvananthapuram,wind_speed_kmh,72,GFS ENSEMBLE,0.244708,inverse_error_mvp,2026-09-28
KL_056,KL,Thiruvananthapuram,wind_speed_kmh,72,AIFS,0.269228,inverse_error_mvp,2026-09-28
KL_056,KL,Thiruvananthapuram,wind_speed_kmh,72,IFS,0.26976,inverse_error_mvp,2026-09-28
KL_057,KL,Kochi,rainfall_mm,24,NCEP GFS,0.142368,inverse_error_mvp,2026-09-28
KL_057,KL,Kochi,rainfall_mm,24,GFS ENSEMBLE,0.270333,inverse_error_mvp,2026-09-28
KL_057,KL,Kochi,rainfall_mm,24,AIFS,0.345473,inverse_error_mvp,2026-09-28
KL_057,KL,Kochi,rainfall_mm,24,IFS,0.241826,inverse_error_mvp,2026-09-28
KL_057,KL,Kochi,temperature_c,24,NCEP GFS,0.186761,inverse_error_mvp,2026-09-28
KL_057,KL,Kochi,temperature_c,24,GFS ENSEMBLE,0.261421,inverse_error_mvp,2026-09-28
KL_057,KL,Kochi,temperature_c,24,AIFS,0.278749,inverse_error_mvp,2026-09-28
KL_057,KL,Kochi,temperature_c,24,IFS,0.27307,inverse_error_mvp,2026-09-28
KL_057,KL,Kochi,wind_speed_kmh,24,NCEP GFS,0.198103,inverse_error_mvp,2026-09-28
KL_057,KL,Kochi,wind_speed_kmh,24,GFS ENSEMBLE,0.257733,inverse_error_mvp,2026-09-28
KL_057,KL,Kochi,wind_speed_kmh,24,AIFS,0.247719,inverse_error_mvp,2026-09-28
KL_057,KL,Kochi,wind_speed_kmh,24,IFS,0.296445,inverse_error_mvp,2026-09-28
KL_057,KL,Kochi,rainfall_mm,48,NCEP GFS,0.145122,inverse_error_mvp,2026-09-28
KL_057,KL,Kochi,rainfall_mm,48,GFS ENSEMBLE,0.185272,inverse_error_mvp,2026-09-28
KL_057,KL,Kochi,rainfall_mm,48,AIFS,0.445307,inverse_error_mvp,2026-09-28
KL_057,KL,Kochi,rainfall_mm,48,IFS,0.224299,inverse_error_mvp,2026-09-28
KL_057,KL,Kochi,temperature_c,48,NCEP GFS,0.127095,inverse_error_mvp,2026-09-28
KL_057,KL,Kochi,temperature_c,48,GFS ENSEMBLE,0.263068,inverse_error_mvp,2026-09-28
KL_057,KL,Kochi,temperature_c,48,AIFS,0.296638,inverse_error_mvp,2026-09-28
KL_057,KL,Kochi,temperature_c,48,IFS,0.313199,inverse_error_mvp,2026-09-28
KL_057,KL,Kochi,wind_speed_kmh,48,NCEP GFS,0.213263,inverse_error_mvp,2026-09-28
KL_057,KL,Kochi,wind_speed_kmh,48,GFS ENSEMBLE,0.249511,inverse_error_mvp,2026-09-28
KL_057,KL,Kochi,wind_speed_kmh,48,AIFS,0.280109,inverse_error_mvp,2026-09-28
KL_057,KL,Kochi,wind_speed_kmh,48,IFS,0.257118,inverse_error_mvp,2026-09-28
KL_057,KL,Kochi,rainfall_mm,72,NCEP GFS,0.190182,inverse_error_mvp,2026-09-28
KL_057,KL,Kochi,rainfall_mm,72,GFS ENSEMBLE,0.325167,inverse_error_mvp,2026-09-28
KL_057,KL,Kochi,rainfall_mm,72,AIFS,0.264494,inverse_error_mvp,2026-09-28
KL_057,KL,Kochi,rainfall_mm,72,IFS,0.220157,inverse_error_mvp,2026-09-28
KL_057,KL,Kochi,temperature_c,72,NCEP GFS,0.184399,inverse_error_mvp,2026-09-28
KL_057,KL,Kochi,temperature_c,72,GFS ENSEMBLE,0.277991,inverse_error_mvp,2026-09-28
KL_057,KL,Kochi,temperature_c,72,AIFS,0.261365,inverse_error_mvp,2026-09-28
KL_057,KL,Kochi,temperature_c,72,IFS,0.276245,inverse_error_mvp,2026-09-28
KL_057,KL,Kochi,wind_speed_kmh,72,NCEP GFS,0.175313,inverse_error_mvp,2026-09-28
KL_057,KL,Kochi,wind_speed_kmh,72,GFS ENSEMBLE,0.265838,inverse_error_mvp,2026-09-28
KL_057,KL,Kochi,wind_speed_kmh,72,AIFS,0.246006,inverse_error_mvp,2026-09-28
KL_057,KL,Kochi,wind_speed_kmh,72,IFS,0.312843,inverse_error_mvp,2026-09-28
KL_058,KL,Kozhikode,rainfall_mm,24,NCEP GFS,0.211689,inverse_error_mvp,2026-09-28
KL_058,KL,Kozhikode,rainfall_mm,24,GFS ENSEMBLE,0.303134,inverse_error_mvp,2026-09-28
KL_058,KL,Kozhikode,rainfall_mm,24,AIFS,0.258989,inverse_error_mvp,2026-09-28
KL_058,KL,Kozhikode,rainfall_mm,24,IFS,0.226188,inverse_error_mvp,2026-09-28
KL_058,KL,Kozhikode,temperature_c,24,NCEP GFS,0.180169,inverse_error_mvp,2026-09-28
KL_058,KL,Kozhikode,temperature_c,24,GFS ENSEMBLE,0.21693,inverse_error_mvp,2026-09-28
KL_058,KL,Kozhikode,temperature_c,24,AIFS,0.331262,inverse_error_mvp,2026-09-28
KL_058,KL,Kozhikode,temperature_c,24,IFS,0.27164,inverse_error_mvp,2026-09-28
KL_058,KL,Kozhikode,wind_speed_kmh,24,NCEP GFS,0.16664,inverse_error_mvp,2026-09-28
KL_058,KL,Kozhikode,wind_speed_kmh,24,GFS ENSEMBLE,0.269439,inverse_error_mvp,2026-09-28
KL_058,KL,Kozhikode,wind_speed_kmh,24,AIFS,0.311244,inverse_error_mvp,2026-09-28
KL_058,KL,Kozhikode,wind_speed_kmh,24,IFS,0.252677,inverse_error_mvp,2026-09-28
KL_058,KL,Kozhikode,rainfall_mm,48,NCEP GFS,0.148832,inverse_error_mvp,2026-09-28
KL_058,KL,Kozhikode,rainfall_mm,48,GFS ENSEMBLE,0.361727,inverse_error_mvp,2026-09-28
KL_058,KL,Kozhikode,rainfall_mm,48,AIFS,0.226472,inverse_error_mvp,2026-09-28
KL_058,KL,Kozhikode,rainfall_mm,48,IFS,0.262969,inverse_error_mvp,2026-09-28
KL_058,KL,Kozhikode,temperature_c,48,NCEP GFS,0.175575,inverse_error_mvp,2026-09-28
KL_058,KL,Kozhikode,temperature_c,48,GFS ENSEMBLE,0.29199,inverse_error_mvp,2026-09-28
KL_058,KL,Kozhikode,temperature_c,48,AIFS,0.293309,inverse_error_mvp,2026-09-28
KL_058,KL,Kozhikode,temperature_c,48,IFS,0.239126,inverse_error_mvp,2026-09-28
KL_058,KL,Kozhikode,wind_speed_kmh,48,NCEP GFS,0.199882,inverse_error_mvp,2026-09-28
KL_058,KL,Kozhikode,wind_speed_kmh,48,GFS ENSEMBLE,0.280814,inverse_error_mvp,2026-09-28
KL_058,KL,Kozhikode,wind_speed_kmh,48,AIFS,0.221152,inverse_error_mvp,2026-09-28
KL_058,KL,Kozhikode,wind_speed_kmh,48,IFS,0.298152,inverse_error_mvp,2026-09-28
KL_058,KL,Kozhikode,rainfall_mm,72,NCEP GFS,0.290456,inverse_error_mvp,2026-09-28
KL_058,KL,Kozhikode,rainfall_mm,72,GFS ENSEMBLE,0.226726,inverse_error_mvp,2026-09-28
KL_058,KL,Kozhikode,rainfall_mm,72,AIFS,0.237836,inverse_error_mvp,2026-09-28
KL_058,KL,Kozhikode,rainfall_mm,72,IFS,0.244982,inverse_error_mvp,2026-09-28
KL_058,KL,Kozhikode,temperature_c,72,NCEP GFS,0.220977,inverse_error_mvp,2026-09-28
KL_058,KL,Kozhikode,temperature_c,72,GFS ENSEMBLE,0.240366,inverse_error_mvp,2026-09-28
KL_058,KL,Kozhikode,temperature_c,72,AIFS,0.278633,inverse_error_mvp,2026-09-28
KL_058,KL,Kozhikode,temperature_c,72,IFS,0.260024,inverse_error_mvp,2026-09-28
KL_058,KL,Kozhikode,wind_speed_kmh,72,NCEP GFS,0.161335,inverse_error_mvp,2026-09-28
KL_058,KL,Kozhikode,wind_speed_kmh,72,GFS ENSEMBLE,0.340782,inverse_error_mvp,2026-09-28
KL_058,KL,Kozhikode,wind_speed_kmh,72,AIFS,0.271434,inverse_error_mvp,2026-09-28
KL_058,KL,Kozhikode,wind_speed_kmh,72,IFS,0.226449,inverse_error_mvp,2026-09-28
KL_059,KL,Thrissur,rainfall_mm,24,NCEP GFS,0.168247,inverse_error_mvp,2026-09-28
KL_059,KL,Thrissur,rainfall_mm,24,GFS ENSEMBLE,0.182949,inverse_error_mvp,2026-09-28
KL_059,KL,Thrissur,rainfall_mm,24,AIFS,0.251976,inverse_error_mvp,2026-09-28
KL_059,KL,Thrissur,rainfall_mm,24,IFS,0.396829,inverse_error_mvp,2026-09-28
KL_059,KL,Thrissur,temperature_c,24,NCEP GFS,0.198277,inverse_error_mvp,2026-09-28
KL_059,KL,Thrissur,temperature_c,24,GFS ENSEMBLE,0.28119,inverse_error_mvp,2026-09-28
KL_059,KL,Thrissur,temperature_c,24,AIFS,0.236545,inverse_error_mvp,2026-09-28
KL_059,KL,Thrissur,temperature_c,24,IFS,0.283988,inverse_error_mvp,2026-09-28
KL_059,KL,Thrissur,wind_speed_kmh,24,NCEP GFS,0.137704,inverse_error_mvp,2026-09-28
KL_059,KL,Thrissur,wind_speed_kmh,24,GFS ENSEMBLE,0.268664,inverse_error_mvp,2026-09-28
KL_059,KL,Thrissur,wind_speed_kmh,24,AIFS,0.319185,inverse_error_mvp,2026-09-28
KL_059,KL,Thrissur,wind_speed_kmh,24,IFS,0.274446,inverse_error_mvp,2026-09-28
KL_059,KL,Thrissur,rainfall_mm,48,NCEP GFS,0.221568,inverse_error_mvp,2026-09-28
KL_059,KL,Thrissur,rainfall_mm,48,GFS ENSEMBLE,0.243473,inverse_error_mvp,2026-09-28
KL_059,KL,Thrissur,rainfall_mm,48,AIFS,0.185218,inverse_error_mvp,2026-09-28
KL_059,KL,Thrissur,rainfall_mm,48,IFS,0.349741,inverse_error_mvp,2026-09-28
KL_059,KL,Thrissur,temperature_c,48,NCEP GFS,0.238291,inverse_error_mvp,2026-09-28
KL_059,KL,Thrissur,temperature_c,48,GFS ENSEMBLE,0.242056,inverse_error_mvp,2026-09-28
KL_059,KL,Thrissur,temperature_c,48,AIFS,0.283248,inverse_error_mvp,2026-09-28
KL_059,KL,Thrissur,temperature_c,48,IFS,0.236406,inverse_error_mvp,2026-09-28
KL_059,KL,Thrissur,wind_speed_kmh,48,NCEP GFS,0.167911,inverse_error_mvp,2026-09-28
KL_059,KL,Thrissur,wind_speed_kmh,48,GFS ENSEMBLE,0.221093,inverse_error_mvp,2026-09-28
KL_059,KL,Thrissur,wind_speed_kmh,48,AIFS,0.358441,inverse_error_mvp,2026-09-28
KL_059,KL,Thrissur,wind_speed_kmh,48,IFS,0.252555,inverse_error_mvp,2026-09-28
KL_059,KL,Thrissur,rainfall_mm,72,NCEP GFS,0.236767,inverse_error_mvp,2026-09-28
KL_059,KL,Thrissur,rainfall_mm,72,GFS ENSEMBLE,0.264636,inverse_error_mvp,2026-09-28
KL_059,KL,Thrissur,rainfall_mm,72,AIFS,0.235594,inverse_error_mvp,2026-09-28
KL_059,KL,Thrissur,rainfall_mm,72,IFS,0.263003,inverse_error_mvp,2026-09-28
KL_059,KL,Thrissur,temperature_c,72,NCEP GFS,0.171942,inverse_error_mvp,2026-09-28
KL_059,KL,Thrissur,temperature_c,72,GFS ENSEMBLE,0.281476,inverse_error_mvp,2026-09-28
KL_059,KL,Thrissur,temperature_c,72,AIFS,0.268266,inverse_error_mvp,2026-09-28
KL_059,KL,Thrissur,temperature_c,72,IFS,0.278316,inverse_error_mvp,2026-09-28
KL_059,KL,Thrissur,wind_speed_kmh,72,NCEP GFS,0.177148,inverse_error_mvp,2026-09-28
KL_059,KL,Thrissur,wind_speed_kmh,72,GFS ENSEMBLE,0.198578,inverse_error_mvp,2026-09-28
KL_059,KL,Thrissur,wind_speed_kmh,72,AIFS,0.372991,inverse_error_mvp,2026-09-28
KL_059,KL,Thrissur,wind_speed_kmh,72,IFS,0.251283,inverse_error_mvp,2026-09-28
KL_060,KL,Kollam,rainfall_mm,24,NCEP GFS,0.173781,inverse_error_mvp,2026-09-28
KL_060,KL,Kollam,rainfall_mm,24,GFS ENSEMBLE,0.177579,inverse_error_mvp,2026-09-28
KL_060,KL,Kollam,rainfall_mm,24,AIFS,0.435925,inverse_error_mvp,2026-09-28
KL_060,KL,Kollam,rainfall_mm,24,IFS,0.212715,inverse_error_mvp,2026-09-28
KL_060,KL,Kollam,temperature_c,24,NCEP GFS,0.192796,inverse_error_mvp,2026-09-28
KL_060,KL,Kollam,temperature_c,24,GFS ENSEMBLE,0.230058,inverse_error_mvp,2026-09-28
KL_060,KL,Kollam,temperature_c,24,AIFS,0.307301,inverse_error_mvp,2026-09-28
KL_060,KL,Kollam,temperature_c,24,IFS,0.269845,inverse_error_mvp,2026-09-28
KL_060,KL,Kollam,wind_speed_kmh,24,NCEP GFS,0.177114,inverse_error_mvp,2026-09-28
KL_060,KL,Kollam,wind_speed_kmh,24,GFS ENSEMBLE,0.220227,inverse_error_mvp,2026-09-28
KL_060,KL,Kollam,wind_speed_kmh,24,AIFS,0.299845,inverse_error_mvp,2026-09-28
KL_060,KL,Kollam,wind_speed_kmh,24,IFS,0.302813,inverse_error_mvp,2026-09-28
KL_060,KL,Kollam,rainfall_mm,48,NCEP GFS,0.175584,inverse_error_mvp,2026-09-28
KL_060,KL,Kollam,rainfall_mm,48,GFS ENSEMBLE,0.126978,inverse_error_mvp,2026-09-28
KL_060,KL,Kollam,rainfall_mm,48,AIFS,0.279961,inverse_error_mvp,2026-09-28
KL_060,KL,Kollam,rainfall_mm,48,IFS,0.417477,inverse_error_mvp,2026-09-28
KL_060,KL,Kollam,temperature_c,48,NCEP GFS,0.190508,inverse_error_mvp,2026-09-28
KL_060,KL,Kollam,temperature_c,48,GFS ENSEMBLE,0.242157,inverse_error_mvp,2026-09-28
KL_060,KL,Kollam,temperature_c,48,AIFS,0.291959,inverse_error_mvp,2026-09-28
KL_060,KL,Kollam,temperature_c,48,IFS,0.275376,inverse_error_mvp,2026-09-28
KL_060,KL,Kollam,wind_speed_kmh,48,NCEP GFS,0.195289,inverse_error_mvp,2026-09-28
KL_060,KL,Kollam,wind_speed_kmh,48,GFS ENSEMBLE,0.281618,inverse_error_mvp,2026-09-28
KL_060,KL,Kollam,wind_speed_kmh,48,AIFS,0.23531,inverse_error_mvp,2026-09-28
KL_060,KL,Kollam,wind_speed_kmh,48,IFS,0.287783,inverse_error_mvp,2026-09-28
KL_060,KL,Kollam,rainfall_mm,72,NCEP GFS,0.145713,inverse_error_mvp,2026-09-28
KL_060,KL,Kollam,rainfall_mm,72,GFS ENSEMBLE,0.395839,inverse_error_mvp,2026-09-28
KL_060,KL,Kollam,rainfall_mm,72,AIFS,0.265745,inverse_error_mvp,2026-09-28
KL_060,KL,Kollam,rainfall_mm,72,IFS,0.192704,inverse_error_mvp,2026-09-28
KL_060,KL,Kollam,temperature_c,72,NCEP GFS,0.206029,inverse_error_mvp,2026-09-28
KL_060,KL,Kollam,temperature_c,72,GFS ENSEMBLE,0.263414,inverse_error_mvp,2026-09-28
KL_060,KL,Kollam,temperature_c,72,AIFS,0.274389,inverse_error_mvp,2026-09-28
KL_060,KL,Kollam,temperature_c,72,IFS,0.256168,inverse_error_mvp,2026-09-28
KL_060,KL,Kollam,wind_speed_kmh,72,NCEP GFS,0.185673,inverse_error_mvp,2026-09-28
KL_060,KL,Kollam,wind_speed_kmh,72,GFS ENSEMBLE,0.237611,inverse_error_mvp,2026-09-28
KL_060,KL,Kollam,wind_speed_kmh,72,AIFS,0.312125,inverse_error_mvp,2026-09-28
KL_060,KL,Kollam,wind_speed_kmh,72,IFS,0.264591,inverse_error_mvp,2026-09-28
MP_061,MP,Bhopal,rainfall_mm,24,NCEP GFS,0.178304,inverse_error_mvp,2026-09-28
MP_061,MP,Bhopal,rainfall_mm,24,GFS ENSEMBLE,0.376338,inverse_error_mvp,2026-09-28
MP_061,MP,Bhopal,rainfall_mm,24,AIFS,0.269706,inverse_error_mvp,2026-09-28
MP_061,MP,Bhopal,rainfall_mm,24,IFS,0.175652,inverse_error_mvp,2026-09-28
MP_061,MP,Bhopal,temperature_c,24,NCEP GFS,0.203618,inverse_error_mvp,2026-09-28
MP_061,MP,Bhopal,temperature_c,24,GFS ENSEMBLE,0.213783,inverse_error_mvp,2026-09-28
MP_061,MP,Bhopal,temperature_c,24,AIFS,0.305247,inverse_error_mvp,2026-09-28
MP_061,MP,Bhopal,temperature_c,24,IFS,0.277352,inverse_error_mvp,2026-09-28
MP_061,MP,Bhopal,wind_speed_kmh,24,NCEP GFS,0.179197,inverse_error_mvp,2026-09-28
MP_061,MP,Bhopal,wind_speed_kmh,24,GFS ENSEMBLE,0.21737,inverse_error_mvp,2026-09-28
MP_061,MP,Bhopal,wind_speed_kmh,24,AIFS,0.342635,inverse_error_mvp,2026-09-28
MP_061,MP,Bhopal,wind_speed_kmh,24,IFS,0.260798,inverse_error_mvp,2026-09-28
MP_061,MP,Bhopal,rainfall_mm,48,NCEP GFS,0.248228,inverse_error_mvp,2026-09-28
MP_061,MP,Bhopal,rainfall_mm,48,GFS ENSEMBLE,0.289457,inverse_error_mvp,2026-09-28
MP_061,MP,Bhopal,rainfall_mm,48,AIFS,0.189826,inverse_error_mvp,2026-09-28
MP_061,MP,Bhopal,rainfall_mm,48,IFS,0.27249,inverse_error_mvp,2026-09-28
MP_061,MP,Bhopal,temperature_c,48,NCEP GFS,0.141179,inverse_error_mvp,2026-09-28
MP_061,MP,Bhopal,temperature_c,48,GFS ENSEMBLE,0.233047,inverse_error_mvp,2026-09-28
MP_061,MP,Bhopal,temperature_c,48,AIFS,0.306276,inverse_error_mvp,2026-09-28
MP_061,MP,Bhopal,temperature_c,48,IFS,0.319498,inverse_error_mvp,2026-09-28
MP_061,MP,Bhopal,wind_speed_kmh,48,NCEP GFS,0.235663,inverse_error_mvp,2026-09-28
MP_061,MP,Bhopal,wind_speed_kmh,48,GFS ENSEMBLE,0.255355,inverse_error_mvp,2026-09-28
MP_061,MP,Bhopal,wind_speed_kmh,48,AIFS,0.227611,inverse_error_mvp,2026-09-28
MP_061,MP,Bhopal,wind_speed_kmh,48,IFS,0.281371,inverse_error_mvp,2026-09-28
MP_061,MP,Bhopal,rainfall_mm,72,NCEP GFS,0.139642,inverse_error_mvp,2026-09-28
MP_061,MP,Bhopal,rainfall_mm,72,GFS ENSEMBLE,0.219738,inverse_error_mvp,2026-09-28
MP_061,MP,Bhopal,rainfall_mm,72,AIFS,0.215654,inverse_error_mvp,2026-09-28
MP_061,MP,Bhopal,rainfall_mm,72,IFS,0.424966,inverse_error_mvp,2026-09-28
MP_061,MP,Bhopal,temperature_c,72,NCEP GFS,0.19122,inverse_error_mvp,2026-09-28
MP_061,MP,Bhopal,temperature_c,72,GFS ENSEMBLE,0.25195,inverse_error_mvp,2026-09-28
MP_061,MP,Bhopal,temperature_c,72,AIFS,0.237363,inverse_error_mvp,2026-09-28
MP_061,MP,Bhopal,temperature_c,72,IFS,0.319468,inverse_error_mvp,2026-09-28
MP_061,MP,Bhopal,wind_speed_kmh,72,NCEP GFS,0.198555,inverse_error_mvp,2026-09-28
MP_061,MP,Bhopal,wind_speed_kmh,72,GFS ENSEMBLE,0.232432,inverse_error_mvp,2026-09-28
MP_061,MP,Bhopal,wind_speed_kmh,72,AIFS,0.299366,inverse_error_mvp,2026-09-28
MP_061,MP,Bhopal,wind_speed_kmh,72,IFS,0.269647,inverse_error_mvp,2026-09-28
MP_062,MP,Indore,rainfall_mm,24,NCEP GFS,0.228592,inverse_error_mvp,2026-09-28
MP_062,MP,Indore,rainfall_mm,24,GFS ENSEMBLE,0.250388,inverse_error_mvp,2026-09-28
MP_062,MP,Indore,rainfall_mm,24,AIFS,0.283533,inverse_error_mvp,2026-09-28
MP_062,MP,Indore,rainfall_mm,24,IFS,0.237486,inverse_error_mvp,2026-09-28
MP_062,MP,Indore,temperature_c,24,NCEP GFS,0.157761,inverse_error_mvp,2026-09-28
MP_062,MP,Indore,temperature_c,24,GFS ENSEMBLE,0.251354,inverse_error_mvp,2026-09-28
MP_062,MP,Indore,temperature_c,24,AIFS,0.277601,inverse_error_mvp,2026-09-28
MP_062,MP,Indore,temperature_c,24,IFS,0.313284,inverse_error_mvp,2026-09-28
MP_062,MP,Indore,wind_speed_kmh,24,NCEP GFS,0.17738,inverse_error_mvp,2026-09-28
MP_062,MP,Indore,wind_speed_kmh,24,GFS ENSEMBLE,0.316691,inverse_error_mvp,2026-09-28
MP_062,MP,Indore,wind_speed_kmh,24,AIFS,0.28064,inverse_error_mvp,2026-09-28
MP_062,MP,Indore,wind_speed_kmh,24,IFS,0.225289,inverse_error_mvp,2026-09-28
MP_062,MP,Indore,rainfall_mm,48,NCEP GFS,0.24835,inverse_error_mvp,2026-09-28
MP_062,MP,Indore,rainfall_mm,48,GFS ENSEMBLE,0.171929,inverse_error_mvp,2026-09-28
MP_062,MP,Indore,rainfall_mm,48,AIFS,0.335768,inverse_error_mvp,2026-09-28
MP_062,MP,Indore,rainfall_mm,48,IFS,0.243952,inverse_error_mvp,2026-09-28
MP_062,MP,Indore,temperature_c,48,NCEP GFS,0.176095,inverse_error_mvp,2026-09-28
MP_062,MP,Indore,temperature_c,48,GFS ENSEMBLE,0.253563,inverse_error_mvp,2026-09-28
MP_062,MP,Indore,temperature_c,48,AIFS,0.325226,inverse_error_mvp,2026-09-28
MP_062,MP,Indore,temperature_c,48,IFS,0.245116,inverse_error_mvp,2026-09-28
MP_062,MP,Indore,wind_speed_kmh,48,NCEP GFS,0.237774,inverse_error_mvp,2026-09-28
MP_062,MP,Indore,wind_speed_kmh,48,GFS ENSEMBLE,0.235085,inverse_error_mvp,2026-09-28
MP_062,MP,Indore,wind_speed_kmh,48,AIFS,0.280579,inverse_error_mvp,2026-09-28
MP_062,MP,Indore,wind_speed_kmh,48,IFS,0.246562,inverse_error_mvp,2026-09-28
MP_062,MP,Indore,rainfall_mm,72,NCEP GFS,0.214484,inverse_error_mvp,2026-09-28
MP_062,MP,Indore,rainfall_mm,72,GFS ENSEMBLE,0.243366,inverse_error_mvp,2026-09-28
MP_062,MP,Indore,rainfall_mm,72,AIFS,0.343211,inverse_error_mvp,2026-09-28
MP_062,MP,Indore,rainfall_mm,72,IFS,0.198938,inverse_error_mvp,2026-09-28
MP_062,MP,Indore,temperature_c,72,NCEP GFS,0.188926,inverse_error_mvp,2026-09-28
MP_062,MP,Indore,temperature_c,72,GFS ENSEMBLE,0.273253,inverse_error_mvp,2026-09-28
MP_062,MP,Indore,temperature_c,72,AIFS,0.298604,inverse_error_mvp,2026-09-28
MP_062,MP,Indore,temperature_c,72,IFS,0.239217,inverse_error_mvp,2026-09-28
MP_062,MP,Indore,wind_speed_kmh,72,NCEP GFS,0.227666,inverse_error_mvp,2026-09-28
MP_062,MP,Indore,wind_speed_kmh,72,GFS ENSEMBLE,0.238902,inverse_error_mvp,2026-09-28
MP_062,MP,Indore,wind_speed_kmh,72,AIFS,0.249052,inverse_error_mvp,2026-09-28
MP_062,MP,Indore,wind_speed_kmh,72,IFS,0.28438,inverse_error_mvp,2026-09-28
MP_063,MP,Gwalior,rainfall_mm,24,NCEP GFS,0.178224,inverse_error_mvp,2026-09-28
MP_063,MP,Gwalior,rainfall_mm,24,GFS ENSEMBLE,0.217504,inverse_error_mvp,2026-09-28
MP_063,MP,Gwalior,rainfall_mm,24,AIFS,0.297605,inverse_error_mvp,2026-09-28
MP_063,MP,Gwalior,rainfall_mm,24,IFS,0.306666,inverse_error_mvp,2026-09-28
MP_063,MP,Gwalior,temperature_c,24,NCEP GFS,0.161159,inverse_error_mvp,2026-09-28
MP_063,MP,Gwalior,temperature_c,24,GFS ENSEMBLE,0.225709,inverse_error_mvp,2026-09-28
MP_063,MP,Gwalior,temperature_c,24,AIFS,0.317801,inverse_error_mvp,2026-09-28
MP_063,MP,Gwalior,temperature_c,24,IFS,0.295331,inverse_error_mvp,2026-09-28
MP_063,MP,Gwalior,wind_speed_kmh,24,NCEP GFS,0.183148,inverse_error_mvp,2026-09-28
MP_063,MP,Gwalior,wind_speed_kmh,24,GFS ENSEMBLE,0.252482,inverse_error_mvp,2026-09-28
MP_063,MP,Gwalior,wind_speed_kmh,24,AIFS,0.223943,inverse_error_mvp,2026-09-28
MP_063,MP,Gwalior,wind_speed_kmh,24,IFS,0.340427,inverse_error_mvp,2026-09-28
MP_063,MP,Gwalior,rainfall_mm,48,NCEP GFS,0.216554,inverse_error_mvp,2026-09-28
MP_063,MP,Gwalior,rainfall_mm,48,GFS ENSEMBLE,0.338447,inverse_error_mvp,2026-09-28
MP_063,MP,Gwalior,rainfall_mm,48,AIFS,0.184776,inverse_error_mvp,2026-09-28
MP_063,MP,Gwalior,rainfall_mm,48,IFS,0.260223,inverse_error_mvp,2026-09-28
MP_063,MP,Gwalior,temperature_c,48,NCEP GFS,0.177825,inverse_error_mvp,2026-09-28
MP_063,MP,Gwalior,temperature_c,48,GFS ENSEMBLE,0.250548,inverse_error_mvp,2026-09-28
MP_063,MP,Gwalior,temperature_c,48,AIFS,0.316093,inverse_error_mvp,2026-09-28
MP_063,MP,Gwalior,temperature_c,48,IFS,0.255534,inverse_error_mvp,2026-09-28
MP_063,MP,Gwalior,wind_speed_kmh,48,NCEP GFS,0.223666,inverse_error_mvp,2026-09-28
MP_063,MP,Gwalior,wind_speed_kmh,48,GFS ENSEMBLE,0.252742,inverse_error_mvp,2026-09-28
MP_063,MP,Gwalior,wind_speed_kmh,48,AIFS,0.275387,inverse_error_mvp,2026-09-28
MP_063,MP,Gwalior,wind_speed_kmh,48,IFS,0.248205,inverse_error_mvp,2026-09-28
MP_063,MP,Gwalior,rainfall_mm,72,NCEP GFS,0.154836,inverse_error_mvp,2026-09-28
MP_063,MP,Gwalior,rainfall_mm,72,GFS ENSEMBLE,0.231545,inverse_error_mvp,2026-09-28
MP_063,MP,Gwalior,rainfall_mm,72,AIFS,0.282811,inverse_error_mvp,2026-09-28
MP_063,MP,Gwalior,rainfall_mm,72,IFS,0.330808,inverse_error_mvp,2026-09-28
MP_063,MP,Gwalior,temperature_c,72,NCEP GFS,0.18508,inverse_error_mvp,2026-09-28
MP_063,MP,Gwalior,temperature_c,72,GFS ENSEMBLE,0.249401,inverse_error_mvp,2026-09-28
MP_063,MP,Gwalior,temperature_c,72,AIFS,0.273907,inverse_error_mvp,2026-09-28
MP_063,MP,Gwalior,temperature_c,72,IFS,0.291611,inverse_error_mvp,2026-09-28
MP_063,MP,Gwalior,wind_speed_kmh,72,NCEP GFS,0.17981,inverse_error_mvp,2026-09-28
MP_063,MP,Gwalior,wind_speed_kmh,72,GFS ENSEMBLE,0.287156,inverse_error_mvp,2026-09-28
MP_063,MP,Gwalior,wind_speed_kmh,72,AIFS,0.271668,inverse_error_mvp,2026-09-28
MP_063,MP,Gwalior,wind_speed_kmh,72,IFS,0.261366,inverse_error_mvp,2026-09-28
MP_064,MP,Jabalpur,rainfall_mm,24,NCEP GFS,0.218519,inverse_error_mvp,2026-09-28
MP_064,MP,Jabalpur,rainfall_mm,24,GFS ENSEMBLE,0.260264,inverse_error_mvp,2026-09-28
MP_064,MP,Jabalpur,rainfall_mm,24,AIFS,0.295219,inverse_error_mvp,2026-09-28
MP_064,MP,Jabalpur,rainfall_mm,24,IFS,0.225997,inverse_error_mvp,2026-09-28
MP_064,MP,Jabalpur,temperature_c,24,NCEP GFS,0.201909,inverse_error_mvp,2026-09-28
MP_064,MP,Jabalpur,temperature_c,24,GFS ENSEMBLE,0.255449,inverse_error_mvp,2026-09-28
MP_064,MP,Jabalpur,temperature_c,24,AIFS,0.281952,inverse_error_mvp,2026-09-28
MP_064,MP,Jabalpur,temperature_c,24,IFS,0.260691,inverse_error_mvp,2026-09-28
MP_064,MP,Jabalpur,wind_speed_kmh,24,NCEP GFS,0.167283,inverse_error_mvp,2026-09-28
MP_064,MP,Jabalpur,wind_speed_kmh,24,GFS ENSEMBLE,0.243609,inverse_error_mvp,2026-09-28
MP_064,MP,Jabalpur,wind_speed_kmh,24,AIFS,0.283533,inverse_error_mvp,2026-09-28
MP_064,MP,Jabalpur,wind_speed_kmh,24,IFS,0.305576,inverse_error_mvp,2026-09-28
MP_064,MP,Jabalpur,rainfall_mm,48,NCEP GFS,0.180005,inverse_error_mvp,2026-09-28
MP_064,MP,Jabalpur,rainfall_mm,48,GFS ENSEMBLE,0.33127,inverse_error_mvp,2026-09-28
MP_064,MP,Jabalpur,rainfall_mm,48,AIFS,0.261895,inverse_error_mvp,2026-09-28
MP_064,MP,Jabalpur,rainfall_mm,48,IFS,0.22683,inverse_error_mvp,2026-09-28
MP_064,MP,Jabalpur,temperature_c,48,NCEP GFS,0.167098,inverse_error_mvp,2026-09-28
MP_064,MP,Jabalpur,temperature_c,48,GFS ENSEMBLE,0.252924,inverse_error_mvp,2026-09-28
MP_064,MP,Jabalpur,temperature_c,48,AIFS,0.288576,inverse_error_mvp,2026-09-28
MP_064,MP,Jabalpur,temperature_c,48,IFS,0.291401,inverse_error_mvp,2026-09-28
MP_064,MP,Jabalpur,wind_speed_kmh,48,NCEP GFS,0.174043,inverse_error_mvp,2026-09-28
MP_064,MP,Jabalpur,wind_speed_kmh,48,GFS ENSEMBLE,0.259996,inverse_error_mvp,2026-09-28
MP_064,MP,Jabalpur,wind_speed_kmh,48,AIFS,0.297424,inverse_error_mvp,2026-09-28
MP_064,MP,Jabalpur,wind_speed_kmh,48,IFS,0.268536,inverse_error_mvp,2026-09-28
MP_064,MP,Jabalpur,rainfall_mm,72,NCEP GFS,0.241567,inverse_error_mvp,2026-09-28
MP_064,MP,Jabalpur,rainfall_mm,72,GFS ENSEMBLE,0.356789,inverse_error_mvp,2026-09-28
MP_064,MP,Jabalpur,rainfall_mm,72,AIFS,0.217692,inverse_error_mvp,2026-09-28
MP_064,MP,Jabalpur,rainfall_mm,72,IFS,0.183952,inverse_error_mvp,2026-09-28
MP_064,MP,Jabalpur,temperature_c,72,NCEP GFS,0.177533,inverse_error_mvp,2026-09-28
MP_064,MP,Jabalpur,temperature_c,72,GFS ENSEMBLE,0.224293,inverse_error_mvp,2026-09-28
MP_064,MP,Jabalpur,temperature_c,72,AIFS,0.295625,inverse_error_mvp,2026-09-28
MP_064,MP,Jabalpur,temperature_c,72,IFS,0.302549,inverse_error_mvp,2026-09-28
MP_064,MP,Jabalpur,wind_speed_kmh,72,NCEP GFS,0.194302,inverse_error_mvp,2026-09-28
MP_064,MP,Jabalpur,wind_speed_kmh,72,GFS ENSEMBLE,0.260478,inverse_error_mvp,2026-09-28
MP_064,MP,Jabalpur,wind_speed_kmh,72,AIFS,0.279482,inverse_error_mvp,2026-09-28
MP_064,MP,Jabalpur,wind_speed_kmh,72,IFS,0.265737,inverse_error_mvp,2026-09-28
MP_065,MP,Ujjain,rainfall_mm,24,NCEP GFS,0.221067,inverse_error_mvp,2026-09-28
MP_065,MP,Ujjain,rainfall_mm,24,GFS ENSEMBLE,0.275122,inverse_error_mvp,2026-09-28
MP_065,MP,Ujjain,rainfall_mm,24,AIFS,0.253031,inverse_error_mvp,2026-09-28
MP_065,MP,Ujjain,rainfall_mm,24,IFS,0.25078,inverse_error_mvp,2026-09-28
MP_065,MP,Ujjain,temperature_c,24,NCEP GFS,0.166453,inverse_error_mvp,2026-09-28
MP_065,MP,Ujjain,temperature_c,24,GFS ENSEMBLE,0.20493,inverse_error_mvp,2026-09-28
MP_065,MP,Ujjain,temperature_c,24,AIFS,0.355516,inverse_error_mvp,2026-09-28
MP_065,MP,Ujjain,temperature_c,24,IFS,0.273101,inverse_error_mvp,2026-09-28
MP_065,MP,Ujjain,wind_speed_kmh,24,NCEP GFS,0.218752,inverse_error_mvp,2026-09-28
MP_065,MP,Ujjain,wind_speed_kmh,24,GFS ENSEMBLE,0.242041,inverse_error_mvp,2026-09-28
MP_065,MP,Ujjain,wind_speed_kmh,24,AIFS,0.260211,inverse_error_mvp,2026-09-28
MP_065,MP,Ujjain,wind_speed_kmh,24,IFS,0.278995,inverse_error_mvp,2026-09-28
MP_065,MP,Ujjain,rainfall_mm,48,NCEP GFS,0.241646,inverse_error_mvp,2026-09-28
MP_065,MP,Ujjain,rainfall_mm,48,GFS ENSEMBLE,0.216519,inverse_error_mvp,2026-09-28
MP_065,MP,Ujjain,rainfall_mm,48,AIFS,0.269976,inverse_error_mvp,2026-09-28
MP_065,MP,Ujjain,rainfall_mm,48,IFS,0.271859,inverse_error_mvp,2026-09-28
MP_065,MP,Ujjain,temperature_c,48,NCEP GFS,0.212819,inverse_error_mvp,2026-09-28
MP_065,MP,Ujjain,temperature_c,48,GFS ENSEMBLE,0.243385,inverse_error_mvp,2026-09-28
MP_065,MP,Ujjain,temperature_c,48,AIFS,0.251019,inverse_error_mvp,2026-09-28
MP_065,MP,Ujjain,temperature_c,48,IFS,0.292776,inverse_error_mvp,2026-09-28
MP_065,MP,Ujjain,wind_speed_kmh,48,NCEP GFS,0.188571,inverse_error_mvp,2026-09-28
MP_065,MP,Ujjain,wind_speed_kmh,48,GFS ENSEMBLE,0.262078,inverse_error_mvp,2026-09-28
MP_065,MP,Ujjain,wind_speed_kmh,48,AIFS,0.27736,inverse_error_mvp,2026-09-28
MP_065,MP,Ujjain,wind_speed_kmh,48,IFS,0.27199,inverse_error_mvp,2026-09-28
MP_065,MP,Ujjain,rainfall_mm,72,NCEP GFS,0.230282,inverse_error_mvp,2026-09-28
MP_065,MP,Ujjain,rainfall_mm,72,GFS ENSEMBLE,0.224791,inverse_error_mvp,2026-09-28
MP_065,MP,Ujjain,rainfall_mm,72,AIFS,0.294612,inverse_error_mvp,2026-09-28
MP_065,MP,Ujjain,rainfall_mm,72,IFS,0.250315,inverse_error_mvp,2026-09-28
MP_065,MP,Ujjain,temperature_c,72,NCEP GFS,0.151063,inverse_error_mvp,2026-09-28
MP_065,MP,Ujjain,temperature_c,72,GFS ENSEMBLE,0.277492,inverse_error_mvp,2026-09-28
MP_065,MP,Ujjain,temperature_c,72,AIFS,0.323769,inverse_error_mvp,2026-09-28
MP_065,MP,Ujjain,temperature_c,72,IFS,0.247675,inverse_error_mvp,2026-09-28
MP_065,MP,Ujjain,wind_speed_kmh,72,NCEP GFS,0.208502,inverse_error_mvp,2026-09-28
MP_065,MP,Ujjain,wind_speed_kmh,72,GFS ENSEMBLE,0.209041,inverse_error_mvp,2026-09-28
MP_065,MP,Ujjain,wind_speed_kmh,72,AIFS,0.322239,inverse_error_mvp,2026-09-28
MP_065,MP,Ujjain,wind_speed_kmh,72,IFS,0.260218,inverse_error_mvp,2026-09-28
MH_066,MH,Mumbai,rainfall_mm,24,NCEP GFS,0.194478,inverse_error_mvp,2026-09-28
MH_066,MH,Mumbai,rainfall_mm,24,GFS ENSEMBLE,0.224242,inverse_error_mvp,2026-09-28
MH_066,MH,Mumbai,rainfall_mm,24,AIFS,0.356236,inverse_error_mvp,2026-09-28
MH_066,MH,Mumbai,rainfall_mm,24,IFS,0.225044,inverse_error_mvp,2026-09-28
MH_066,MH,Mumbai,temperature_c,24,NCEP GFS,0.203028,inverse_error_mvp,2026-09-28
MH_066,MH,Mumbai,temperature_c,24,GFS ENSEMBLE,0.281142,inverse_error_mvp,2026-09-28
MH_066,MH,Mumbai,temperature_c,24,AIFS,0.259668,inverse_error_mvp,2026-09-28
MH_066,MH,Mumbai,temperature_c,24,IFS,0.256161,inverse_error_mvp,2026-09-28
MH_066,MH,Mumbai,wind_speed_kmh,24,NCEP GFS,0.240493,inverse_error_mvp,2026-09-28
MH_066,MH,Mumbai,wind_speed_kmh,24,GFS ENSEMBLE,0.270516,inverse_error_mvp,2026-09-28
MH_066,MH,Mumbai,wind_speed_kmh,24,AIFS,0.225801,inverse_error_mvp,2026-09-28
MH_066,MH,Mumbai,wind_speed_kmh,24,IFS,0.263191,inverse_error_mvp,2026-09-28
MH_066,MH,Mumbai,rainfall_mm,48,NCEP GFS,0.176689,inverse_error_mvp,2026-09-28
MH_066,MH,Mumbai,rainfall_mm,48,GFS ENSEMBLE,0.361186,inverse_error_mvp,2026-09-28
MH_066,MH,Mumbai,rainfall_mm,48,AIFS,0.281311,inverse_error_mvp,2026-09-28
MH_066,MH,Mumbai,rainfall_mm,48,IFS,0.180814,inverse_error_mvp,2026-09-28
MH_066,MH,Mumbai,temperature_c,48,NCEP GFS,0.191524,inverse_error_mvp,2026-09-28
MH_066,MH,Mumbai,temperature_c,48,GFS ENSEMBLE,0.227277,inverse_error_mvp,2026-09-28
MH_066,MH,Mumbai,temperature_c,48,AIFS,0.31385,inverse_error_mvp,2026-09-28
MH_066,MH,Mumbai,temperature_c,48,IFS,0.26735,inverse_error_mvp,2026-09-28
MH_066,MH,Mumbai,wind_speed_kmh,48,NCEP GFS,0.208942,inverse_error_mvp,2026-09-28
MH_066,MH,Mumbai,wind_speed_kmh,48,GFS ENSEMBLE,0.212878,inverse_error_mvp,2026-09-28
MH_066,MH,Mumbai,wind_speed_kmh,48,AIFS,0.325508,inverse_error_mvp,2026-09-28
MH_066,MH,Mumbai,wind_speed_kmh,48,IFS,0.252672,inverse_error_mvp,2026-09-28
MH_066,MH,Mumbai,rainfall_mm,72,NCEP GFS,0.2793,inverse_error_mvp,2026-09-28
MH_066,MH,Mumbai,rainfall_mm,72,GFS ENSEMBLE,0.211159,inverse_error_mvp,2026-09-28
MH_066,MH,Mumbai,rainfall_mm,72,AIFS,0.232992,inverse_error_mvp,2026-09-28
MH_066,MH,Mumbai,rainfall_mm,72,IFS,0.27655,inverse_error_mvp,2026-09-28
MH_066,MH,Mumbai,temperature_c,72,NCEP GFS,0.232142,inverse_error_mvp,2026-09-28
MH_066,MH,Mumbai,temperature_c,72,GFS ENSEMBLE,0.281387,inverse_error_mvp,2026-09-28
MH_066,MH,Mumbai,temperature_c,72,AIFS,0.209811,inverse_error_mvp,2026-09-28
MH_066,MH,Mumbai,temperature_c,72,IFS,0.27666,inverse_error_mvp,2026-09-28
MH_066,MH,Mumbai,wind_speed_kmh,72,NCEP GFS,0.196424,inverse_error_mvp,2026-09-28
MH_066,MH,Mumbai,wind_speed_kmh,72,GFS ENSEMBLE,0.233514,inverse_error_mvp,2026-09-28
MH_066,MH,Mumbai,wind_speed_kmh,72,AIFS,0.337277,inverse_error_mvp,2026-09-28
MH_066,MH,Mumbai,wind_speed_kmh,72,IFS,0.232785,inverse_error_mvp,2026-09-28
MH_067,MH,Pune,rainfall_mm,24,NCEP GFS,0.127939,inverse_error_mvp,2026-09-28
MH_067,MH,Pune,rainfall_mm,24,GFS ENSEMBLE,0.132844,inverse_error_mvp,2026-09-28
MH_067,MH,Pune,rainfall_mm,24,AIFS,0.307698,inverse_error_mvp,2026-09-28
MH_067,MH,Pune,rainfall_mm,24,IFS,0.431519,inverse_error_mvp,2026-09-28
MH_067,MH,Pune,temperature_c,24,NCEP GFS,0.224137,inverse_error_mvp,2026-09-28
MH_067,MH,Pune,temperature_c,24,GFS ENSEMBLE,0.255007,inverse_error_mvp,2026-09-28
MH_067,MH,Pune,temperature_c,24,AIFS,0.26026,inverse_error_mvp,2026-09-28
MH_067,MH,Pune,temperature_c,24,IFS,0.260597,inverse_error_mvp,2026-09-28
MH_067,MH,Pune,wind_speed_kmh,24,NCEP GFS,0.215339,inverse_error_mvp,2026-09-28
MH_067,MH,Pune,wind_speed_kmh,24,GFS ENSEMBLE,0.223588,inverse_error_mvp,2026-09-28
MH_067,MH,Pune,wind_speed_kmh,24,AIFS,0.363431,inverse_error_mvp,2026-09-28
MH_067,MH,Pune,wind_speed_kmh,24,IFS,0.197642,inverse_error_mvp,2026-09-28
MH_067,MH,Pune,rainfall_mm,48,NCEP GFS,0.235196,inverse_error_mvp,2026-09-28
MH_067,MH,Pune,rainfall_mm,48,GFS ENSEMBLE,0.234029,inverse_error_mvp,2026-09-28
MH_067,MH,Pune,rainfall_mm,48,AIFS,0.195831,inverse_error_mvp,2026-09-28
MH_067,MH,Pune,rainfall_mm,48,IFS,0.334943,inverse_error_mvp,2026-09-28
MH_067,MH,Pune,temperature_c,48,NCEP GFS,0.179566,inverse_error_mvp,2026-09-28
MH_067,MH,Pune,temperature_c,48,GFS ENSEMBLE,0.275859,inverse_error_mvp,2026-09-28
MH_067,MH,Pune,temperature_c,48,AIFS,0.285165,inverse_error_mvp,2026-09-28
MH_067,MH,Pune,temperature_c,48,IFS,0.25941,inverse_error_mvp,2026-09-28
MH_067,MH,Pune,wind_speed_kmh,48,NCEP GFS,0.217178,inverse_error_mvp,2026-09-28
MH_067,MH,Pune,wind_speed_kmh,48,GFS ENSEMBLE,0.27925,inverse_error_mvp,2026-09-28
MH_067,MH,Pune,wind_speed_kmh,48,AIFS,0.253818,inverse_error_mvp,2026-09-28
MH_067,MH,Pune,wind_speed_kmh,48,IFS,0.249754,inverse_error_mvp,2026-09-28
MH_067,MH,Pune,rainfall_mm,72,NCEP GFS,0.203357,inverse_error_mvp,2026-09-28
MH_067,MH,Pune,rainfall_mm,72,GFS ENSEMBLE,0.217538,inverse_error_mvp,2026-09-28
MH_067,MH,Pune,rainfall_mm,72,AIFS,0.356049,inverse_error_mvp,2026-09-28
MH_067,MH,Pune,rainfall_mm,72,IFS,0.223056,inverse_error_mvp,2026-09-28
MH_067,MH,Pune,temperature_c,72,NCEP GFS,0.173711,inverse_error_mvp,2026-09-28
MH_067,MH,Pune,temperature_c,72,GFS ENSEMBLE,0.233074,inverse_error_mvp,2026-09-28
MH_067,MH,Pune,temperature_c,72,AIFS,0.26411,inverse_error_mvp,2026-09-28
MH_067,MH,Pune,temperature_c,72,IFS,0.329105,inverse_error_mvp,2026-09-28
MH_067,MH,Pune,wind_speed_kmh,72,NCEP GFS,0.179698,inverse_error_mvp,2026-09-28
MH_067,MH,Pune,wind_speed_kmh,72,GFS ENSEMBLE,0.335618,inverse_error_mvp,2026-09-28
MH_067,MH,Pune,wind_speed_kmh,72,AIFS,0.241375,inverse_error_mvp,2026-09-28
MH_067,MH,Pune,wind_speed_kmh,72,IFS,0.243309,inverse_error_mvp,2026-09-28
MH_068,MH,Nagpur,rainfall_mm,24,NCEP GFS,0.253843,inverse_error_mvp,2026-09-28
MH_068,MH,Nagpur,rainfall_mm,24,GFS ENSEMBLE,0.227057,inverse_error_mvp,2026-09-28
MH_068,MH,Nagpur,rainfall_mm,24,AIFS,0.265567,inverse_error_mvp,2026-09-28
MH_068,MH,Nagpur,rainfall_mm,24,IFS,0.253533,inverse_error_mvp,2026-09-28
MH_068,MH,Nagpur,temperature_c,24,NCEP GFS,0.197714,inverse_error_mvp,2026-09-28
MH_068,MH,Nagpur,temperature_c,24,GFS ENSEMBLE,0.27183,inverse_error_mvp,2026-09-28
MH_068,MH,Nagpur,temperature_c,24,AIFS,0.310619,inverse_error_mvp,2026-09-28
MH_068,MH,Nagpur,temperature_c,24,IFS,0.219836,inverse_error_mvp,2026-09-28
MH_068,MH,Nagpur,wind_speed_kmh,24,NCEP GFS,0.168052,inverse_error_mvp,2026-09-28
MH_068,MH,Nagpur,wind_speed_kmh,24,GFS ENSEMBLE,0.293443,inverse_error_mvp,2026-09-28
MH_068,MH,Nagpur,wind_speed_kmh,24,AIFS,0.299248,inverse_error_mvp,2026-09-28
MH_068,MH,Nagpur,wind_speed_kmh,24,IFS,0.239257,inverse_error_mvp,2026-09-28
MH_068,MH,Nagpur,rainfall_mm,48,NCEP GFS,0.176175,inverse_error_mvp,2026-09-28
MH_068,MH,Nagpur,rainfall_mm,48,GFS ENSEMBLE,0.374339,inverse_error_mvp,2026-09-28
MH_068,MH,Nagpur,rainfall_mm,48,AIFS,0.230249,inverse_error_mvp,2026-09-28
MH_068,MH,Nagpur,rainfall_mm,48,IFS,0.219236,inverse_error_mvp,2026-09-28
MH_068,MH,Nagpur,temperature_c,48,NCEP GFS,0.212142,inverse_error_mvp,2026-09-28
MH_068,MH,Nagpur,temperature_c,48,GFS ENSEMBLE,0.218608,inverse_error_mvp,2026-09-28
MH_068,MH,Nagpur,temperature_c,48,AIFS,0.29252,inverse_error_mvp,2026-09-28
MH_068,MH,Nagpur,temperature_c,48,IFS,0.276731,inverse_error_mvp,2026-09-28
MH_068,MH,Nagpur,wind_speed_kmh,48,NCEP GFS,0.164652,inverse_error_mvp,2026-09-28
MH_068,MH,Nagpur,wind_speed_kmh,48,GFS ENSEMBLE,0.247196,inverse_error_mvp,2026-09-28
MH_068,MH,Nagpur,wind_speed_kmh,48,AIFS,0.294972,inverse_error_mvp,2026-09-28
MH_068,MH,Nagpur,wind_speed_kmh,48,IFS,0.29318,inverse_error_mvp,2026-09-28
MH_068,MH,Nagpur,rainfall_mm,72,NCEP GFS,0.255003,inverse_error_mvp,2026-09-28
MH_068,MH,Nagpur,rainfall_mm,72,GFS ENSEMBLE,0.238013,inverse_error_mvp,2026-09-28
MH_068,MH,Nagpur,rainfall_mm,72,AIFS,0.294717,inverse_error_mvp,2026-09-28
MH_068,MH,Nagpur,rainfall_mm,72,IFS,0.212268,inverse_error_mvp,2026-09-28
MH_068,MH,Nagpur,temperature_c,72,NCEP GFS,0.190994,inverse_error_mvp,2026-09-28
MH_068,MH,Nagpur,temperature_c,72,GFS ENSEMBLE,0.207519,inverse_error_mvp,2026-09-28
MH_068,MH,Nagpur,temperature_c,72,AIFS,0.325891,inverse_error_mvp,2026-09-28
MH_068,MH,Nagpur,temperature_c,72,IFS,0.275596,inverse_error_mvp,2026-09-28
MH_068,MH,Nagpur,wind_speed_kmh,72,NCEP GFS,0.171359,inverse_error_mvp,2026-09-28
MH_068,MH,Nagpur,wind_speed_kmh,72,GFS ENSEMBLE,0.300189,inverse_error_mvp,2026-09-28
MH_068,MH,Nagpur,wind_speed_kmh,72,AIFS,0.303895,inverse_error_mvp,2026-09-28
MH_068,MH,Nagpur,wind_speed_kmh,72,IFS,0.224557,inverse_error_mvp,2026-09-28
MH_069,MH,Nashik,rainfall_mm,24,NCEP GFS,0.203364,inverse_error_mvp,2026-09-28
MH_069,MH,Nashik,rainfall_mm,24,GFS ENSEMBLE,0.295118,inverse_error_mvp,2026-09-28
MH_069,MH,Nashik,rainfall_mm,24,AIFS,0.231971,inverse_error_mvp,2026-09-28
MH_069,MH,Nashik,rainfall_mm,24,IFS,0.269548,inverse_error_mvp,2026-09-28
MH_069,MH,Nashik,temperature_c,24,NCEP GFS,0.157952,inverse_error_mvp,2026-09-28
MH_069,MH,Nashik,temperature_c,24,GFS ENSEMBLE,0.20523,inverse_error_mvp,2026-09-28
MH_069,MH,Nashik,temperature_c,24,AIFS,0.338456,inverse_error_mvp,2026-09-28
MH_069,MH,Nashik,temperature_c,24,IFS,0.298362,inverse_error_mvp,2026-09-28
MH_069,MH,Nashik,wind_speed_kmh,24,NCEP GFS,0.207211,inverse_error_mvp,2026-09-28
MH_069,MH,Nashik,wind_speed_kmh,24,GFS ENSEMBLE,0.215203,inverse_error_mvp,2026-09-28
MH_069,MH,Nashik,wind_speed_kmh,24,AIFS,0.313872,inverse_error_mvp,2026-09-28
MH_069,MH,Nashik,wind_speed_kmh,24,IFS,0.263714,inverse_error_mvp,2026-09-28
MH_069,MH,Nashik,rainfall_mm,48,NCEP GFS,0.161158,inverse_error_mvp,2026-09-28
MH_069,MH,Nashik,rainfall_mm,48,GFS ENSEMBLE,0.237249,inverse_error_mvp,2026-09-28
MH_069,MH,Nashik,rainfall_mm,48,AIFS,0.300916,inverse_error_mvp,2026-09-28
MH_069,MH,Nashik,rainfall_mm,48,IFS,0.300678,inverse_error_mvp,2026-09-28
MH_069,MH,Nashik,temperature_c,48,NCEP GFS,0.194553,inverse_error_mvp,2026-09-28
MH_069,MH,Nashik,temperature_c,48,GFS ENSEMBLE,0.305972,inverse_error_mvp,2026-09-28
MH_069,MH,Nashik,temperature_c,48,AIFS,0.282768,inverse_error_mvp,2026-09-28
MH_069,MH,Nashik,temperature_c,48,IFS,0.216708,inverse_error_mvp,2026-09-28
MH_069,MH,Nashik,wind_speed_kmh,48,NCEP GFS,0.197406,inverse_error_mvp,2026-09-28
MH_069,MH,Nashik,wind_speed_kmh,48,GFS ENSEMBLE,0.216835,inverse_error_mvp,2026-09-28
MH_069,MH,Nashik,wind_speed_kmh,48,AIFS,0.260356,inverse_error_mvp,2026-09-28
MH_069,MH,Nashik,wind_speed_kmh,48,IFS,0.325403,inverse_error_mvp,2026-09-28
MH_069,MH,Nashik,rainfall_mm,72,NCEP GFS,0.209522,inverse_error_mvp,2026-09-28
MH_069,MH,Nashik,rainfall_mm,72,GFS ENSEMBLE,0.244719,inverse_error_mvp,2026-09-28
MH_069,MH,Nashik,rainfall_mm,72,AIFS,0.291092,inverse_error_mvp,2026-09-28
MH_069,MH,Nashik,rainfall_mm,72,IFS,0.254666,inverse_error_mvp,2026-09-28
MH_069,MH,Nashik,temperature_c,72,NCEP GFS,0.145858,inverse_error_mvp,2026-09-28
MH_069,MH,Nashik,temperature_c,72,GFS ENSEMBLE,0.266008,inverse_error_mvp,2026-09-28
MH_069,MH,Nashik,temperature_c,72,AIFS,0.293914,inverse_error_mvp,2026-09-28
MH_069,MH,Nashik,temperature_c,72,IFS,0.29422,inverse_error_mvp,2026-09-28
MH_069,MH,Nashik,wind_speed_kmh,72,NCEP GFS,0.210196,inverse_error_mvp,2026-09-28
MH_069,MH,Nashik,wind_speed_kmh,72,GFS ENSEMBLE,0.266207,inverse_error_mvp,2026-09-28
MH_069,MH,Nashik,wind_speed_kmh,72,AIFS,0.295474,inverse_error_mvp,2026-09-28
MH_069,MH,Nashik,wind_speed_kmh,72,IFS,0.228123,inverse_error_mvp,2026-09-28
MH_070,MH,Chhatrapati Sambhajinagar,rainfall_mm,24,NCEP GFS,0.150779,inverse_error_mvp,2026-09-28
MH_070,MH,Chhatrapati Sambhajinagar,rainfall_mm,24,GFS ENSEMBLE,0.264705,inverse_error_mvp,2026-09-28
MH_070,MH,Chhatrapati Sambhajinagar,rainfall_mm,24,AIFS,0.327028,inverse_error_mvp,2026-09-28
MH_070,MH,Chhatrapati Sambhajinagar,rainfall_mm,24,IFS,0.257487,inverse_error_mvp,2026-09-28
MH_070,MH,Chhatrapati Sambhajinagar,temperature_c,24,NCEP GFS,0.19273,inverse_error_mvp,2026-09-28
MH_070,MH,Chhatrapati Sambhajinagar,temperature_c,24,GFS ENSEMBLE,0.329614,inverse_error_mvp,2026-09-28
MH_070,MH,Chhatrapati Sambhajinagar,temperature_c,24,AIFS,0.237876,inverse_error_mvp,2026-09-28
MH_070,MH,Chhatrapati Sambhajinagar,temperature_c,24,IFS,0.23978,inverse_error_mvp,2026-09-28
MH_070,MH,Chhatrapati Sambhajinagar,wind_speed_kmh,24,NCEP GFS,0.178454,inverse_error_mvp,2026-09-28
MH_070,MH,Chhatrapati Sambhajinagar,wind_speed_kmh,24,GFS ENSEMBLE,0.230777,inverse_error_mvp,2026-09-28
MH_070,MH,Chhatrapati Sambhajinagar,wind_speed_kmh,24,AIFS,0.312036,inverse_error_mvp,2026-09-28
MH_070,MH,Chhatrapati Sambhajinagar,wind_speed_kmh,24,IFS,0.278733,inverse_error_mvp,2026-09-28
MH_070,MH,Chhatrapati Sambhajinagar,rainfall_mm,48,NCEP GFS,0.123639,inverse_error_mvp,2026-09-28
MH_070,MH,Chhatrapati Sambhajinagar,rainfall_mm,48,GFS ENSEMBLE,0.273368,inverse_error_mvp,2026-09-28
MH_070,MH,Chhatrapati Sambhajinagar,rainfall_mm,48,AIFS,0.434881,inverse_error_mvp,2026-09-28
MH_070,MH,Chhatrapati Sambhajinagar,rainfall_mm,48,IFS,0.168113,inverse_error_mvp,2026-09-28
MH_070,MH,Chhatrapati Sambhajinagar,temperature_c,48,NCEP GFS,0.169156,inverse_error_mvp,2026-09-28
MH_070,MH,Chhatrapati Sambhajinagar,temperature_c,48,GFS ENSEMBLE,0.271596,inverse_error_mvp,2026-09-28
MH_070,MH,Chhatrapati Sambhajinagar,temperature_c,48,AIFS,0.241289,inverse_error_mvp,2026-09-28
MH_070,MH,Chhatrapati Sambhajinagar,temperature_c,48,IFS,0.31796,inverse_error_mvp,2026-09-28
MH_070,MH,Chhatrapati Sambhajinagar,wind_speed_kmh,48,NCEP GFS,0.253226,inverse_error_mvp,2026-09-28
MH_070,MH,Chhatrapati Sambhajinagar,wind_speed_kmh,48,GFS ENSEMBLE,0.249349,inverse_error_mvp,2026-09-28
MH_070,MH,Chhatrapati Sambhajinagar,wind_speed_kmh,48,AIFS,0.248692,inverse_error_mvp,2026-09-28
MH_070,MH,Chhatrapati Sambhajinagar,wind_speed_kmh,48,IFS,0.248733,inverse_error_mvp,2026-09-28
MH_070,MH,Chhatrapati Sambhajinagar,rainfall_mm,72,NCEP GFS,0.345027,inverse_error_mvp,2026-09-28
MH_070,MH,Chhatrapati Sambhajinagar,rainfall_mm,72,GFS ENSEMBLE,0.175542,inverse_error_mvp,2026-09-28
MH_070,MH,Chhatrapati Sambhajinagar,rainfall_mm,72,AIFS,0.194203,inverse_error_mvp,2026-09-28
MH_070,MH,Chhatrapati Sambhajinagar,rainfall_mm,72,IFS,0.285228,inverse_error_mvp,2026-09-28
MH_070,MH,Chhatrapati Sambhajinagar,temperature_c,72,NCEP GFS,0.169735,inverse_error_mvp,2026-09-28
MH_070,MH,Chhatrapati Sambhajinagar,temperature_c,72,GFS ENSEMBLE,0.325084,inverse_error_mvp,2026-09-28
MH_070,MH,Chhatrapati Sambhajinagar,temperature_c,72,AIFS,0.255985,inverse_error_mvp,2026-09-28
MH_070,MH,Chhatrapati Sambhajinagar,temperature_c,72,IFS,0.249196,inverse_error_mvp,2026-09-28
MH_070,MH,Chhatrapati Sambhajinagar,wind_speed_kmh,72,NCEP GFS,0.207804,inverse_error_mvp,2026-09-28
MH_070,MH,Chhatrapati Sambhajinagar,wind_speed_kmh,72,GFS ENSEMBLE,0.299639,inverse_error_mvp,2026-09-28
MH_070,MH,Chhatrapati Sambhajinagar,wind_speed_kmh,72,AIFS,0.273764,inverse_error_mvp,2026-09-28
MH_070,MH,Chhatrapati Sambhajinagar,wind_speed_kmh,72,IFS,0.218793,inverse_error_mvp,2026-09-28
MN_071,MN,Imphal,rainfall_mm,24,NCEP GFS,0.179248,inverse_error_mvp,2026-09-28
MN_071,MN,Imphal,rainfall_mm,24,GFS ENSEMBLE,0.346046,inverse_error_mvp,2026-09-28
MN_071,MN,Imphal,rainfall_mm,24,AIFS,0.251232,inverse_error_mvp,2026-09-28
MN_071,MN,Imphal,rainfall_mm,24,IFS,0.223474,inverse_error_mvp,2026-09-28
MN_071,MN,Imphal,temperature_c,24,NCEP GFS,0.17625,inverse_error_mvp,2026-09-28
MN_071,MN,Imphal,temperature_c,24,GFS ENSEMBLE,0.235207,inverse_error_mvp,2026-09-28
MN_071,MN,Imphal,temperature_c,24,AIFS,0.339203,inverse_error_mvp,2026-09-28
MN_071,MN,Imphal,temperature_c,24,IFS,0.249339,inverse_error_mvp,2026-09-28
MN_071,MN,Imphal,wind_speed_kmh,24,NCEP GFS,0.174343,inverse_error_mvp,2026-09-28
MN_071,MN,Imphal,wind_speed_kmh,24,GFS ENSEMBLE,0.261529,inverse_error_mvp,2026-09-28
MN_071,MN,Imphal,wind_speed_kmh,24,AIFS,0.279451,inverse_error_mvp,2026-09-28
MN_071,MN,Imphal,wind_speed_kmh,24,IFS,0.284677,inverse_error_mvp,2026-09-28
MN_071,MN,Imphal,rainfall_mm,48,NCEP GFS,0.134265,inverse_error_mvp,2026-09-28
MN_071,MN,Imphal,rainfall_mm,48,GFS ENSEMBLE,0.416379,inverse_error_mvp,2026-09-28
MN_071,MN,Imphal,rainfall_mm,48,AIFS,0.261316,inverse_error_mvp,2026-09-28
MN_071,MN,Imphal,rainfall_mm,48,IFS,0.18804,inverse_error_mvp,2026-09-28
MN_071,MN,Imphal,temperature_c,48,NCEP GFS,0.184898,inverse_error_mvp,2026-09-28
MN_071,MN,Imphal,temperature_c,48,GFS ENSEMBLE,0.207969,inverse_error_mvp,2026-09-28
MN_071,MN,Imphal,temperature_c,48,AIFS,0.257667,inverse_error_mvp,2026-09-28
MN_071,MN,Imphal,temperature_c,48,IFS,0.349466,inverse_error_mvp,2026-09-28
MN_071,MN,Imphal,wind_speed_kmh,48,NCEP GFS,0.204987,inverse_error_mvp,2026-09-28
MN_071,MN,Imphal,wind_speed_kmh,48,GFS ENSEMBLE,0.246792,inverse_error_mvp,2026-09-28
MN_071,MN,Imphal,wind_speed_kmh,48,AIFS,0.289623,inverse_error_mvp,2026-09-28
MN_071,MN,Imphal,wind_speed_kmh,48,IFS,0.258598,inverse_error_mvp,2026-09-28
MN_071,MN,Imphal,rainfall_mm,72,NCEP GFS,0.206735,inverse_error_mvp,2026-09-28
MN_071,MN,Imphal,rainfall_mm,72,GFS ENSEMBLE,0.13264,inverse_error_mvp,2026-09-28
MN_071,MN,Imphal,rainfall_mm,72,AIFS,0.537026,inverse_error_mvp,2026-09-28
MN_071,MN,Imphal,rainfall_mm,72,IFS,0.123599,inverse_error_mvp,2026-09-28
MN_071,MN,Imphal,temperature_c,72,NCEP GFS,0.206062,inverse_error_mvp,2026-09-28
MN_071,MN,Imphal,temperature_c,72,GFS ENSEMBLE,0.270867,inverse_error_mvp,2026-09-28
MN_071,MN,Imphal,temperature_c,72,AIFS,0.225383,inverse_error_mvp,2026-09-28
MN_071,MN,Imphal,temperature_c,72,IFS,0.297688,inverse_error_mvp,2026-09-28
MN_071,MN,Imphal,wind_speed_kmh,72,NCEP GFS,0.150681,inverse_error_mvp,2026-09-28
MN_071,MN,Imphal,wind_speed_kmh,72,GFS ENSEMBLE,0.250049,inverse_error_mvp,2026-09-28
MN_071,MN,Imphal,wind_speed_kmh,72,AIFS,0.324109,inverse_error_mvp,2026-09-28
MN_071,MN,Imphal,wind_speed_kmh,72,IFS,0.275162,inverse_error_mvp,2026-09-28
MN_072,MN,Churachandpur,rainfall_mm,24,NCEP GFS,0.212538,inverse_error_mvp,2026-09-28
MN_072,MN,Churachandpur,rainfall_mm,24,GFS ENSEMBLE,0.326546,inverse_error_mvp,2026-09-28
MN_072,MN,Churachandpur,rainfall_mm,24,AIFS,0.331382,inverse_error_mvp,2026-09-28
MN_072,MN,Churachandpur,rainfall_mm,24,IFS,0.129534,inverse_error_mvp,2026-09-28
MN_072,MN,Churachandpur,temperature_c,24,NCEP GFS,0.166484,inverse_error_mvp,2026-09-28
MN_072,MN,Churachandpur,temperature_c,24,GFS ENSEMBLE,0.28844,inverse_error_mvp,2026-09-28
MN_072,MN,Churachandpur,temperature_c,24,AIFS,0.202685,inverse_error_mvp,2026-09-28
MN_072,MN,Churachandpur,temperature_c,24,IFS,0.342391,inverse_error_mvp,2026-09-28
MN_072,MN,Churachandpur,wind_speed_kmh,24,NCEP GFS,0.206077,inverse_error_mvp,2026-09-28
MN_072,MN,Churachandpur,wind_speed_kmh,24,GFS ENSEMBLE,0.215947,inverse_error_mvp,2026-09-28
MN_072,MN,Churachandpur,wind_speed_kmh,24,AIFS,0.260965,inverse_error_mvp,2026-09-28
MN_072,MN,Churachandpur,wind_speed_kmh,24,IFS,0.31701,inverse_error_mvp,2026-09-28
MN_072,MN,Churachandpur,rainfall_mm,48,NCEP GFS,0.161258,inverse_error_mvp,2026-09-28
MN_072,MN,Churachandpur,rainfall_mm,48,GFS ENSEMBLE,0.327495,inverse_error_mvp,2026-09-28
MN_072,MN,Churachandpur,rainfall_mm,48,AIFS,0.30947,inverse_error_mvp,2026-09-28
MN_072,MN,Churachandpur,rainfall_mm,48,IFS,0.201778,inverse_error_mvp,2026-09-28
MN_072,MN,Churachandpur,temperature_c,48,NCEP GFS,0.185126,inverse_error_mvp,2026-09-28
MN_072,MN,Churachandpur,temperature_c,48,GFS ENSEMBLE,0.24407,inverse_error_mvp,2026-09-28
MN_072,MN,Churachandpur,temperature_c,48,AIFS,0.309209,inverse_error_mvp,2026-09-28
MN_072,MN,Churachandpur,temperature_c,48,IFS,0.261595,inverse_error_mvp,2026-09-28
MN_072,MN,Churachandpur,wind_speed_kmh,48,NCEP GFS,0.191989,inverse_error_mvp,2026-09-28
MN_072,MN,Churachandpur,wind_speed_kmh,48,GFS ENSEMBLE,0.284154,inverse_error_mvp,2026-09-28
MN_072,MN,Churachandpur,wind_speed_kmh,48,AIFS,0.298397,inverse_error_mvp,2026-09-28
MN_072,MN,Churachandpur,wind_speed_kmh,48,IFS,0.22546,inverse_error_mvp,2026-09-28
MN_072,MN,Churachandpur,rainfall_mm,72,NCEP GFS,0.44378,inverse_error_mvp,2026-09-28
MN_072,MN,Churachandpur,rainfall_mm,72,GFS ENSEMBLE,0.123784,inverse_error_mvp,2026-09-28
MN_072,MN,Churachandpur,rainfall_mm,72,AIFS,0.285798,inverse_error_mvp,2026-09-28
MN_072,MN,Churachandpur,rainfall_mm,72,IFS,0.146637,inverse_error_mvp,2026-09-28
MN_072,MN,Churachandpur,temperature_c,72,NCEP GFS,0.251025,inverse_error_mvp,2026-09-28
MN_072,MN,Churachandpur,temperature_c,72,GFS ENSEMBLE,0.200036,inverse_error_mvp,2026-09-28
MN_072,MN,Churachandpur,temperature_c,72,AIFS,0.307018,inverse_error_mvp,2026-09-28
MN_072,MN,Churachandpur,temperature_c,72,IFS,0.241921,inverse_error_mvp,2026-09-28
MN_072,MN,Churachandpur,wind_speed_kmh,72,NCEP GFS,0.240197,inverse_error_mvp,2026-09-28
MN_072,MN,Churachandpur,wind_speed_kmh,72,GFS ENSEMBLE,0.24214,inverse_error_mvp,2026-09-28
MN_072,MN,Churachandpur,wind_speed_kmh,72,AIFS,0.232529,inverse_error_mvp,2026-09-28
MN_072,MN,Churachandpur,wind_speed_kmh,72,IFS,0.285135,inverse_error_mvp,2026-09-28
MN_073,MN,Thoubal,rainfall_mm,24,NCEP GFS,0.159278,inverse_error_mvp,2026-09-28
MN_073,MN,Thoubal,rainfall_mm,24,GFS ENSEMBLE,0.200782,inverse_error_mvp,2026-09-28
MN_073,MN,Thoubal,rainfall_mm,24,AIFS,0.255171,inverse_error_mvp,2026-09-28
MN_073,MN,Thoubal,rainfall_mm,24,IFS,0.384769,inverse_error_mvp,2026-09-28
MN_073,MN,Thoubal,temperature_c,24,NCEP GFS,0.177141,inverse_error_mvp,2026-09-28
MN_073,MN,Thoubal,temperature_c,24,GFS ENSEMBLE,0.252016,inverse_error_mvp,2026-09-28
MN_073,MN,Thoubal,temperature_c,24,AIFS,0.322025,inverse_error_mvp,2026-09-28
MN_073,MN,Thoubal,temperature_c,24,IFS,0.248817,inverse_error_mvp,2026-09-28
MN_073,MN,Thoubal,wind_speed_kmh,24,NCEP GFS,0.19476,inverse_error_mvp,2026-09-28
MN_073,MN,Thoubal,wind_speed_kmh,24,GFS ENSEMBLE,0.269726,inverse_error_mvp,2026-09-28
MN_073,MN,Thoubal,wind_speed_kmh,24,AIFS,0.285334,inverse_error_mvp,2026-09-28
MN_073,MN,Thoubal,wind_speed_kmh,24,IFS,0.250179,inverse_error_mvp,2026-09-28
MN_073,MN,Thoubal,rainfall_mm,48,NCEP GFS,0.264916,inverse_error_mvp,2026-09-28
MN_073,MN,Thoubal,rainfall_mm,48,GFS ENSEMBLE,0.248494,inverse_error_mvp,2026-09-28
MN_073,MN,Thoubal,rainfall_mm,48,AIFS,0.250482,inverse_error_mvp,2026-09-28
MN_073,MN,Thoubal,rainfall_mm,48,IFS,0.236108,inverse_error_mvp,2026-09-28
MN_073,MN,Thoubal,temperature_c,48,NCEP GFS,0.215319,inverse_error_mvp,2026-09-28
MN_073,MN,Thoubal,temperature_c,48,GFS ENSEMBLE,0.226145,inverse_error_mvp,2026-09-28
MN_073,MN,Thoubal,temperature_c,48,AIFS,0.266924,inverse_error_mvp,2026-09-28
MN_073,MN,Thoubal,temperature_c,48,IFS,0.291611,inverse_error_mvp,2026-09-28
MN_073,MN,Thoubal,wind_speed_kmh,48,NCEP GFS,0.184343,inverse_error_mvp,2026-09-28
MN_073,MN,Thoubal,wind_speed_kmh,48,GFS ENSEMBLE,0.272921,inverse_error_mvp,2026-09-28
MN_073,MN,Thoubal,wind_speed_kmh,48,AIFS,0.307675,inverse_error_mvp,2026-09-28
MN_073,MN,Thoubal,wind_speed_kmh,48,IFS,0.235062,inverse_error_mvp,2026-09-28
MN_073,MN,Thoubal,rainfall_mm,72,NCEP GFS,0.220538,inverse_error_mvp,2026-09-28
MN_073,MN,Thoubal,rainfall_mm,72,GFS ENSEMBLE,0.187199,inverse_error_mvp,2026-09-28
MN_073,MN,Thoubal,rainfall_mm,72,AIFS,0.250089,inverse_error_mvp,2026-09-28
MN_073,MN,Thoubal,rainfall_mm,72,IFS,0.342175,inverse_error_mvp,2026-09-28
MN_073,MN,Thoubal,temperature_c,72,NCEP GFS,0.147012,inverse_error_mvp,2026-09-28
MN_073,MN,Thoubal,temperature_c,72,GFS ENSEMBLE,0.274865,inverse_error_mvp,2026-09-28
MN_073,MN,Thoubal,temperature_c,72,AIFS,0.233231,inverse_error_mvp,2026-09-28
MN_073,MN,Thoubal,temperature_c,72,IFS,0.344892,inverse_error_mvp,2026-09-28
MN_073,MN,Thoubal,wind_speed_kmh,72,NCEP GFS,0.177485,inverse_error_mvp,2026-09-28
MN_073,MN,Thoubal,wind_speed_kmh,72,GFS ENSEMBLE,0.259052,inverse_error_mvp,2026-09-28
MN_073,MN,Thoubal,wind_speed_kmh,72,AIFS,0.288642,inverse_error_mvp,2026-09-28
MN_073,MN,Thoubal,wind_speed_kmh,72,IFS,0.274821,inverse_error_mvp,2026-09-28
MN_074,MN,Bishnupur,rainfall_mm,24,NCEP GFS,0.20525,inverse_error_mvp,2026-09-28
MN_074,MN,Bishnupur,rainfall_mm,24,GFS ENSEMBLE,0.180523,inverse_error_mvp,2026-09-28
MN_074,MN,Bishnupur,rainfall_mm,24,AIFS,0.388764,inverse_error_mvp,2026-09-28
MN_074,MN,Bishnupur,rainfall_mm,24,IFS,0.225463,inverse_error_mvp,2026-09-28
MN_074,MN,Bishnupur,temperature_c,24,NCEP GFS,0.185075,inverse_error_mvp,2026-09-28
MN_074,MN,Bishnupur,temperature_c,24,GFS ENSEMBLE,0.25317,inverse_error_mvp,2026-09-28
MN_074,MN,Bishnupur,temperature_c,24,AIFS,0.288824,inverse_error_mvp,2026-09-28
MN_074,MN,Bishnupur,temperature_c,24,IFS,0.27293,inverse_error_mvp,2026-09-28
MN_074,MN,Bishnupur,wind_speed_kmh,24,NCEP GFS,0.224509,inverse_error_mvp,2026-09-28
MN_074,MN,Bishnupur,wind_speed_kmh,24,GFS ENSEMBLE,0.276652,inverse_error_mvp,2026-09-28
MN_074,MN,Bishnupur,wind_speed_kmh,24,AIFS,0.276946,inverse_error_mvp,2026-09-28
MN_074,MN,Bishnupur,wind_speed_kmh,24,IFS,0.221893,inverse_error_mvp,2026-09-28
MN_074,MN,Bishnupur,rainfall_mm,48,NCEP GFS,0.195018,inverse_error_mvp,2026-09-28
MN_074,MN,Bishnupur,rainfall_mm,48,GFS ENSEMBLE,0.240555,inverse_error_mvp,2026-09-28
MN_074,MN,Bishnupur,rainfall_mm,48,AIFS,0.291056,inverse_error_mvp,2026-09-28
MN_074,MN,Bishnupur,rainfall_mm,48,IFS,0.273371,inverse_error_mvp,2026-09-28
MN_074,MN,Bishnupur,temperature_c,48,NCEP GFS,0.174794,inverse_error_mvp,2026-09-28
MN_074,MN,Bishnupur,temperature_c,48,GFS ENSEMBLE,0.266764,inverse_error_mvp,2026-09-28
MN_074,MN,Bishnupur,temperature_c,48,AIFS,0.298373,inverse_error_mvp,2026-09-28
MN_074,MN,Bishnupur,temperature_c,48,IFS,0.260069,inverse_error_mvp,2026-09-28
MN_074,MN,Bishnupur,wind_speed_kmh,48,NCEP GFS,0.184686,inverse_error_mvp,2026-09-28
MN_074,MN,Bishnupur,wind_speed_kmh,48,GFS ENSEMBLE,0.25672,inverse_error_mvp,2026-09-28
MN_074,MN,Bishnupur,wind_speed_kmh,48,AIFS,0.229308,inverse_error_mvp,2026-09-28
MN_074,MN,Bishnupur,wind_speed_kmh,48,IFS,0.329286,inverse_error_mvp,2026-09-28
MN_074,MN,Bishnupur,rainfall_mm,72,NCEP GFS,0.196986,inverse_error_mvp,2026-09-28
MN_074,MN,Bishnupur,rainfall_mm,72,GFS ENSEMBLE,0.247922,inverse_error_mvp,2026-09-28
MN_074,MN,Bishnupur,rainfall_mm,72,AIFS,0.28302,inverse_error_mvp,2026-09-28
MN_074,MN,Bishnupur,rainfall_mm,72,IFS,0.272073,inverse_error_mvp,2026-09-28
MN_074,MN,Bishnupur,temperature_c,72,NCEP GFS,0.224225,inverse_error_mvp,2026-09-28
MN_074,MN,Bishnupur,temperature_c,72,GFS ENSEMBLE,0.313546,inverse_error_mvp,2026-09-28
MN_074,MN,Bishnupur,temperature_c,72,AIFS,0.208441,inverse_error_mvp,2026-09-28
MN_074,MN,Bishnupur,temperature_c,72,IFS,0.253788,inverse_error_mvp,2026-09-28
MN_074,MN,Bishnupur,wind_speed_kmh,72,NCEP GFS,0.175204,inverse_error_mvp,2026-09-28
MN_074,MN,Bishnupur,wind_speed_kmh,72,GFS ENSEMBLE,0.30297,inverse_error_mvp,2026-09-28
MN_074,MN,Bishnupur,wind_speed_kmh,72,AIFS,0.281499,inverse_error_mvp,2026-09-28
MN_074,MN,Bishnupur,wind_speed_kmh,72,IFS,0.240327,inverse_error_mvp,2026-09-28
MN_075,MN,Ukhrul,rainfall_mm,24,NCEP GFS,0.239618,inverse_error_mvp,2026-09-28
MN_075,MN,Ukhrul,rainfall_mm,24,GFS ENSEMBLE,0.213096,inverse_error_mvp,2026-09-28
MN_075,MN,Ukhrul,rainfall_mm,24,AIFS,0.275557,inverse_error_mvp,2026-09-28
MN_075,MN,Ukhrul,rainfall_mm,24,IFS,0.271728,inverse_error_mvp,2026-09-28
MN_075,MN,Ukhrul,temperature_c,24,NCEP GFS,0.182066,inverse_error_mvp,2026-09-28
MN_075,MN,Ukhrul,temperature_c,24,GFS ENSEMBLE,0.283145,inverse_error_mvp,2026-09-28
MN_075,MN,Ukhrul,temperature_c,24,AIFS,0.251961,inverse_error_mvp,2026-09-28
MN_075,MN,Ukhrul,temperature_c,24,IFS,0.282827,inverse_error_mvp,2026-09-28
MN_075,MN,Ukhrul,wind_speed_kmh,24,NCEP GFS,0.188257,inverse_error_mvp,2026-09-28
MN_075,MN,Ukhrul,wind_speed_kmh,24,GFS ENSEMBLE,0.242953,inverse_error_mvp,2026-09-28
MN_075,MN,Ukhrul,wind_speed_kmh,24,AIFS,0.272499,inverse_error_mvp,2026-09-28
MN_075,MN,Ukhrul,wind_speed_kmh,24,IFS,0.296291,inverse_error_mvp,2026-09-28
MN_075,MN,Ukhrul,rainfall_mm,48,NCEP GFS,0.194065,inverse_error_mvp,2026-09-28
MN_075,MN,Ukhrul,rainfall_mm,48,GFS ENSEMBLE,0.278441,inverse_error_mvp,2026-09-28
MN_075,MN,Ukhrul,rainfall_mm,48,AIFS,0.254432,inverse_error_mvp,2026-09-28
MN_075,MN,Ukhrul,rainfall_mm,48,IFS,0.273062,inverse_error_mvp,2026-09-28
MN_075,MN,Ukhrul,temperature_c,48,NCEP GFS,0.159137,inverse_error_mvp,2026-09-28
MN_075,MN,Ukhrul,temperature_c,48,GFS ENSEMBLE,0.366415,inverse_error_mvp,2026-09-28
MN_075,MN,Ukhrul,temperature_c,48,AIFS,0.229641,inverse_error_mvp,2026-09-28
MN_075,MN,Ukhrul,temperature_c,48,IFS,0.244807,inverse_error_mvp,2026-09-28
MN_075,MN,Ukhrul,wind_speed_kmh,48,NCEP GFS,0.193257,inverse_error_mvp,2026-09-28
MN_075,MN,Ukhrul,wind_speed_kmh,48,GFS ENSEMBLE,0.268361,inverse_error_mvp,2026-09-28
MN_075,MN,Ukhrul,wind_speed_kmh,48,AIFS,0.313526,inverse_error_mvp,2026-09-28
MN_075,MN,Ukhrul,wind_speed_kmh,48,IFS,0.224856,inverse_error_mvp,2026-09-28
MN_075,MN,Ukhrul,rainfall_mm,72,NCEP GFS,0.262259,inverse_error_mvp,2026-09-28
MN_075,MN,Ukhrul,rainfall_mm,72,GFS ENSEMBLE,0.137754,inverse_error_mvp,2026-09-28
MN_075,MN,Ukhrul,rainfall_mm,72,AIFS,0.40356,inverse_error_mvp,2026-09-28
MN_075,MN,Ukhrul,rainfall_mm,72,IFS,0.196428,inverse_error_mvp,2026-09-28
MN_075,MN,Ukhrul,temperature_c,72,NCEP GFS,0.195369,inverse_error_mvp,2026-09-28
MN_075,MN,Ukhrul,temperature_c,72,GFS ENSEMBLE,0.245793,inverse_error_mvp,2026-09-28
MN_075,MN,Ukhrul,temperature_c,72,AIFS,0.274666,inverse_error_mvp,2026-09-28
MN_075,MN,Ukhrul,temperature_c,72,IFS,0.284172,inverse_error_mvp,2026-09-28
MN_075,MN,Ukhrul,wind_speed_kmh,72,NCEP GFS,0.170801,inverse_error_mvp,2026-09-28
MN_075,MN,Ukhrul,wind_speed_kmh,72,GFS ENSEMBLE,0.269572,inverse_error_mvp,2026-09-28
MN_075,MN,Ukhrul,wind_speed_kmh,72,AIFS,0.27347,inverse_error_mvp,2026-09-28
MN_075,MN,Ukhrul,wind_speed_kmh,72,IFS,0.286156,inverse_error_mvp,2026-09-28
ML_076,ML,Shillong,rainfall_mm,24,NCEP GFS,0.239426,inverse_error_mvp,2026-09-28
ML_076,ML,Shillong,rainfall_mm,24,GFS ENSEMBLE,0.227261,inverse_error_mvp,2026-09-28
ML_076,ML,Shillong,rainfall_mm,24,AIFS,0.322833,inverse_error_mvp,2026-09-28
ML_076,ML,Shillong,rainfall_mm,24,IFS,0.21048,inverse_error_mvp,2026-09-28
ML_076,ML,Shillong,temperature_c,24,NCEP GFS,0.186849,inverse_error_mvp,2026-09-28
ML_076,ML,Shillong,temperature_c,24,GFS ENSEMBLE,0.245712,inverse_error_mvp,2026-09-28
ML_076,ML,Shillong,temperature_c,24,AIFS,0.303945,inverse_error_mvp,2026-09-28
ML_076,ML,Shillong,temperature_c,24,IFS,0.263494,inverse_error_mvp,2026-09-28
ML_076,ML,Shillong,wind_speed_kmh,24,NCEP GFS,0.230776,inverse_error_mvp,2026-09-28
ML_076,ML,Shillong,wind_speed_kmh,24,GFS ENSEMBLE,0.240041,inverse_error_mvp,2026-09-28
ML_076,ML,Shillong,wind_speed_kmh,24,AIFS,0.280732,inverse_error_mvp,2026-09-28
ML_076,ML,Shillong,wind_speed_kmh,24,IFS,0.248451,inverse_error_mvp,2026-09-28
ML_076,ML,Shillong,rainfall_mm,48,NCEP GFS,0.170131,inverse_error_mvp,2026-09-28
ML_076,ML,Shillong,rainfall_mm,48,GFS ENSEMBLE,0.248533,inverse_error_mvp,2026-09-28
ML_076,ML,Shillong,rainfall_mm,48,AIFS,0.260861,inverse_error_mvp,2026-09-28
ML_076,ML,Shillong,rainfall_mm,48,IFS,0.320474,inverse_error_mvp,2026-09-28
ML_076,ML,Shillong,temperature_c,48,NCEP GFS,0.203257,inverse_error_mvp,2026-09-28
ML_076,ML,Shillong,temperature_c,48,GFS ENSEMBLE,0.274719,inverse_error_mvp,2026-09-28
ML_076,ML,Shillong,temperature_c,48,AIFS,0.302868,inverse_error_mvp,2026-09-28
ML_076,ML,Shillong,temperature_c,48,IFS,0.219156,inverse_error_mvp,2026-09-28
ML_076,ML,Shillong,wind_speed_kmh,48,NCEP GFS,0.22489,inverse_error_mvp,2026-09-28
ML_076,ML,Shillong,wind_speed_kmh,48,GFS ENSEMBLE,0.240934,inverse_error_mvp,2026-09-28
ML_076,ML,Shillong,wind_speed_kmh,48,AIFS,0.271506,inverse_error_mvp,2026-09-28
ML_076,ML,Shillong,wind_speed_kmh,48,IFS,0.26267,inverse_error_mvp,2026-09-28
ML_076,ML,Shillong,rainfall_mm,72,NCEP GFS,0.199285,inverse_error_mvp,2026-09-28
ML_076,ML,Shillong,rainfall_mm,72,GFS ENSEMBLE,0.305005,inverse_error_mvp,2026-09-28
ML_076,ML,Shillong,rainfall_mm,72,AIFS,0.26307,inverse_error_mvp,2026-09-28
ML_076,ML,Shillong,rainfall_mm,72,IFS,0.23264,inverse_error_mvp,2026-09-28
ML_076,ML,Shillong,temperature_c,72,NCEP GFS,0.22925,inverse_error_mvp,2026-09-28
ML_076,ML,Shillong,temperature_c,72,GFS ENSEMBLE,0.207197,inverse_error_mvp,2026-09-28
ML_076,ML,Shillong,temperature_c,72,AIFS,0.261192,inverse_error_mvp,2026-09-28
ML_076,ML,Shillong,temperature_c,72,IFS,0.30236,inverse_error_mvp,2026-09-28
ML_076,ML,Shillong,wind_speed_kmh,72,NCEP GFS,0.170879,inverse_error_mvp,2026-09-28
ML_076,ML,Shillong,wind_speed_kmh,72,GFS ENSEMBLE,0.291025,inverse_error_mvp,2026-09-28
ML_076,ML,Shillong,wind_speed_kmh,72,AIFS,0.314436,inverse_error_mvp,2026-09-28
ML_076,ML,Shillong,wind_speed_kmh,72,IFS,0.223659,inverse_error_mvp,2026-09-28
ML_077,ML,Tura,rainfall_mm,24,NCEP GFS,0.249667,inverse_error_mvp,2026-09-28
ML_077,ML,Tura,rainfall_mm,24,GFS ENSEMBLE,0.23696,inverse_error_mvp,2026-09-28
ML_077,ML,Tura,rainfall_mm,24,AIFS,0.250157,inverse_error_mvp,2026-09-28
ML_077,ML,Tura,rainfall_mm,24,IFS,0.263216,inverse_error_mvp,2026-09-28
ML_077,ML,Tura,temperature_c,24,NCEP GFS,0.150616,inverse_error_mvp,2026-09-28
ML_077,ML,Tura,temperature_c,24,GFS ENSEMBLE,0.218878,inverse_error_mvp,2026-09-28
ML_077,ML,Tura,temperature_c,24,AIFS,0.368337,inverse_error_mvp,2026-09-28
ML_077,ML,Tura,temperature_c,24,IFS,0.262169,inverse_error_mvp,2026-09-28
ML_077,ML,Tura,wind_speed_kmh,24,NCEP GFS,0.156499,inverse_error_mvp,2026-09-28
ML_077,ML,Tura,wind_speed_kmh,24,GFS ENSEMBLE,0.22096,inverse_error_mvp,2026-09-28
ML_077,ML,Tura,wind_speed_kmh,24,AIFS,0.326961,inverse_error_mvp,2026-09-28
ML_077,ML,Tura,wind_speed_kmh,24,IFS,0.29558,inverse_error_mvp,2026-09-28
ML_077,ML,Tura,rainfall_mm,48,NCEP GFS,0.204669,inverse_error_mvp,2026-09-28
ML_077,ML,Tura,rainfall_mm,48,GFS ENSEMBLE,0.24072,inverse_error_mvp,2026-09-28
ML_077,ML,Tura,rainfall_mm,48,AIFS,0.293053,inverse_error_mvp,2026-09-28
ML_077,ML,Tura,rainfall_mm,48,IFS,0.261558,inverse_error_mvp,2026-09-28
ML_077,ML,Tura,temperature_c,48,NCEP GFS,0.188855,inverse_error_mvp,2026-09-28
ML_077,ML,Tura,temperature_c,48,GFS ENSEMBLE,0.29524,inverse_error_mvp,2026-09-28
ML_077,ML,Tura,temperature_c,48,AIFS,0.244614,inverse_error_mvp,2026-09-28
ML_077,ML,Tura,temperature_c,48,IFS,0.271291,inverse_error_mvp,2026-09-28
ML_077,ML,Tura,wind_speed_kmh,48,NCEP GFS,0.182643,inverse_error_mvp,2026-09-28
ML_077,ML,Tura,wind_speed_kmh,48,GFS ENSEMBLE,0.24822,inverse_error_mvp,2026-09-28
ML_077,ML,Tura,wind_speed_kmh,48,AIFS,0.277764,inverse_error_mvp,2026-09-28
ML_077,ML,Tura,wind_speed_kmh,48,IFS,0.291373,inverse_error_mvp,2026-09-28
ML_077,ML,Tura,rainfall_mm,72,NCEP GFS,0.175672,inverse_error_mvp,2026-09-28
ML_077,ML,Tura,rainfall_mm,72,GFS ENSEMBLE,0.219639,inverse_error_mvp,2026-09-28
ML_077,ML,Tura,rainfall_mm,72,AIFS,0.252738,inverse_error_mvp,2026-09-28
ML_077,ML,Tura,rainfall_mm,72,IFS,0.35195,inverse_error_mvp,2026-09-28
ML_077,ML,Tura,temperature_c,72,NCEP GFS,0.182694,inverse_error_mvp,2026-09-28
ML_077,ML,Tura,temperature_c,72,GFS ENSEMBLE,0.300922,inverse_error_mvp,2026-09-28
ML_077,ML,Tura,temperature_c,72,AIFS,0.26584,inverse_error_mvp,2026-09-28
ML_077,ML,Tura,temperature_c,72,IFS,0.250544,inverse_error_mvp,2026-09-28
ML_077,ML,Tura,wind_speed_kmh,72,NCEP GFS,0.192322,inverse_error_mvp,2026-09-28
ML_077,ML,Tura,wind_speed_kmh,72,GFS ENSEMBLE,0.216296,inverse_error_mvp,2026-09-28
ML_077,ML,Tura,wind_speed_kmh,72,AIFS,0.298377,inverse_error_mvp,2026-09-28
ML_077,ML,Tura,wind_speed_kmh,72,IFS,0.293005,inverse_error_mvp,2026-09-28
ML_078,ML,Jowai,rainfall_mm,24,NCEP GFS,0.272944,inverse_error_mvp,2026-09-28
ML_078,ML,Jowai,rainfall_mm,24,GFS ENSEMBLE,0.223947,inverse_error_mvp,2026-09-28
ML_078,ML,Jowai,rainfall_mm,24,AIFS,0.293676,inverse_error_mvp,2026-09-28
ML_078,ML,Jowai,rainfall_mm,24,IFS,0.209434,inverse_error_mvp,2026-09-28
ML_078,ML,Jowai,temperature_c,24,NCEP GFS,0.209408,inverse_error_mvp,2026-09-28
ML_078,ML,Jowai,temperature_c,24,GFS ENSEMBLE,0.289316,inverse_error_mvp,2026-09-28
ML_078,ML,Jowai,temperature_c,24,AIFS,0.259756,inverse_error_mvp,2026-09-28
ML_078,ML,Jowai,temperature_c,24,IFS,0.241519,inverse_error_mvp,2026-09-28
ML_078,ML,Jowai,wind_speed_kmh,24,NCEP GFS,0.205534,inverse_error_mvp,2026-09-28
ML_078,ML,Jowai,wind_speed_kmh,24,GFS ENSEMBLE,0.278049,inverse_error_mvp,2026-09-28
ML_078,ML,Jowai,wind_speed_kmh,24,AIFS,0.265314,inverse_error_mvp,2026-09-28
ML_078,ML,Jowai,wind_speed_kmh,24,IFS,0.251103,inverse_error_mvp,2026-09-28
ML_078,ML,Jowai,rainfall_mm,48,NCEP GFS,0.13403,inverse_error_mvp,2026-09-28
ML_078,ML,Jowai,rainfall_mm,48,GFS ENSEMBLE,0.201365,inverse_error_mvp,2026-09-28
ML_078,ML,Jowai,rainfall_mm,48,AIFS,0.355077,inverse_error_mvp,2026-09-28
ML_078,ML,Jowai,rainfall_mm,48,IFS,0.309528,inverse_error_mvp,2026-09-28
ML_078,ML,Jowai,temperature_c,48,NCEP GFS,0.19518,inverse_error_mvp,2026-09-28
ML_078,ML,Jowai,temperature_c,48,GFS ENSEMBLE,0.243365,inverse_error_mvp,2026-09-28
ML_078,ML,Jowai,temperature_c,48,AIFS,0.281269,inverse_error_mvp,2026-09-28
ML_078,ML,Jowai,temperature_c,48,IFS,0.280186,inverse_error_mvp,2026-09-28
ML_078,ML,Jowai,wind_speed_kmh,48,NCEP GFS,0.197505,inverse_error_mvp,2026-09-28
ML_078,ML,Jowai,wind_speed_kmh,48,GFS ENSEMBLE,0.230534,inverse_error_mvp,2026-09-28
ML_078,ML,Jowai,wind_speed_kmh,48,AIFS,0.310037,inverse_error_mvp,2026-09-28
ML_078,ML,Jowai,wind_speed_kmh,48,IFS,0.261925,inverse_error_mvp,2026-09-28
ML_078,ML,Jowai,rainfall_mm,72,NCEP GFS,0.226672,inverse_error_mvp,2026-09-28
ML_078,ML,Jowai,rainfall_mm,72,GFS ENSEMBLE,0.242028,inverse_error_mvp,2026-09-28
ML_078,ML,Jowai,rainfall_mm,72,AIFS,0.236417,inverse_error_mvp,2026-09-28
ML_078,ML,Jowai,rainfall_mm,72,IFS,0.294883,inverse_error_mvp,2026-09-28
ML_078,ML,Jowai,temperature_c,72,NCEP GFS,0.202919,inverse_error_mvp,2026-09-28
ML_078,ML,Jowai,temperature_c,72,GFS ENSEMBLE,0.240248,inverse_error_mvp,2026-09-28
ML_078,ML,Jowai,temperature_c,72,AIFS,0.272076,inverse_error_mvp,2026-09-28
ML_078,ML,Jowai,temperature_c,72,IFS,0.284757,inverse_error_mvp,2026-09-28
ML_078,ML,Jowai,wind_speed_kmh,72,NCEP GFS,0.222406,inverse_error_mvp,2026-09-28
ML_078,ML,Jowai,wind_speed_kmh,72,GFS ENSEMBLE,0.221963,inverse_error_mvp,2026-09-28
ML_078,ML,Jowai,wind_speed_kmh,72,AIFS,0.293503,inverse_error_mvp,2026-09-28
ML_078,ML,Jowai,wind_speed_kmh,72,IFS,0.262128,inverse_error_mvp,2026-09-28
ML_079,ML,Nongpoh,rainfall_mm,24,NCEP GFS,0.285429,inverse_error_mvp,2026-09-28
ML_079,ML,Nongpoh,rainfall_mm,24,GFS ENSEMBLE,0.244042,inverse_error_mvp,2026-09-28
ML_079,ML,Nongpoh,rainfall_mm,24,AIFS,0.243451,inverse_error_mvp,2026-09-28
ML_079,ML,Nongpoh,rainfall_mm,24,IFS,0.227078,inverse_error_mvp,2026-09-28
ML_079,ML,Nongpoh,temperature_c,24,NCEP GFS,0.172362,inverse_error_mvp,2026-09-28
ML_079,ML,Nongpoh,temperature_c,24,GFS ENSEMBLE,0.309265,inverse_error_mvp,2026-09-28
ML_079,ML,Nongpoh,temperature_c,24,AIFS,0.258014,inverse_error_mvp,2026-09-28
ML_079,ML,Nongpoh,temperature_c,24,IFS,0.260358,inverse_error_mvp,2026-09-28
ML_079,ML,Nongpoh,wind_speed_kmh,24,NCEP GFS,0.196067,inverse_error_mvp,2026-09-28
ML_079,ML,Nongpoh,wind_speed_kmh,24,GFS ENSEMBLE,0.245582,inverse_error_mvp,2026-09-28
ML_079,ML,Nongpoh,wind_speed_kmh,24,AIFS,0.285296,inverse_error_mvp,2026-09-28
ML_079,ML,Nongpoh,wind_speed_kmh,24,IFS,0.273055,inverse_error_mvp,2026-09-28
ML_079,ML,Nongpoh,rainfall_mm,48,NCEP GFS,0.165674,inverse_error_mvp,2026-09-28
ML_079,ML,Nongpoh,rainfall_mm,48,GFS ENSEMBLE,0.276546,inverse_error_mvp,2026-09-28
ML_079,ML,Nongpoh,rainfall_mm,48,AIFS,0.305847,inverse_error_mvp,2026-09-28
ML_079,ML,Nongpoh,rainfall_mm,48,IFS,0.251933,inverse_error_mvp,2026-09-28
ML_079,ML,Nongpoh,temperature_c,48,NCEP GFS,0.199429,inverse_error_mvp,2026-09-28
ML_079,ML,Nongpoh,temperature_c,48,GFS ENSEMBLE,0.212476,inverse_error_mvp,2026-09-28
ML_079,ML,Nongpoh,temperature_c,48,AIFS,0.345785,inverse_error_mvp,2026-09-28
ML_079,ML,Nongpoh,temperature_c,48,IFS,0.24231,inverse_error_mvp,2026-09-28
ML_079,ML,Nongpoh,wind_speed_kmh,48,NCEP GFS,0.212989,inverse_error_mvp,2026-09-28
ML_079,ML,Nongpoh,wind_speed_kmh,48,GFS ENSEMBLE,0.249228,inverse_error_mvp,2026-09-28
ML_079,ML,Nongpoh,wind_speed_kmh,48,AIFS,0.218138,inverse_error_mvp,2026-09-28
ML_079,ML,Nongpoh,wind_speed_kmh,48,IFS,0.319645,inverse_error_mvp,2026-09-28
ML_079,ML,Nongpoh,rainfall_mm,72,NCEP GFS,0.220244,inverse_error_mvp,2026-09-28
ML_079,ML,Nongpoh,rainfall_mm,72,GFS ENSEMBLE,0.224453,inverse_error_mvp,2026-09-28
ML_079,ML,Nongpoh,rainfall_mm,72,AIFS,0.287851,inverse_error_mvp,2026-09-28
ML_079,ML,Nongpoh,rainfall_mm,72,IFS,0.267452,inverse_error_mvp,2026-09-28
ML_079,ML,Nongpoh,temperature_c,72,NCEP GFS,0.191349,inverse_error_mvp,2026-09-28
ML_079,ML,Nongpoh,temperature_c,72,GFS ENSEMBLE,0.267568,inverse_error_mvp,2026-09-28
ML_079,ML,Nongpoh,temperature_c,72,AIFS,0.222665,inverse_error_mvp,2026-09-28
ML_079,ML,Nongpoh,temperature_c,72,IFS,0.318418,inverse_error_mvp,2026-09-28
ML_079,ML,Nongpoh,wind_speed_kmh,72,NCEP GFS,0.225497,inverse_error_mvp,2026-09-28
ML_079,ML,Nongpoh,wind_speed_kmh,72,GFS ENSEMBLE,0.236723,inverse_error_mvp,2026-09-28
ML_079,ML,Nongpoh,wind_speed_kmh,72,AIFS,0.283337,inverse_error_mvp,2026-09-28
ML_079,ML,Nongpoh,wind_speed_kmh,72,IFS,0.254443,inverse_error_mvp,2026-09-28
ML_080,ML,Baghmara,rainfall_mm,24,NCEP GFS,0.18764,inverse_error_mvp,2026-09-28
ML_080,ML,Baghmara,rainfall_mm,24,GFS ENSEMBLE,0.205271,inverse_error_mvp,2026-09-28
ML_080,ML,Baghmara,rainfall_mm,24,AIFS,0.336097,inverse_error_mvp,2026-09-28
ML_080,ML,Baghmara,rainfall_mm,24,IFS,0.270992,inverse_error_mvp,2026-09-28
ML_080,ML,Baghmara,temperature_c,24,NCEP GFS,0.160739,inverse_error_mvp,2026-09-28
ML_080,ML,Baghmara,temperature_c,24,GFS ENSEMBLE,0.260638,inverse_error_mvp,2026-09-28
ML_080,ML,Baghmara,temperature_c,24,AIFS,0.306395,inverse_error_mvp,2026-09-28
ML_080,ML,Baghmara,temperature_c,24,IFS,0.272228,inverse_error_mvp,2026-09-28
ML_080,ML,Baghmara,wind_speed_kmh,24,NCEP GFS,0.161106,inverse_error_mvp,2026-09-28
ML_080,ML,Baghmara,wind_speed_kmh,24,GFS ENSEMBLE,0.302649,inverse_error_mvp,2026-09-28
ML_080,ML,Baghmara,wind_speed_kmh,24,AIFS,0.253651,inverse_error_mvp,2026-09-28
ML_080,ML,Baghmara,wind_speed_kmh,24,IFS,0.282595,inverse_error_mvp,2026-09-28
ML_080,ML,Baghmara,rainfall_mm,48,NCEP GFS,0.167568,inverse_error_mvp,2026-09-28
ML_080,ML,Baghmara,rainfall_mm,48,GFS ENSEMBLE,0.377218,inverse_error_mvp,2026-09-28
ML_080,ML,Baghmara,rainfall_mm,48,AIFS,0.205581,inverse_error_mvp,2026-09-28
ML_080,ML,Baghmara,rainfall_mm,48,IFS,0.249633,inverse_error_mvp,2026-09-28
ML_080,ML,Baghmara,temperature_c,48,NCEP GFS,0.172943,inverse_error_mvp,2026-09-28
ML_080,ML,Baghmara,temperature_c,48,GFS ENSEMBLE,0.23823,inverse_error_mvp,2026-09-28
ML_080,ML,Baghmara,temperature_c,48,AIFS,0.34892,inverse_error_mvp,2026-09-28
ML_080,ML,Baghmara,temperature_c,48,IFS,0.239907,inverse_error_mvp,2026-09-28
ML_080,ML,Baghmara,wind_speed_kmh,48,NCEP GFS,0.20502,inverse_error_mvp,2026-09-28
ML_080,ML,Baghmara,wind_speed_kmh,48,GFS ENSEMBLE,0.223825,inverse_error_mvp,2026-09-28
ML_080,ML,Baghmara,wind_speed_kmh,48,AIFS,0.304604,inverse_error_mvp,2026-09-28
ML_080,ML,Baghmara,wind_speed_kmh,48,IFS,0.26655,inverse_error_mvp,2026-09-28
ML_080,ML,Baghmara,rainfall_mm,72,NCEP GFS,0.113022,inverse_error_mvp,2026-09-28
ML_080,ML,Baghmara,rainfall_mm,72,GFS ENSEMBLE,0.149342,inverse_error_mvp,2026-09-28
ML_080,ML,Baghmara,rainfall_mm,72,AIFS,0.313351,inverse_error_mvp,2026-09-28
ML_080,ML,Baghmara,rainfall_mm,72,IFS,0.424286,inverse_error_mvp,2026-09-28
ML_080,ML,Baghmara,temperature_c,72,NCEP GFS,0.230703,inverse_error_mvp,2026-09-28
ML_080,ML,Baghmara,temperature_c,72,GFS ENSEMBLE,0.23208,inverse_error_mvp,2026-09-28
ML_080,ML,Baghmara,temperature_c,72,AIFS,0.281179,inverse_error_mvp,2026-09-28
ML_080,ML,Baghmara,temperature_c,72,IFS,0.256038,inverse_error_mvp,2026-09-28
ML_080,ML,Baghmara,wind_speed_kmh,72,NCEP GFS,0.178859,inverse_error_mvp,2026-09-28
ML_080,ML,Baghmara,wind_speed_kmh,72,GFS ENSEMBLE,0.18928,inverse_error_mvp,2026-09-28
ML_080,ML,Baghmara,wind_speed_kmh,72,AIFS,0.32983,inverse_error_mvp,2026-09-28
ML_080,ML,Baghmara,wind_speed_kmh,72,IFS,0.302031,inverse_error_mvp,2026-09-28
MZ_081,MZ,Aizawl,rainfall_mm,24,NCEP GFS,0.215518,inverse_error_mvp,2026-09-28
MZ_081,MZ,Aizawl,rainfall_mm,24,GFS ENSEMBLE,0.237999,inverse_error_mvp,2026-09-28
MZ_081,MZ,Aizawl,rainfall_mm,24,AIFS,0.255088,inverse_error_mvp,2026-09-28
MZ_081,MZ,Aizawl,rainfall_mm,24,IFS,0.291396,inverse_error_mvp,2026-09-28
MZ_081,MZ,Aizawl,temperature_c,24,NCEP GFS,0.181454,inverse_error_mvp,2026-09-28
MZ_081,MZ,Aizawl,temperature_c,24,GFS ENSEMBLE,0.216066,inverse_error_mvp,2026-09-28
MZ_081,MZ,Aizawl,temperature_c,24,AIFS,0.298153,inverse_error_mvp,2026-09-28
MZ_081,MZ,Aizawl,temperature_c,24,IFS,0.304327,inverse_error_mvp,2026-09-28
MZ_081,MZ,Aizawl,wind_speed_kmh,24,NCEP GFS,0.1706,inverse_error_mvp,2026-09-28
MZ_081,MZ,Aizawl,wind_speed_kmh,24,GFS ENSEMBLE,0.253708,inverse_error_mvp,2026-09-28
MZ_081,MZ,Aizawl,wind_speed_kmh,24,AIFS,0.297748,inverse_error_mvp,2026-09-28
MZ_081,MZ,Aizawl,wind_speed_kmh,24,IFS,0.277943,inverse_error_mvp,2026-09-28
MZ_081,MZ,Aizawl,rainfall_mm,48,NCEP GFS,0.212581,inverse_error_mvp,2026-09-28
MZ_081,MZ,Aizawl,rainfall_mm,48,GFS ENSEMBLE,0.334556,inverse_error_mvp,2026-09-28
MZ_081,MZ,Aizawl,rainfall_mm,48,AIFS,0.204094,inverse_error_mvp,2026-09-28
MZ_081,MZ,Aizawl,rainfall_mm,48,IFS,0.248768,inverse_error_mvp,2026-09-28
MZ_081,MZ,Aizawl,temperature_c,48,NCEP GFS,0.184582,inverse_error_mvp,2026-09-28
MZ_081,MZ,Aizawl,temperature_c,48,GFS ENSEMBLE,0.221665,inverse_error_mvp,2026-09-28
MZ_081,MZ,Aizawl,temperature_c,48,AIFS,0.339525,inverse_error_mvp,2026-09-28
MZ_081,MZ,Aizawl,temperature_c,48,IFS,0.254229,inverse_error_mvp,2026-09-28
MZ_081,MZ,Aizawl,wind_speed_kmh,48,NCEP GFS,0.160767,inverse_error_mvp,2026-09-28
MZ_081,MZ,Aizawl,wind_speed_kmh,48,GFS ENSEMBLE,0.282593,inverse_error_mvp,2026-09-28
MZ_081,MZ,Aizawl,wind_speed_kmh,48,AIFS,0.256524,inverse_error_mvp,2026-09-28
MZ_081,MZ,Aizawl,wind_speed_kmh,48,IFS,0.300116,inverse_error_mvp,2026-09-28
MZ_081,MZ,Aizawl,rainfall_mm,72,NCEP GFS,0.245733,inverse_error_mvp,2026-09-28
MZ_081,MZ,Aizawl,rainfall_mm,72,GFS ENSEMBLE,0.236538,inverse_error_mvp,2026-09-28
MZ_081,MZ,Aizawl,rainfall_mm,72,AIFS,0.270977,inverse_error_mvp,2026-09-28
MZ_081,MZ,Aizawl,rainfall_mm,72,IFS,0.246752,inverse_error_mvp,2026-09-28
MZ_081,MZ,Aizawl,temperature_c,72,NCEP GFS,0.184034,inverse_error_mvp,2026-09-28
MZ_081,MZ,Aizawl,temperature_c,72,GFS ENSEMBLE,0.269397,inverse_error_mvp,2026-09-28
MZ_081,MZ,Aizawl,temperature_c,72,AIFS,0.278781,inverse_error_mvp,2026-09-28
MZ_081,MZ,Aizawl,temperature_c,72,IFS,0.267787,inverse_error_mvp,2026-09-28
MZ_081,MZ,Aizawl,wind_speed_kmh,72,NCEP GFS,0.156344,inverse_error_mvp,2026-09-28
MZ_081,MZ,Aizawl,wind_speed_kmh,72,GFS ENSEMBLE,0.299722,inverse_error_mvp,2026-09-28
MZ_081,MZ,Aizawl,wind_speed_kmh,72,AIFS,0.267955,inverse_error_mvp,2026-09-28
MZ_081,MZ,Aizawl,wind_speed_kmh,72,IFS,0.275978,inverse_error_mvp,2026-09-28
MZ_082,MZ,Lunglei,rainfall_mm,24,NCEP GFS,0.152184,inverse_error_mvp,2026-09-28
MZ_082,MZ,Lunglei,rainfall_mm,24,GFS ENSEMBLE,0.090985,inverse_error_mvp,2026-09-28
MZ_082,MZ,Lunglei,rainfall_mm,24,AIFS,0.316495,inverse_error_mvp,2026-09-28
MZ_082,MZ,Lunglei,rainfall_mm,24,IFS,0.440336,inverse_error_mvp,2026-09-28
MZ_082,MZ,Lunglei,temperature_c,24,NCEP GFS,0.188363,inverse_error_mvp,2026-09-28
MZ_082,MZ,Lunglei,temperature_c,24,GFS ENSEMBLE,0.253811,inverse_error_mvp,2026-09-28
MZ_082,MZ,Lunglei,temperature_c,24,AIFS,0.258543,inverse_error_mvp,2026-09-28
MZ_082,MZ,Lunglei,temperature_c,24,IFS,0.299283,inverse_error_mvp,2026-09-28
MZ_082,MZ,Lunglei,wind_speed_kmh,24,NCEP GFS,0.217037,inverse_error_mvp,2026-09-28
MZ_082,MZ,Lunglei,wind_speed_kmh,24,GFS ENSEMBLE,0.237724,inverse_error_mvp,2026-09-28
MZ_082,MZ,Lunglei,wind_speed_kmh,24,AIFS,0.283097,inverse_error_mvp,2026-09-28
MZ_082,MZ,Lunglei,wind_speed_kmh,24,IFS,0.262141,inverse_error_mvp,2026-09-28
MZ_082,MZ,Lunglei,rainfall_mm,48,NCEP GFS,0.172648,inverse_error_mvp,2026-09-28
MZ_082,MZ,Lunglei,rainfall_mm,48,GFS ENSEMBLE,0.244201,inverse_error_mvp,2026-09-28
MZ_082,MZ,Lunglei,rainfall_mm,48,AIFS,0.319532,inverse_error_mvp,2026-09-28
MZ_082,MZ,Lunglei,rainfall_mm,48,IFS,0.263619,inverse_error_mvp,2026-09-28
MZ_082,MZ,Lunglei,temperature_c,48,NCEP GFS,0.160838,inverse_error_mvp,2026-09-28
MZ_082,MZ,Lunglei,temperature_c,48,GFS ENSEMBLE,0.290084,inverse_error_mvp,2026-09-28
MZ_082,MZ,Lunglei,temperature_c,48,AIFS,0.307651,inverse_error_mvp,2026-09-28
MZ_082,MZ,Lunglei,temperature_c,48,IFS,0.241427,inverse_error_mvp,2026-09-28
MZ_082,MZ,Lunglei,wind_speed_kmh,48,NCEP GFS,0.187277,inverse_error_mvp,2026-09-28
MZ_082,MZ,Lunglei,wind_speed_kmh,48,GFS ENSEMBLE,0.296763,inverse_error_mvp,2026-09-28
MZ_082,MZ,Lunglei,wind_speed_kmh,48,AIFS,0.298849,inverse_error_mvp,2026-09-28
MZ_082,MZ,Lunglei,wind_speed_kmh,48,IFS,0.217111,inverse_error_mvp,2026-09-28
MZ_082,MZ,Lunglei,rainfall_mm,72,NCEP GFS,0.397115,inverse_error_mvp,2026-09-28
MZ_082,MZ,Lunglei,rainfall_mm,72,GFS ENSEMBLE,0.134935,inverse_error_mvp,2026-09-28
MZ_082,MZ,Lunglei,rainfall_mm,72,AIFS,0.166226,inverse_error_mvp,2026-09-28
MZ_082,MZ,Lunglei,rainfall_mm,72,IFS,0.301724,inverse_error_mvp,2026-09-28
MZ_082,MZ,Lunglei,temperature_c,72,NCEP GFS,0.194764,inverse_error_mvp,2026-09-28
MZ_082,MZ,Lunglei,temperature_c,72,GFS ENSEMBLE,0.244227,inverse_error_mvp,2026-09-28
MZ_082,MZ,Lunglei,temperature_c,72,AIFS,0.281943,inverse_error_mvp,2026-09-28
MZ_082,MZ,Lunglei,temperature_c,72,IFS,0.279066,inverse_error_mvp,2026-09-28
MZ_082,MZ,Lunglei,wind_speed_kmh,72,NCEP GFS,0.239637,inverse_error_mvp,2026-09-28
MZ_082,MZ,Lunglei,wind_speed_kmh,72,GFS ENSEMBLE,0.257623,inverse_error_mvp,2026-09-28
MZ_082,MZ,Lunglei,wind_speed_kmh,72,AIFS,0.259076,inverse_error_mvp,2026-09-28
MZ_082,MZ,Lunglei,wind_speed_kmh,72,IFS,0.243664,inverse_error_mvp,2026-09-28
MZ_083,MZ,Saiha,rainfall_mm,24,NCEP GFS,0.30249,inverse_error_mvp,2026-09-28
MZ_083,MZ,Saiha,rainfall_mm,24,GFS ENSEMBLE,0.251868,inverse_error_mvp,2026-09-28
MZ_083,MZ,Saiha,rainfall_mm,24,AIFS,0.22031,inverse_error_mvp,2026-09-28
MZ_083,MZ,Saiha,rainfall_mm,24,IFS,0.225332,inverse_error_mvp,2026-09-28
MZ_083,MZ,Saiha,temperature_c,24,NCEP GFS,0.206588,inverse_error_mvp,2026-09-28
MZ_083,MZ,Saiha,temperature_c,24,GFS ENSEMBLE,0.253677,inverse_error_mvp,2026-09-28
MZ_083,MZ,Saiha,temperature_c,24,AIFS,0.259755,inverse_error_mvp,2026-09-28
MZ_083,MZ,Saiha,temperature_c,24,IFS,0.27998,inverse_error_mvp,2026-09-28
MZ_083,MZ,Saiha,wind_speed_kmh,24,NCEP GFS,0.148516,inverse_error_mvp,2026-09-28
MZ_083,MZ,Saiha,wind_speed_kmh,24,GFS ENSEMBLE,0.279682,inverse_error_mvp,2026-09-28
MZ_083,MZ,Saiha,wind_speed_kmh,24,AIFS,0.272504,inverse_error_mvp,2026-09-28
MZ_083,MZ,Saiha,wind_speed_kmh,24,IFS,0.299297,inverse_error_mvp,2026-09-28
MZ_083,MZ,Saiha,rainfall_mm,48,NCEP GFS,0.175266,inverse_error_mvp,2026-09-28
MZ_083,MZ,Saiha,rainfall_mm,48,GFS ENSEMBLE,0.283733,inverse_error_mvp,2026-09-28
MZ_083,MZ,Saiha,rainfall_mm,48,AIFS,0.335294,inverse_error_mvp,2026-09-28
MZ_083,MZ,Saiha,rainfall_mm,48,IFS,0.205707,inverse_error_mvp,2026-09-28
MZ_083,MZ,Saiha,temperature_c,48,NCEP GFS,0.202031,inverse_error_mvp,2026-09-28
MZ_083,MZ,Saiha,temperature_c,48,GFS ENSEMBLE,0.309178,inverse_error_mvp,2026-09-28
MZ_083,MZ,Saiha,temperature_c,48,AIFS,0.268295,inverse_error_mvp,2026-09-28
MZ_083,MZ,Saiha,temperature_c,48,IFS,0.220496,inverse_error_mvp,2026-09-28
MZ_083,MZ,Saiha,wind_speed_kmh,48,NCEP GFS,0.19699,inverse_error_mvp,2026-09-28
MZ_083,MZ,Saiha,wind_speed_kmh,48,GFS ENSEMBLE,0.285126,inverse_error_mvp,2026-09-28
MZ_083,MZ,Saiha,wind_speed_kmh,48,AIFS,0.279307,inverse_error_mvp,2026-09-28
MZ_083,MZ,Saiha,wind_speed_kmh,48,IFS,0.238578,inverse_error_mvp,2026-09-28
MZ_083,MZ,Saiha,rainfall_mm,72,NCEP GFS,0.259331,inverse_error_mvp,2026-09-28
MZ_083,MZ,Saiha,rainfall_mm,72,GFS ENSEMBLE,0.215566,inverse_error_mvp,2026-09-28
MZ_083,MZ,Saiha,rainfall_mm,72,AIFS,0.199717,inverse_error_mvp,2026-09-28
MZ_083,MZ,Saiha,rainfall_mm,72,IFS,0.325386,inverse_error_mvp,2026-09-28
MZ_083,MZ,Saiha,temperature_c,72,NCEP GFS,0.187639,inverse_error_mvp,2026-09-28
MZ_083,MZ,Saiha,temperature_c,72,GFS ENSEMBLE,0.289764,inverse_error_mvp,2026-09-28
MZ_083,MZ,Saiha,temperature_c,72,AIFS,0.285255,inverse_error_mvp,2026-09-28
MZ_083,MZ,Saiha,temperature_c,72,IFS,0.237342,inverse_error_mvp,2026-09-28
MZ_083,MZ,Saiha,wind_speed_kmh,72,NCEP GFS,0.233204,inverse_error_mvp,2026-09-28
MZ_083,MZ,Saiha,wind_speed_kmh,72,GFS ENSEMBLE,0.203511,inverse_error_mvp,2026-09-28
MZ_083,MZ,Saiha,wind_speed_kmh,72,AIFS,0.274569,inverse_error_mvp,2026-09-28
MZ_083,MZ,Saiha,wind_speed_kmh,72,IFS,0.288715,inverse_error_mvp,2026-09-28
MZ_084,MZ,Champhai,rainfall_mm,24,NCEP GFS,0.192321,inverse_error_mvp,2026-09-28
MZ_084,MZ,Champhai,rainfall_mm,24,GFS ENSEMBLE,0.387122,inverse_error_mvp,2026-09-28
MZ_084,MZ,Champhai,rainfall_mm,24,AIFS,0.264906,inverse_error_mvp,2026-09-28
MZ_084,MZ,Champhai,rainfall_mm,24,IFS,0.155651,inverse_error_mvp,2026-09-28
MZ_084,MZ,Champhai,temperature_c,24,NCEP GFS,0.172273,inverse_error_mvp,2026-09-28
MZ_084,MZ,Champhai,temperature_c,24,GFS ENSEMBLE,0.236976,inverse_error_mvp,2026-09-28
MZ_084,MZ,Champhai,temperature_c,24,AIFS,0.213762,inverse_error_mvp,2026-09-28
MZ_084,MZ,Champhai,temperature_c,24,IFS,0.376989,inverse_error_mvp,2026-09-28
MZ_084,MZ,Champhai,wind_speed_kmh,24,NCEP GFS,0.178379,inverse_error_mvp,2026-09-28
MZ_084,MZ,Champhai,wind_speed_kmh,24,GFS ENSEMBLE,0.220148,inverse_error_mvp,2026-09-28
MZ_084,MZ,Champhai,wind_speed_kmh,24,AIFS,0.317406,inverse_error_mvp,2026-09-28
MZ_084,MZ,Champhai,wind_speed_kmh,24,IFS,0.284066,inverse_error_mvp,2026-09-28
MZ_084,MZ,Champhai,rainfall_mm,48,NCEP GFS,0.170805,inverse_error_mvp,2026-09-28
MZ_084,MZ,Champhai,rainfall_mm,48,GFS ENSEMBLE,0.220642,inverse_error_mvp,2026-09-28
MZ_084,MZ,Champhai,rainfall_mm,48,AIFS,0.418185,inverse_error_mvp,2026-09-28
MZ_084,MZ,Champhai,rainfall_mm,48,IFS,0.190368,inverse_error_mvp,2026-09-28
MZ_084,MZ,Champhai,temperature_c,48,NCEP GFS,0.17813,inverse_error_mvp,2026-09-28
MZ_084,MZ,Champhai,temperature_c,48,GFS ENSEMBLE,0.284599,inverse_error_mvp,2026-09-28
MZ_084,MZ,Champhai,temperature_c,48,AIFS,0.27466,inverse_error_mvp,2026-09-28
MZ_084,MZ,Champhai,temperature_c,48,IFS,0.262611,inverse_error_mvp,2026-09-28
MZ_084,MZ,Champhai,wind_speed_kmh,48,NCEP GFS,0.207692,inverse_error_mvp,2026-09-28
MZ_084,MZ,Champhai,wind_speed_kmh,48,GFS ENSEMBLE,0.212108,inverse_error_mvp,2026-09-28
MZ_084,MZ,Champhai,wind_speed_kmh,48,AIFS,0.339559,inverse_error_mvp,2026-09-28
MZ_084,MZ,Champhai,wind_speed_kmh,48,IFS,0.240641,inverse_error_mvp,2026-09-28
MZ_084,MZ,Champhai,rainfall_mm,72,NCEP GFS,0.116956,inverse_error_mvp,2026-09-28
MZ_084,MZ,Champhai,rainfall_mm,72,GFS ENSEMBLE,0.471651,inverse_error_mvp,2026-09-28
MZ_084,MZ,Champhai,rainfall_mm,72,AIFS,0.216003,inverse_error_mvp,2026-09-28
MZ_084,MZ,Champhai,rainfall_mm,72,IFS,0.195389,inverse_error_mvp,2026-09-28
MZ_084,MZ,Champhai,temperature_c,72,NCEP GFS,0.195527,inverse_error_mvp,2026-09-28
MZ_084,MZ,Champhai,temperature_c,72,GFS ENSEMBLE,0.208416,inverse_error_mvp,2026-09-28
MZ_084,MZ,Champhai,temperature_c,72,AIFS,0.331769,inverse_error_mvp,2026-09-28
MZ_084,MZ,Champhai,temperature_c,72,IFS,0.264288,inverse_error_mvp,2026-09-28
MZ_084,MZ,Champhai,wind_speed_kmh,72,NCEP GFS,0.187935,inverse_error_mvp,2026-09-28
MZ_084,MZ,Champhai,wind_speed_kmh,72,GFS ENSEMBLE,0.22089,inverse_error_mvp,2026-09-28
MZ_084,MZ,Champhai,wind_speed_kmh,72,AIFS,0.27903,inverse_error_mvp,2026-09-28
MZ_084,MZ,Champhai,wind_speed_kmh,72,IFS,0.312146,inverse_error_mvp,2026-09-28
MZ_085,MZ,Kolasib,rainfall_mm,24,NCEP GFS,0.119721,inverse_error_mvp,2026-09-28
MZ_085,MZ,Kolasib,rainfall_mm,24,GFS ENSEMBLE,0.236459,inverse_error_mvp,2026-09-28
MZ_085,MZ,Kolasib,rainfall_mm,24,AIFS,0.149631,inverse_error_mvp,2026-09-28
MZ_085,MZ,Kolasib,rainfall_mm,24,IFS,0.494188,inverse_error_mvp,2026-09-28
MZ_085,MZ,Kolasib,temperature_c,24,NCEP GFS,0.160161,inverse_error_mvp,2026-09-28
MZ_085,MZ,Kolasib,temperature_c,24,GFS ENSEMBLE,0.281793,inverse_error_mvp,2026-09-28
MZ_085,MZ,Kolasib,temperature_c,24,AIFS,0.265065,inverse_error_mvp,2026-09-28
MZ_085,MZ,Kolasib,temperature_c,24,IFS,0.292981,inverse_error_mvp,2026-09-28
MZ_085,MZ,Kolasib,wind_speed_kmh,24,NCEP GFS,0.221372,inverse_error_mvp,2026-09-28
MZ_085,MZ,Kolasib,wind_speed_kmh,24,GFS ENSEMBLE,0.261709,inverse_error_mvp,2026-09-28
MZ_085,MZ,Kolasib,wind_speed_kmh,24,AIFS,0.26293,inverse_error_mvp,2026-09-28
MZ_085,MZ,Kolasib,wind_speed_kmh,24,IFS,0.253989,inverse_error_mvp,2026-09-28
MZ_085,MZ,Kolasib,rainfall_mm,48,NCEP GFS,0.191395,inverse_error_mvp,2026-09-28
MZ_085,MZ,Kolasib,rainfall_mm,48,GFS ENSEMBLE,0.274861,inverse_error_mvp,2026-09-28
MZ_085,MZ,Kolasib,rainfall_mm,48,AIFS,0.333755,inverse_error_mvp,2026-09-28
MZ_085,MZ,Kolasib,rainfall_mm,48,IFS,0.199989,inverse_error_mvp,2026-09-28
MZ_085,MZ,Kolasib,temperature_c,48,NCEP GFS,0.171466,inverse_error_mvp,2026-09-28
MZ_085,MZ,Kolasib,temperature_c,48,GFS ENSEMBLE,0.240321,inverse_error_mvp,2026-09-28
MZ_085,MZ,Kolasib,temperature_c,48,AIFS,0.291318,inverse_error_mvp,2026-09-28
MZ_085,MZ,Kolasib,temperature_c,48,IFS,0.296895,inverse_error_mvp,2026-09-28
MZ_085,MZ,Kolasib,wind_speed_kmh,48,NCEP GFS,0.147309,inverse_error_mvp,2026-09-28
MZ_085,MZ,Kolasib,wind_speed_kmh,48,GFS ENSEMBLE,0.202542,inverse_error_mvp,2026-09-28
MZ_085,MZ,Kolasib,wind_speed_kmh,48,AIFS,0.332986,inverse_error_mvp,2026-09-28
MZ_085,MZ,Kolasib,wind_speed_kmh,48,IFS,0.317163,inverse_error_mvp,2026-09-28
MZ_085,MZ,Kolasib,rainfall_mm,72,NCEP GFS,0.124762,inverse_error_mvp,2026-09-28
MZ_085,MZ,Kolasib,rainfall_mm,72,GFS ENSEMBLE,0.22717,inverse_error_mvp,2026-09-28
MZ_085,MZ,Kolasib,rainfall_mm,72,AIFS,0.485555,inverse_error_mvp,2026-09-28
MZ_085,MZ,Kolasib,rainfall_mm,72,IFS,0.162514,inverse_error_mvp,2026-09-28
MZ_085,MZ,Kolasib,temperature_c,72,NCEP GFS,0.185852,inverse_error_mvp,2026-09-28
MZ_085,MZ,Kolasib,temperature_c,72,GFS ENSEMBLE,0.273163,inverse_error_mvp,2026-09-28
MZ_085,MZ,Kolasib,temperature_c,72,AIFS,0.254764,inverse_error_mvp,2026-09-28
MZ_085,MZ,Kolasib,temperature_c,72,IFS,0.286221,inverse_error_mvp,2026-09-28
MZ_085,MZ,Kolasib,wind_speed_kmh,72,NCEP GFS,0.21624,inverse_error_mvp,2026-09-28
MZ_085,MZ,Kolasib,wind_speed_kmh,72,GFS ENSEMBLE,0.222844,inverse_error_mvp,2026-09-28
MZ_085,MZ,Kolasib,wind_speed_kmh,72,AIFS,0.272219,inverse_error_mvp,2026-09-28
MZ_085,MZ,Kolasib,wind_speed_kmh,72,IFS,0.288698,inverse_error_mvp,2026-09-28
NL_086,NL,Kohima,rainfall_mm,24,NCEP GFS,0.172045,inverse_error_mvp,2026-09-28
NL_086,NL,Kohima,rainfall_mm,24,GFS ENSEMBLE,0.215511,inverse_error_mvp,2026-09-28
NL_086,NL,Kohima,rainfall_mm,24,AIFS,0.2546,inverse_error_mvp,2026-09-28
NL_086,NL,Kohima,rainfall_mm,24,IFS,0.357844,inverse_error_mvp,2026-09-28
NL_086,NL,Kohima,temperature_c,24,NCEP GFS,0.218532,inverse_error_mvp,2026-09-28
NL_086,NL,Kohima,temperature_c,24,GFS ENSEMBLE,0.277092,inverse_error_mvp,2026-09-28
NL_086,NL,Kohima,temperature_c,24,AIFS,0.285792,inverse_error_mvp,2026-09-28
NL_086,NL,Kohima,temperature_c,24,IFS,0.218584,inverse_error_mvp,2026-09-28
NL_086,NL,Kohima,wind_speed_kmh,24,NCEP GFS,0.256305,inverse_error_mvp,2026-09-28
NL_086,NL,Kohima,wind_speed_kmh,24,GFS ENSEMBLE,0.228861,inverse_error_mvp,2026-09-28
NL_086,NL,Kohima,wind_speed_kmh,24,AIFS,0.309493,inverse_error_mvp,2026-09-28
NL_086,NL,Kohima,wind_speed_kmh,24,IFS,0.20534,inverse_error_mvp,2026-09-28
NL_086,NL,Kohima,rainfall_mm,48,NCEP GFS,0.233468,inverse_error_mvp,2026-09-28
NL_086,NL,Kohima,rainfall_mm,48,GFS ENSEMBLE,0.175233,inverse_error_mvp,2026-09-28
NL_086,NL,Kohima,rainfall_mm,48,AIFS,0.317492,inverse_error_mvp,2026-09-28
NL_086,NL,Kohima,rainfall_mm,48,IFS,0.273806,inverse_error_mvp,2026-09-28
NL_086,NL,Kohima,temperature_c,48,NCEP GFS,0.21407,inverse_error_mvp,2026-09-28
NL_086,NL,Kohima,temperature_c,48,GFS ENSEMBLE,0.265827,inverse_error_mvp,2026-09-28
NL_086,NL,Kohima,temperature_c,48,AIFS,0.239793,inverse_error_mvp,2026-09-28
NL_086,NL,Kohima,temperature_c,48,IFS,0.28031,inverse_error_mvp,2026-09-28
NL_086,NL,Kohima,wind_speed_kmh,48,NCEP GFS,0.230282,inverse_error_mvp,2026-09-28
NL_086,NL,Kohima,wind_speed_kmh,48,GFS ENSEMBLE,0.192195,inverse_error_mvp,2026-09-28
NL_086,NL,Kohima,wind_speed_kmh,48,AIFS,0.307992,inverse_error_mvp,2026-09-28
NL_086,NL,Kohima,wind_speed_kmh,48,IFS,0.269531,inverse_error_mvp,2026-09-28
NL_086,NL,Kohima,rainfall_mm,72,NCEP GFS,0.150447,inverse_error_mvp,2026-09-28
NL_086,NL,Kohima,rainfall_mm,72,GFS ENSEMBLE,0.300029,inverse_error_mvp,2026-09-28
NL_086,NL,Kohima,rainfall_mm,72,AIFS,0.317275,inverse_error_mvp,2026-09-28
NL_086,NL,Kohima,rainfall_mm,72,IFS,0.232249,inverse_error_mvp,2026-09-28
NL_086,NL,Kohima,temperature_c,72,NCEP GFS,0.205059,inverse_error_mvp,2026-09-28
NL_086,NL,Kohima,temperature_c,72,GFS ENSEMBLE,0.243326,inverse_error_mvp,2026-09-28
NL_086,NL,Kohima,temperature_c,72,AIFS,0.283972,inverse_error_mvp,2026-09-28
NL_086,NL,Kohima,temperature_c,72,IFS,0.267643,inverse_error_mvp,2026-09-28
NL_086,NL,Kohima,wind_speed_kmh,72,NCEP GFS,0.20497,inverse_error_mvp,2026-09-28
NL_086,NL,Kohima,wind_speed_kmh,72,GFS ENSEMBLE,0.287051,inverse_error_mvp,2026-09-28
NL_086,NL,Kohima,wind_speed_kmh,72,AIFS,0.268844,inverse_error_mvp,2026-09-28
NL_086,NL,Kohima,wind_speed_kmh,72,IFS,0.239134,inverse_error_mvp,2026-09-28
NL_087,NL,Dimapur,rainfall_mm,24,NCEP GFS,0.108367,inverse_error_mvp,2026-09-28
NL_087,NL,Dimapur,rainfall_mm,24,GFS ENSEMBLE,0.258263,inverse_error_mvp,2026-09-28
NL_087,NL,Dimapur,rainfall_mm,24,AIFS,0.241453,inverse_error_mvp,2026-09-28
NL_087,NL,Dimapur,rainfall_mm,24,IFS,0.391917,inverse_error_mvp,2026-09-28
NL_087,NL,Dimapur,temperature_c,24,NCEP GFS,0.164835,inverse_error_mvp,2026-09-28
NL_087,NL,Dimapur,temperature_c,24,GFS ENSEMBLE,0.214047,inverse_error_mvp,2026-09-28
NL_087,NL,Dimapur,temperature_c,24,AIFS,0.256573,inverse_error_mvp,2026-09-28
NL_087,NL,Dimapur,temperature_c,24,IFS,0.364545,inverse_error_mvp,2026-09-28
NL_087,NL,Dimapur,wind_speed_kmh,24,NCEP GFS,0.176167,inverse_error_mvp,2026-09-28
NL_087,NL,Dimapur,wind_speed_kmh,24,GFS ENSEMBLE,0.250026,inverse_error_mvp,2026-09-28
NL_087,NL,Dimapur,wind_speed_kmh,24,AIFS,0.306777,inverse_error_mvp,2026-09-28
NL_087,NL,Dimapur,wind_speed_kmh,24,IFS,0.26703,inverse_error_mvp,2026-09-28
NL_087,NL,Dimapur,rainfall_mm,48,NCEP GFS,0.212546,inverse_error_mvp,2026-09-28
NL_087,NL,Dimapur,rainfall_mm,48,GFS ENSEMBLE,0.166221,inverse_error_mvp,2026-09-28
NL_087,NL,Dimapur,rainfall_mm,48,AIFS,0.334034,inverse_error_mvp,2026-09-28
NL_087,NL,Dimapur,rainfall_mm,48,IFS,0.287199,inverse_error_mvp,2026-09-28
NL_087,NL,Dimapur,temperature_c,48,NCEP GFS,0.175406,inverse_error_mvp,2026-09-28
NL_087,NL,Dimapur,temperature_c,48,GFS ENSEMBLE,0.276361,inverse_error_mvp,2026-09-28
NL_087,NL,Dimapur,temperature_c,48,AIFS,0.260719,inverse_error_mvp,2026-09-28
NL_087,NL,Dimapur,temperature_c,48,IFS,0.287514,inverse_error_mvp,2026-09-28
NL_087,NL,Dimapur,wind_speed_kmh,48,NCEP GFS,0.204905,inverse_error_mvp,2026-09-28
NL_087,NL,Dimapur,wind_speed_kmh,48,GFS ENSEMBLE,0.242441,inverse_error_mvp,2026-09-28
NL_087,NL,Dimapur,wind_speed_kmh,48,AIFS,0.262829,inverse_error_mvp,2026-09-28
NL_087,NL,Dimapur,wind_speed_kmh,48,IFS,0.289826,inverse_error_mvp,2026-09-28
NL_087,NL,Dimapur,rainfall_mm,72,NCEP GFS,0.211421,inverse_error_mvp,2026-09-28
NL_087,NL,Dimapur,rainfall_mm,72,GFS ENSEMBLE,0.204891,inverse_error_mvp,2026-09-28
NL_087,NL,Dimapur,rainfall_mm,72,AIFS,0.283533,inverse_error_mvp,2026-09-28
NL_087,NL,Dimapur,rainfall_mm,72,IFS,0.300155,inverse_error_mvp,2026-09-28
NL_087,NL,Dimapur,temperature_c,72,NCEP GFS,0.194493,inverse_error_mvp,2026-09-28
NL_087,NL,Dimapur,temperature_c,72,GFS ENSEMBLE,0.277376,inverse_error_mvp,2026-09-28
NL_087,NL,Dimapur,temperature_c,72,AIFS,0.287665,inverse_error_mvp,2026-09-28
NL_087,NL,Dimapur,temperature_c,72,IFS,0.240466,inverse_error_mvp,2026-09-28
NL_087,NL,Dimapur,wind_speed_kmh,72,NCEP GFS,0.182689,inverse_error_mvp,2026-09-28
NL_087,NL,Dimapur,wind_speed_kmh,72,GFS ENSEMBLE,0.249908,inverse_error_mvp,2026-09-28
NL_087,NL,Dimapur,wind_speed_kmh,72,AIFS,0.277881,inverse_error_mvp,2026-09-28
NL_087,NL,Dimapur,wind_speed_kmh,72,IFS,0.289522,inverse_error_mvp,2026-09-28
NL_088,NL,Mokokchung,rainfall_mm,24,NCEP GFS,0.196834,inverse_error_mvp,2026-09-28
NL_088,NL,Mokokchung,rainfall_mm,24,GFS ENSEMBLE,0.291068,inverse_error_mvp,2026-09-28
NL_088,NL,Mokokchung,rainfall_mm,24,AIFS,0.193898,inverse_error_mvp,2026-09-28
NL_088,NL,Mokokchung,rainfall_mm,24,IFS,0.3182,inverse_error_mvp,2026-09-28
NL_088,NL,Mokokchung,temperature_c,24,NCEP GFS,0.248819,inverse_error_mvp,2026-09-28
NL_088,NL,Mokokchung,temperature_c,24,GFS ENSEMBLE,0.241149,inverse_error_mvp,2026-09-28
NL_088,NL,Mokokchung,temperature_c,24,AIFS,0.278109,inverse_error_mvp,2026-09-28
NL_088,NL,Mokokchung,temperature_c,24,IFS,0.231924,inverse_error_mvp,2026-09-28
NL_088,NL,Mokokchung,wind_speed_kmh,24,NCEP GFS,0.162723,inverse_error_mvp,2026-09-28
NL_088,NL,Mokokchung,wind_speed_kmh,24,GFS ENSEMBLE,0.267271,inverse_error_mvp,2026-09-28
NL_088,NL,Mokokchung,wind_speed_kmh,24,AIFS,0.254941,inverse_error_mvp,2026-09-28
NL_088,NL,Mokokchung,wind_speed_kmh,24,IFS,0.315065,inverse_error_mvp,2026-09-28
NL_088,NL,Mokokchung,rainfall_mm,48,NCEP GFS,0.208109,inverse_error_mvp,2026-09-28
NL_088,NL,Mokokchung,rainfall_mm,48,GFS ENSEMBLE,0.294346,inverse_error_mvp,2026-09-28
NL_088,NL,Mokokchung,rainfall_mm,48,AIFS,0.302795,inverse_error_mvp,2026-09-28
NL_088,NL,Mokokchung,rainfall_mm,48,IFS,0.19475,inverse_error_mvp,2026-09-28
NL_088,NL,Mokokchung,temperature_c,48,NCEP GFS,0.166299,inverse_error_mvp,2026-09-28
NL_088,NL,Mokokchung,temperature_c,48,GFS ENSEMBLE,0.273765,inverse_error_mvp,2026-09-28
NL_088,NL,Mokokchung,temperature_c,48,AIFS,0.265547,inverse_error_mvp,2026-09-28
NL_088,NL,Mokokchung,temperature_c,48,IFS,0.294389,inverse_error_mvp,2026-09-28
NL_088,NL,Mokokchung,wind_speed_kmh,48,NCEP GFS,0.176587,inverse_error_mvp,2026-09-28
NL_088,NL,Mokokchung,wind_speed_kmh,48,GFS ENSEMBLE,0.25896,inverse_error_mvp,2026-09-28
NL_088,NL,Mokokchung,wind_speed_kmh,48,AIFS,0.272278,inverse_error_mvp,2026-09-28
NL_088,NL,Mokokchung,wind_speed_kmh,48,IFS,0.292175,inverse_error_mvp,2026-09-28
NL_088,NL,Mokokchung,rainfall_mm,72,NCEP GFS,0.205605,inverse_error_mvp,2026-09-28
NL_088,NL,Mokokchung,rainfall_mm,72,GFS ENSEMBLE,0.360653,inverse_error_mvp,2026-09-28
NL_088,NL,Mokokchung,rainfall_mm,72,AIFS,0.190362,inverse_error_mvp,2026-09-28
NL_088,NL,Mokokchung,rainfall_mm,72,IFS,0.243379,inverse_error_mvp,2026-09-28
NL_088,NL,Mokokchung,temperature_c,72,NCEP GFS,0.17239,inverse_error_mvp,2026-09-28
NL_088,NL,Mokokchung,temperature_c,72,GFS ENSEMBLE,0.287514,inverse_error_mvp,2026-09-28
NL_088,NL,Mokokchung,temperature_c,72,AIFS,0.272255,inverse_error_mvp,2026-09-28
NL_088,NL,Mokokchung,temperature_c,72,IFS,0.26784,inverse_error_mvp,2026-09-28
NL_088,NL,Mokokchung,wind_speed_kmh,72,NCEP GFS,0.175178,inverse_error_mvp,2026-09-28
NL_088,NL,Mokokchung,wind_speed_kmh,72,GFS ENSEMBLE,0.265836,inverse_error_mvp,2026-09-28
NL_088,NL,Mokokchung,wind_speed_kmh,72,AIFS,0.300503,inverse_error_mvp,2026-09-28
NL_088,NL,Mokokchung,wind_speed_kmh,72,IFS,0.258483,inverse_error_mvp,2026-09-28
NL_089,NL,Tuensang,rainfall_mm,24,NCEP GFS,0.270983,inverse_error_mvp,2026-09-28
NL_089,NL,Tuensang,rainfall_mm,24,GFS ENSEMBLE,0.215248,inverse_error_mvp,2026-09-28
NL_089,NL,Tuensang,rainfall_mm,24,AIFS,0.279416,inverse_error_mvp,2026-09-28
NL_089,NL,Tuensang,rainfall_mm,24,IFS,0.234353,inverse_error_mvp,2026-09-28
NL_089,NL,Tuensang,temperature_c,24,NCEP GFS,0.175364,inverse_error_mvp,2026-09-28
NL_089,NL,Tuensang,temperature_c,24,GFS ENSEMBLE,0.223974,inverse_error_mvp,2026-09-28
NL_089,NL,Tuensang,temperature_c,24,AIFS,0.33815,inverse_error_mvp,2026-09-28
NL_089,NL,Tuensang,temperature_c,24,IFS,0.262512,inverse_error_mvp,2026-09-28
NL_089,NL,Tuensang,wind_speed_kmh,24,NCEP GFS,0.151787,inverse_error_mvp,2026-09-28
NL_089,NL,Tuensang,wind_speed_kmh,24,GFS ENSEMBLE,0.225298,inverse_error_mvp,2026-09-28
NL_089,NL,Tuensang,wind_speed_kmh,24,AIFS,0.335055,inverse_error_mvp,2026-09-28
NL_089,NL,Tuensang,wind_speed_kmh,24,IFS,0.28786,inverse_error_mvp,2026-09-28
NL_089,NL,Tuensang,rainfall_mm,48,NCEP GFS,0.212187,inverse_error_mvp,2026-09-28
NL_089,NL,Tuensang,rainfall_mm,48,GFS ENSEMBLE,0.288166,inverse_error_mvp,2026-09-28
NL_089,NL,Tuensang,rainfall_mm,48,AIFS,0.301245,inverse_error_mvp,2026-09-28
NL_089,NL,Tuensang,rainfall_mm,48,IFS,0.198403,inverse_error_mvp,2026-09-28
NL_089,NL,Tuensang,temperature_c,48,NCEP GFS,0.231166,inverse_error_mvp,2026-09-28
NL_089,NL,Tuensang,temperature_c,48,GFS ENSEMBLE,0.214432,inverse_error_mvp,2026-09-28
NL_089,NL,Tuensang,temperature_c,48,AIFS,0.283361,inverse_error_mvp,2026-09-28
NL_089,NL,Tuensang,temperature_c,48,IFS,0.271041,inverse_error_mvp,2026-09-28
NL_089,NL,Tuensang,wind_speed_kmh,48,NCEP GFS,0.177012,inverse_error_mvp,2026-09-28
NL_089,NL,Tuensang,wind_speed_kmh,48,GFS ENSEMBLE,0.245816,inverse_error_mvp,2026-09-28
NL_089,NL,Tuensang,wind_speed_kmh,48,AIFS,0.282985,inverse_error_mvp,2026-09-28
NL_089,NL,Tuensang,wind_speed_kmh,48,IFS,0.294187,inverse_error_mvp,2026-09-28
NL_089,NL,Tuensang,rainfall_mm,72,NCEP GFS,0.288831,inverse_error_mvp,2026-09-28
NL_089,NL,Tuensang,rainfall_mm,72,GFS ENSEMBLE,0.189211,inverse_error_mvp,2026-09-28
NL_089,NL,Tuensang,rainfall_mm,72,AIFS,0.33857,inverse_error_mvp,2026-09-28
NL_089,NL,Tuensang,rainfall_mm,72,IFS,0.183389,inverse_error_mvp,2026-09-28
NL_089,NL,Tuensang,temperature_c,72,NCEP GFS,0.179307,inverse_error_mvp,2026-09-28
NL_089,NL,Tuensang,temperature_c,72,GFS ENSEMBLE,0.281107,inverse_error_mvp,2026-09-28
NL_089,NL,Tuensang,temperature_c,72,AIFS,0.258493,inverse_error_mvp,2026-09-28
NL_089,NL,Tuensang,temperature_c,72,IFS,0.281094,inverse_error_mvp,2026-09-28
NL_089,NL,Tuensang,wind_speed_kmh,72,NCEP GFS,0.206732,inverse_error_mvp,2026-09-28
NL_089,NL,Tuensang,wind_speed_kmh,72,GFS ENSEMBLE,0.264916,inverse_error_mvp,2026-09-28
NL_089,NL,Tuensang,wind_speed_kmh,72,AIFS,0.279385,inverse_error_mvp,2026-09-28
NL_089,NL,Tuensang,wind_speed_kmh,72,IFS,0.248967,inverse_error_mvp,2026-09-28
NL_090,NL,Wokha,rainfall_mm,24,NCEP GFS,0.331271,inverse_error_mvp,2026-09-28
NL_090,NL,Wokha,rainfall_mm,24,GFS ENSEMBLE,0.238541,inverse_error_mvp,2026-09-28
NL_090,NL,Wokha,rainfall_mm,24,AIFS,0.256215,inverse_error_mvp,2026-09-28
NL_090,NL,Wokha,rainfall_mm,24,IFS,0.173973,inverse_error_mvp,2026-09-28
NL_090,NL,Wokha,temperature_c,24,NCEP GFS,0.157866,inverse_error_mvp,2026-09-28
NL_090,NL,Wokha,temperature_c,24,GFS ENSEMBLE,0.233063,inverse_error_mvp,2026-09-28
NL_090,NL,Wokha,temperature_c,24,AIFS,0.298576,inverse_error_mvp,2026-09-28
NL_090,NL,Wokha,temperature_c,24,IFS,0.310495,inverse_error_mvp,2026-09-28
NL_090,NL,Wokha,wind_speed_kmh,24,NCEP GFS,0.165462,inverse_error_mvp,2026-09-28
NL_090,NL,Wokha,wind_speed_kmh,24,GFS ENSEMBLE,0.229574,inverse_error_mvp,2026-09-28
NL_090,NL,Wokha,wind_speed_kmh,24,AIFS,0.371073,inverse_error_mvp,2026-09-28
NL_090,NL,Wokha,wind_speed_kmh,24,IFS,0.23389,inverse_error_mvp,2026-09-28
NL_090,NL,Wokha,rainfall_mm,48,NCEP GFS,0.214117,inverse_error_mvp,2026-09-28
NL_090,NL,Wokha,rainfall_mm,48,GFS ENSEMBLE,0.182706,inverse_error_mvp,2026-09-28
NL_090,NL,Wokha,rainfall_mm,48,AIFS,0.233134,inverse_error_mvp,2026-09-28
NL_090,NL,Wokha,rainfall_mm,48,IFS,0.370043,inverse_error_mvp,2026-09-28
NL_090,NL,Wokha,temperature_c,48,NCEP GFS,0.242725,inverse_error_mvp,2026-09-28
NL_090,NL,Wokha,temperature_c,48,GFS ENSEMBLE,0.232742,inverse_error_mvp,2026-09-28
NL_090,NL,Wokha,temperature_c,48,AIFS,0.283353,inverse_error_mvp,2026-09-28
NL_090,NL,Wokha,temperature_c,48,IFS,0.241179,inverse_error_mvp,2026-09-28
NL_090,NL,Wokha,wind_speed_kmh,48,NCEP GFS,0.186263,inverse_error_mvp,2026-09-28
NL_090,NL,Wokha,wind_speed_kmh,48,GFS ENSEMBLE,0.275378,inverse_error_mvp,2026-09-28
NL_090,NL,Wokha,wind_speed_kmh,48,AIFS,0.276617,inverse_error_mvp,2026-09-28
NL_090,NL,Wokha,wind_speed_kmh,48,IFS,0.261741,inverse_error_mvp,2026-09-28
NL_090,NL,Wokha,rainfall_mm,72,NCEP GFS,0.206627,inverse_error_mvp,2026-09-28
NL_090,NL,Wokha,rainfall_mm,72,GFS ENSEMBLE,0.265967,inverse_error_mvp,2026-09-28
NL_090,NL,Wokha,rainfall_mm,72,AIFS,0.34333,inverse_error_mvp,2026-09-28
NL_090,NL,Wokha,rainfall_mm,72,IFS,0.184077,inverse_error_mvp,2026-09-28
NL_090,NL,Wokha,temperature_c,72,NCEP GFS,0.165017,inverse_error_mvp,2026-09-28
NL_090,NL,Wokha,temperature_c,72,GFS ENSEMBLE,0.263004,inverse_error_mvp,2026-09-28
NL_090,NL,Wokha,temperature_c,72,AIFS,0.333191,inverse_error_mvp,2026-09-28
NL_090,NL,Wokha,temperature_c,72,IFS,0.238788,inverse_error_mvp,2026-09-28
NL_090,NL,Wokha,wind_speed_kmh,72,NCEP GFS,0.190564,inverse_error_mvp,2026-09-28
NL_090,NL,Wokha,wind_speed_kmh,72,GFS ENSEMBLE,0.206318,inverse_error_mvp,2026-09-28
NL_090,NL,Wokha,wind_speed_kmh,72,AIFS,0.27657,inverse_error_mvp,2026-09-28
NL_090,NL,Wokha,wind_speed_kmh,72,IFS,0.326549,inverse_error_mvp,2026-09-28
OR_091,OR,Bhubaneswar,rainfall_mm,24,NCEP GFS,0.261581,inverse_error_mvp,2026-09-28
OR_091,OR,Bhubaneswar,rainfall_mm,24,GFS ENSEMBLE,0.287576,inverse_error_mvp,2026-09-28
OR_091,OR,Bhubaneswar,rainfall_mm,24,AIFS,0.288665,inverse_error_mvp,2026-09-28
OR_091,OR,Bhubaneswar,rainfall_mm,24,IFS,0.162177,inverse_error_mvp,2026-09-28
OR_091,OR,Bhubaneswar,temperature_c,24,NCEP GFS,0.186968,inverse_error_mvp,2026-09-28
OR_091,OR,Bhubaneswar,temperature_c,24,GFS ENSEMBLE,0.259395,inverse_error_mvp,2026-09-28
OR_091,OR,Bhubaneswar,temperature_c,24,AIFS,0.301197,inverse_error_mvp,2026-09-28
OR_091,OR,Bhubaneswar,temperature_c,24,IFS,0.25244,inverse_error_mvp,2026-09-28
OR_091,OR,Bhubaneswar,wind_speed_kmh,24,NCEP GFS,0.19122,inverse_error_mvp,2026-09-28
OR_091,OR,Bhubaneswar,wind_speed_kmh,24,GFS ENSEMBLE,0.222128,inverse_error_mvp,2026-09-28
OR_091,OR,Bhubaneswar,wind_speed_kmh,24,AIFS,0.282314,inverse_error_mvp,2026-09-28
OR_091,OR,Bhubaneswar,wind_speed_kmh,24,IFS,0.304338,inverse_error_mvp,2026-09-28
OR_091,OR,Bhubaneswar,rainfall_mm,48,NCEP GFS,0.146059,inverse_error_mvp,2026-09-28
OR_091,OR,Bhubaneswar,rainfall_mm,48,GFS ENSEMBLE,0.25622,inverse_error_mvp,2026-09-28
OR_091,OR,Bhubaneswar,rainfall_mm,48,AIFS,0.255019,inverse_error_mvp,2026-09-28
OR_091,OR,Bhubaneswar,rainfall_mm,48,IFS,0.342703,inverse_error_mvp,2026-09-28
OR_091,OR,Bhubaneswar,temperature_c,48,NCEP GFS,0.200832,inverse_error_mvp,2026-09-28
OR_091,OR,Bhubaneswar,temperature_c,48,GFS ENSEMBLE,0.257298,inverse_error_mvp,2026-09-28
OR_091,OR,Bhubaneswar,temperature_c,48,AIFS,0.265894,inverse_error_mvp,2026-09-28
OR_091,OR,Bhubaneswar,temperature_c,48,IFS,0.275975,inverse_error_mvp,2026-09-28
OR_091,OR,Bhubaneswar,wind_speed_kmh,48,NCEP GFS,0.176339,inverse_error_mvp,2026-09-28
OR_091,OR,Bhubaneswar,wind_speed_kmh,48,GFS ENSEMBLE,0.273107,inverse_error_mvp,2026-09-28
OR_091,OR,Bhubaneswar,wind_speed_kmh,48,AIFS,0.304597,inverse_error_mvp,2026-09-28
OR_091,OR,Bhubaneswar,wind_speed_kmh,48,IFS,0.245957,inverse_error_mvp,2026-09-28
OR_091,OR,Bhubaneswar,rainfall_mm,72,NCEP GFS,0.245383,inverse_error_mvp,2026-09-28
OR_091,OR,Bhubaneswar,rainfall_mm,72,GFS ENSEMBLE,0.232757,inverse_error_mvp,2026-09-28
OR_091,OR,Bhubaneswar,rainfall_mm,72,AIFS,0.287817,inverse_error_mvp,2026-09-28
OR_091,OR,Bhubaneswar,rainfall_mm,72,IFS,0.234042,inverse_error_mvp,2026-09-28
OR_091,OR,Bhubaneswar,temperature_c,72,NCEP GFS,0.157357,inverse_error_mvp,2026-09-28
OR_091,OR,Bhubaneswar,temperature_c,72,GFS ENSEMBLE,0.258062,inverse_error_mvp,2026-09-28
OR_091,OR,Bhubaneswar,temperature_c,72,AIFS,0.383397,inverse_error_mvp,2026-09-28
OR_091,OR,Bhubaneswar,temperature_c,72,IFS,0.201184,inverse_error_mvp,2026-09-28
OR_091,OR,Bhubaneswar,wind_speed_kmh,72,NCEP GFS,0.190415,inverse_error_mvp,2026-09-28
OR_091,OR,Bhubaneswar,wind_speed_kmh,72,GFS ENSEMBLE,0.208218,inverse_error_mvp,2026-09-28
OR_091,OR,Bhubaneswar,wind_speed_kmh,72,AIFS,0.270547,inverse_error_mvp,2026-09-28
OR_091,OR,Bhubaneswar,wind_speed_kmh,72,IFS,0.33082,inverse_error_mvp,2026-09-28
OR_092,OR,Cuttack,rainfall_mm,24,NCEP GFS,0.255929,inverse_error_mvp,2026-09-28
OR_092,OR,Cuttack,rainfall_mm,24,GFS ENSEMBLE,0.255131,inverse_error_mvp,2026-09-28
OR_092,OR,Cuttack,rainfall_mm,24,AIFS,0.237919,inverse_error_mvp,2026-09-28
OR_092,OR,Cuttack,rainfall_mm,24,IFS,0.251021,inverse_error_mvp,2026-09-28
OR_092,OR,Cuttack,temperature_c,24,NCEP GFS,0.217661,inverse_error_mvp,2026-09-28
OR_092,OR,Cuttack,temperature_c,24,GFS ENSEMBLE,0.283436,inverse_error_mvp,2026-09-28
OR_092,OR,Cuttack,temperature_c,24,AIFS,0.219637,inverse_error_mvp,2026-09-28
OR_092,OR,Cuttack,temperature_c,24,IFS,0.279266,inverse_error_mvp,2026-09-28
OR_092,OR,Cuttack,wind_speed_kmh,24,NCEP GFS,0.197464,inverse_error_mvp,2026-09-28
OR_092,OR,Cuttack,wind_speed_kmh,24,GFS ENSEMBLE,0.258894,inverse_error_mvp,2026-09-28
OR_092,OR,Cuttack,wind_speed_kmh,24,AIFS,0.287952,inverse_error_mvp,2026-09-28
OR_092,OR,Cuttack,wind_speed_kmh,24,IFS,0.25569,inverse_error_mvp,2026-09-28
OR_092,OR,Cuttack,rainfall_mm,48,NCEP GFS,0.290347,inverse_error_mvp,2026-09-28
OR_092,OR,Cuttack,rainfall_mm,48,GFS ENSEMBLE,0.322169,inverse_error_mvp,2026-09-28
OR_092,OR,Cuttack,rainfall_mm,48,AIFS,0.221215,inverse_error_mvp,2026-09-28
OR_092,OR,Cuttack,rainfall_mm,48,IFS,0.166269,inverse_error_mvp,2026-09-28
OR_092,OR,Cuttack,temperature_c,48,NCEP GFS,0.246137,inverse_error_mvp,2026-09-28
OR_092,OR,Cuttack,temperature_c,48,GFS ENSEMBLE,0.22722,inverse_error_mvp,2026-09-28
OR_092,OR,Cuttack,temperature_c,48,AIFS,0.221678,inverse_error_mvp,2026-09-28
OR_092,OR,Cuttack,temperature_c,48,IFS,0.304965,inverse_error_mvp,2026-09-28
OR_092,OR,Cuttack,wind_speed_kmh,48,NCEP GFS,0.176377,inverse_error_mvp,2026-09-28
OR_092,OR,Cuttack,wind_speed_kmh,48,GFS ENSEMBLE,0.248925,inverse_error_mvp,2026-09-28
OR_092,OR,Cuttack,wind_speed_kmh,48,AIFS,0.232881,inverse_error_mvp,2026-09-28
OR_092,OR,Cuttack,wind_speed_kmh,48,IFS,0.341817,inverse_error_mvp,2026-09-28
OR_092,OR,Cuttack,rainfall_mm,72,NCEP GFS,0.22535,inverse_error_mvp,2026-09-28
OR_092,OR,Cuttack,rainfall_mm,72,GFS ENSEMBLE,0.276696,inverse_error_mvp,2026-09-28
OR_092,OR,Cuttack,rainfall_mm,72,AIFS,0.274492,inverse_error_mvp,2026-09-28
OR_092,OR,Cuttack,rainfall_mm,72,IFS,0.223462,inverse_error_mvp,2026-09-28
OR_092,OR,Cuttack,temperature_c,72,NCEP GFS,0.209633,inverse_error_mvp,2026-09-28
OR_092,OR,Cuttack,temperature_c,72,GFS ENSEMBLE,0.302899,inverse_error_mvp,2026-09-28
OR_092,OR,Cuttack,temperature_c,72,AIFS,0.229333,inverse_error_mvp,2026-09-28
OR_092,OR,Cuttack,temperature_c,72,IFS,0.258135,inverse_error_mvp,2026-09-28
OR_092,OR,Cuttack,wind_speed_kmh,72,NCEP GFS,0.185742,inverse_error_mvp,2026-09-28
OR_092,OR,Cuttack,wind_speed_kmh,72,GFS ENSEMBLE,0.281293,inverse_error_mvp,2026-09-28
OR_092,OR,Cuttack,wind_speed_kmh,72,AIFS,0.305141,inverse_error_mvp,2026-09-28
OR_092,OR,Cuttack,wind_speed_kmh,72,IFS,0.227825,inverse_error_mvp,2026-09-28
OR_093,OR,Puri,rainfall_mm,24,NCEP GFS,0.234099,inverse_error_mvp,2026-09-28
OR_093,OR,Puri,rainfall_mm,24,GFS ENSEMBLE,0.310813,inverse_error_mvp,2026-09-28
OR_093,OR,Puri,rainfall_mm,24,AIFS,0.261257,inverse_error_mvp,2026-09-28
OR_093,OR,Puri,rainfall_mm,24,IFS,0.193832,inverse_error_mvp,2026-09-28
OR_093,OR,Puri,temperature_c,24,NCEP GFS,0.163533,inverse_error_mvp,2026-09-28
OR_093,OR,Puri,temperature_c,24,GFS ENSEMBLE,0.294974,inverse_error_mvp,2026-09-28
OR_093,OR,Puri,temperature_c,24,AIFS,0.242766,inverse_error_mvp,2026-09-28
OR_093,OR,Puri,temperature_c,24,IFS,0.298727,inverse_error_mvp,2026-09-28
OR_093,OR,Puri,wind_speed_kmh,24,NCEP GFS,0.200304,inverse_error_mvp,2026-09-28
OR_093,OR,Puri,wind_speed_kmh,24,GFS ENSEMBLE,0.244032,inverse_error_mvp,2026-09-28
OR_093,OR,Puri,wind_speed_kmh,24,AIFS,0.275923,inverse_error_mvp,2026-09-28
OR_093,OR,Puri,wind_speed_kmh,24,IFS,0.279741,inverse_error_mvp,2026-09-28
OR_093,OR,Puri,rainfall_mm,48,NCEP GFS,0.228902,inverse_error_mvp,2026-09-28
OR_093,OR,Puri,rainfall_mm,48,GFS ENSEMBLE,0.221278,inverse_error_mvp,2026-09-28
OR_093,OR,Puri,rainfall_mm,48,AIFS,0.367826,inverse_error_mvp,2026-09-28
OR_093,OR,Puri,rainfall_mm,48,IFS,0.181994,inverse_error_mvp,2026-09-28
OR_093,OR,Puri,temperature_c,48,NCEP GFS,0.18458,inverse_error_mvp,2026-09-28
OR_093,OR,Puri,temperature_c,48,GFS ENSEMBLE,0.220545,inverse_error_mvp,2026-09-28
OR_093,OR,Puri,temperature_c,48,AIFS,0.340725,inverse_error_mvp,2026-09-28
OR_093,OR,Puri,temperature_c,48,IFS,0.25415,inverse_error_mvp,2026-09-28
OR_093,OR,Puri,wind_speed_kmh,48,NCEP GFS,0.192713,inverse_error_mvp,2026-09-28
OR_093,OR,Puri,wind_speed_kmh,48,GFS ENSEMBLE,0.248247,inverse_error_mvp,2026-09-28
OR_093,OR,Puri,wind_speed_kmh,48,AIFS,0.233362,inverse_error_mvp,2026-09-28
OR_093,OR,Puri,wind_speed_kmh,48,IFS,0.325678,inverse_error_mvp,2026-09-28
OR_093,OR,Puri,rainfall_mm,72,NCEP GFS,0.266727,inverse_error_mvp,2026-09-28
OR_093,OR,Puri,rainfall_mm,72,GFS ENSEMBLE,0.167346,inverse_error_mvp,2026-09-28
OR_093,OR,Puri,rainfall_mm,72,AIFS,0.350334,inverse_error_mvp,2026-09-28
OR_093,OR,Puri,rainfall_mm,72,IFS,0.215594,inverse_error_mvp,2026-09-28
OR_093,OR,Puri,temperature_c,72,NCEP GFS,0.199697,inverse_error_mvp,2026-09-28
OR_093,OR,Puri,temperature_c,72,GFS ENSEMBLE,0.288972,inverse_error_mvp,2026-09-28
OR_093,OR,Puri,temperature_c,72,AIFS,0.269842,inverse_error_mvp,2026-09-28
OR_093,OR,Puri,temperature_c,72,IFS,0.241489,inverse_error_mvp,2026-09-28
OR_093,OR,Puri,wind_speed_kmh,72,NCEP GFS,0.198566,inverse_error_mvp,2026-09-28
OR_093,OR,Puri,wind_speed_kmh,72,GFS ENSEMBLE,0.206236,inverse_error_mvp,2026-09-28
OR_093,OR,Puri,wind_speed_kmh,72,AIFS,0.335685,inverse_error_mvp,2026-09-28
OR_093,OR,Puri,wind_speed_kmh,72,IFS,0.259513,inverse_error_mvp,2026-09-28
OR_094,OR,Rourkela,rainfall_mm,24,NCEP GFS,0.108048,inverse_error_mvp,2026-09-28
OR_094,OR,Rourkela,rainfall_mm,24,GFS ENSEMBLE,0.14308,inverse_error_mvp,2026-09-28
OR_094,OR,Rourkela,rainfall_mm,24,AIFS,0.301363,inverse_error_mvp,2026-09-28
OR_094,OR,Rourkela,rainfall_mm,24,IFS,0.447508,inverse_error_mvp,2026-09-28
OR_094,OR,Rourkela,temperature_c,24,NCEP GFS,0.185326,inverse_error_mvp,2026-09-28
OR_094,OR,Rourkela,temperature_c,24,GFS ENSEMBLE,0.254126,inverse_error_mvp,2026-09-28
OR_094,OR,Rourkela,temperature_c,24,AIFS,0.311586,inverse_error_mvp,2026-09-28
OR_094,OR,Rourkela,temperature_c,24,IFS,0.248963,inverse_error_mvp,2026-09-28
OR_094,OR,Rourkela,wind_speed_kmh,24,NCEP GFS,0.197656,inverse_error_mvp,2026-09-28
OR_094,OR,Rourkela,wind_speed_kmh,24,GFS ENSEMBLE,0.257476,inverse_error_mvp,2026-09-28
OR_094,OR,Rourkela,wind_speed_kmh,24,AIFS,0.278455,inverse_error_mvp,2026-09-28
OR_094,OR,Rourkela,wind_speed_kmh,24,IFS,0.266414,inverse_error_mvp,2026-09-28
OR_094,OR,Rourkela,rainfall_mm,48,NCEP GFS,0.111151,inverse_error_mvp,2026-09-28
OR_094,OR,Rourkela,rainfall_mm,48,GFS ENSEMBLE,0.117277,inverse_error_mvp,2026-09-28
OR_094,OR,Rourkela,rainfall_mm,48,AIFS,0.559783,inverse_error_mvp,2026-09-28
OR_094,OR,Rourkela,rainfall_mm,48,IFS,0.211789,inverse_error_mvp,2026-09-28
OR_094,OR,Rourkela,temperature_c,48,NCEP GFS,0.183803,inverse_error_mvp,2026-09-28
OR_094,OR,Rourkela,temperature_c,48,GFS ENSEMBLE,0.264511,inverse_error_mvp,2026-09-28
OR_094,OR,Rourkela,temperature_c,48,AIFS,0.3134,inverse_error_mvp,2026-09-28
OR_094,OR,Rourkela,temperature_c,48,IFS,0.238287,inverse_error_mvp,2026-09-28
OR_094,OR,Rourkela,wind_speed_kmh,48,NCEP GFS,0.208547,inverse_error_mvp,2026-09-28
OR_094,OR,Rourkela,wind_speed_kmh,48,GFS ENSEMBLE,0.212894,inverse_error_mvp,2026-09-28
OR_094,OR,Rourkela,wind_speed_kmh,48,AIFS,0.31792,inverse_error_mvp,2026-09-28
OR_094,OR,Rourkela,wind_speed_kmh,48,IFS,0.260639,inverse_error_mvp,2026-09-28
OR_094,OR,Rourkela,rainfall_mm,72,NCEP GFS,0.235637,inverse_error_mvp,2026-09-28
OR_094,OR,Rourkela,rainfall_mm,72,GFS ENSEMBLE,0.164847,inverse_error_mvp,2026-09-28
OR_094,OR,Rourkela,rainfall_mm,72,AIFS,0.3364,inverse_error_mvp,2026-09-28
OR_094,OR,Rourkela,rainfall_mm,72,IFS,0.263116,inverse_error_mvp,2026-09-28
OR_094,OR,Rourkela,temperature_c,72,NCEP GFS,0.178668,inverse_error_mvp,2026-09-28
OR_094,OR,Rourkela,temperature_c,72,GFS ENSEMBLE,0.30566,inverse_error_mvp,2026-09-28
OR_094,OR,Rourkela,temperature_c,72,AIFS,0.247133,inverse_error_mvp,2026-09-28
OR_094,OR,Rourkela,temperature_c,72,IFS,0.26854,inverse_error_mvp,2026-09-28
OR_094,OR,Rourkela,wind_speed_kmh,72,NCEP GFS,0.189192,inverse_error_mvp,2026-09-28
OR_094,OR,Rourkela,wind_speed_kmh,72,GFS ENSEMBLE,0.256834,inverse_error_mvp,2026-09-28
OR_094,OR,Rourkela,wind_speed_kmh,72,AIFS,0.295082,inverse_error_mvp,2026-09-28
OR_094,OR,Rourkela,wind_speed_kmh,72,IFS,0.258893,inverse_error_mvp,2026-09-28
OR_095,OR,Berhampur,rainfall_mm,24,NCEP GFS,0.224713,inverse_error_mvp,2026-09-28
OR_095,OR,Berhampur,rainfall_mm,24,GFS ENSEMBLE,0.199796,inverse_error_mvp,2026-09-28
OR_095,OR,Berhampur,rainfall_mm,24,AIFS,0.219139,inverse_error_mvp,2026-09-28
OR_095,OR,Berhampur,rainfall_mm,24,IFS,0.356352,inverse_error_mvp,2026-09-28
OR_095,OR,Berhampur,temperature_c,24,NCEP GFS,0.256127,inverse_error_mvp,2026-09-28
OR_095,OR,Berhampur,temperature_c,24,GFS ENSEMBLE,0.216008,inverse_error_mvp,2026-09-28
OR_095,OR,Berhampur,temperature_c,24,AIFS,0.259651,inverse_error_mvp,2026-09-28
OR_095,OR,Berhampur,temperature_c,24,IFS,0.268214,inverse_error_mvp,2026-09-28
OR_095,OR,Berhampur,wind_speed_kmh,24,NCEP GFS,0.166928,inverse_error_mvp,2026-09-28
OR_095,OR,Berhampur,wind_speed_kmh,24,GFS ENSEMBLE,0.264766,inverse_error_mvp,2026-09-28
OR_095,OR,Berhampur,wind_speed_kmh,24,AIFS,0.322725,inverse_error_mvp,2026-09-28
OR_095,OR,Berhampur,wind_speed_kmh,24,IFS,0.245581,inverse_error_mvp,2026-09-28
OR_095,OR,Berhampur,rainfall_mm,48,NCEP GFS,0.17192,inverse_error_mvp,2026-09-28
OR_095,OR,Berhampur,rainfall_mm,48,GFS ENSEMBLE,0.197328,inverse_error_mvp,2026-09-28
OR_095,OR,Berhampur,rainfall_mm,48,AIFS,0.350364,inverse_error_mvp,2026-09-28
OR_095,OR,Berhampur,rainfall_mm,48,IFS,0.280388,inverse_error_mvp,2026-09-28
OR_095,OR,Berhampur,temperature_c,48,NCEP GFS,0.186526,inverse_error_mvp,2026-09-28
OR_095,OR,Berhampur,temperature_c,48,GFS ENSEMBLE,0.277058,inverse_error_mvp,2026-09-28
OR_095,OR,Berhampur,temperature_c,48,AIFS,0.269656,inverse_error_mvp,2026-09-28
OR_095,OR,Berhampur,temperature_c,48,IFS,0.26676,inverse_error_mvp,2026-09-28
OR_095,OR,Berhampur,wind_speed_kmh,48,NCEP GFS,0.239235,inverse_error_mvp,2026-09-28
OR_095,OR,Berhampur,wind_speed_kmh,48,GFS ENSEMBLE,0.214546,inverse_error_mvp,2026-09-28
OR_095,OR,Berhampur,wind_speed_kmh,48,AIFS,0.259408,inverse_error_mvp,2026-09-28
OR_095,OR,Berhampur,wind_speed_kmh,48,IFS,0.28681,inverse_error_mvp,2026-09-28
OR_095,OR,Berhampur,rainfall_mm,72,NCEP GFS,0.186907,inverse_error_mvp,2026-09-28
OR_095,OR,Berhampur,rainfall_mm,72,GFS ENSEMBLE,0.240923,inverse_error_mvp,2026-09-28
OR_095,OR,Berhampur,rainfall_mm,72,AIFS,0.260238,inverse_error_mvp,2026-09-28
OR_095,OR,Berhampur,rainfall_mm,72,IFS,0.311932,inverse_error_mvp,2026-09-28
OR_095,OR,Berhampur,temperature_c,72,NCEP GFS,0.169231,inverse_error_mvp,2026-09-28
OR_095,OR,Berhampur,temperature_c,72,GFS ENSEMBLE,0.276859,inverse_error_mvp,2026-09-28
OR_095,OR,Berhampur,temperature_c,72,AIFS,0.31097,inverse_error_mvp,2026-09-28
OR_095,OR,Berhampur,temperature_c,72,IFS,0.242941,inverse_error_mvp,2026-09-28
OR_095,OR,Berhampur,wind_speed_kmh,72,NCEP GFS,0.143008,inverse_error_mvp,2026-09-28
OR_095,OR,Berhampur,wind_speed_kmh,72,GFS ENSEMBLE,0.260638,inverse_error_mvp,2026-09-28
OR_095,OR,Berhampur,wind_speed_kmh,72,AIFS,0.315362,inverse_error_mvp,2026-09-28
OR_095,OR,Berhampur,wind_speed_kmh,72,IFS,0.280991,inverse_error_mvp,2026-09-28
PB_096,PB,Ludhiana,rainfall_mm,24,NCEP GFS,0.298132,inverse_error_mvp,2026-09-28
PB_096,PB,Ludhiana,rainfall_mm,24,GFS ENSEMBLE,0.210871,inverse_error_mvp,2026-09-28
PB_096,PB,Ludhiana,rainfall_mm,24,AIFS,0.212001,inverse_error_mvp,2026-09-28
PB_096,PB,Ludhiana,rainfall_mm,24,IFS,0.278996,inverse_error_mvp,2026-09-28
PB_096,PB,Ludhiana,temperature_c,24,NCEP GFS,0.188497,inverse_error_mvp,2026-09-28
PB_096,PB,Ludhiana,temperature_c,24,GFS ENSEMBLE,0.20421,inverse_error_mvp,2026-09-28
PB_096,PB,Ludhiana,temperature_c,24,AIFS,0.33088,inverse_error_mvp,2026-09-28
PB_096,PB,Ludhiana,temperature_c,24,IFS,0.276412,inverse_error_mvp,2026-09-28
PB_096,PB,Ludhiana,wind_speed_kmh,24,NCEP GFS,0.185281,inverse_error_mvp,2026-09-28
PB_096,PB,Ludhiana,wind_speed_kmh,24,GFS ENSEMBLE,0.243376,inverse_error_mvp,2026-09-28
PB_096,PB,Ludhiana,wind_speed_kmh,24,AIFS,0.290783,inverse_error_mvp,2026-09-28
PB_096,PB,Ludhiana,wind_speed_kmh,24,IFS,0.280559,inverse_error_mvp,2026-09-28
PB_096,PB,Ludhiana,rainfall_mm,48,NCEP GFS,0.15342,inverse_error_mvp,2026-09-28
PB_096,PB,Ludhiana,rainfall_mm,48,GFS ENSEMBLE,0.252414,inverse_error_mvp,2026-09-28
PB_096,PB,Ludhiana,rainfall_mm,48,AIFS,0.311307,inverse_error_mvp,2026-09-28
PB_096,PB,Ludhiana,rainfall_mm,48,IFS,0.282859,inverse_error_mvp,2026-09-28
PB_096,PB,Ludhiana,temperature_c,48,NCEP GFS,0.195868,inverse_error_mvp,2026-09-28
PB_096,PB,Ludhiana,temperature_c,48,GFS ENSEMBLE,0.285598,inverse_error_mvp,2026-09-28
PB_096,PB,Ludhiana,temperature_c,48,AIFS,0.266622,inverse_error_mvp,2026-09-28
PB_096,PB,Ludhiana,temperature_c,48,IFS,0.251912,inverse_error_mvp,2026-09-28
PB_096,PB,Ludhiana,wind_speed_kmh,48,NCEP GFS,0.241891,inverse_error_mvp,2026-09-28
PB_096,PB,Ludhiana,wind_speed_kmh,48,GFS ENSEMBLE,0.190067,inverse_error_mvp,2026-09-28
PB_096,PB,Ludhiana,wind_speed_kmh,48,AIFS,0.317734,inverse_error_mvp,2026-09-28
PB_096,PB,Ludhiana,wind_speed_kmh,48,IFS,0.250307,inverse_error_mvp,2026-09-28
PB_096,PB,Ludhiana,rainfall_mm,72,NCEP GFS,0.24269,inverse_error_mvp,2026-09-28
PB_096,PB,Ludhiana,rainfall_mm,72,GFS ENSEMBLE,0.216394,inverse_error_mvp,2026-09-28
PB_096,PB,Ludhiana,rainfall_mm,72,AIFS,0.183003,inverse_error_mvp,2026-09-28
PB_096,PB,Ludhiana,rainfall_mm,72,IFS,0.357914,inverse_error_mvp,2026-09-28
PB_096,PB,Ludhiana,temperature_c,72,NCEP GFS,0.157332,inverse_error_mvp,2026-09-28
PB_096,PB,Ludhiana,temperature_c,72,GFS ENSEMBLE,0.358647,inverse_error_mvp,2026-09-28
PB_096,PB,Ludhiana,temperature_c,72,AIFS,0.229378,inverse_error_mvp,2026-09-28
PB_096,PB,Ludhiana,temperature_c,72,IFS,0.254644,inverse_error_mvp,2026-09-28
PB_096,PB,Ludhiana,wind_speed_kmh,72,NCEP GFS,0.189561,inverse_error_mvp,2026-09-28
PB_096,PB,Ludhiana,wind_speed_kmh,72,GFS ENSEMBLE,0.287928,inverse_error_mvp,2026-09-28
PB_096,PB,Ludhiana,wind_speed_kmh,72,AIFS,0.271198,inverse_error_mvp,2026-09-28
PB_096,PB,Ludhiana,wind_speed_kmh,72,IFS,0.251312,inverse_error_mvp,2026-09-28
PB_097,PB,Amritsar,rainfall_mm,24,NCEP GFS,0.196701,inverse_error_mvp,2026-09-28
PB_097,PB,Amritsar,rainfall_mm,24,GFS ENSEMBLE,0.211345,inverse_error_mvp,2026-09-28
PB_097,PB,Amritsar,rainfall_mm,24,AIFS,0.147416,inverse_error_mvp,2026-09-28
PB_097,PB,Amritsar,rainfall_mm,24,IFS,0.444538,inverse_error_mvp,2026-09-28
PB_097,PB,Amritsar,temperature_c,24,NCEP GFS,0.219442,inverse_error_mvp,2026-09-28
PB_097,PB,Amritsar,temperature_c,24,GFS ENSEMBLE,0.283436,inverse_error_mvp,2026-09-28
PB_097,PB,Amritsar,temperature_c,24,AIFS,0.285919,inverse_error_mvp,2026-09-28
PB_097,PB,Amritsar,temperature_c,24,IFS,0.211203,inverse_error_mvp,2026-09-28
PB_097,PB,Amritsar,wind_speed_kmh,24,NCEP GFS,0.199766,inverse_error_mvp,2026-09-28
PB_097,PB,Amritsar,wind_speed_kmh,24,GFS ENSEMBLE,0.246044,inverse_error_mvp,2026-09-28
PB_097,PB,Amritsar,wind_speed_kmh,24,AIFS,0.302983,inverse_error_mvp,2026-09-28
PB_097,PB,Amritsar,wind_speed_kmh,24,IFS,0.251208,inverse_error_mvp,2026-09-28
PB_097,PB,Amritsar,rainfall_mm,48,NCEP GFS,0.211942,inverse_error_mvp,2026-09-28
PB_097,PB,Amritsar,rainfall_mm,48,GFS ENSEMBLE,0.235553,inverse_error_mvp,2026-09-28
PB_097,PB,Amritsar,rainfall_mm,48,AIFS,0.256053,inverse_error_mvp,2026-09-28
PB_097,PB,Amritsar,rainfall_mm,48,IFS,0.296452,inverse_error_mvp,2026-09-28
PB_097,PB,Amritsar,temperature_c,48,NCEP GFS,0.19146,inverse_error_mvp,2026-09-28
PB_097,PB,Amritsar,temperature_c,48,GFS ENSEMBLE,0.272453,inverse_error_mvp,2026-09-28
PB_097,PB,Amritsar,temperature_c,48,AIFS,0.301615,inverse_error_mvp,2026-09-28
PB_097,PB,Amritsar,temperature_c,48,IFS,0.234472,inverse_error_mvp,2026-09-28
PB_097,PB,Amritsar,wind_speed_kmh,48,NCEP GFS,0.18354,inverse_error_mvp,2026-09-28
PB_097,PB,Amritsar,wind_speed_kmh,48,GFS ENSEMBLE,0.261626,inverse_error_mvp,2026-09-28
PB_097,PB,Amritsar,wind_speed_kmh,48,AIFS,0.330223,inverse_error_mvp,2026-09-28
PB_097,PB,Amritsar,wind_speed_kmh,48,IFS,0.224611,inverse_error_mvp,2026-09-28
PB_097,PB,Amritsar,rainfall_mm,72,NCEP GFS,0.275794,inverse_error_mvp,2026-09-28
PB_097,PB,Amritsar,rainfall_mm,72,GFS ENSEMBLE,0.197853,inverse_error_mvp,2026-09-28
PB_097,PB,Amritsar,rainfall_mm,72,AIFS,0.274996,inverse_error_mvp,2026-09-28
PB_097,PB,Amritsar,rainfall_mm,72,IFS,0.251357,inverse_error_mvp,2026-09-28
PB_097,PB,Amritsar,temperature_c,72,NCEP GFS,0.170761,inverse_error_mvp,2026-09-28
PB_097,PB,Amritsar,temperature_c,72,GFS ENSEMBLE,0.222828,inverse_error_mvp,2026-09-28
PB_097,PB,Amritsar,temperature_c,72,AIFS,0.323131,inverse_error_mvp,2026-09-28
PB_097,PB,Amritsar,temperature_c,72,IFS,0.28328,inverse_error_mvp,2026-09-28
PB_097,PB,Amritsar,wind_speed_kmh,72,NCEP GFS,0.211997,inverse_error_mvp,2026-09-28
PB_097,PB,Amritsar,wind_speed_kmh,72,GFS ENSEMBLE,0.290889,inverse_error_mvp,2026-09-28
PB_097,PB,Amritsar,wind_speed_kmh,72,AIFS,0.272401,inverse_error_mvp,2026-09-28
PB_097,PB,Amritsar,wind_speed_kmh,72,IFS,0.224713,inverse_error_mvp,2026-09-28
PB_098,PB,Jalandhar,rainfall_mm,24,NCEP GFS,0.246618,inverse_error_mvp,2026-09-28
PB_098,PB,Jalandhar,rainfall_mm,24,GFS ENSEMBLE,0.250809,inverse_error_mvp,2026-09-28
PB_098,PB,Jalandhar,rainfall_mm,24,AIFS,0.230441,inverse_error_mvp,2026-09-28
PB_098,PB,Jalandhar,rainfall_mm,24,IFS,0.272132,inverse_error_mvp,2026-09-28
PB_098,PB,Jalandhar,temperature_c,24,NCEP GFS,0.17411,inverse_error_mvp,2026-09-28
PB_098,PB,Jalandhar,temperature_c,24,GFS ENSEMBLE,0.274175,inverse_error_mvp,2026-09-28
PB_098,PB,Jalandhar,temperature_c,24,AIFS,0.259545,inverse_error_mvp,2026-09-28
PB_098,PB,Jalandhar,temperature_c,24,IFS,0.29217,inverse_error_mvp,2026-09-28
PB_098,PB,Jalandhar,wind_speed_kmh,24,NCEP GFS,0.183279,inverse_error_mvp,2026-09-28
PB_098,PB,Jalandhar,wind_speed_kmh,24,GFS ENSEMBLE,0.240496,inverse_error_mvp,2026-09-28
PB_098,PB,Jalandhar,wind_speed_kmh,24,AIFS,0.257373,inverse_error_mvp,2026-09-28
PB_098,PB,Jalandhar,wind_speed_kmh,24,IFS,0.318853,inverse_error_mvp,2026-09-28
PB_098,PB,Jalandhar,rainfall_mm,48,NCEP GFS,0.275333,inverse_error_mvp,2026-09-28
PB_098,PB,Jalandhar,rainfall_mm,48,GFS ENSEMBLE,0.288738,inverse_error_mvp,2026-09-28
PB_098,PB,Jalandhar,rainfall_mm,48,AIFS,0.133861,inverse_error_mvp,2026-09-28
PB_098,PB,Jalandhar,rainfall_mm,48,IFS,0.302069,inverse_error_mvp,2026-09-28
PB_098,PB,Jalandhar,temperature_c,48,NCEP GFS,0.171361,inverse_error_mvp,2026-09-28
PB_098,PB,Jalandhar,temperature_c,48,GFS ENSEMBLE,0.276271,inverse_error_mvp,2026-09-28
PB_098,PB,Jalandhar,temperature_c,48,AIFS,0.307152,inverse_error_mvp,2026-09-28
PB_098,PB,Jalandhar,temperature_c,48,IFS,0.245216,inverse_error_mvp,2026-09-28
PB_098,PB,Jalandhar,wind_speed_kmh,48,NCEP GFS,0.239764,inverse_error_mvp,2026-09-28
PB_098,PB,Jalandhar,wind_speed_kmh,48,GFS ENSEMBLE,0.234354,inverse_error_mvp,2026-09-28
PB_098,PB,Jalandhar,wind_speed_kmh,48,AIFS,0.243145,inverse_error_mvp,2026-09-28
PB_098,PB,Jalandhar,wind_speed_kmh,48,IFS,0.282737,inverse_error_mvp,2026-09-28
PB_098,PB,Jalandhar,rainfall_mm,72,NCEP GFS,0.307005,inverse_error_mvp,2026-09-28
PB_098,PB,Jalandhar,rainfall_mm,72,GFS ENSEMBLE,0.36271,inverse_error_mvp,2026-09-28
PB_098,PB,Jalandhar,rainfall_mm,72,AIFS,0.152174,inverse_error_mvp,2026-09-28
PB_098,PB,Jalandhar,rainfall_mm,72,IFS,0.178111,inverse_error_mvp,2026-09-28
PB_098,PB,Jalandhar,temperature_c,72,NCEP GFS,0.19401,inverse_error_mvp,2026-09-28
PB_098,PB,Jalandhar,temperature_c,72,GFS ENSEMBLE,0.250675,inverse_error_mvp,2026-09-28
PB_098,PB,Jalandhar,temperature_c,72,AIFS,0.301767,inverse_error_mvp,2026-09-28
PB_098,PB,Jalandhar,temperature_c,72,IFS,0.253548,inverse_error_mvp,2026-09-28
PB_098,PB,Jalandhar,wind_speed_kmh,72,NCEP GFS,0.214679,inverse_error_mvp,2026-09-28
PB_098,PB,Jalandhar,wind_speed_kmh,72,GFS ENSEMBLE,0.250903,inverse_error_mvp,2026-09-28
PB_098,PB,Jalandhar,wind_speed_kmh,72,AIFS,0.226801,inverse_error_mvp,2026-09-28
PB_098,PB,Jalandhar,wind_speed_kmh,72,IFS,0.307617,inverse_error_mvp,2026-09-28
PB_099,PB,Patiala,rainfall_mm,24,NCEP GFS,0.131162,inverse_error_mvp,2026-09-28
PB_099,PB,Patiala,rainfall_mm,24,GFS ENSEMBLE,0.169989,inverse_error_mvp,2026-09-28
PB_099,PB,Patiala,rainfall_mm,24,AIFS,0.469552,inverse_error_mvp,2026-09-28
PB_099,PB,Patiala,rainfall_mm,24,IFS,0.229298,inverse_error_mvp,2026-09-28
PB_099,PB,Patiala,temperature_c,24,NCEP GFS,0.189267,inverse_error_mvp,2026-09-28
PB_099,PB,Patiala,temperature_c,24,GFS ENSEMBLE,0.234735,inverse_error_mvp,2026-09-28
PB_099,PB,Patiala,temperature_c,24,AIFS,0.338683,inverse_error_mvp,2026-09-28
PB_099,PB,Patiala,temperature_c,24,IFS,0.237315,inverse_error_mvp,2026-09-28
PB_099,PB,Patiala,wind_speed_kmh,24,NCEP GFS,0.15854,inverse_error_mvp,2026-09-28
PB_099,PB,Patiala,wind_speed_kmh,24,GFS ENSEMBLE,0.280415,inverse_error_mvp,2026-09-28
PB_099,PB,Patiala,wind_speed_kmh,24,AIFS,0.274158,inverse_error_mvp,2026-09-28
PB_099,PB,Patiala,wind_speed_kmh,24,IFS,0.286887,inverse_error_mvp,2026-09-28
PB_099,PB,Patiala,rainfall_mm,48,NCEP GFS,0.211783,inverse_error_mvp,2026-09-28
PB_099,PB,Patiala,rainfall_mm,48,GFS ENSEMBLE,0.121225,inverse_error_mvp,2026-09-28
PB_099,PB,Patiala,rainfall_mm,48,AIFS,0.298845,inverse_error_mvp,2026-09-28
PB_099,PB,Patiala,rainfall_mm,48,IFS,0.368147,inverse_error_mvp,2026-09-28
PB_099,PB,Patiala,temperature_c,48,NCEP GFS,0.165094,inverse_error_mvp,2026-09-28
PB_099,PB,Patiala,temperature_c,48,GFS ENSEMBLE,0.245785,inverse_error_mvp,2026-09-28
PB_099,PB,Patiala,temperature_c,48,AIFS,0.290211,inverse_error_mvp,2026-09-28
PB_099,PB,Patiala,temperature_c,48,IFS,0.29891,inverse_error_mvp,2026-09-28
PB_099,PB,Patiala,wind_speed_kmh,48,NCEP GFS,0.172186,inverse_error_mvp,2026-09-28
PB_099,PB,Patiala,wind_speed_kmh,48,GFS ENSEMBLE,0.237057,inverse_error_mvp,2026-09-28
PB_099,PB,Patiala,wind_speed_kmh,48,AIFS,0.314848,inverse_error_mvp,2026-09-28
PB_099,PB,Patiala,wind_speed_kmh,48,IFS,0.27591,inverse_error_mvp,2026-09-28
PB_099,PB,Patiala,rainfall_mm,72,NCEP GFS,0.257921,inverse_error_mvp,2026-09-28
PB_099,PB,Patiala,rainfall_mm,72,GFS ENSEMBLE,0.16313,inverse_error_mvp,2026-09-28
PB_099,PB,Patiala,rainfall_mm,72,AIFS,0.172712,inverse_error_mvp,2026-09-28
PB_099,PB,Patiala,rainfall_mm,72,IFS,0.406236,inverse_error_mvp,2026-09-28
PB_099,PB,Patiala,temperature_c,72,NCEP GFS,0.165743,inverse_error_mvp,2026-09-28
PB_099,PB,Patiala,temperature_c,72,GFS ENSEMBLE,0.288331,inverse_error_mvp,2026-09-28
PB_099,PB,Patiala,temperature_c,72,AIFS,0.319424,inverse_error_mvp,2026-09-28
PB_099,PB,Patiala,temperature_c,72,IFS,0.226502,inverse_error_mvp,2026-09-28
PB_099,PB,Patiala,wind_speed_kmh,72,NCEP GFS,0.200577,inverse_error_mvp,2026-09-28
PB_099,PB,Patiala,wind_speed_kmh,72,GFS ENSEMBLE,0.238797,inverse_error_mvp,2026-09-28
PB_099,PB,Patiala,wind_speed_kmh,72,AIFS,0.328535,inverse_error_mvp,2026-09-28
PB_099,PB,Patiala,wind_speed_kmh,72,IFS,0.232091,inverse_error_mvp,2026-09-28
PB_100,PB,Bathinda,rainfall_mm,24,NCEP GFS,0.242264,inverse_error_mvp,2026-09-28
PB_100,PB,Bathinda,rainfall_mm,24,GFS ENSEMBLE,0.31425,inverse_error_mvp,2026-09-28
PB_100,PB,Bathinda,rainfall_mm,24,AIFS,0.163073,inverse_error_mvp,2026-09-28
PB_100,PB,Bathinda,rainfall_mm,24,IFS,0.280414,inverse_error_mvp,2026-09-28
PB_100,PB,Bathinda,temperature_c,24,NCEP GFS,0.17022,inverse_error_mvp,2026-09-28
PB_100,PB,Bathinda,temperature_c,24,GFS ENSEMBLE,0.26527,inverse_error_mvp,2026-09-28
PB_100,PB,Bathinda,temperature_c,24,AIFS,0.333403,inverse_error_mvp,2026-09-28
PB_100,PB,Bathinda,temperature_c,24,IFS,0.231107,inverse_error_mvp,2026-09-28
PB_100,PB,Bathinda,wind_speed_kmh,24,NCEP GFS,0.148232,inverse_error_mvp,2026-09-28
PB_100,PB,Bathinda,wind_speed_kmh,24,GFS ENSEMBLE,0.232998,inverse_error_mvp,2026-09-28
PB_100,PB,Bathinda,wind_speed_kmh,24,AIFS,0.308921,inverse_error_mvp,2026-09-28
PB_100,PB,Bathinda,wind_speed_kmh,24,IFS,0.309849,inverse_error_mvp,2026-09-28
PB_100,PB,Bathinda,rainfall_mm,48,NCEP GFS,0.226318,inverse_error_mvp,2026-09-28
PB_100,PB,Bathinda,rainfall_mm,48,GFS ENSEMBLE,0.204481,inverse_error_mvp,2026-09-28
PB_100,PB,Bathinda,rainfall_mm,48,AIFS,0.262842,inverse_error_mvp,2026-09-28
PB_100,PB,Bathinda,rainfall_mm,48,IFS,0.306359,inverse_error_mvp,2026-09-28
PB_100,PB,Bathinda,temperature_c,48,NCEP GFS,0.197795,inverse_error_mvp,2026-09-28
PB_100,PB,Bathinda,temperature_c,48,GFS ENSEMBLE,0.261358,inverse_error_mvp,2026-09-28
PB_100,PB,Bathinda,temperature_c,48,AIFS,0.263558,inverse_error_mvp,2026-09-28
PB_100,PB,Bathinda,temperature_c,48,IFS,0.277289,inverse_error_mvp,2026-09-28
PB_100,PB,Bathinda,wind_speed_kmh,48,NCEP GFS,0.189135,inverse_error_mvp,2026-09-28
PB_100,PB,Bathinda,wind_speed_kmh,48,GFS ENSEMBLE,0.276103,inverse_error_mvp,2026-09-28
PB_100,PB,Bathinda,wind_speed_kmh,48,AIFS,0.239038,inverse_error_mvp,2026-09-28
PB_100,PB,Bathinda,wind_speed_kmh,48,IFS,0.295724,inverse_error_mvp,2026-09-28
PB_100,PB,Bathinda,rainfall_mm,72,NCEP GFS,0.229834,inverse_error_mvp,2026-09-28
PB_100,PB,Bathinda,rainfall_mm,72,GFS ENSEMBLE,0.283179,inverse_error_mvp,2026-09-28
PB_100,PB,Bathinda,rainfall_mm,72,AIFS,0.248705,inverse_error_mvp,2026-09-28
PB_100,PB,Bathinda,rainfall_mm,72,IFS,0.238282,inverse_error_mvp,2026-09-28
PB_100,PB,Bathinda,temperature_c,72,NCEP GFS,0.228163,inverse_error_mvp,2026-09-28
PB_100,PB,Bathinda,temperature_c,72,GFS ENSEMBLE,0.2951,inverse_error_mvp,2026-09-28
PB_100,PB,Bathinda,temperature_c,72,AIFS,0.218467,inverse_error_mvp,2026-09-28
PB_100,PB,Bathinda,temperature_c,72,IFS,0.25827,inverse_error_mvp,2026-09-28
PB_100,PB,Bathinda,wind_speed_kmh,72,NCEP GFS,0.162406,inverse_error_mvp,2026-09-28
PB_100,PB,Bathinda,wind_speed_kmh,72,GFS ENSEMBLE,0.224034,inverse_error_mvp,2026-09-28
PB_100,PB,Bathinda,wind_speed_kmh,72,AIFS,0.31146,inverse_error_mvp,2026-09-28
PB_100,PB,Bathinda,wind_speed_kmh,72,IFS,0.3021,inverse_error_mvp,2026-09-28
RJ_101,RJ,Jaipur,rainfall_mm,24,NCEP GFS,0.342828,inverse_error_mvp,2026-09-28
RJ_101,RJ,Jaipur,rainfall_mm,24,GFS ENSEMBLE,0.2818,inverse_error_mvp,2026-09-28
RJ_101,RJ,Jaipur,rainfall_mm,24,AIFS,0.134314,inverse_error_mvp,2026-09-28
RJ_101,RJ,Jaipur,rainfall_mm,24,IFS,0.241058,inverse_error_mvp,2026-09-28
RJ_101,RJ,Jaipur,temperature_c,24,NCEP GFS,0.137484,inverse_error_mvp,2026-09-28
RJ_101,RJ,Jaipur,temperature_c,24,GFS ENSEMBLE,0.286428,inverse_error_mvp,2026-09-28
RJ_101,RJ,Jaipur,temperature_c,24,AIFS,0.335422,inverse_error_mvp,2026-09-28
RJ_101,RJ,Jaipur,temperature_c,24,IFS,0.240666,inverse_error_mvp,2026-09-28
RJ_101,RJ,Jaipur,wind_speed_kmh,24,NCEP GFS,0.154936,inverse_error_mvp,2026-09-28
RJ_101,RJ,Jaipur,wind_speed_kmh,24,GFS ENSEMBLE,0.274723,inverse_error_mvp,2026-09-28
RJ_101,RJ,Jaipur,wind_speed_kmh,24,AIFS,0.31528,inverse_error_mvp,2026-09-28
RJ_101,RJ,Jaipur,wind_speed_kmh,24,IFS,0.255062,inverse_error_mvp,2026-09-28
RJ_101,RJ,Jaipur,rainfall_mm,48,NCEP GFS,0.265606,inverse_error_mvp,2026-09-28
RJ_101,RJ,Jaipur,rainfall_mm,48,GFS ENSEMBLE,0.227739,inverse_error_mvp,2026-09-28
RJ_101,RJ,Jaipur,rainfall_mm,48,AIFS,0.23467,inverse_error_mvp,2026-09-28
RJ_101,RJ,Jaipur,rainfall_mm,48,IFS,0.271985,inverse_error_mvp,2026-09-28
RJ_101,RJ,Jaipur,temperature_c,48,NCEP GFS,0.180816,inverse_error_mvp,2026-09-28
RJ_101,RJ,Jaipur,temperature_c,48,GFS ENSEMBLE,0.270556,inverse_error_mvp,2026-09-28
RJ_101,RJ,Jaipur,temperature_c,48,AIFS,0.265424,inverse_error_mvp,2026-09-28
RJ_101,RJ,Jaipur,temperature_c,48,IFS,0.283205,inverse_error_mvp,2026-09-28
RJ_101,RJ,Jaipur,wind_speed_kmh,48,NCEP GFS,0.180307,inverse_error_mvp,2026-09-28
RJ_101,RJ,Jaipur,wind_speed_kmh,48,GFS ENSEMBLE,0.236934,inverse_error_mvp,2026-09-28
RJ_101,RJ,Jaipur,wind_speed_kmh,48,AIFS,0.307578,inverse_error_mvp,2026-09-28
RJ_101,RJ,Jaipur,wind_speed_kmh,48,IFS,0.275181,inverse_error_mvp,2026-09-28
RJ_101,RJ,Jaipur,rainfall_mm,72,NCEP GFS,0.157175,inverse_error_mvp,2026-09-28
RJ_101,RJ,Jaipur,rainfall_mm,72,GFS ENSEMBLE,0.263288,inverse_error_mvp,2026-09-28
RJ_101,RJ,Jaipur,rainfall_mm,72,AIFS,0.247445,inverse_error_mvp,2026-09-28
RJ_101,RJ,Jaipur,rainfall_mm,72,IFS,0.332091,inverse_error_mvp,2026-09-28
RJ_101,RJ,Jaipur,temperature_c,72,NCEP GFS,0.186649,inverse_error_mvp,2026-09-28
RJ_101,RJ,Jaipur,temperature_c,72,GFS ENSEMBLE,0.261399,inverse_error_mvp,2026-09-28
RJ_101,RJ,Jaipur,temperature_c,72,AIFS,0.239214,inverse_error_mvp,2026-09-28
RJ_101,RJ,Jaipur,temperature_c,72,IFS,0.312738,inverse_error_mvp,2026-09-28
RJ_101,RJ,Jaipur,wind_speed_kmh,72,NCEP GFS,0.204302,inverse_error_mvp,2026-09-28
RJ_101,RJ,Jaipur,wind_speed_kmh,72,GFS ENSEMBLE,0.248972,inverse_error_mvp,2026-09-28
RJ_101,RJ,Jaipur,wind_speed_kmh,72,AIFS,0.291101,inverse_error_mvp,2026-09-28
RJ_101,RJ,Jaipur,wind_speed_kmh,72,IFS,0.255625,inverse_error_mvp,2026-09-28
RJ_102,RJ,Jodhpur,rainfall_mm,24,NCEP GFS,0.3334,inverse_error_mvp,2026-09-28
RJ_102,RJ,Jodhpur,rainfall_mm,24,GFS ENSEMBLE,0.184401,inverse_error_mvp,2026-09-28
RJ_102,RJ,Jodhpur,rainfall_mm,24,AIFS,0.145329,inverse_error_mvp,2026-09-28
RJ_102,RJ,Jodhpur,rainfall_mm,24,IFS,0.336871,inverse_error_mvp,2026-09-28
RJ_102,RJ,Jodhpur,temperature_c,24,NCEP GFS,0.163402,inverse_error_mvp,2026-09-28
RJ_102,RJ,Jodhpur,temperature_c,24,GFS ENSEMBLE,0.181098,inverse_error_mvp,2026-09-28
RJ_102,RJ,Jodhpur,temperature_c,24,AIFS,0.364873,inverse_error_mvp,2026-09-28
RJ_102,RJ,Jodhpur,temperature_c,24,IFS,0.290627,inverse_error_mvp,2026-09-28
RJ_102,RJ,Jodhpur,wind_speed_kmh,24,NCEP GFS,0.222154,inverse_error_mvp,2026-09-28
RJ_102,RJ,Jodhpur,wind_speed_kmh,24,GFS ENSEMBLE,0.267799,inverse_error_mvp,2026-09-28
RJ_102,RJ,Jodhpur,wind_speed_kmh,24,AIFS,0.286605,inverse_error_mvp,2026-09-28
RJ_102,RJ,Jodhpur,wind_speed_kmh,24,IFS,0.223442,inverse_error_mvp,2026-09-28
RJ_102,RJ,Jodhpur,rainfall_mm,48,NCEP GFS,0.249924,inverse_error_mvp,2026-09-28
RJ_102,RJ,Jodhpur,rainfall_mm,48,GFS ENSEMBLE,0.206711,inverse_error_mvp,2026-09-28
RJ_102,RJ,Jodhpur,rainfall_mm,48,AIFS,0.234071,inverse_error_mvp,2026-09-28
RJ_102,RJ,Jodhpur,rainfall_mm,48,IFS,0.309294,inverse_error_mvp,2026-09-28
RJ_102,RJ,Jodhpur,temperature_c,48,NCEP GFS,0.227853,inverse_error_mvp,2026-09-28
RJ_102,RJ,Jodhpur,temperature_c,48,GFS ENSEMBLE,0.246452,inverse_error_mvp,2026-09-28
RJ_102,RJ,Jodhpur,temperature_c,48,AIFS,0.294069,inverse_error_mvp,2026-09-28
RJ_102,RJ,Jodhpur,temperature_c,48,IFS,0.231626,inverse_error_mvp,2026-09-28
RJ_102,RJ,Jodhpur,wind_speed_kmh,48,NCEP GFS,0.201324,inverse_error_mvp,2026-09-28
RJ_102,RJ,Jodhpur,wind_speed_kmh,48,GFS ENSEMBLE,0.265126,inverse_error_mvp,2026-09-28
RJ_102,RJ,Jodhpur,wind_speed_kmh,48,AIFS,0.314545,inverse_error_mvp,2026-09-28
RJ_102,RJ,Jodhpur,wind_speed_kmh,48,IFS,0.219005,inverse_error_mvp,2026-09-28
RJ_102,RJ,Jodhpur,rainfall_mm,72,NCEP GFS,0.2516,inverse_error_mvp,2026-09-28
RJ_102,RJ,Jodhpur,rainfall_mm,72,GFS ENSEMBLE,0.154995,inverse_error_mvp,2026-09-28
RJ_102,RJ,Jodhpur,rainfall_mm,72,AIFS,0.478336,inverse_error_mvp,2026-09-28
RJ_102,RJ,Jodhpur,rainfall_mm,72,IFS,0.115069,inverse_error_mvp,2026-09-28
RJ_102,RJ,Jodhpur,temperature_c,72,NCEP GFS,0.244099,inverse_error_mvp,2026-09-28
RJ_102,RJ,Jodhpur,temperature_c,72,GFS ENSEMBLE,0.259196,inverse_error_mvp,2026-09-28
RJ_102,RJ,Jodhpur,temperature_c,72,AIFS,0.240629,inverse_error_mvp,2026-09-28
RJ_102,RJ,Jodhpur,temperature_c,72,IFS,0.256076,inverse_error_mvp,2026-09-28
RJ_102,RJ,Jodhpur,wind_speed_kmh,72,NCEP GFS,0.205867,inverse_error_mvp,2026-09-28
RJ_102,RJ,Jodhpur,wind_speed_kmh,72,GFS ENSEMBLE,0.254006,inverse_error_mvp,2026-09-28
RJ_102,RJ,Jodhpur,wind_speed_kmh,72,AIFS,0.223857,inverse_error_mvp,2026-09-28
RJ_102,RJ,Jodhpur,wind_speed_kmh,72,IFS,0.31627,inverse_error_mvp,2026-09-28
RJ_103,RJ,Udaipur,rainfall_mm,24,NCEP GFS,0.194673,inverse_error_mvp,2026-09-28
RJ_103,RJ,Udaipur,rainfall_mm,24,GFS ENSEMBLE,0.14308,inverse_error_mvp,2026-09-28
RJ_103,RJ,Udaipur,rainfall_mm,24,AIFS,0.165506,inverse_error_mvp,2026-09-28
RJ_103,RJ,Udaipur,rainfall_mm,24,IFS,0.496741,inverse_error_mvp,2026-09-28
RJ_103,RJ,Udaipur,temperature_c,24,NCEP GFS,0.16282,inverse_error_mvp,2026-09-28
RJ_103,RJ,Udaipur,temperature_c,24,GFS ENSEMBLE,0.281331,inverse_error_mvp,2026-09-28
RJ_103,RJ,Udaipur,temperature_c,24,AIFS,0.306162,inverse_error_mvp,2026-09-28
RJ_103,RJ,Udaipur,temperature_c,24,IFS,0.249686,inverse_error_mvp,2026-09-28
RJ_103,RJ,Udaipur,wind_speed_kmh,24,NCEP GFS,0.166751,inverse_error_mvp,2026-09-28
RJ_103,RJ,Udaipur,wind_speed_kmh,24,GFS ENSEMBLE,0.222654,inverse_error_mvp,2026-09-28
RJ_103,RJ,Udaipur,wind_speed_kmh,24,AIFS,0.366195,inverse_error_mvp,2026-09-28
RJ_103,RJ,Udaipur,wind_speed_kmh,24,IFS,0.244401,inverse_error_mvp,2026-09-28
RJ_103,RJ,Udaipur,rainfall_mm,48,NCEP GFS,0.275101,inverse_error_mvp,2026-09-28
RJ_103,RJ,Udaipur,rainfall_mm,48,GFS ENSEMBLE,0.157792,inverse_error_mvp,2026-09-28
RJ_103,RJ,Udaipur,rainfall_mm,48,AIFS,0.242996,inverse_error_mvp,2026-09-28
RJ_103,RJ,Udaipur,rainfall_mm,48,IFS,0.32411,inverse_error_mvp,2026-09-28
RJ_103,RJ,Udaipur,temperature_c,48,NCEP GFS,0.168283,inverse_error_mvp,2026-09-28
RJ_103,RJ,Udaipur,temperature_c,48,GFS ENSEMBLE,0.250364,inverse_error_mvp,2026-09-28
RJ_103,RJ,Udaipur,temperature_c,48,AIFS,0.335944,inverse_error_mvp,2026-09-28
RJ_103,RJ,Udaipur,temperature_c,48,IFS,0.245409,inverse_error_mvp,2026-09-28
RJ_103,RJ,Udaipur,wind_speed_kmh,48,NCEP GFS,0.168956,inverse_error_mvp,2026-09-28
RJ_103,RJ,Udaipur,wind_speed_kmh,48,GFS ENSEMBLE,0.258767,inverse_error_mvp,2026-09-28
RJ_103,RJ,Udaipur,wind_speed_kmh,48,AIFS,0.248809,inverse_error_mvp,2026-09-28
RJ_103,RJ,Udaipur,wind_speed_kmh,48,IFS,0.323468,inverse_error_mvp,2026-09-28
RJ_103,RJ,Udaipur,rainfall_mm,72,NCEP GFS,0.342165,inverse_error_mvp,2026-09-28
RJ_103,RJ,Udaipur,rainfall_mm,72,GFS ENSEMBLE,0.239017,inverse_error_mvp,2026-09-28
RJ_103,RJ,Udaipur,rainfall_mm,72,AIFS,0.196057,inverse_error_mvp,2026-09-28
RJ_103,RJ,Udaipur,rainfall_mm,72,IFS,0.222761,inverse_error_mvp,2026-09-28
RJ_103,RJ,Udaipur,temperature_c,72,NCEP GFS,0.170345,inverse_error_mvp,2026-09-28
RJ_103,RJ,Udaipur,temperature_c,72,GFS ENSEMBLE,0.293948,inverse_error_mvp,2026-09-28
RJ_103,RJ,Udaipur,temperature_c,72,AIFS,0.2961,inverse_error_mvp,2026-09-28
RJ_103,RJ,Udaipur,temperature_c,72,IFS,0.239607,inverse_error_mvp,2026-09-28
RJ_103,RJ,Udaipur,wind_speed_kmh,72,NCEP GFS,0.177224,inverse_error_mvp,2026-09-28
RJ_103,RJ,Udaipur,wind_speed_kmh,72,GFS ENSEMBLE,0.258752,inverse_error_mvp,2026-09-28
RJ_103,RJ,Udaipur,wind_speed_kmh,72,AIFS,0.337424,inverse_error_mvp,2026-09-28
RJ_103,RJ,Udaipur,wind_speed_kmh,72,IFS,0.2266,inverse_error_mvp,2026-09-28
RJ_104,RJ,Kota,rainfall_mm,24,NCEP GFS,0.243392,inverse_error_mvp,2026-09-28
RJ_104,RJ,Kota,rainfall_mm,24,GFS ENSEMBLE,0.235918,inverse_error_mvp,2026-09-28
RJ_104,RJ,Kota,rainfall_mm,24,AIFS,0.268205,inverse_error_mvp,2026-09-28
RJ_104,RJ,Kota,rainfall_mm,24,IFS,0.252485,inverse_error_mvp,2026-09-28
RJ_104,RJ,Kota,temperature_c,24,NCEP GFS,0.179588,inverse_error_mvp,2026-09-28
RJ_104,RJ,Kota,temperature_c,24,GFS ENSEMBLE,0.2667,inverse_error_mvp,2026-09-28
RJ_104,RJ,Kota,temperature_c,24,AIFS,0.251125,inverse_error_mvp,2026-09-28
RJ_104,RJ,Kota,temperature_c,24,IFS,0.302587,inverse_error_mvp,2026-09-28
RJ_104,RJ,Kota,wind_speed_kmh,24,NCEP GFS,0.156837,inverse_error_mvp,2026-09-28
RJ_104,RJ,Kota,wind_speed_kmh,24,GFS ENSEMBLE,0.235216,inverse_error_mvp,2026-09-28
RJ_104,RJ,Kota,wind_speed_kmh,24,AIFS,0.27824,inverse_error_mvp,2026-09-28
RJ_104,RJ,Kota,wind_speed_kmh,24,IFS,0.329707,inverse_error_mvp,2026-09-28
RJ_104,RJ,Kota,rainfall_mm,48,NCEP GFS,0.137668,inverse_error_mvp,2026-09-28
RJ_104,RJ,Kota,rainfall_mm,48,GFS ENSEMBLE,0.20288,inverse_error_mvp,2026-09-28
RJ_104,RJ,Kota,rainfall_mm,48,AIFS,0.172075,inverse_error_mvp,2026-09-28
RJ_104,RJ,Kota,rainfall_mm,48,IFS,0.487377,inverse_error_mvp,2026-09-28
RJ_104,RJ,Kota,temperature_c,48,NCEP GFS,0.180454,inverse_error_mvp,2026-09-28
RJ_104,RJ,Kota,temperature_c,48,GFS ENSEMBLE,0.259019,inverse_error_mvp,2026-09-28
RJ_104,RJ,Kota,temperature_c,48,AIFS,0.264848,inverse_error_mvp,2026-09-28
RJ_104,RJ,Kota,temperature_c,48,IFS,0.295679,inverse_error_mvp,2026-09-28
RJ_104,RJ,Kota,wind_speed_kmh,48,NCEP GFS,0.208032,inverse_error_mvp,2026-09-28
RJ_104,RJ,Kota,wind_speed_kmh,48,GFS ENSEMBLE,0.210059,inverse_error_mvp,2026-09-28
RJ_104,RJ,Kota,wind_speed_kmh,48,AIFS,0.343766,inverse_error_mvp,2026-09-28
RJ_104,RJ,Kota,wind_speed_kmh,48,IFS,0.238143,inverse_error_mvp,2026-09-28
RJ_104,RJ,Kota,rainfall_mm,72,NCEP GFS,0.251101,inverse_error_mvp,2026-09-28
RJ_104,RJ,Kota,rainfall_mm,72,GFS ENSEMBLE,0.366295,inverse_error_mvp,2026-09-28
RJ_104,RJ,Kota,rainfall_mm,72,AIFS,0.208593,inverse_error_mvp,2026-09-28
RJ_104,RJ,Kota,rainfall_mm,72,IFS,0.174011,inverse_error_mvp,2026-09-28
RJ_104,RJ,Kota,temperature_c,72,NCEP GFS,0.193634,inverse_error_mvp,2026-09-28
RJ_104,RJ,Kota,temperature_c,72,GFS ENSEMBLE,0.283103,inverse_error_mvp,2026-09-28
RJ_104,RJ,Kota,temperature_c,72,AIFS,0.266516,inverse_error_mvp,2026-09-28
RJ_104,RJ,Kota,temperature_c,72,IFS,0.256747,inverse_error_mvp,2026-09-28
RJ_104,RJ,Kota,wind_speed_kmh,72,NCEP GFS,0.205321,inverse_error_mvp,2026-09-28
RJ_104,RJ,Kota,wind_speed_kmh,72,GFS ENSEMBLE,0.215405,inverse_error_mvp,2026-09-28
RJ_104,RJ,Kota,wind_speed_kmh,72,AIFS,0.297283,inverse_error_mvp,2026-09-28
RJ_104,RJ,Kota,wind_speed_kmh,72,IFS,0.281991,inverse_error_mvp,2026-09-28
RJ_105,RJ,Bikaner,rainfall_mm,24,NCEP GFS,0.209066,inverse_error_mvp,2026-09-28
RJ_105,RJ,Bikaner,rainfall_mm,24,GFS ENSEMBLE,0.304667,inverse_error_mvp,2026-09-28
RJ_105,RJ,Bikaner,rainfall_mm,24,AIFS,0.193192,inverse_error_mvp,2026-09-28
RJ_105,RJ,Bikaner,rainfall_mm,24,IFS,0.293075,inverse_error_mvp,2026-09-28
RJ_105,RJ,Bikaner,temperature_c,24,NCEP GFS,0.218809,inverse_error_mvp,2026-09-28
RJ_105,RJ,Bikaner,temperature_c,24,GFS ENSEMBLE,0.235222,inverse_error_mvp,2026-09-28
RJ_105,RJ,Bikaner,temperature_c,24,AIFS,0.25582,inverse_error_mvp,2026-09-28
RJ_105,RJ,Bikaner,temperature_c,24,IFS,0.290149,inverse_error_mvp,2026-09-28
RJ_105,RJ,Bikaner,wind_speed_kmh,24,NCEP GFS,0.186483,inverse_error_mvp,2026-09-28
RJ_105,RJ,Bikaner,wind_speed_kmh,24,GFS ENSEMBLE,0.219039,inverse_error_mvp,2026-09-28
RJ_105,RJ,Bikaner,wind_speed_kmh,24,AIFS,0.301301,inverse_error_mvp,2026-09-28
RJ_105,RJ,Bikaner,wind_speed_kmh,24,IFS,0.293177,inverse_error_mvp,2026-09-28
RJ_105,RJ,Bikaner,rainfall_mm,48,NCEP GFS,0.172118,inverse_error_mvp,2026-09-28
RJ_105,RJ,Bikaner,rainfall_mm,48,GFS ENSEMBLE,0.18991,inverse_error_mvp,2026-09-28
RJ_105,RJ,Bikaner,rainfall_mm,48,AIFS,0.239676,inverse_error_mvp,2026-09-28
RJ_105,RJ,Bikaner,rainfall_mm,48,IFS,0.398296,inverse_error_mvp,2026-09-28
RJ_105,RJ,Bikaner,temperature_c,48,NCEP GFS,0.190845,inverse_error_mvp,2026-09-28
RJ_105,RJ,Bikaner,temperature_c,48,GFS ENSEMBLE,0.312652,inverse_error_mvp,2026-09-28
RJ_105,RJ,Bikaner,temperature_c,48,AIFS,0.258463,inverse_error_mvp,2026-09-28
RJ_105,RJ,Bikaner,temperature_c,48,IFS,0.238039,inverse_error_mvp,2026-09-28
RJ_105,RJ,Bikaner,wind_speed_kmh,48,NCEP GFS,0.21578,inverse_error_mvp,2026-09-28
RJ_105,RJ,Bikaner,wind_speed_kmh,48,GFS ENSEMBLE,0.223291,inverse_error_mvp,2026-09-28
RJ_105,RJ,Bikaner,wind_speed_kmh,48,AIFS,0.293667,inverse_error_mvp,2026-09-28
RJ_105,RJ,Bikaner,wind_speed_kmh,48,IFS,0.267262,inverse_error_mvp,2026-09-28
RJ_105,RJ,Bikaner,rainfall_mm,72,NCEP GFS,0.237375,inverse_error_mvp,2026-09-28
RJ_105,RJ,Bikaner,rainfall_mm,72,GFS ENSEMBLE,0.222666,inverse_error_mvp,2026-09-28
RJ_105,RJ,Bikaner,rainfall_mm,72,AIFS,0.259373,inverse_error_mvp,2026-09-28
RJ_105,RJ,Bikaner,rainfall_mm,72,IFS,0.280587,inverse_error_mvp,2026-09-28
RJ_105,RJ,Bikaner,temperature_c,72,NCEP GFS,0.186801,inverse_error_mvp,2026-09-28
RJ_105,RJ,Bikaner,temperature_c,72,GFS ENSEMBLE,0.301959,inverse_error_mvp,2026-09-28
RJ_105,RJ,Bikaner,temperature_c,72,AIFS,0.266805,inverse_error_mvp,2026-09-28
RJ_105,RJ,Bikaner,temperature_c,72,IFS,0.244435,inverse_error_mvp,2026-09-28
RJ_105,RJ,Bikaner,wind_speed_kmh,72,NCEP GFS,0.18555,inverse_error_mvp,2026-09-28
RJ_105,RJ,Bikaner,wind_speed_kmh,72,GFS ENSEMBLE,0.263461,inverse_error_mvp,2026-09-28
RJ_105,RJ,Bikaner,wind_speed_kmh,72,AIFS,0.292751,inverse_error_mvp,2026-09-28
RJ_105,RJ,Bikaner,wind_speed_kmh,72,IFS,0.258238,inverse_error_mvp,2026-09-28
SK_106,SK,Gangtok,rainfall_mm,24,NCEP GFS,0.236791,inverse_error_mvp,2026-09-28
SK_106,SK,Gangtok,rainfall_mm,24,GFS ENSEMBLE,0.170903,inverse_error_mvp,2026-09-28
SK_106,SK,Gangtok,rainfall_mm,24,AIFS,0.388095,inverse_error_mvp,2026-09-28
SK_106,SK,Gangtok,rainfall_mm,24,IFS,0.204211,inverse_error_mvp,2026-09-28
SK_106,SK,Gangtok,temperature_c,24,NCEP GFS,0.190681,inverse_error_mvp,2026-09-28
SK_106,SK,Gangtok,temperature_c,24,GFS ENSEMBLE,0.264244,inverse_error_mvp,2026-09-28
SK_106,SK,Gangtok,temperature_c,24,AIFS,0.272213,inverse_error_mvp,2026-09-28
SK_106,SK,Gangtok,temperature_c,24,IFS,0.272863,inverse_error_mvp,2026-09-28
SK_106,SK,Gangtok,wind_speed_kmh,24,NCEP GFS,0.157891,inverse_error_mvp,2026-09-28
SK_106,SK,Gangtok,wind_speed_kmh,24,GFS ENSEMBLE,0.269074,inverse_error_mvp,2026-09-28
SK_106,SK,Gangtok,wind_speed_kmh,24,AIFS,0.293697,inverse_error_mvp,2026-09-28
SK_106,SK,Gangtok,wind_speed_kmh,24,IFS,0.279339,inverse_error_mvp,2026-09-28
SK_106,SK,Gangtok,rainfall_mm,48,NCEP GFS,0.17055,inverse_error_mvp,2026-09-28
SK_106,SK,Gangtok,rainfall_mm,48,GFS ENSEMBLE,0.123737,inverse_error_mvp,2026-09-28
SK_106,SK,Gangtok,rainfall_mm,48,AIFS,0.30698,inverse_error_mvp,2026-09-28
SK_106,SK,Gangtok,rainfall_mm,48,IFS,0.398733,inverse_error_mvp,2026-09-28
SK_106,SK,Gangtok,temperature_c,48,NCEP GFS,0.221298,inverse_error_mvp,2026-09-28
SK_106,SK,Gangtok,temperature_c,48,GFS ENSEMBLE,0.254821,inverse_error_mvp,2026-09-28
SK_106,SK,Gangtok,temperature_c,48,AIFS,0.273693,inverse_error_mvp,2026-09-28
SK_106,SK,Gangtok,temperature_c,48,IFS,0.250188,inverse_error_mvp,2026-09-28
SK_106,SK,Gangtok,wind_speed_kmh,48,NCEP GFS,0.201669,inverse_error_mvp,2026-09-28
SK_106,SK,Gangtok,wind_speed_kmh,48,GFS ENSEMBLE,0.242073,inverse_error_mvp,2026-09-28
SK_106,SK,Gangtok,wind_speed_kmh,48,AIFS,0.275067,inverse_error_mvp,2026-09-28
SK_106,SK,Gangtok,wind_speed_kmh,48,IFS,0.281191,inverse_error_mvp,2026-09-28
SK_106,SK,Gangtok,rainfall_mm,72,NCEP GFS,0.237676,inverse_error_mvp,2026-09-28
SK_106,SK,Gangtok,rainfall_mm,72,GFS ENSEMBLE,0.251191,inverse_error_mvp,2026-09-28
SK_106,SK,Gangtok,rainfall_mm,72,AIFS,0.395336,inverse_error_mvp,2026-09-28
SK_106,SK,Gangtok,rainfall_mm,72,IFS,0.115797,inverse_error_mvp,2026-09-28
SK_106,SK,Gangtok,temperature_c,72,NCEP GFS,0.209669,inverse_error_mvp,2026-09-28
SK_106,SK,Gangtok,temperature_c,72,GFS ENSEMBLE,0.263828,inverse_error_mvp,2026-09-28
SK_106,SK,Gangtok,temperature_c,72,AIFS,0.266797,inverse_error_mvp,2026-09-28
SK_106,SK,Gangtok,temperature_c,72,IFS,0.259706,inverse_error_mvp,2026-09-28
SK_106,SK,Gangtok,wind_speed_kmh,72,NCEP GFS,0.168426,inverse_error_mvp,2026-09-28
SK_106,SK,Gangtok,wind_speed_kmh,72,GFS ENSEMBLE,0.267514,inverse_error_mvp,2026-09-28
SK_106,SK,Gangtok,wind_speed_kmh,72,AIFS,0.27993,inverse_error_mvp,2026-09-28
SK_106,SK,Gangtok,wind_speed_kmh,72,IFS,0.28413,inverse_error_mvp,2026-09-28
SK_107,SK,Namchi,rainfall_mm,24,NCEP GFS,0.277239,inverse_error_mvp,2026-09-28
SK_107,SK,Namchi,rainfall_mm,24,GFS ENSEMBLE,0.180576,inverse_error_mvp,2026-09-28
SK_107,SK,Namchi,rainfall_mm,24,AIFS,0.405931,inverse_error_mvp,2026-09-28
SK_107,SK,Namchi,rainfall_mm,24,IFS,0.136254,inverse_error_mvp,2026-09-28
SK_107,SK,Namchi,temperature_c,24,NCEP GFS,0.188888,inverse_error_mvp,2026-09-28
SK_107,SK,Namchi,temperature_c,24,GFS ENSEMBLE,0.264224,inverse_error_mvp,2026-09-28
SK_107,SK,Namchi,temperature_c,24,AIFS,0.266645,inverse_error_mvp,2026-09-28
SK_107,SK,Namchi,temperature_c,24,IFS,0.280243,inverse_error_mvp,2026-09-28
SK_107,SK,Namchi,wind_speed_kmh,24,NCEP GFS,0.228744,inverse_error_mvp,2026-09-28
SK_107,SK,Namchi,wind_speed_kmh,24,GFS ENSEMBLE,0.267686,inverse_error_mvp,2026-09-28
SK_107,SK,Namchi,wind_speed_kmh,24,AIFS,0.281935,inverse_error_mvp,2026-09-28
SK_107,SK,Namchi,wind_speed_kmh,24,IFS,0.221635,inverse_error_mvp,2026-09-28
SK_107,SK,Namchi,rainfall_mm,48,NCEP GFS,0.049433,inverse_error_mvp,2026-09-28
SK_107,SK,Namchi,rainfall_mm,48,GFS ENSEMBLE,0.175896,inverse_error_mvp,2026-09-28
SK_107,SK,Namchi,rainfall_mm,48,AIFS,0.287293,inverse_error_mvp,2026-09-28
SK_107,SK,Namchi,rainfall_mm,48,IFS,0.487379,inverse_error_mvp,2026-09-28
SK_107,SK,Namchi,temperature_c,48,NCEP GFS,0.166011,inverse_error_mvp,2026-09-28
SK_107,SK,Namchi,temperature_c,48,GFS ENSEMBLE,0.267538,inverse_error_mvp,2026-09-28
SK_107,SK,Namchi,temperature_c,48,AIFS,0.289295,inverse_error_mvp,2026-09-28
SK_107,SK,Namchi,temperature_c,48,IFS,0.277157,inverse_error_mvp,2026-09-28
SK_107,SK,Namchi,wind_speed_kmh,48,NCEP GFS,0.198377,inverse_error_mvp,2026-09-28
SK_107,SK,Namchi,wind_speed_kmh,48,GFS ENSEMBLE,0.228163,inverse_error_mvp,2026-09-28
SK_107,SK,Namchi,wind_speed_kmh,48,AIFS,0.262221,inverse_error_mvp,2026-09-28
SK_107,SK,Namchi,wind_speed_kmh,48,IFS,0.311239,inverse_error_mvp,2026-09-28
SK_107,SK,Namchi,rainfall_mm,72,NCEP GFS,0.102544,inverse_error_mvp,2026-09-28
SK_107,SK,Namchi,rainfall_mm,72,GFS ENSEMBLE,0.073343,inverse_error_mvp,2026-09-28
SK_107,SK,Namchi,rainfall_mm,72,AIFS,0.155069,inverse_error_mvp,2026-09-28
SK_107,SK,Namchi,rainfall_mm,72,IFS,0.669044,inverse_error_mvp,2026-09-28
SK_107,SK,Namchi,temperature_c,72,NCEP GFS,0.155242,inverse_error_mvp,2026-09-28
SK_107,SK,Namchi,temperature_c,72,GFS ENSEMBLE,0.233493,inverse_error_mvp,2026-09-28
SK_107,SK,Namchi,temperature_c,72,AIFS,0.213645,inverse_error_mvp,2026-09-28
SK_107,SK,Namchi,temperature_c,72,IFS,0.397621,inverse_error_mvp,2026-09-28
SK_107,SK,Namchi,wind_speed_kmh,72,NCEP GFS,0.205056,inverse_error_mvp,2026-09-28
SK_107,SK,Namchi,wind_speed_kmh,72,GFS ENSEMBLE,0.287669,inverse_error_mvp,2026-09-28
SK_107,SK,Namchi,wind_speed_kmh,72,AIFS,0.278962,inverse_error_mvp,2026-09-28
SK_107,SK,Namchi,wind_speed_kmh,72,IFS,0.228313,inverse_error_mvp,2026-09-28
SK_108,SK,Pelling,rainfall_mm,24,NCEP GFS,0.175443,inverse_error_mvp,2026-09-28
SK_108,SK,Pelling,rainfall_mm,24,GFS ENSEMBLE,0.290092,inverse_error_mvp,2026-09-28
SK_108,SK,Pelling,rainfall_mm,24,AIFS,0.22007,inverse_error_mvp,2026-09-28
SK_108,SK,Pelling,rainfall_mm,24,IFS,0.314395,inverse_error_mvp,2026-09-28
SK_108,SK,Pelling,temperature_c,24,NCEP GFS,0.223365,inverse_error_mvp,2026-09-28
SK_108,SK,Pelling,temperature_c,24,GFS ENSEMBLE,0.233779,inverse_error_mvp,2026-09-28
SK_108,SK,Pelling,temperature_c,24,AIFS,0.301654,inverse_error_mvp,2026-09-28
SK_108,SK,Pelling,temperature_c,24,IFS,0.241203,inverse_error_mvp,2026-09-28
SK_108,SK,Pelling,wind_speed_kmh,24,NCEP GFS,0.176722,inverse_error_mvp,2026-09-28
SK_108,SK,Pelling,wind_speed_kmh,24,GFS ENSEMBLE,0.218992,inverse_error_mvp,2026-09-28
SK_108,SK,Pelling,wind_speed_kmh,24,AIFS,0.349212,inverse_error_mvp,2026-09-28
SK_108,SK,Pelling,wind_speed_kmh,24,IFS,0.255074,inverse_error_mvp,2026-09-28
SK_108,SK,Pelling,rainfall_mm,48,NCEP GFS,0.182635,inverse_error_mvp,2026-09-28
SK_108,SK,Pelling,rainfall_mm,48,GFS ENSEMBLE,0.221779,inverse_error_mvp,2026-09-28
SK_108,SK,Pelling,rainfall_mm,48,AIFS,0.222336,inverse_error_mvp,2026-09-28
SK_108,SK,Pelling,rainfall_mm,48,IFS,0.373251,inverse_error_mvp,2026-09-28
SK_108,SK,Pelling,temperature_c,48,NCEP GFS,0.174775,inverse_error_mvp,2026-09-28
SK_108,SK,Pelling,temperature_c,48,GFS ENSEMBLE,0.288584,inverse_error_mvp,2026-09-28
SK_108,SK,Pelling,temperature_c,48,AIFS,0.254109,inverse_error_mvp,2026-09-28
SK_108,SK,Pelling,temperature_c,48,IFS,0.282533,inverse_error_mvp,2026-09-28
SK_108,SK,Pelling,wind_speed_kmh,48,NCEP GFS,0.198325,inverse_error_mvp,2026-09-28
SK_108,SK,Pelling,wind_speed_kmh,48,GFS ENSEMBLE,0.246074,inverse_error_mvp,2026-09-28
SK_108,SK,Pelling,wind_speed_kmh,48,AIFS,0.269303,inverse_error_mvp,2026-09-28
SK_108,SK,Pelling,wind_speed_kmh,48,IFS,0.286298,inverse_error_mvp,2026-09-28
SK_108,SK,Pelling,rainfall_mm,72,NCEP GFS,0.353172,inverse_error_mvp,2026-09-28
SK_108,SK,Pelling,rainfall_mm,72,GFS ENSEMBLE,0.179002,inverse_error_mvp,2026-09-28
SK_108,SK,Pelling,rainfall_mm,72,AIFS,0.259264,inverse_error_mvp,2026-09-28
SK_108,SK,Pelling,rainfall_mm,72,IFS,0.208562,inverse_error_mvp,2026-09-28
SK_108,SK,Pelling,temperature_c,72,NCEP GFS,0.210737,inverse_error_mvp,2026-09-28
SK_108,SK,Pelling,temperature_c,72,GFS ENSEMBLE,0.272492,inverse_error_mvp,2026-09-28
SK_108,SK,Pelling,temperature_c,72,AIFS,0.272038,inverse_error_mvp,2026-09-28
SK_108,SK,Pelling,temperature_c,72,IFS,0.244733,inverse_error_mvp,2026-09-28
SK_108,SK,Pelling,wind_speed_kmh,72,NCEP GFS,0.172435,inverse_error_mvp,2026-09-28
SK_108,SK,Pelling,wind_speed_kmh,72,GFS ENSEMBLE,0.319239,inverse_error_mvp,2026-09-28
SK_108,SK,Pelling,wind_speed_kmh,72,AIFS,0.256667,inverse_error_mvp,2026-09-28
SK_108,SK,Pelling,wind_speed_kmh,72,IFS,0.251659,inverse_error_mvp,2026-09-28
SK_109,SK,Mangan,rainfall_mm,24,NCEP GFS,0.149301,inverse_error_mvp,2026-09-28
SK_109,SK,Mangan,rainfall_mm,24,GFS ENSEMBLE,0.223682,inverse_error_mvp,2026-09-28
SK_109,SK,Mangan,rainfall_mm,24,AIFS,0.290998,inverse_error_mvp,2026-09-28
SK_109,SK,Mangan,rainfall_mm,24,IFS,0.33602,inverse_error_mvp,2026-09-28
SK_109,SK,Mangan,temperature_c,24,NCEP GFS,0.18932,inverse_error_mvp,2026-09-28
SK_109,SK,Mangan,temperature_c,24,GFS ENSEMBLE,0.228581,inverse_error_mvp,2026-09-28
SK_109,SK,Mangan,temperature_c,24,AIFS,0.283165,inverse_error_mvp,2026-09-28
SK_109,SK,Mangan,temperature_c,24,IFS,0.298934,inverse_error_mvp,2026-09-28
SK_109,SK,Mangan,wind_speed_kmh,24,NCEP GFS,0.190213,inverse_error_mvp,2026-09-28
SK_109,SK,Mangan,wind_speed_kmh,24,GFS ENSEMBLE,0.283758,inverse_error_mvp,2026-09-28
SK_109,SK,Mangan,wind_speed_kmh,24,AIFS,0.253986,inverse_error_mvp,2026-09-28
SK_109,SK,Mangan,wind_speed_kmh,24,IFS,0.272043,inverse_error_mvp,2026-09-28
SK_109,SK,Mangan,rainfall_mm,48,NCEP GFS,0.206745,inverse_error_mvp,2026-09-28
SK_109,SK,Mangan,rainfall_mm,48,GFS ENSEMBLE,0.22261,inverse_error_mvp,2026-09-28
SK_109,SK,Mangan,rainfall_mm,48,AIFS,0.308094,inverse_error_mvp,2026-09-28
SK_109,SK,Mangan,rainfall_mm,48,IFS,0.262551,inverse_error_mvp,2026-09-28
SK_109,SK,Mangan,temperature_c,48,NCEP GFS,0.184307,inverse_error_mvp,2026-09-28
SK_109,SK,Mangan,temperature_c,48,GFS ENSEMBLE,0.227338,inverse_error_mvp,2026-09-28
SK_109,SK,Mangan,temperature_c,48,AIFS,0.279699,inverse_error_mvp,2026-09-28
SK_109,SK,Mangan,temperature_c,48,IFS,0.308656,inverse_error_mvp,2026-09-28
SK_109,SK,Mangan,wind_speed_kmh,48,NCEP GFS,0.224057,inverse_error_mvp,2026-09-28
SK_109,SK,Mangan,wind_speed_kmh,48,GFS ENSEMBLE,0.207095,inverse_error_mvp,2026-09-28
SK_109,SK,Mangan,wind_speed_kmh,48,AIFS,0.289241,inverse_error_mvp,2026-09-28
SK_109,SK,Mangan,wind_speed_kmh,48,IFS,0.279608,inverse_error_mvp,2026-09-28
SK_109,SK,Mangan,rainfall_mm,72,NCEP GFS,0.178367,inverse_error_mvp,2026-09-28
SK_109,SK,Mangan,rainfall_mm,72,GFS ENSEMBLE,0.277194,inverse_error_mvp,2026-09-28
SK_109,SK,Mangan,rainfall_mm,72,AIFS,0.216239,inverse_error_mvp,2026-09-28
SK_109,SK,Mangan,rainfall_mm,72,IFS,0.3282,inverse_error_mvp,2026-09-28
SK_109,SK,Mangan,temperature_c,72,NCEP GFS,0.194034,inverse_error_mvp,2026-09-28
SK_109,SK,Mangan,temperature_c,72,GFS ENSEMBLE,0.222604,inverse_error_mvp,2026-09-28
SK_109,SK,Mangan,temperature_c,72,AIFS,0.317827,inverse_error_mvp,2026-09-28
SK_109,SK,Mangan,temperature_c,72,IFS,0.265535,inverse_error_mvp,2026-09-28
SK_109,SK,Mangan,wind_speed_kmh,72,NCEP GFS,0.227732,inverse_error_mvp,2026-09-28
SK_109,SK,Mangan,wind_speed_kmh,72,GFS ENSEMBLE,0.263252,inverse_error_mvp,2026-09-28
SK_109,SK,Mangan,wind_speed_kmh,72,AIFS,0.271704,inverse_error_mvp,2026-09-28
SK_109,SK,Mangan,wind_speed_kmh,72,IFS,0.237312,inverse_error_mvp,2026-09-28
SK_110,SK,Gyalshing,rainfall_mm,24,NCEP GFS,0.316461,inverse_error_mvp,2026-09-28
SK_110,SK,Gyalshing,rainfall_mm,24,GFS ENSEMBLE,0.146982,inverse_error_mvp,2026-09-28
SK_110,SK,Gyalshing,rainfall_mm,24,AIFS,0.262297,inverse_error_mvp,2026-09-28
SK_110,SK,Gyalshing,rainfall_mm,24,IFS,0.27426,inverse_error_mvp,2026-09-28
SK_110,SK,Gyalshing,temperature_c,24,NCEP GFS,0.17597,inverse_error_mvp,2026-09-28
SK_110,SK,Gyalshing,temperature_c,24,GFS ENSEMBLE,0.267981,inverse_error_mvp,2026-09-28
SK_110,SK,Gyalshing,temperature_c,24,AIFS,0.282842,inverse_error_mvp,2026-09-28
SK_110,SK,Gyalshing,temperature_c,24,IFS,0.273207,inverse_error_mvp,2026-09-28
SK_110,SK,Gyalshing,wind_speed_kmh,24,NCEP GFS,0.18727,inverse_error_mvp,2026-09-28
SK_110,SK,Gyalshing,wind_speed_kmh,24,GFS ENSEMBLE,0.179624,inverse_error_mvp,2026-09-28
SK_110,SK,Gyalshing,wind_speed_kmh,24,AIFS,0.354072,inverse_error_mvp,2026-09-28
SK_110,SK,Gyalshing,wind_speed_kmh,24,IFS,0.279035,inverse_error_mvp,2026-09-28
SK_110,SK,Gyalshing,rainfall_mm,48,NCEP GFS,0.247402,inverse_error_mvp,2026-09-28
SK_110,SK,Gyalshing,rainfall_mm,48,GFS ENSEMBLE,0.298718,inverse_error_mvp,2026-09-28
SK_110,SK,Gyalshing,rainfall_mm,48,AIFS,0.176498,inverse_error_mvp,2026-09-28
SK_110,SK,Gyalshing,rainfall_mm,48,IFS,0.277383,inverse_error_mvp,2026-09-28
SK_110,SK,Gyalshing,temperature_c,48,NCEP GFS,0.189667,inverse_error_mvp,2026-09-28
SK_110,SK,Gyalshing,temperature_c,48,GFS ENSEMBLE,0.255988,inverse_error_mvp,2026-09-28
SK_110,SK,Gyalshing,temperature_c,48,AIFS,0.314889,inverse_error_mvp,2026-09-28
SK_110,SK,Gyalshing,temperature_c,48,IFS,0.239455,inverse_error_mvp,2026-09-28
SK_110,SK,Gyalshing,wind_speed_kmh,48,NCEP GFS,0.188828,inverse_error_mvp,2026-09-28
SK_110,SK,Gyalshing,wind_speed_kmh,48,GFS ENSEMBLE,0.247064,inverse_error_mvp,2026-09-28
SK_110,SK,Gyalshing,wind_speed_kmh,48,AIFS,0.250223,inverse_error_mvp,2026-09-28
SK_110,SK,Gyalshing,wind_speed_kmh,48,IFS,0.313885,inverse_error_mvp,2026-09-28
SK_110,SK,Gyalshing,rainfall_mm,72,NCEP GFS,0.131693,inverse_error_mvp,2026-09-28
SK_110,SK,Gyalshing,rainfall_mm,72,GFS ENSEMBLE,0.163632,inverse_error_mvp,2026-09-28
SK_110,SK,Gyalshing,rainfall_mm,72,AIFS,0.219106,inverse_error_mvp,2026-09-28
SK_110,SK,Gyalshing,rainfall_mm,72,IFS,0.485569,inverse_error_mvp,2026-09-28
SK_110,SK,Gyalshing,temperature_c,72,NCEP GFS,0.150323,inverse_error_mvp,2026-09-28
SK_110,SK,Gyalshing,temperature_c,72,GFS ENSEMBLE,0.242401,inverse_error_mvp,2026-09-28
SK_110,SK,Gyalshing,temperature_c,72,AIFS,0.285155,inverse_error_mvp,2026-09-28
SK_110,SK,Gyalshing,temperature_c,72,IFS,0.32212,inverse_error_mvp,2026-09-28
SK_110,SK,Gyalshing,wind_speed_kmh,72,NCEP GFS,0.146826,inverse_error_mvp,2026-09-28
SK_110,SK,Gyalshing,wind_speed_kmh,72,GFS ENSEMBLE,0.286537,inverse_error_mvp,2026-09-28
SK_110,SK,Gyalshing,wind_speed_kmh,72,AIFS,0.299294,inverse_error_mvp,2026-09-28
SK_110,SK,Gyalshing,wind_speed_kmh,72,IFS,0.267343,inverse_error_mvp,2026-09-28
TN_111,TN,Chennai,rainfall_mm,24,NCEP GFS,0.123947,inverse_error_mvp,2026-09-28
TN_111,TN,Chennai,rainfall_mm,24,GFS ENSEMBLE,0.466566,inverse_error_mvp,2026-09-28
TN_111,TN,Chennai,rainfall_mm,24,AIFS,0.282604,inverse_error_mvp,2026-09-28
TN_111,TN,Chennai,rainfall_mm,24,IFS,0.126883,inverse_error_mvp,2026-09-28
TN_111,TN,Chennai,temperature_c,24,NCEP GFS,0.161696,inverse_error_mvp,2026-09-28
TN_111,TN,Chennai,temperature_c,24,GFS ENSEMBLE,0.204834,inverse_error_mvp,2026-09-28
TN_111,TN,Chennai,temperature_c,24,AIFS,0.41392,inverse_error_mvp,2026-09-28
TN_111,TN,Chennai,temperature_c,24,IFS,0.21955,inverse_error_mvp,2026-09-28
TN_111,TN,Chennai,wind_speed_kmh,24,NCEP GFS,0.206198,inverse_error_mvp,2026-09-28
TN_111,TN,Chennai,wind_speed_kmh,24,GFS ENSEMBLE,0.295583,inverse_error_mvp,2026-09-28
TN_111,TN,Chennai,wind_speed_kmh,24,AIFS,0.2295,inverse_error_mvp,2026-09-28
TN_111,TN,Chennai,wind_speed_kmh,24,IFS,0.26872,inverse_error_mvp,2026-09-28
TN_111,TN,Chennai,rainfall_mm,48,NCEP GFS,0.201883,inverse_error_mvp,2026-09-28
TN_111,TN,Chennai,rainfall_mm,48,GFS ENSEMBLE,0.187703,inverse_error_mvp,2026-09-28
TN_111,TN,Chennai,rainfall_mm,48,AIFS,0.419924,inverse_error_mvp,2026-09-28
TN_111,TN,Chennai,rainfall_mm,48,IFS,0.190489,inverse_error_mvp,2026-09-28
TN_111,TN,Chennai,temperature_c,48,NCEP GFS,0.16687,inverse_error_mvp,2026-09-28
TN_111,TN,Chennai,temperature_c,48,GFS ENSEMBLE,0.273034,inverse_error_mvp,2026-09-28
TN_111,TN,Chennai,temperature_c,48,AIFS,0.304436,inverse_error_mvp,2026-09-28
TN_111,TN,Chennai,temperature_c,48,IFS,0.25566,inverse_error_mvp,2026-09-28
TN_111,TN,Chennai,wind_speed_kmh,48,NCEP GFS,0.182795,inverse_error_mvp,2026-09-28
TN_111,TN,Chennai,wind_speed_kmh,48,GFS ENSEMBLE,0.254741,inverse_error_mvp,2026-09-28
TN_111,TN,Chennai,wind_speed_kmh,48,AIFS,0.302702,inverse_error_mvp,2026-09-28
TN_111,TN,Chennai,wind_speed_kmh,48,IFS,0.259762,inverse_error_mvp,2026-09-28
TN_111,TN,Chennai,rainfall_mm,72,NCEP GFS,0.329288,inverse_error_mvp,2026-09-28
TN_111,TN,Chennai,rainfall_mm,72,GFS ENSEMBLE,0.132784,inverse_error_mvp,2026-09-28
TN_111,TN,Chennai,rainfall_mm,72,AIFS,0.293072,inverse_error_mvp,2026-09-28
TN_111,TN,Chennai,rainfall_mm,72,IFS,0.244856,inverse_error_mvp,2026-09-28
TN_111,TN,Chennai,temperature_c,72,NCEP GFS,0.207166,inverse_error_mvp,2026-09-28
TN_111,TN,Chennai,temperature_c,72,GFS ENSEMBLE,0.24487,inverse_error_mvp,2026-09-28
TN_111,TN,Chennai,temperature_c,72,AIFS,0.277306,inverse_error_mvp,2026-09-28
TN_111,TN,Chennai,temperature_c,72,IFS,0.270658,inverse_error_mvp,2026-09-28
TN_111,TN,Chennai,wind_speed_kmh,72,NCEP GFS,0.185561,inverse_error_mvp,2026-09-28
TN_111,TN,Chennai,wind_speed_kmh,72,GFS ENSEMBLE,0.27746,inverse_error_mvp,2026-09-28
TN_111,TN,Chennai,wind_speed_kmh,72,AIFS,0.319258,inverse_error_mvp,2026-09-28
TN_111,TN,Chennai,wind_speed_kmh,72,IFS,0.217722,inverse_error_mvp,2026-09-28
TN_112,TN,Coimbatore,rainfall_mm,24,NCEP GFS,0.287554,inverse_error_mvp,2026-09-28
TN_112,TN,Coimbatore,rainfall_mm,24,GFS ENSEMBLE,0.255149,inverse_error_mvp,2026-09-28
TN_112,TN,Coimbatore,rainfall_mm,24,AIFS,0.250403,inverse_error_mvp,2026-09-28
TN_112,TN,Coimbatore,rainfall_mm,24,IFS,0.206894,inverse_error_mvp,2026-09-28
TN_112,TN,Coimbatore,temperature_c,24,NCEP GFS,0.191946,inverse_error_mvp,2026-09-28
TN_112,TN,Coimbatore,temperature_c,24,GFS ENSEMBLE,0.225747,inverse_error_mvp,2026-09-28
TN_112,TN,Coimbatore,temperature_c,24,AIFS,0.306398,inverse_error_mvp,2026-09-28
TN_112,TN,Coimbatore,temperature_c,24,IFS,0.275909,inverse_error_mvp,2026-09-28
TN_112,TN,Coimbatore,wind_speed_kmh,24,NCEP GFS,0.160138,inverse_error_mvp,2026-09-28
TN_112,TN,Coimbatore,wind_speed_kmh,24,GFS ENSEMBLE,0.246815,inverse_error_mvp,2026-09-28
TN_112,TN,Coimbatore,wind_speed_kmh,24,AIFS,0.262222,inverse_error_mvp,2026-09-28
TN_112,TN,Coimbatore,wind_speed_kmh,24,IFS,0.330825,inverse_error_mvp,2026-09-28
TN_112,TN,Coimbatore,rainfall_mm,48,NCEP GFS,0.220331,inverse_error_mvp,2026-09-28
TN_112,TN,Coimbatore,rainfall_mm,48,GFS ENSEMBLE,0.221564,inverse_error_mvp,2026-09-28
TN_112,TN,Coimbatore,rainfall_mm,48,AIFS,0.250934,inverse_error_mvp,2026-09-28
TN_112,TN,Coimbatore,rainfall_mm,48,IFS,0.307171,inverse_error_mvp,2026-09-28
TN_112,TN,Coimbatore,temperature_c,48,NCEP GFS,0.150871,inverse_error_mvp,2026-09-28
TN_112,TN,Coimbatore,temperature_c,48,GFS ENSEMBLE,0.205617,inverse_error_mvp,2026-09-28
TN_112,TN,Coimbatore,temperature_c,48,AIFS,0.246513,inverse_error_mvp,2026-09-28
TN_112,TN,Coimbatore,temperature_c,48,IFS,0.396999,inverse_error_mvp,2026-09-28
TN_112,TN,Coimbatore,wind_speed_kmh,48,NCEP GFS,0.249015,inverse_error_mvp,2026-09-28
TN_112,TN,Coimbatore,wind_speed_kmh,48,GFS ENSEMBLE,0.219329,inverse_error_mvp,2026-09-28
TN_112,TN,Coimbatore,wind_speed_kmh,48,AIFS,0.313754,inverse_error_mvp,2026-09-28
TN_112,TN,Coimbatore,wind_speed_kmh,48,IFS,0.217901,inverse_error_mvp,2026-09-28
TN_112,TN,Coimbatore,rainfall_mm,72,NCEP GFS,0.263734,inverse_error_mvp,2026-09-28
TN_112,TN,Coimbatore,rainfall_mm,72,GFS ENSEMBLE,0.185803,inverse_error_mvp,2026-09-28
TN_112,TN,Coimbatore,rainfall_mm,72,AIFS,0.225859,inverse_error_mvp,2026-09-28
TN_112,TN,Coimbatore,rainfall_mm,72,IFS,0.324603,inverse_error_mvp,2026-09-28
TN_112,TN,Coimbatore,temperature_c,72,NCEP GFS,0.176638,inverse_error_mvp,2026-09-28
TN_112,TN,Coimbatore,temperature_c,72,GFS ENSEMBLE,0.219324,inverse_error_mvp,2026-09-28
TN_112,TN,Coimbatore,temperature_c,72,AIFS,0.320778,inverse_error_mvp,2026-09-28
TN_112,TN,Coimbatore,temperature_c,72,IFS,0.28326,inverse_error_mvp,2026-09-28
TN_112,TN,Coimbatore,wind_speed_kmh,72,NCEP GFS,0.226597,inverse_error_mvp,2026-09-28
TN_112,TN,Coimbatore,wind_speed_kmh,72,GFS ENSEMBLE,0.247477,inverse_error_mvp,2026-09-28
TN_112,TN,Coimbatore,wind_speed_kmh,72,AIFS,0.304252,inverse_error_mvp,2026-09-28
TN_112,TN,Coimbatore,wind_speed_kmh,72,IFS,0.221673,inverse_error_mvp,2026-09-28
TN_113,TN,Madurai,rainfall_mm,24,NCEP GFS,0.154683,inverse_error_mvp,2026-09-28
TN_113,TN,Madurai,rainfall_mm,24,GFS ENSEMBLE,0.317868,inverse_error_mvp,2026-09-28
TN_113,TN,Madurai,rainfall_mm,24,AIFS,0.241313,inverse_error_mvp,2026-09-28
TN_113,TN,Madurai,rainfall_mm,24,IFS,0.286136,inverse_error_mvp,2026-09-28
TN_113,TN,Madurai,temperature_c,24,NCEP GFS,0.177653,inverse_error_mvp,2026-09-28
TN_113,TN,Madurai,temperature_c,24,GFS ENSEMBLE,0.251595,inverse_error_mvp,2026-09-28
TN_113,TN,Madurai,temperature_c,24,AIFS,0.237903,inverse_error_mvp,2026-09-28
TN_113,TN,Madurai,temperature_c,24,IFS,0.332849,inverse_error_mvp,2026-09-28
TN_113,TN,Madurai,wind_speed_kmh,24,NCEP GFS,0.18932,inverse_error_mvp,2026-09-28
TN_113,TN,Madurai,wind_speed_kmh,24,GFS ENSEMBLE,0.236909,inverse_error_mvp,2026-09-28
TN_113,TN,Madurai,wind_speed_kmh,24,AIFS,0.340107,inverse_error_mvp,2026-09-28
TN_113,TN,Madurai,wind_speed_kmh,24,IFS,0.233664,inverse_error_mvp,2026-09-28
TN_113,TN,Madurai,rainfall_mm,48,NCEP GFS,0.227688,inverse_error_mvp,2026-09-28
TN_113,TN,Madurai,rainfall_mm,48,GFS ENSEMBLE,0.186845,inverse_error_mvp,2026-09-28
TN_113,TN,Madurai,rainfall_mm,48,AIFS,0.318085,inverse_error_mvp,2026-09-28
TN_113,TN,Madurai,rainfall_mm,48,IFS,0.267382,inverse_error_mvp,2026-09-28
TN_113,TN,Madurai,temperature_c,48,NCEP GFS,0.208574,inverse_error_mvp,2026-09-28
TN_113,TN,Madurai,temperature_c,48,GFS ENSEMBLE,0.239695,inverse_error_mvp,2026-09-28
TN_113,TN,Madurai,temperature_c,48,AIFS,0.301673,inverse_error_mvp,2026-09-28
TN_113,TN,Madurai,temperature_c,48,IFS,0.250058,inverse_error_mvp,2026-09-28
TN_113,TN,Madurai,wind_speed_kmh,48,NCEP GFS,0.174735,inverse_error_mvp,2026-09-28
TN_113,TN,Madurai,wind_speed_kmh,48,GFS ENSEMBLE,0.240434,inverse_error_mvp,2026-09-28
TN_113,TN,Madurai,wind_speed_kmh,48,AIFS,0.29123,inverse_error_mvp,2026-09-28
TN_113,TN,Madurai,wind_speed_kmh,48,IFS,0.293601,inverse_error_mvp,2026-09-28
TN_113,TN,Madurai,rainfall_mm,72,NCEP GFS,0.165798,inverse_error_mvp,2026-09-28
TN_113,TN,Madurai,rainfall_mm,72,GFS ENSEMBLE,0.279779,inverse_error_mvp,2026-09-28
TN_113,TN,Madurai,rainfall_mm,72,AIFS,0.241834,inverse_error_mvp,2026-09-28
TN_113,TN,Madurai,rainfall_mm,72,IFS,0.31259,inverse_error_mvp,2026-09-28
TN_113,TN,Madurai,temperature_c,72,NCEP GFS,0.169109,inverse_error_mvp,2026-09-28
TN_113,TN,Madurai,temperature_c,72,GFS ENSEMBLE,0.241185,inverse_error_mvp,2026-09-28
TN_113,TN,Madurai,temperature_c,72,AIFS,0.295498,inverse_error_mvp,2026-09-28
TN_113,TN,Madurai,temperature_c,72,IFS,0.294209,inverse_error_mvp,2026-09-28
TN_113,TN,Madurai,wind_speed_kmh,72,NCEP GFS,0.191602,inverse_error_mvp,2026-09-28
TN_113,TN,Madurai,wind_speed_kmh,72,GFS ENSEMBLE,0.272041,inverse_error_mvp,2026-09-28
TN_113,TN,Madurai,wind_speed_kmh,72,AIFS,0.276394,inverse_error_mvp,2026-09-28
TN_113,TN,Madurai,wind_speed_kmh,72,IFS,0.259963,inverse_error_mvp,2026-09-28
TN_114,TN,Tiruchirappalli,rainfall_mm,24,NCEP GFS,0.314119,inverse_error_mvp,2026-09-28
TN_114,TN,Tiruchirappalli,rainfall_mm,24,GFS ENSEMBLE,0.296893,inverse_error_mvp,2026-09-28
TN_114,TN,Tiruchirappalli,rainfall_mm,24,AIFS,0.222536,inverse_error_mvp,2026-09-28
TN_114,TN,Tiruchirappalli,rainfall_mm,24,IFS,0.166452,inverse_error_mvp,2026-09-28
TN_114,TN,Tiruchirappalli,temperature_c,24,NCEP GFS,0.151614,inverse_error_mvp,2026-09-28
TN_114,TN,Tiruchirappalli,temperature_c,24,GFS ENSEMBLE,0.255426,inverse_error_mvp,2026-09-28
TN_114,TN,Tiruchirappalli,temperature_c,24,AIFS,0.27754,inverse_error_mvp,2026-09-28
TN_114,TN,Tiruchirappalli,temperature_c,24,IFS,0.31542,inverse_error_mvp,2026-09-28
TN_114,TN,Tiruchirappalli,wind_speed_kmh,24,NCEP GFS,0.153196,inverse_error_mvp,2026-09-28
TN_114,TN,Tiruchirappalli,wind_speed_kmh,24,GFS ENSEMBLE,0.30766,inverse_error_mvp,2026-09-28
TN_114,TN,Tiruchirappalli,wind_speed_kmh,24,AIFS,0.269898,inverse_error_mvp,2026-09-28
TN_114,TN,Tiruchirappalli,wind_speed_kmh,24,IFS,0.269247,inverse_error_mvp,2026-09-28
TN_114,TN,Tiruchirappalli,rainfall_mm,48,NCEP GFS,0.277125,inverse_error_mvp,2026-09-28
TN_114,TN,Tiruchirappalli,rainfall_mm,48,GFS ENSEMBLE,0.173035,inverse_error_mvp,2026-09-28
TN_114,TN,Tiruchirappalli,rainfall_mm,48,AIFS,0.321983,inverse_error_mvp,2026-09-28
TN_114,TN,Tiruchirappalli,rainfall_mm,48,IFS,0.227857,inverse_error_mvp,2026-09-28
TN_114,TN,Tiruchirappalli,temperature_c,48,NCEP GFS,0.16658,inverse_error_mvp,2026-09-28
TN_114,TN,Tiruchirappalli,temperature_c,48,GFS ENSEMBLE,0.245611,inverse_error_mvp,2026-09-28
TN_114,TN,Tiruchirappalli,temperature_c,48,AIFS,0.299774,inverse_error_mvp,2026-09-28
TN_114,TN,Tiruchirappalli,temperature_c,48,IFS,0.288035,inverse_error_mvp,2026-09-28
TN_114,TN,Tiruchirappalli,wind_speed_kmh,48,NCEP GFS,0.178038,inverse_error_mvp,2026-09-28
TN_114,TN,Tiruchirappalli,wind_speed_kmh,48,GFS ENSEMBLE,0.23141,inverse_error_mvp,2026-09-28
TN_114,TN,Tiruchirappalli,wind_speed_kmh,48,AIFS,0.283546,inverse_error_mvp,2026-09-28
TN_114,TN,Tiruchirappalli,wind_speed_kmh,48,IFS,0.307006,inverse_error_mvp,2026-09-28
TN_114,TN,Tiruchirappalli,rainfall_mm,72,NCEP GFS,0.234263,inverse_error_mvp,2026-09-28
TN_114,TN,Tiruchirappalli,rainfall_mm,72,GFS ENSEMBLE,0.255533,inverse_error_mvp,2026-09-28
TN_114,TN,Tiruchirappalli,rainfall_mm,72,AIFS,0.329087,inverse_error_mvp,2026-09-28
TN_114,TN,Tiruchirappalli,rainfall_mm,72,IFS,0.181117,inverse_error_mvp,2026-09-28
TN_114,TN,Tiruchirappalli,temperature_c,72,NCEP GFS,0.183852,inverse_error_mvp,2026-09-28
TN_114,TN,Tiruchirappalli,temperature_c,72,GFS ENSEMBLE,0.241954,inverse_error_mvp,2026-09-28
TN_114,TN,Tiruchirappalli,temperature_c,72,AIFS,0.274739,inverse_error_mvp,2026-09-28
TN_114,TN,Tiruchirappalli,temperature_c,72,IFS,0.299454,inverse_error_mvp,2026-09-28
TN_114,TN,Tiruchirappalli,wind_speed_kmh,72,NCEP GFS,0.179256,inverse_error_mvp,2026-09-28
TN_114,TN,Tiruchirappalli,wind_speed_kmh,72,GFS ENSEMBLE,0.280873,inverse_error_mvp,2026-09-28
TN_114,TN,Tiruchirappalli,wind_speed_kmh,72,AIFS,0.313194,inverse_error_mvp,2026-09-28
TN_114,TN,Tiruchirappalli,wind_speed_kmh,72,IFS,0.226677,inverse_error_mvp,2026-09-28
TN_115,TN,Salem,rainfall_mm,24,NCEP GFS,0.296719,inverse_error_mvp,2026-09-28
TN_115,TN,Salem,rainfall_mm,24,GFS ENSEMBLE,0.163812,inverse_error_mvp,2026-09-28
TN_115,TN,Salem,rainfall_mm,24,AIFS,0.306644,inverse_error_mvp,2026-09-28
TN_115,TN,Salem,rainfall_mm,24,IFS,0.232825,inverse_error_mvp,2026-09-28
TN_115,TN,Salem,temperature_c,24,NCEP GFS,0.181435,inverse_error_mvp,2026-09-28
TN_115,TN,Salem,temperature_c,24,GFS ENSEMBLE,0.256751,inverse_error_mvp,2026-09-28
TN_115,TN,Salem,temperature_c,24,AIFS,0.308202,inverse_error_mvp,2026-09-28
TN_115,TN,Salem,temperature_c,24,IFS,0.253612,inverse_error_mvp,2026-09-28
TN_115,TN,Salem,wind_speed_kmh,24,NCEP GFS,0.183241,inverse_error_mvp,2026-09-28
TN_115,TN,Salem,wind_speed_kmh,24,GFS ENSEMBLE,0.253913,inverse_error_mvp,2026-09-28
TN_115,TN,Salem,wind_speed_kmh,24,AIFS,0.239385,inverse_error_mvp,2026-09-28
TN_115,TN,Salem,wind_speed_kmh,24,IFS,0.323461,inverse_error_mvp,2026-09-28
TN_115,TN,Salem,rainfall_mm,48,NCEP GFS,0.188364,inverse_error_mvp,2026-09-28
TN_115,TN,Salem,rainfall_mm,48,GFS ENSEMBLE,0.193885,inverse_error_mvp,2026-09-28
TN_115,TN,Salem,rainfall_mm,48,AIFS,0.336058,inverse_error_mvp,2026-09-28
TN_115,TN,Salem,rainfall_mm,48,IFS,0.281694,inverse_error_mvp,2026-09-28
TN_115,TN,Salem,temperature_c,48,NCEP GFS,0.168308,inverse_error_mvp,2026-09-28
TN_115,TN,Salem,temperature_c,48,GFS ENSEMBLE,0.291267,inverse_error_mvp,2026-09-28
TN_115,TN,Salem,temperature_c,48,AIFS,0.305885,inverse_error_mvp,2026-09-28
TN_115,TN,Salem,temperature_c,48,IFS,0.23454,inverse_error_mvp,2026-09-28
TN_115,TN,Salem,wind_speed_kmh,48,NCEP GFS,0.18015,inverse_error_mvp,2026-09-28
TN_115,TN,Salem,wind_speed_kmh,48,GFS ENSEMBLE,0.304689,inverse_error_mvp,2026-09-28
TN_115,TN,Salem,wind_speed_kmh,48,AIFS,0.29232,inverse_error_mvp,2026-09-28
TN_115,TN,Salem,wind_speed_kmh,48,IFS,0.222841,inverse_error_mvp,2026-09-28
TN_115,TN,Salem,rainfall_mm,72,NCEP GFS,0.153579,inverse_error_mvp,2026-09-28
TN_115,TN,Salem,rainfall_mm,72,GFS ENSEMBLE,0.145564,inverse_error_mvp,2026-09-28
TN_115,TN,Salem,rainfall_mm,72,AIFS,0.175583,inverse_error_mvp,2026-09-28
TN_115,TN,Salem,rainfall_mm,72,IFS,0.525275,inverse_error_mvp,2026-09-28
TN_115,TN,Salem,temperature_c,72,NCEP GFS,0.179139,inverse_error_mvp,2026-09-28
TN_115,TN,Salem,temperature_c,72,GFS ENSEMBLE,0.285027,inverse_error_mvp,2026-09-28
TN_115,TN,Salem,temperature_c,72,AIFS,0.274555,inverse_error_mvp,2026-09-28
TN_115,TN,Salem,temperature_c,72,IFS,0.261279,inverse_error_mvp,2026-09-28
TN_115,TN,Salem,wind_speed_kmh,72,NCEP GFS,0.192067,inverse_error_mvp,2026-09-28
TN_115,TN,Salem,wind_speed_kmh,72,GFS ENSEMBLE,0.269701,inverse_error_mvp,2026-09-28
TN_115,TN,Salem,wind_speed_kmh,72,AIFS,0.268926,inverse_error_mvp,2026-09-28
TN_115,TN,Salem,wind_speed_kmh,72,IFS,0.269306,inverse_error_mvp,2026-09-28
TG_116,TG,Hyderabad,rainfall_mm,24,NCEP GFS,0.204876,inverse_error_mvp,2026-09-28
TG_116,TG,Hyderabad,rainfall_mm,24,GFS ENSEMBLE,0.47804,inverse_error_mvp,2026-09-28
TG_116,TG,Hyderabad,rainfall_mm,24,AIFS,0.16922,inverse_error_mvp,2026-09-28
TG_116,TG,Hyderabad,rainfall_mm,24,IFS,0.147864,inverse_error_mvp,2026-09-28
TG_116,TG,Hyderabad,temperature_c,24,NCEP GFS,0.226713,inverse_error_mvp,2026-09-28
TG_116,TG,Hyderabad,temperature_c,24,GFS ENSEMBLE,0.248658,inverse_error_mvp,2026-09-28
TG_116,TG,Hyderabad,temperature_c,24,AIFS,0.256181,inverse_error_mvp,2026-09-28
TG_116,TG,Hyderabad,temperature_c,24,IFS,0.268448,inverse_error_mvp,2026-09-28
TG_116,TG,Hyderabad,wind_speed_kmh,24,NCEP GFS,0.218614,inverse_error_mvp,2026-09-28
TG_116,TG,Hyderabad,wind_speed_kmh,24,GFS ENSEMBLE,0.222082,inverse_error_mvp,2026-09-28
TG_116,TG,Hyderabad,wind_speed_kmh,24,AIFS,0.327291,inverse_error_mvp,2026-09-28
TG_116,TG,Hyderabad,wind_speed_kmh,24,IFS,0.232013,inverse_error_mvp,2026-09-28
TG_116,TG,Hyderabad,rainfall_mm,48,NCEP GFS,0.328541,inverse_error_mvp,2026-09-28
TG_116,TG,Hyderabad,rainfall_mm,48,GFS ENSEMBLE,0.240544,inverse_error_mvp,2026-09-28
TG_116,TG,Hyderabad,rainfall_mm,48,AIFS,0.274172,inverse_error_mvp,2026-09-28
TG_116,TG,Hyderabad,rainfall_mm,48,IFS,0.156743,inverse_error_mvp,2026-09-28
TG_116,TG,Hyderabad,temperature_c,48,NCEP GFS,0.177795,inverse_error_mvp,2026-09-28
TG_116,TG,Hyderabad,temperature_c,48,GFS ENSEMBLE,0.281048,inverse_error_mvp,2026-09-28
TG_116,TG,Hyderabad,temperature_c,48,AIFS,0.28078,inverse_error_mvp,2026-09-28
TG_116,TG,Hyderabad,temperature_c,48,IFS,0.260377,inverse_error_mvp,2026-09-28
TG_116,TG,Hyderabad,wind_speed_kmh,48,NCEP GFS,0.2143,inverse_error_mvp,2026-09-28
TG_116,TG,Hyderabad,wind_speed_kmh,48,GFS ENSEMBLE,0.216245,inverse_error_mvp,2026-09-28
TG_116,TG,Hyderabad,wind_speed_kmh,48,AIFS,0.281925,inverse_error_mvp,2026-09-28
TG_116,TG,Hyderabad,wind_speed_kmh,48,IFS,0.287529,inverse_error_mvp,2026-09-28
TG_116,TG,Hyderabad,rainfall_mm,72,NCEP GFS,0.145889,inverse_error_mvp,2026-09-28
TG_116,TG,Hyderabad,rainfall_mm,72,GFS ENSEMBLE,0.42551,inverse_error_mvp,2026-09-28
TG_116,TG,Hyderabad,rainfall_mm,72,AIFS,0.199095,inverse_error_mvp,2026-09-28
TG_116,TG,Hyderabad,rainfall_mm,72,IFS,0.229506,inverse_error_mvp,2026-09-28
TG_116,TG,Hyderabad,temperature_c,72,NCEP GFS,0.229686,inverse_error_mvp,2026-09-28
TG_116,TG,Hyderabad,temperature_c,72,GFS ENSEMBLE,0.257537,inverse_error_mvp,2026-09-28
TG_116,TG,Hyderabad,temperature_c,72,AIFS,0.268898,inverse_error_mvp,2026-09-28
TG_116,TG,Hyderabad,temperature_c,72,IFS,0.24388,inverse_error_mvp,2026-09-28
TG_116,TG,Hyderabad,wind_speed_kmh,72,NCEP GFS,0.135083,inverse_error_mvp,2026-09-28
TG_116,TG,Hyderabad,wind_speed_kmh,72,GFS ENSEMBLE,0.209074,inverse_error_mvp,2026-09-28
TG_116,TG,Hyderabad,wind_speed_kmh,72,AIFS,0.247428,inverse_error_mvp,2026-09-28
TG_116,TG,Hyderabad,wind_speed_kmh,72,IFS,0.408415,inverse_error_mvp,2026-09-28
TG_117,TG,Warangal,rainfall_mm,24,NCEP GFS,0.224207,inverse_error_mvp,2026-09-28
TG_117,TG,Warangal,rainfall_mm,24,GFS ENSEMBLE,0.294085,inverse_error_mvp,2026-09-28
TG_117,TG,Warangal,rainfall_mm,24,AIFS,0.28545,inverse_error_mvp,2026-09-28
TG_117,TG,Warangal,rainfall_mm,24,IFS,0.196258,inverse_error_mvp,2026-09-28
TG_117,TG,Warangal,temperature_c,24,NCEP GFS,0.179606,inverse_error_mvp,2026-09-28
TG_117,TG,Warangal,temperature_c,24,GFS ENSEMBLE,0.274659,inverse_error_mvp,2026-09-28
TG_117,TG,Warangal,temperature_c,24,AIFS,0.321124,inverse_error_mvp,2026-09-28
TG_117,TG,Warangal,temperature_c,24,IFS,0.224611,inverse_error_mvp,2026-09-28
TG_117,TG,Warangal,wind_speed_kmh,24,NCEP GFS,0.172695,inverse_error_mvp,2026-09-28
TG_117,TG,Warangal,wind_speed_kmh,24,GFS ENSEMBLE,0.245405,inverse_error_mvp,2026-09-28
TG_117,TG,Warangal,wind_speed_kmh,24,AIFS,0.361543,inverse_error_mvp,2026-09-28
TG_117,TG,Warangal,wind_speed_kmh,24,IFS,0.220357,inverse_error_mvp,2026-09-28
TG_117,TG,Warangal,rainfall_mm,48,NCEP GFS,0.190071,inverse_error_mvp,2026-09-28
TG_117,TG,Warangal,rainfall_mm,48,GFS ENSEMBLE,0.207066,inverse_error_mvp,2026-09-28
TG_117,TG,Warangal,rainfall_mm,48,AIFS,0.325394,inverse_error_mvp,2026-09-28
TG_117,TG,Warangal,rainfall_mm,48,IFS,0.277469,inverse_error_mvp,2026-09-28
TG_117,TG,Warangal,temperature_c,48,NCEP GFS,0.152956,inverse_error_mvp,2026-09-28
TG_117,TG,Warangal,temperature_c,48,GFS ENSEMBLE,0.245362,inverse_error_mvp,2026-09-28
TG_117,TG,Warangal,temperature_c,48,AIFS,0.285645,inverse_error_mvp,2026-09-28
TG_117,TG,Warangal,temperature_c,48,IFS,0.316036,inverse_error_mvp,2026-09-28
TG_117,TG,Warangal,wind_speed_kmh,48,NCEP GFS,0.161022,inverse_error_mvp,2026-09-28
TG_117,TG,Warangal,wind_speed_kmh,48,GFS ENSEMBLE,0.309191,inverse_error_mvp,2026-09-28
TG_117,TG,Warangal,wind_speed_kmh,48,AIFS,0.224265,inverse_error_mvp,2026-09-28
TG_117,TG,Warangal,wind_speed_kmh,48,IFS,0.305522,inverse_error_mvp,2026-09-28
TG_117,TG,Warangal,rainfall_mm,72,NCEP GFS,0.214967,inverse_error_mvp,2026-09-28
TG_117,TG,Warangal,rainfall_mm,72,GFS ENSEMBLE,0.203255,inverse_error_mvp,2026-09-28
TG_117,TG,Warangal,rainfall_mm,72,AIFS,0.260566,inverse_error_mvp,2026-09-28
TG_117,TG,Warangal,rainfall_mm,72,IFS,0.321212,inverse_error_mvp,2026-09-28
TG_117,TG,Warangal,temperature_c,72,NCEP GFS,0.187163,inverse_error_mvp,2026-09-28
TG_117,TG,Warangal,temperature_c,72,GFS ENSEMBLE,0.216022,inverse_error_mvp,2026-09-28
TG_117,TG,Warangal,temperature_c,72,AIFS,0.2847,inverse_error_mvp,2026-09-28
TG_117,TG,Warangal,temperature_c,72,IFS,0.312115,inverse_error_mvp,2026-09-28
TG_117,TG,Warangal,wind_speed_kmh,72,NCEP GFS,0.162752,inverse_error_mvp,2026-09-28
TG_117,TG,Warangal,wind_speed_kmh,72,GFS ENSEMBLE,0.203268,inverse_error_mvp,2026-09-28
TG_117,TG,Warangal,wind_speed_kmh,72,AIFS,0.290496,inverse_error_mvp,2026-09-28
TG_117,TG,Warangal,wind_speed_kmh,72,IFS,0.343484,inverse_error_mvp,2026-09-28
TG_118,TG,Nizamabad,rainfall_mm,24,NCEP GFS,0.21552,inverse_error_mvp,2026-09-28
TG_118,TG,Nizamabad,rainfall_mm,24,GFS ENSEMBLE,0.187229,inverse_error_mvp,2026-09-28
TG_118,TG,Nizamabad,rainfall_mm,24,AIFS,0.334489,inverse_error_mvp,2026-09-28
TG_118,TG,Nizamabad,rainfall_mm,24,IFS,0.262762,inverse_error_mvp,2026-09-28
TG_118,TG,Nizamabad,temperature_c,24,NCEP GFS,0.167223,inverse_error_mvp,2026-09-28
TG_118,TG,Nizamabad,temperature_c,24,GFS ENSEMBLE,0.264599,inverse_error_mvp,2026-09-28
TG_118,TG,Nizamabad,temperature_c,24,AIFS,0.285393,inverse_error_mvp,2026-09-28
TG_118,TG,Nizamabad,temperature_c,24,IFS,0.282785,inverse_error_mvp,2026-09-28
TG_118,TG,Nizamabad,wind_speed_kmh,24,NCEP GFS,0.173642,inverse_error_mvp,2026-09-28
TG_118,TG,Nizamabad,wind_speed_kmh,24,GFS ENSEMBLE,0.230265,inverse_error_mvp,2026-09-28
TG_118,TG,Nizamabad,wind_speed_kmh,24,AIFS,0.321429,inverse_error_mvp,2026-09-28
TG_118,TG,Nizamabad,wind_speed_kmh,24,IFS,0.274665,inverse_error_mvp,2026-09-28
TG_118,TG,Nizamabad,rainfall_mm,48,NCEP GFS,0.284527,inverse_error_mvp,2026-09-28
TG_118,TG,Nizamabad,rainfall_mm,48,GFS ENSEMBLE,0.242678,inverse_error_mvp,2026-09-28
TG_118,TG,Nizamabad,rainfall_mm,48,AIFS,0.280983,inverse_error_mvp,2026-09-28
TG_118,TG,Nizamabad,rainfall_mm,48,IFS,0.191812,inverse_error_mvp,2026-09-28
TG_118,TG,Nizamabad,temperature_c,48,NCEP GFS,0.16748,inverse_error_mvp,2026-09-28
TG_118,TG,Nizamabad,temperature_c,48,GFS ENSEMBLE,0.288398,inverse_error_mvp,2026-09-28
TG_118,TG,Nizamabad,temperature_c,48,AIFS,0.282632,inverse_error_mvp,2026-09-28
TG_118,TG,Nizamabad,temperature_c,48,IFS,0.26149,inverse_error_mvp,2026-09-28
TG_118,TG,Nizamabad,wind_speed_kmh,48,NCEP GFS,0.166822,inverse_error_mvp,2026-09-28
TG_118,TG,Nizamabad,wind_speed_kmh,48,GFS ENSEMBLE,0.296043,inverse_error_mvp,2026-09-28
TG_118,TG,Nizamabad,wind_speed_kmh,48,AIFS,0.250679,inverse_error_mvp,2026-09-28
TG_118,TG,Nizamabad,wind_speed_kmh,48,IFS,0.286456,inverse_error_mvp,2026-09-28
TG_118,TG,Nizamabad,rainfall_mm,72,NCEP GFS,0.160112,inverse_error_mvp,2026-09-28
TG_118,TG,Nizamabad,rainfall_mm,72,GFS ENSEMBLE,0.196826,inverse_error_mvp,2026-09-28
TG_118,TG,Nizamabad,rainfall_mm,72,AIFS,0.233441,inverse_error_mvp,2026-09-28
TG_118,TG,Nizamabad,rainfall_mm,72,IFS,0.409621,inverse_error_mvp,2026-09-28
TG_118,TG,Nizamabad,temperature_c,72,NCEP GFS,0.235063,inverse_error_mvp,2026-09-28
TG_118,TG,Nizamabad,temperature_c,72,GFS ENSEMBLE,0.255012,inverse_error_mvp,2026-09-28
TG_118,TG,Nizamabad,temperature_c,72,AIFS,0.275561,inverse_error_mvp,2026-09-28
TG_118,TG,Nizamabad,temperature_c,72,IFS,0.234363,inverse_error_mvp,2026-09-28
TG_118,TG,Nizamabad,wind_speed_kmh,72,NCEP GFS,0.20314,inverse_error_mvp,2026-09-28
TG_118,TG,Nizamabad,wind_speed_kmh,72,GFS ENSEMBLE,0.267582,inverse_error_mvp,2026-09-28
TG_118,TG,Nizamabad,wind_speed_kmh,72,AIFS,0.300733,inverse_error_mvp,2026-09-28
TG_118,TG,Nizamabad,wind_speed_kmh,72,IFS,0.228546,inverse_error_mvp,2026-09-28
TG_119,TG,Karimnagar,rainfall_mm,24,NCEP GFS,0.230812,inverse_error_mvp,2026-09-28
TG_119,TG,Karimnagar,rainfall_mm,24,GFS ENSEMBLE,0.32749,inverse_error_mvp,2026-09-28
TG_119,TG,Karimnagar,rainfall_mm,24,AIFS,0.230693,inverse_error_mvp,2026-09-28
TG_119,TG,Karimnagar,rainfall_mm,24,IFS,0.211005,inverse_error_mvp,2026-09-28
TG_119,TG,Karimnagar,temperature_c,24,NCEP GFS,0.19264,inverse_error_mvp,2026-09-28
TG_119,TG,Karimnagar,temperature_c,24,GFS ENSEMBLE,0.205541,inverse_error_mvp,2026-09-28
TG_119,TG,Karimnagar,temperature_c,24,AIFS,0.286472,inverse_error_mvp,2026-09-28
TG_119,TG,Karimnagar,temperature_c,24,IFS,0.315346,inverse_error_mvp,2026-09-28
TG_119,TG,Karimnagar,wind_speed_kmh,24,NCEP GFS,0.159876,inverse_error_mvp,2026-09-28
TG_119,TG,Karimnagar,wind_speed_kmh,24,GFS ENSEMBLE,0.266667,inverse_error_mvp,2026-09-28
TG_119,TG,Karimnagar,wind_speed_kmh,24,AIFS,0.252917,inverse_error_mvp,2026-09-28
TG_119,TG,Karimnagar,wind_speed_kmh,24,IFS,0.32054,inverse_error_mvp,2026-09-28
TG_119,TG,Karimnagar,rainfall_mm,48,NCEP GFS,0.244236,inverse_error_mvp,2026-09-28
TG_119,TG,Karimnagar,rainfall_mm,48,GFS ENSEMBLE,0.279688,inverse_error_mvp,2026-09-28
TG_119,TG,Karimnagar,rainfall_mm,48,AIFS,0.227805,inverse_error_mvp,2026-09-28
TG_119,TG,Karimnagar,rainfall_mm,48,IFS,0.24827,inverse_error_mvp,2026-09-28
TG_119,TG,Karimnagar,temperature_c,48,NCEP GFS,0.186815,inverse_error_mvp,2026-09-28
TG_119,TG,Karimnagar,temperature_c,48,GFS ENSEMBLE,0.223992,inverse_error_mvp,2026-09-28
TG_119,TG,Karimnagar,temperature_c,48,AIFS,0.260877,inverse_error_mvp,2026-09-28
TG_119,TG,Karimnagar,temperature_c,48,IFS,0.328316,inverse_error_mvp,2026-09-28
TG_119,TG,Karimnagar,wind_speed_kmh,48,NCEP GFS,0.192014,inverse_error_mvp,2026-09-28
TG_119,TG,Karimnagar,wind_speed_kmh,48,GFS ENSEMBLE,0.248424,inverse_error_mvp,2026-09-28
TG_119,TG,Karimnagar,wind_speed_kmh,48,AIFS,0.257109,inverse_error_mvp,2026-09-28
TG_119,TG,Karimnagar,wind_speed_kmh,48,IFS,0.302453,inverse_error_mvp,2026-09-28
TG_119,TG,Karimnagar,rainfall_mm,72,NCEP GFS,0.164652,inverse_error_mvp,2026-09-28
TG_119,TG,Karimnagar,rainfall_mm,72,GFS ENSEMBLE,0.093513,inverse_error_mvp,2026-09-28
TG_119,TG,Karimnagar,rainfall_mm,72,AIFS,0.563776,inverse_error_mvp,2026-09-28
TG_119,TG,Karimnagar,rainfall_mm,72,IFS,0.178059,inverse_error_mvp,2026-09-28
TG_119,TG,Karimnagar,temperature_c,72,NCEP GFS,0.154556,inverse_error_mvp,2026-09-28
TG_119,TG,Karimnagar,temperature_c,72,GFS ENSEMBLE,0.292231,inverse_error_mvp,2026-09-28
TG_119,TG,Karimnagar,temperature_c,72,AIFS,0.315161,inverse_error_mvp,2026-09-28
TG_119,TG,Karimnagar,temperature_c,72,IFS,0.238053,inverse_error_mvp,2026-09-28
TG_119,TG,Karimnagar,wind_speed_kmh,72,NCEP GFS,0.233107,inverse_error_mvp,2026-09-28
TG_119,TG,Karimnagar,wind_speed_kmh,72,GFS ENSEMBLE,0.239997,inverse_error_mvp,2026-09-28
TG_119,TG,Karimnagar,wind_speed_kmh,72,AIFS,0.29067,inverse_error_mvp,2026-09-28
TG_119,TG,Karimnagar,wind_speed_kmh,72,IFS,0.236226,inverse_error_mvp,2026-09-28
TG_120,TG,Khammam,rainfall_mm,24,NCEP GFS,0.108603,inverse_error_mvp,2026-09-28
TG_120,TG,Khammam,rainfall_mm,24,GFS ENSEMBLE,0.294647,inverse_error_mvp,2026-09-28
TG_120,TG,Khammam,rainfall_mm,24,AIFS,0.249401,inverse_error_mvp,2026-09-28
TG_120,TG,Khammam,rainfall_mm,24,IFS,0.347349,inverse_error_mvp,2026-09-28
TG_120,TG,Khammam,temperature_c,24,NCEP GFS,0.214037,inverse_error_mvp,2026-09-28
TG_120,TG,Khammam,temperature_c,24,GFS ENSEMBLE,0.262591,inverse_error_mvp,2026-09-28
TG_120,TG,Khammam,temperature_c,24,AIFS,0.233746,inverse_error_mvp,2026-09-28
TG_120,TG,Khammam,temperature_c,24,IFS,0.289625,inverse_error_mvp,2026-09-28
TG_120,TG,Khammam,wind_speed_kmh,24,NCEP GFS,0.205872,inverse_error_mvp,2026-09-28
TG_120,TG,Khammam,wind_speed_kmh,24,GFS ENSEMBLE,0.276323,inverse_error_mvp,2026-09-28
TG_120,TG,Khammam,wind_speed_kmh,24,AIFS,0.271858,inverse_error_mvp,2026-09-28
TG_120,TG,Khammam,wind_speed_kmh,24,IFS,0.245947,inverse_error_mvp,2026-09-28
TG_120,TG,Khammam,rainfall_mm,48,NCEP GFS,0.277688,inverse_error_mvp,2026-09-28
TG_120,TG,Khammam,rainfall_mm,48,GFS ENSEMBLE,0.212337,inverse_error_mvp,2026-09-28
TG_120,TG,Khammam,rainfall_mm,48,AIFS,0.267657,inverse_error_mvp,2026-09-28
TG_120,TG,Khammam,rainfall_mm,48,IFS,0.242318,inverse_error_mvp,2026-09-28
TG_120,TG,Khammam,temperature_c,48,NCEP GFS,0.171898,inverse_error_mvp,2026-09-28
TG_120,TG,Khammam,temperature_c,48,GFS ENSEMBLE,0.274113,inverse_error_mvp,2026-09-28
TG_120,TG,Khammam,temperature_c,48,AIFS,0.354044,inverse_error_mvp,2026-09-28
TG_120,TG,Khammam,temperature_c,48,IFS,0.199946,inverse_error_mvp,2026-09-28
TG_120,TG,Khammam,wind_speed_kmh,48,NCEP GFS,0.184208,inverse_error_mvp,2026-09-28
TG_120,TG,Khammam,wind_speed_kmh,48,GFS ENSEMBLE,0.244176,inverse_error_mvp,2026-09-28
TG_120,TG,Khammam,wind_speed_kmh,48,AIFS,0.325036,inverse_error_mvp,2026-09-28
TG_120,TG,Khammam,wind_speed_kmh,48,IFS,0.24658,inverse_error_mvp,2026-09-28
TG_120,TG,Khammam,rainfall_mm,72,NCEP GFS,0.223867,inverse_error_mvp,2026-09-28
TG_120,TG,Khammam,rainfall_mm,72,GFS ENSEMBLE,0.208305,inverse_error_mvp,2026-09-28
TG_120,TG,Khammam,rainfall_mm,72,AIFS,0.258046,inverse_error_mvp,2026-09-28
TG_120,TG,Khammam,rainfall_mm,72,IFS,0.309782,inverse_error_mvp,2026-09-28
TG_120,TG,Khammam,temperature_c,72,NCEP GFS,0.147151,inverse_error_mvp,2026-09-28
TG_120,TG,Khammam,temperature_c,72,GFS ENSEMBLE,0.247177,inverse_error_mvp,2026-09-28
TG_120,TG,Khammam,temperature_c,72,AIFS,0.329984,inverse_error_mvp,2026-09-28
TG_120,TG,Khammam,temperature_c,72,IFS,0.275688,inverse_error_mvp,2026-09-28
TG_120,TG,Khammam,wind_speed_kmh,72,NCEP GFS,0.176389,inverse_error_mvp,2026-09-28
TG_120,TG,Khammam,wind_speed_kmh,72,GFS ENSEMBLE,0.270583,inverse_error_mvp,2026-09-28
TG_120,TG,Khammam,wind_speed_kmh,72,AIFS,0.282202,inverse_error_mvp,2026-09-28
TG_120,TG,Khammam,wind_speed_kmh,72,IFS,0.270825,inverse_error_mvp,2026-09-28
TR_121,TR,Agartala,rainfall_mm,24,NCEP GFS,0.293669,inverse_error_mvp,2026-09-28
TR_121,TR,Agartala,rainfall_mm,24,GFS ENSEMBLE,0.14748,inverse_error_mvp,2026-09-28
TR_121,TR,Agartala,rainfall_mm,24,AIFS,0.31679,inverse_error_mvp,2026-09-28
TR_121,TR,Agartala,rainfall_mm,24,IFS,0.242061,inverse_error_mvp,2026-09-28
TR_121,TR,Agartala,temperature_c,24,NCEP GFS,0.185409,inverse_error_mvp,2026-09-28
TR_121,TR,Agartala,temperature_c,24,GFS ENSEMBLE,0.276135,inverse_error_mvp,2026-09-28
TR_121,TR,Agartala,temperature_c,24,AIFS,0.278819,inverse_error_mvp,2026-09-28
TR_121,TR,Agartala,temperature_c,24,IFS,0.259638,inverse_error_mvp,2026-09-28
TR_121,TR,Agartala,wind_speed_kmh,24,NCEP GFS,0.16285,inverse_error_mvp,2026-09-28
TR_121,TR,Agartala,wind_speed_kmh,24,GFS ENSEMBLE,0.238364,inverse_error_mvp,2026-09-28
TR_121,TR,Agartala,wind_speed_kmh,24,AIFS,0.328042,inverse_error_mvp,2026-09-28
TR_121,TR,Agartala,wind_speed_kmh,24,IFS,0.270744,inverse_error_mvp,2026-09-28
TR_121,TR,Agartala,rainfall_mm,48,NCEP GFS,0.163549,inverse_error_mvp,2026-09-28
TR_121,TR,Agartala,rainfall_mm,48,GFS ENSEMBLE,0.20307,inverse_error_mvp,2026-09-28
TR_121,TR,Agartala,rainfall_mm,48,AIFS,0.337867,inverse_error_mvp,2026-09-28
TR_121,TR,Agartala,rainfall_mm,48,IFS,0.295515,inverse_error_mvp,2026-09-28
TR_121,TR,Agartala,temperature_c,48,NCEP GFS,0.190056,inverse_error_mvp,2026-09-28
TR_121,TR,Agartala,temperature_c,48,GFS ENSEMBLE,0.299127,inverse_error_mvp,2026-09-28
TR_121,TR,Agartala,temperature_c,48,AIFS,0.299656,inverse_error_mvp,2026-09-28
TR_121,TR,Agartala,temperature_c,48,IFS,0.211161,inverse_error_mvp,2026-09-28
TR_121,TR,Agartala,wind_speed_kmh,48,NCEP GFS,0.171744,inverse_error_mvp,2026-09-28
TR_121,TR,Agartala,wind_speed_kmh,48,GFS ENSEMBLE,0.305186,inverse_error_mvp,2026-09-28
TR_121,TR,Agartala,wind_speed_kmh,48,AIFS,0.226718,inverse_error_mvp,2026-09-28
TR_121,TR,Agartala,wind_speed_kmh,48,IFS,0.296352,inverse_error_mvp,2026-09-28
TR_121,TR,Agartala,rainfall_mm,72,NCEP GFS,0.158213,inverse_error_mvp,2026-09-28
TR_121,TR,Agartala,rainfall_mm,72,GFS ENSEMBLE,0.238707,inverse_error_mvp,2026-09-28
TR_121,TR,Agartala,rainfall_mm,72,AIFS,0.261411,inverse_error_mvp,2026-09-28
TR_121,TR,Agartala,rainfall_mm,72,IFS,0.341669,inverse_error_mvp,2026-09-28
TR_121,TR,Agartala,temperature_c,72,NCEP GFS,0.173857,inverse_error_mvp,2026-09-28
TR_121,TR,Agartala,temperature_c,72,GFS ENSEMBLE,0.265179,inverse_error_mvp,2026-09-28
TR_121,TR,Agartala,temperature_c,72,AIFS,0.29476,inverse_error_mvp,2026-09-28
TR_121,TR,Agartala,temperature_c,72,IFS,0.266205,inverse_error_mvp,2026-09-28
TR_121,TR,Agartala,wind_speed_kmh,72,NCEP GFS,0.189119,inverse_error_mvp,2026-09-28
TR_121,TR,Agartala,wind_speed_kmh,72,GFS ENSEMBLE,0.215329,inverse_error_mvp,2026-09-28
TR_121,TR,Agartala,wind_speed_kmh,72,AIFS,0.28559,inverse_error_mvp,2026-09-28
TR_121,TR,Agartala,wind_speed_kmh,72,IFS,0.309962,inverse_error_mvp,2026-09-28
TR_122,TR,Dharmanagar,rainfall_mm,24,NCEP GFS,0.281148,inverse_error_mvp,2026-09-28
TR_122,TR,Dharmanagar,rainfall_mm,24,GFS ENSEMBLE,0.170445,inverse_error_mvp,2026-09-28
TR_122,TR,Dharmanagar,rainfall_mm,24,AIFS,0.364076,inverse_error_mvp,2026-09-28
TR_122,TR,Dharmanagar,rainfall_mm,24,IFS,0.184332,inverse_error_mvp,2026-09-28
TR_122,TR,Dharmanagar,temperature_c,24,NCEP GFS,0.192175,inverse_error_mvp,2026-09-28
TR_122,TR,Dharmanagar,temperature_c,24,GFS ENSEMBLE,0.264695,inverse_error_mvp,2026-09-28
TR_122,TR,Dharmanagar,temperature_c,24,AIFS,0.267522,inverse_error_mvp,2026-09-28
TR_122,TR,Dharmanagar,temperature_c,24,IFS,0.275608,inverse_error_mvp,2026-09-28
TR_122,TR,Dharmanagar,wind_speed_kmh,24,NCEP GFS,0.173544,inverse_error_mvp,2026-09-28
TR_122,TR,Dharmanagar,wind_speed_kmh,24,GFS ENSEMBLE,0.285405,inverse_error_mvp,2026-09-28
TR_122,TR,Dharmanagar,wind_speed_kmh,24,AIFS,0.292919,inverse_error_mvp,2026-09-28
TR_122,TR,Dharmanagar,wind_speed_kmh,24,IFS,0.248132,inverse_error_mvp,2026-09-28
TR_122,TR,Dharmanagar,rainfall_mm,48,NCEP GFS,0.322746,inverse_error_mvp,2026-09-28
TR_122,TR,Dharmanagar,rainfall_mm,48,GFS ENSEMBLE,0.22474,inverse_error_mvp,2026-09-28
TR_122,TR,Dharmanagar,rainfall_mm,48,AIFS,0.196618,inverse_error_mvp,2026-09-28
TR_122,TR,Dharmanagar,rainfall_mm,48,IFS,0.255896,inverse_error_mvp,2026-09-28
TR_122,TR,Dharmanagar,temperature_c,48,NCEP GFS,0.144327,inverse_error_mvp,2026-09-28
TR_122,TR,Dharmanagar,temperature_c,48,GFS ENSEMBLE,0.285598,inverse_error_mvp,2026-09-28
TR_122,TR,Dharmanagar,temperature_c,48,AIFS,0.262191,inverse_error_mvp,2026-09-28
TR_122,TR,Dharmanagar,temperature_c,48,IFS,0.307884,inverse_error_mvp,2026-09-28
TR_122,TR,Dharmanagar,wind_speed_kmh,48,NCEP GFS,0.195645,inverse_error_mvp,2026-09-28
TR_122,TR,Dharmanagar,wind_speed_kmh,48,GFS ENSEMBLE,0.252182,inverse_error_mvp,2026-09-28
TR_122,TR,Dharmanagar,wind_speed_kmh,48,AIFS,0.26607,inverse_error_mvp,2026-09-28
TR_122,TR,Dharmanagar,wind_speed_kmh,48,IFS,0.286104,inverse_error_mvp,2026-09-28
TR_122,TR,Dharmanagar,rainfall_mm,72,NCEP GFS,0.164573,inverse_error_mvp,2026-09-28
TR_122,TR,Dharmanagar,rainfall_mm,72,GFS ENSEMBLE,0.266685,inverse_error_mvp,2026-09-28
TR_122,TR,Dharmanagar,rainfall_mm,72,AIFS,0.231201,inverse_error_mvp,2026-09-28
TR_122,TR,Dharmanagar,rainfall_mm,72,IFS,0.337541,inverse_error_mvp,2026-09-28
TR_122,TR,Dharmanagar,temperature_c,72,NCEP GFS,0.161185,inverse_error_mvp,2026-09-28
TR_122,TR,Dharmanagar,temperature_c,72,GFS ENSEMBLE,0.241836,inverse_error_mvp,2026-09-28
TR_122,TR,Dharmanagar,temperature_c,72,AIFS,0.352166,inverse_error_mvp,2026-09-28
TR_122,TR,Dharmanagar,temperature_c,72,IFS,0.244814,inverse_error_mvp,2026-09-28
TR_122,TR,Dharmanagar,wind_speed_kmh,72,NCEP GFS,0.216162,inverse_error_mvp,2026-09-28
TR_122,TR,Dharmanagar,wind_speed_kmh,72,GFS ENSEMBLE,0.227886,inverse_error_mvp,2026-09-28
TR_122,TR,Dharmanagar,wind_speed_kmh,72,AIFS,0.313843,inverse_error_mvp,2026-09-28
TR_122,TR,Dharmanagar,wind_speed_kmh,72,IFS,0.242109,inverse_error_mvp,2026-09-28
TR_123,TR,Udaipur (Tripura),rainfall_mm,24,NCEP GFS,0.221968,inverse_error_mvp,2026-09-28
TR_123,TR,Udaipur (Tripura),rainfall_mm,24,GFS ENSEMBLE,0.197945,inverse_error_mvp,2026-09-28
TR_123,TR,Udaipur (Tripura),rainfall_mm,24,AIFS,0.310237,inverse_error_mvp,2026-09-28
TR_123,TR,Udaipur (Tripura),rainfall_mm,24,IFS,0.26985,inverse_error_mvp,2026-09-28
TR_123,TR,Udaipur (Tripura),temperature_c,24,NCEP GFS,0.200843,inverse_error_mvp,2026-09-28
TR_123,TR,Udaipur (Tripura),temperature_c,24,GFS ENSEMBLE,0.272022,inverse_error_mvp,2026-09-28
TR_123,TR,Udaipur (Tripura),temperature_c,24,AIFS,0.268042,inverse_error_mvp,2026-09-28
TR_123,TR,Udaipur (Tripura),temperature_c,24,IFS,0.259094,inverse_error_mvp,2026-09-28
TR_123,TR,Udaipur (Tripura),wind_speed_kmh,24,NCEP GFS,0.22728,inverse_error_mvp,2026-09-28
TR_123,TR,Udaipur (Tripura),wind_speed_kmh,24,GFS ENSEMBLE,0.178515,inverse_error_mvp,2026-09-28
TR_123,TR,Udaipur (Tripura),wind_speed_kmh,24,AIFS,0.328879,inverse_error_mvp,2026-09-28
TR_123,TR,Udaipur (Tripura),wind_speed_kmh,24,IFS,0.265326,inverse_error_mvp,2026-09-28
TR_123,TR,Udaipur (Tripura),rainfall_mm,48,NCEP GFS,0.230076,inverse_error_mvp,2026-09-28
TR_123,TR,Udaipur (Tripura),rainfall_mm,48,GFS ENSEMBLE,0.263111,inverse_error_mvp,2026-09-28
TR_123,TR,Udaipur (Tripura),rainfall_mm,48,AIFS,0.269975,inverse_error_mvp,2026-09-28
TR_123,TR,Udaipur (Tripura),rainfall_mm,48,IFS,0.236838,inverse_error_mvp,2026-09-28
TR_123,TR,Udaipur (Tripura),temperature_c,48,NCEP GFS,0.1529,inverse_error_mvp,2026-09-28
TR_123,TR,Udaipur (Tripura),temperature_c,48,GFS ENSEMBLE,0.244719,inverse_error_mvp,2026-09-28
TR_123,TR,Udaipur (Tripura),temperature_c,48,AIFS,0.337873,inverse_error_mvp,2026-09-28
TR_123,TR,Udaipur (Tripura),temperature_c,48,IFS,0.264507,inverse_error_mvp,2026-09-28
TR_123,TR,Udaipur (Tripura),wind_speed_kmh,48,NCEP GFS,0.212441,inverse_error_mvp,2026-09-28
TR_123,TR,Udaipur (Tripura),wind_speed_kmh,48,GFS ENSEMBLE,0.271875,inverse_error_mvp,2026-09-28
TR_123,TR,Udaipur (Tripura),wind_speed_kmh,48,AIFS,0.285226,inverse_error_mvp,2026-09-28
TR_123,TR,Udaipur (Tripura),wind_speed_kmh,48,IFS,0.230458,inverse_error_mvp,2026-09-28
TR_123,TR,Udaipur (Tripura),rainfall_mm,72,NCEP GFS,0.355829,inverse_error_mvp,2026-09-28
TR_123,TR,Udaipur (Tripura),rainfall_mm,72,GFS ENSEMBLE,0.190969,inverse_error_mvp,2026-09-28
TR_123,TR,Udaipur (Tripura),rainfall_mm,72,AIFS,0.249408,inverse_error_mvp,2026-09-28
TR_123,TR,Udaipur (Tripura),rainfall_mm,72,IFS,0.203793,inverse_error_mvp,2026-09-28
TR_123,TR,Udaipur (Tripura),temperature_c,72,NCEP GFS,0.18925,inverse_error_mvp,2026-09-28
TR_123,TR,Udaipur (Tripura),temperature_c,72,GFS ENSEMBLE,0.313542,inverse_error_mvp,2026-09-28
TR_123,TR,Udaipur (Tripura),temperature_c,72,AIFS,0.267818,inverse_error_mvp,2026-09-28
TR_123,TR,Udaipur (Tripura),temperature_c,72,IFS,0.22939,inverse_error_mvp,2026-09-28
TR_123,TR,Udaipur (Tripura),wind_speed_kmh,72,NCEP GFS,0.187171,inverse_error_mvp,2026-09-28
TR_123,TR,Udaipur (Tripura),wind_speed_kmh,72,GFS ENSEMBLE,0.225638,inverse_error_mvp,2026-09-28
TR_123,TR,Udaipur (Tripura),wind_speed_kmh,72,AIFS,0.297005,inverse_error_mvp,2026-09-28
TR_123,TR,Udaipur (Tripura),wind_speed_kmh,72,IFS,0.290186,inverse_error_mvp,2026-09-28
TR_124,TR,Kailashahar,rainfall_mm,24,NCEP GFS,0.171538,inverse_error_mvp,2026-09-28
TR_124,TR,Kailashahar,rainfall_mm,24,GFS ENSEMBLE,0.298595,inverse_error_mvp,2026-09-28
TR_124,TR,Kailashahar,rainfall_mm,24,AIFS,0.275433,inverse_error_mvp,2026-09-28
TR_124,TR,Kailashahar,rainfall_mm,24,IFS,0.254434,inverse_error_mvp,2026-09-28
TR_124,TR,Kailashahar,temperature_c,24,NCEP GFS,0.204672,inverse_error_mvp,2026-09-28
TR_124,TR,Kailashahar,temperature_c,24,GFS ENSEMBLE,0.23515,inverse_error_mvp,2026-09-28
TR_124,TR,Kailashahar,temperature_c,24,AIFS,0.265978,inverse_error_mvp,2026-09-28
TR_124,TR,Kailashahar,temperature_c,24,IFS,0.294199,inverse_error_mvp,2026-09-28
TR_124,TR,Kailashahar,wind_speed_kmh,24,NCEP GFS,0.170162,inverse_error_mvp,2026-09-28
TR_124,TR,Kailashahar,wind_speed_kmh,24,GFS ENSEMBLE,0.262624,inverse_error_mvp,2026-09-28
TR_124,TR,Kailashahar,wind_speed_kmh,24,AIFS,0.269704,inverse_error_mvp,2026-09-28
TR_124,TR,Kailashahar,wind_speed_kmh,24,IFS,0.29751,inverse_error_mvp,2026-09-28
TR_124,TR,Kailashahar,rainfall_mm,48,NCEP GFS,0.19464,inverse_error_mvp,2026-09-28
TR_124,TR,Kailashahar,rainfall_mm,48,GFS ENSEMBLE,0.236459,inverse_error_mvp,2026-09-28
TR_124,TR,Kailashahar,rainfall_mm,48,AIFS,0.324596,inverse_error_mvp,2026-09-28
TR_124,TR,Kailashahar,rainfall_mm,48,IFS,0.244305,inverse_error_mvp,2026-09-28
TR_124,TR,Kailashahar,temperature_c,48,NCEP GFS,0.177989,inverse_error_mvp,2026-09-28
TR_124,TR,Kailashahar,temperature_c,48,GFS ENSEMBLE,0.322356,inverse_error_mvp,2026-09-28
TR_124,TR,Kailashahar,temperature_c,48,AIFS,0.234434,inverse_error_mvp,2026-09-28
TR_124,TR,Kailashahar,temperature_c,48,IFS,0.265221,inverse_error_mvp,2026-09-28
TR_124,TR,Kailashahar,wind_speed_kmh,48,NCEP GFS,0.179884,inverse_error_mvp,2026-09-28
TR_124,TR,Kailashahar,wind_speed_kmh,48,GFS ENSEMBLE,0.2496,inverse_error_mvp,2026-09-28
TR_124,TR,Kailashahar,wind_speed_kmh,48,AIFS,0.300256,inverse_error_mvp,2026-09-28
TR_124,TR,Kailashahar,wind_speed_kmh,48,IFS,0.27026,inverse_error_mvp,2026-09-28
TR_124,TR,Kailashahar,rainfall_mm,72,NCEP GFS,0.159456,inverse_error_mvp,2026-09-28
TR_124,TR,Kailashahar,rainfall_mm,72,GFS ENSEMBLE,0.229775,inverse_error_mvp,2026-09-28
TR_124,TR,Kailashahar,rainfall_mm,72,AIFS,0.378132,inverse_error_mvp,2026-09-28
TR_124,TR,Kailashahar,rainfall_mm,72,IFS,0.232637,inverse_error_mvp,2026-09-28
TR_124,TR,Kailashahar,temperature_c,72,NCEP GFS,0.130107,inverse_error_mvp,2026-09-28
TR_124,TR,Kailashahar,temperature_c,72,GFS ENSEMBLE,0.245376,inverse_error_mvp,2026-09-28
TR_124,TR,Kailashahar,temperature_c,72,AIFS,0.335135,inverse_error_mvp,2026-09-28
TR_124,TR,Kailashahar,temperature_c,72,IFS,0.289381,inverse_error_mvp,2026-09-28
TR_124,TR,Kailashahar,wind_speed_kmh,72,NCEP GFS,0.207738,inverse_error_mvp,2026-09-28
TR_124,TR,Kailashahar,wind_speed_kmh,72,GFS ENSEMBLE,0.245109,inverse_error_mvp,2026-09-28
TR_124,TR,Kailashahar,wind_speed_kmh,72,AIFS,0.283792,inverse_error_mvp,2026-09-28
TR_124,TR,Kailashahar,wind_speed_kmh,72,IFS,0.263361,inverse_error_mvp,2026-09-28
TR_125,TR,Belonia,rainfall_mm,24,NCEP GFS,0.232052,inverse_error_mvp,2026-09-28
TR_125,TR,Belonia,rainfall_mm,24,GFS ENSEMBLE,0.208481,inverse_error_mvp,2026-09-28
TR_125,TR,Belonia,rainfall_mm,24,AIFS,0.32341,inverse_error_mvp,2026-09-28
TR_125,TR,Belonia,rainfall_mm,24,IFS,0.236058,inverse_error_mvp,2026-09-28
TR_125,TR,Belonia,temperature_c,24,NCEP GFS,0.180604,inverse_error_mvp,2026-09-28
TR_125,TR,Belonia,temperature_c,24,GFS ENSEMBLE,0.257086,inverse_error_mvp,2026-09-28
TR_125,TR,Belonia,temperature_c,24,AIFS,0.258758,inverse_error_mvp,2026-09-28
TR_125,TR,Belonia,temperature_c,24,IFS,0.303552,inverse_error_mvp,2026-09-28
TR_125,TR,Belonia,wind_speed_kmh,24,NCEP GFS,0.219817,inverse_error_mvp,2026-09-28
TR_125,TR,Belonia,wind_speed_kmh,24,GFS ENSEMBLE,0.25191,inverse_error_mvp,2026-09-28
TR_125,TR,Belonia,wind_speed_kmh,24,AIFS,0.284329,inverse_error_mvp,2026-09-28
TR_125,TR,Belonia,wind_speed_kmh,24,IFS,0.243944,inverse_error_mvp,2026-09-28
TR_125,TR,Belonia,rainfall_mm,48,NCEP GFS,0.183478,inverse_error_mvp,2026-09-28
TR_125,TR,Belonia,rainfall_mm,48,GFS ENSEMBLE,0.264354,inverse_error_mvp,2026-09-28
TR_125,TR,Belonia,rainfall_mm,48,AIFS,0.283202,inverse_error_mvp,2026-09-28
TR_125,TR,Belonia,rainfall_mm,48,IFS,0.268967,inverse_error_mvp,2026-09-28
TR_125,TR,Belonia,temperature_c,48,NCEP GFS,0.224544,inverse_error_mvp,2026-09-28
TR_125,TR,Belonia,temperature_c,48,GFS ENSEMBLE,0.239187,inverse_error_mvp,2026-09-28
TR_125,TR,Belonia,temperature_c,48,AIFS,0.287024,inverse_error_mvp,2026-09-28
TR_125,TR,Belonia,temperature_c,48,IFS,0.249245,inverse_error_mvp,2026-09-28
TR_125,TR,Belonia,wind_speed_kmh,48,NCEP GFS,0.189393,inverse_error_mvp,2026-09-28
TR_125,TR,Belonia,wind_speed_kmh,48,GFS ENSEMBLE,0.240405,inverse_error_mvp,2026-09-28
TR_125,TR,Belonia,wind_speed_kmh,48,AIFS,0.332241,inverse_error_mvp,2026-09-28
TR_125,TR,Belonia,wind_speed_kmh,48,IFS,0.237961,inverse_error_mvp,2026-09-28
TR_125,TR,Belonia,rainfall_mm,72,NCEP GFS,0.283743,inverse_error_mvp,2026-09-28
TR_125,TR,Belonia,rainfall_mm,72,GFS ENSEMBLE,0.213732,inverse_error_mvp,2026-09-28
TR_125,TR,Belonia,rainfall_mm,72,AIFS,0.240373,inverse_error_mvp,2026-09-28
TR_125,TR,Belonia,rainfall_mm,72,IFS,0.262153,inverse_error_mvp,2026-09-28
TR_125,TR,Belonia,temperature_c,72,NCEP GFS,0.177599,inverse_error_mvp,2026-09-28
TR_125,TR,Belonia,temperature_c,72,GFS ENSEMBLE,0.264075,inverse_error_mvp,2026-09-28
TR_125,TR,Belonia,temperature_c,72,AIFS,0.330801,inverse_error_mvp,2026-09-28
TR_125,TR,Belonia,temperature_c,72,IFS,0.227525,inverse_error_mvp,2026-09-28
TR_125,TR,Belonia,wind_speed_kmh,72,NCEP GFS,0.190743,inverse_error_mvp,2026-09-28
TR_125,TR,Belonia,wind_speed_kmh,72,GFS ENSEMBLE,0.305257,inverse_error_mvp,2026-09-28
TR_125,TR,Belonia,wind_speed_kmh,72,AIFS,0.252788,inverse_error_mvp,2026-09-28
TR_125,TR,Belonia,wind_speed_kmh,72,IFS,0.251212,inverse_error_mvp,2026-09-28
UP_126,UP,Lucknow,rainfall_mm,24,NCEP GFS,0.172758,inverse_error_mvp,2026-09-28
UP_126,UP,Lucknow,rainfall_mm,24,GFS ENSEMBLE,0.194925,inverse_error_mvp,2026-09-28
UP_126,UP,Lucknow,rainfall_mm,24,AIFS,0.228349,inverse_error_mvp,2026-09-28
UP_126,UP,Lucknow,rainfall_mm,24,IFS,0.403968,inverse_error_mvp,2026-09-28
UP_126,UP,Lucknow,temperature_c,24,NCEP GFS,0.209801,inverse_error_mvp,2026-09-28
UP_126,UP,Lucknow,temperature_c,24,GFS ENSEMBLE,0.24033,inverse_error_mvp,2026-09-28
UP_126,UP,Lucknow,temperature_c,24,AIFS,0.266718,inverse_error_mvp,2026-09-28
UP_126,UP,Lucknow,temperature_c,24,IFS,0.283151,inverse_error_mvp,2026-09-28
UP_126,UP,Lucknow,wind_speed_kmh,24,NCEP GFS,0.184727,inverse_error_mvp,2026-09-28
UP_126,UP,Lucknow,wind_speed_kmh,24,GFS ENSEMBLE,0.249768,inverse_error_mvp,2026-09-28
UP_126,UP,Lucknow,wind_speed_kmh,24,AIFS,0.291322,inverse_error_mvp,2026-09-28
UP_126,UP,Lucknow,wind_speed_kmh,24,IFS,0.274183,inverse_error_mvp,2026-09-28
UP_126,UP,Lucknow,rainfall_mm,48,NCEP GFS,0.180773,inverse_error_mvp,2026-09-28
UP_126,UP,Lucknow,rainfall_mm,48,GFS ENSEMBLE,0.194559,inverse_error_mvp,2026-09-28
UP_126,UP,Lucknow,rainfall_mm,48,AIFS,0.30803,inverse_error_mvp,2026-09-28
UP_126,UP,Lucknow,rainfall_mm,48,IFS,0.316637,inverse_error_mvp,2026-09-28
UP_126,UP,Lucknow,temperature_c,48,NCEP GFS,0.196369,inverse_error_mvp,2026-09-28
UP_126,UP,Lucknow,temperature_c,48,GFS ENSEMBLE,0.197122,inverse_error_mvp,2026-09-28
UP_126,UP,Lucknow,temperature_c,48,AIFS,0.342017,inverse_error_mvp,2026-09-28
UP_126,UP,Lucknow,temperature_c,48,IFS,0.264492,inverse_error_mvp,2026-09-28
UP_126,UP,Lucknow,wind_speed_kmh,48,NCEP GFS,0.160996,inverse_error_mvp,2026-09-28
UP_126,UP,Lucknow,wind_speed_kmh,48,GFS ENSEMBLE,0.221871,inverse_error_mvp,2026-09-28
UP_126,UP,Lucknow,wind_speed_kmh,48,AIFS,0.371425,inverse_error_mvp,2026-09-28
UP_126,UP,Lucknow,wind_speed_kmh,48,IFS,0.245708,inverse_error_mvp,2026-09-28
UP_126,UP,Lucknow,rainfall_mm,72,NCEP GFS,0.118922,inverse_error_mvp,2026-09-28
UP_126,UP,Lucknow,rainfall_mm,72,GFS ENSEMBLE,0.298141,inverse_error_mvp,2026-09-28
UP_126,UP,Lucknow,rainfall_mm,72,AIFS,0.270204,inverse_error_mvp,2026-09-28
UP_126,UP,Lucknow,rainfall_mm,72,IFS,0.312733,inverse_error_mvp,2026-09-28
UP_126,UP,Lucknow,temperature_c,72,NCEP GFS,0.187574,inverse_error_mvp,2026-09-28
UP_126,UP,Lucknow,temperature_c,72,GFS ENSEMBLE,0.239052,inverse_error_mvp,2026-09-28
UP_126,UP,Lucknow,temperature_c,72,AIFS,0.292528,inverse_error_mvp,2026-09-28
UP_126,UP,Lucknow,temperature_c,72,IFS,0.280845,inverse_error_mvp,2026-09-28
UP_126,UP,Lucknow,wind_speed_kmh,72,NCEP GFS,0.151891,inverse_error_mvp,2026-09-28
UP_126,UP,Lucknow,wind_speed_kmh,72,GFS ENSEMBLE,0.303186,inverse_error_mvp,2026-09-28
UP_126,UP,Lucknow,wind_speed_kmh,72,AIFS,0.254043,inverse_error_mvp,2026-09-28
UP_126,UP,Lucknow,wind_speed_kmh,72,IFS,0.29088,inverse_error_mvp,2026-09-28
UP_127,UP,Kanpur,rainfall_mm,24,NCEP GFS,0.176323,inverse_error_mvp,2026-09-28
UP_127,UP,Kanpur,rainfall_mm,24,GFS ENSEMBLE,0.205717,inverse_error_mvp,2026-09-28
UP_127,UP,Kanpur,rainfall_mm,24,AIFS,0.262781,inverse_error_mvp,2026-09-28
UP_127,UP,Kanpur,rainfall_mm,24,IFS,0.355179,inverse_error_mvp,2026-09-28
UP_127,UP,Kanpur,temperature_c,24,NCEP GFS,0.237643,inverse_error_mvp,2026-09-28
UP_127,UP,Kanpur,temperature_c,24,GFS ENSEMBLE,0.219427,inverse_error_mvp,2026-09-28
UP_127,UP,Kanpur,temperature_c,24,AIFS,0.248753,inverse_error_mvp,2026-09-28
UP_127,UP,Kanpur,temperature_c,24,IFS,0.294176,inverse_error_mvp,2026-09-28
UP_127,UP,Kanpur,wind_speed_kmh,24,NCEP GFS,0.21557,inverse_error_mvp,2026-09-28
UP_127,UP,Kanpur,wind_speed_kmh,24,GFS ENSEMBLE,0.233153,inverse_error_mvp,2026-09-28
UP_127,UP,Kanpur,wind_speed_kmh,24,AIFS,0.280868,inverse_error_mvp,2026-09-28
UP_127,UP,Kanpur,wind_speed_kmh,24,IFS,0.27041,inverse_error_mvp,2026-09-28
UP_127,UP,Kanpur,rainfall_mm,48,NCEP GFS,0.199164,inverse_error_mvp,2026-09-28
UP_127,UP,Kanpur,rainfall_mm,48,GFS ENSEMBLE,0.238583,inverse_error_mvp,2026-09-28
UP_127,UP,Kanpur,rainfall_mm,48,AIFS,0.199533,inverse_error_mvp,2026-09-28
UP_127,UP,Kanpur,rainfall_mm,48,IFS,0.36272,inverse_error_mvp,2026-09-28
UP_127,UP,Kanpur,temperature_c,48,NCEP GFS,0.200068,inverse_error_mvp,2026-09-28
UP_127,UP,Kanpur,temperature_c,48,GFS ENSEMBLE,0.232759,inverse_error_mvp,2026-09-28
UP_127,UP,Kanpur,temperature_c,48,AIFS,0.291463,inverse_error_mvp,2026-09-28
UP_127,UP,Kanpur,temperature_c,48,IFS,0.27571,inverse_error_mvp,2026-09-28
UP_127,UP,Kanpur,wind_speed_kmh,48,NCEP GFS,0.158513,inverse_error_mvp,2026-09-28
UP_127,UP,Kanpur,wind_speed_kmh,48,GFS ENSEMBLE,0.231554,inverse_error_mvp,2026-09-28
UP_127,UP,Kanpur,wind_speed_kmh,48,AIFS,0.316835,inverse_error_mvp,2026-09-28
UP_127,UP,Kanpur,wind_speed_kmh,48,IFS,0.293098,inverse_error_mvp,2026-09-28
UP_127,UP,Kanpur,rainfall_mm,72,NCEP GFS,0.187466,inverse_error_mvp,2026-09-28
UP_127,UP,Kanpur,rainfall_mm,72,GFS ENSEMBLE,0.255791,inverse_error_mvp,2026-09-28
UP_127,UP,Kanpur,rainfall_mm,72,AIFS,0.316993,inverse_error_mvp,2026-09-28
UP_127,UP,Kanpur,rainfall_mm,72,IFS,0.239751,inverse_error_mvp,2026-09-28
UP_127,UP,Kanpur,temperature_c,72,NCEP GFS,0.215422,inverse_error_mvp,2026-09-28
UP_127,UP,Kanpur,temperature_c,72,GFS ENSEMBLE,0.262455,inverse_error_mvp,2026-09-28
UP_127,UP,Kanpur,temperature_c,72,AIFS,0.279082,inverse_error_mvp,2026-09-28
UP_127,UP,Kanpur,temperature_c,72,IFS,0.243042,inverse_error_mvp,2026-09-28
UP_127,UP,Kanpur,wind_speed_kmh,72,NCEP GFS,0.179956,inverse_error_mvp,2026-09-28
UP_127,UP,Kanpur,wind_speed_kmh,72,GFS ENSEMBLE,0.292871,inverse_error_mvp,2026-09-28
UP_127,UP,Kanpur,wind_speed_kmh,72,AIFS,0.306905,inverse_error_mvp,2026-09-28
UP_127,UP,Kanpur,wind_speed_kmh,72,IFS,0.220267,inverse_error_mvp,2026-09-28
UP_128,UP,Varanasi,rainfall_mm,24,NCEP GFS,0.223048,inverse_error_mvp,2026-09-28
UP_128,UP,Varanasi,rainfall_mm,24,GFS ENSEMBLE,0.20563,inverse_error_mvp,2026-09-28
UP_128,UP,Varanasi,rainfall_mm,24,AIFS,0.335326,inverse_error_mvp,2026-09-28
UP_128,UP,Varanasi,rainfall_mm,24,IFS,0.235995,inverse_error_mvp,2026-09-28
UP_128,UP,Varanasi,temperature_c,24,NCEP GFS,0.191089,inverse_error_mvp,2026-09-28
UP_128,UP,Varanasi,temperature_c,24,GFS ENSEMBLE,0.279763,inverse_error_mvp,2026-09-28
UP_128,UP,Varanasi,temperature_c,24,AIFS,0.226052,inverse_error_mvp,2026-09-28
UP_128,UP,Varanasi,temperature_c,24,IFS,0.303095,inverse_error_mvp,2026-09-28
UP_128,UP,Varanasi,wind_speed_kmh,24,NCEP GFS,0.201423,inverse_error_mvp,2026-09-28
UP_128,UP,Varanasi,wind_speed_kmh,24,GFS ENSEMBLE,0.257069,inverse_error_mvp,2026-09-28
UP_128,UP,Varanasi,wind_speed_kmh,24,AIFS,0.229506,inverse_error_mvp,2026-09-28
UP_128,UP,Varanasi,wind_speed_kmh,24,IFS,0.312002,inverse_error_mvp,2026-09-28
UP_128,UP,Varanasi,rainfall_mm,48,NCEP GFS,0.199867,inverse_error_mvp,2026-09-28
UP_128,UP,Varanasi,rainfall_mm,48,GFS ENSEMBLE,0.27229,inverse_error_mvp,2026-09-28
UP_128,UP,Varanasi,rainfall_mm,48,AIFS,0.223144,inverse_error_mvp,2026-09-28
UP_128,UP,Varanasi,rainfall_mm,48,IFS,0.3047,inverse_error_mvp,2026-09-28
UP_128,UP,Varanasi,temperature_c,48,NCEP GFS,0.166972,inverse_error_mvp,2026-09-28
UP_128,UP,Varanasi,temperature_c,48,GFS ENSEMBLE,0.294914,inverse_error_mvp,2026-09-28
UP_128,UP,Varanasi,temperature_c,48,AIFS,0.26841,inverse_error_mvp,2026-09-28
UP_128,UP,Varanasi,temperature_c,48,IFS,0.269705,inverse_error_mvp,2026-09-28
UP_128,UP,Varanasi,wind_speed_kmh,48,NCEP GFS,0.182052,inverse_error_mvp,2026-09-28
UP_128,UP,Varanasi,wind_speed_kmh,48,GFS ENSEMBLE,0.261221,inverse_error_mvp,2026-09-28
UP_128,UP,Varanasi,wind_speed_kmh,48,AIFS,0.280268,inverse_error_mvp,2026-09-28
UP_128,UP,Varanasi,wind_speed_kmh,48,IFS,0.276459,inverse_error_mvp,2026-09-28
UP_128,UP,Varanasi,rainfall_mm,72,NCEP GFS,0.16191,inverse_error_mvp,2026-09-28
UP_128,UP,Varanasi,rainfall_mm,72,GFS ENSEMBLE,0.390982,inverse_error_mvp,2026-09-28
UP_128,UP,Varanasi,rainfall_mm,72,AIFS,0.258408,inverse_error_mvp,2026-09-28
UP_128,UP,Varanasi,rainfall_mm,72,IFS,0.188701,inverse_error_mvp,2026-09-28
UP_128,UP,Varanasi,temperature_c,72,NCEP GFS,0.199999,inverse_error_mvp,2026-09-28
UP_128,UP,Varanasi,temperature_c,72,GFS ENSEMBLE,0.207766,inverse_error_mvp,2026-09-28
UP_128,UP,Varanasi,temperature_c,72,AIFS,0.292545,inverse_error_mvp,2026-09-28
UP_128,UP,Varanasi,temperature_c,72,IFS,0.29969,inverse_error_mvp,2026-09-28
UP_128,UP,Varanasi,wind_speed_kmh,72,NCEP GFS,0.183607,inverse_error_mvp,2026-09-28
UP_128,UP,Varanasi,wind_speed_kmh,72,GFS ENSEMBLE,0.245783,inverse_error_mvp,2026-09-28
UP_128,UP,Varanasi,wind_speed_kmh,72,AIFS,0.286348,inverse_error_mvp,2026-09-28
UP_128,UP,Varanasi,wind_speed_kmh,72,IFS,0.284262,inverse_error_mvp,2026-09-28
UP_129,UP,Agra,rainfall_mm,24,NCEP GFS,0.343605,inverse_error_mvp,2026-09-28
UP_129,UP,Agra,rainfall_mm,24,GFS ENSEMBLE,0.157445,inverse_error_mvp,2026-09-28
UP_129,UP,Agra,rainfall_mm,24,AIFS,0.21983,inverse_error_mvp,2026-09-28
UP_129,UP,Agra,rainfall_mm,24,IFS,0.279119,inverse_error_mvp,2026-09-28
UP_129,UP,Agra,temperature_c,24,NCEP GFS,0.204451,inverse_error_mvp,2026-09-28
UP_129,UP,Agra,temperature_c,24,GFS ENSEMBLE,0.240301,inverse_error_mvp,2026-09-28
UP_129,UP,Agra,temperature_c,24,AIFS,0.283845,inverse_error_mvp,2026-09-28
UP_129,UP,Agra,temperature_c,24,IFS,0.271404,inverse_error_mvp,2026-09-28
UP_129,UP,Agra,wind_speed_kmh,24,NCEP GFS,0.1953,inverse_error_mvp,2026-09-28
UP_129,UP,Agra,wind_speed_kmh,24,GFS ENSEMBLE,0.246819,inverse_error_mvp,2026-09-28
UP_129,UP,Agra,wind_speed_kmh,24,AIFS,0.274723,inverse_error_mvp,2026-09-28
UP_129,UP,Agra,wind_speed_kmh,24,IFS,0.283159,inverse_error_mvp,2026-09-28
UP_129,UP,Agra,rainfall_mm,48,NCEP GFS,0.187215,inverse_error_mvp,2026-09-28
UP_129,UP,Agra,rainfall_mm,48,GFS ENSEMBLE,0.275997,inverse_error_mvp,2026-09-28
UP_129,UP,Agra,rainfall_mm,48,AIFS,0.262315,inverse_error_mvp,2026-09-28
UP_129,UP,Agra,rainfall_mm,48,IFS,0.274473,inverse_error_mvp,2026-09-28
UP_129,UP,Agra,temperature_c,48,NCEP GFS,0.169483,inverse_error_mvp,2026-09-28
UP_129,UP,Agra,temperature_c,48,GFS ENSEMBLE,0.270274,inverse_error_mvp,2026-09-28
UP_129,UP,Agra,temperature_c,48,AIFS,0.311426,inverse_error_mvp,2026-09-28
UP_129,UP,Agra,temperature_c,48,IFS,0.248817,inverse_error_mvp,2026-09-28
UP_129,UP,Agra,wind_speed_kmh,48,NCEP GFS,0.188994,inverse_error_mvp,2026-09-28
UP_129,UP,Agra,wind_speed_kmh,48,GFS ENSEMBLE,0.314712,inverse_error_mvp,2026-09-28
UP_129,UP,Agra,wind_speed_kmh,48,AIFS,0.279123,inverse_error_mvp,2026-09-28
UP_129,UP,Agra,wind_speed_kmh,48,IFS,0.21717,inverse_error_mvp,2026-09-28
UP_129,UP,Agra,rainfall_mm,72,NCEP GFS,0.163495,inverse_error_mvp,2026-09-28
UP_129,UP,Agra,rainfall_mm,72,GFS ENSEMBLE,0.319101,inverse_error_mvp,2026-09-28
UP_129,UP,Agra,rainfall_mm,72,AIFS,0.268101,inverse_error_mvp,2026-09-28
UP_129,UP,Agra,rainfall_mm,72,IFS,0.249303,inverse_error_mvp,2026-09-28
UP_129,UP,Agra,temperature_c,72,NCEP GFS,0.215327,inverse_error_mvp,2026-09-28
UP_129,UP,Agra,temperature_c,72,GFS ENSEMBLE,0.262855,inverse_error_mvp,2026-09-28
UP_129,UP,Agra,temperature_c,72,AIFS,0.234974,inverse_error_mvp,2026-09-28
UP_129,UP,Agra,temperature_c,72,IFS,0.286844,inverse_error_mvp,2026-09-28
UP_129,UP,Agra,wind_speed_kmh,72,NCEP GFS,0.20603,inverse_error_mvp,2026-09-28
UP_129,UP,Agra,wind_speed_kmh,72,GFS ENSEMBLE,0.230784,inverse_error_mvp,2026-09-28
UP_129,UP,Agra,wind_speed_kmh,72,AIFS,0.308806,inverse_error_mvp,2026-09-28
UP_129,UP,Agra,wind_speed_kmh,72,IFS,0.25438,inverse_error_mvp,2026-09-28
UP_130,UP,Prayagraj,rainfall_mm,24,NCEP GFS,0.288413,inverse_error_mvp,2026-09-28
UP_130,UP,Prayagraj,rainfall_mm,24,GFS ENSEMBLE,0.282437,inverse_error_mvp,2026-09-28
UP_130,UP,Prayagraj,rainfall_mm,24,AIFS,0.271986,inverse_error_mvp,2026-09-28
UP_130,UP,Prayagraj,rainfall_mm,24,IFS,0.157163,inverse_error_mvp,2026-09-28
UP_130,UP,Prayagraj,temperature_c,24,NCEP GFS,0.198462,inverse_error_mvp,2026-09-28
UP_130,UP,Prayagraj,temperature_c,24,GFS ENSEMBLE,0.280171,inverse_error_mvp,2026-09-28
UP_130,UP,Prayagraj,temperature_c,24,AIFS,0.274776,inverse_error_mvp,2026-09-28
UP_130,UP,Prayagraj,temperature_c,24,IFS,0.246591,inverse_error_mvp,2026-09-28
UP_130,UP,Prayagraj,wind_speed_kmh,24,NCEP GFS,0.153454,inverse_error_mvp,2026-09-28
UP_130,UP,Prayagraj,wind_speed_kmh,24,GFS ENSEMBLE,0.280359,inverse_error_mvp,2026-09-28
UP_130,UP,Prayagraj,wind_speed_kmh,24,AIFS,0.25845,inverse_error_mvp,2026-09-28
UP_130,UP,Prayagraj,wind_speed_kmh,24,IFS,0.307737,inverse_error_mvp,2026-09-28
UP_130,UP,Prayagraj,rainfall_mm,48,NCEP GFS,0.196327,inverse_error_mvp,2026-09-28
UP_130,UP,Prayagraj,rainfall_mm,48,GFS ENSEMBLE,0.374476,inverse_error_mvp,2026-09-28
UP_130,UP,Prayagraj,rainfall_mm,48,AIFS,0.251182,inverse_error_mvp,2026-09-28
UP_130,UP,Prayagraj,rainfall_mm,48,IFS,0.178015,inverse_error_mvp,2026-09-28
UP_130,UP,Prayagraj,temperature_c,48,NCEP GFS,0.174532,inverse_error_mvp,2026-09-28
UP_130,UP,Prayagraj,temperature_c,48,GFS ENSEMBLE,0.21955,inverse_error_mvp,2026-09-28
UP_130,UP,Prayagraj,temperature_c,48,AIFS,0.346991,inverse_error_mvp,2026-09-28
UP_130,UP,Prayagraj,temperature_c,48,IFS,0.258926,inverse_error_mvp,2026-09-28
UP_130,UP,Prayagraj,wind_speed_kmh,48,NCEP GFS,0.159998,inverse_error_mvp,2026-09-28
UP_130,UP,Prayagraj,wind_speed_kmh,48,GFS ENSEMBLE,0.22318,inverse_error_mvp,2026-09-28
UP_130,UP,Prayagraj,wind_speed_kmh,48,AIFS,0.353389,inverse_error_mvp,2026-09-28
UP_130,UP,Prayagraj,wind_speed_kmh,48,IFS,0.263432,inverse_error_mvp,2026-09-28
UP_130,UP,Prayagraj,rainfall_mm,72,NCEP GFS,0.18806,inverse_error_mvp,2026-09-28
UP_130,UP,Prayagraj,rainfall_mm,72,GFS ENSEMBLE,0.193702,inverse_error_mvp,2026-09-28
UP_130,UP,Prayagraj,rainfall_mm,72,AIFS,0.370713,inverse_error_mvp,2026-09-28
UP_130,UP,Prayagraj,rainfall_mm,72,IFS,0.247525,inverse_error_mvp,2026-09-28
UP_130,UP,Prayagraj,temperature_c,72,NCEP GFS,0.165799,inverse_error_mvp,2026-09-28
UP_130,UP,Prayagraj,temperature_c,72,GFS ENSEMBLE,0.281948,inverse_error_mvp,2026-09-28
UP_130,UP,Prayagraj,temperature_c,72,AIFS,0.305784,inverse_error_mvp,2026-09-28
UP_130,UP,Prayagraj,temperature_c,72,IFS,0.246469,inverse_error_mvp,2026-09-28
UP_130,UP,Prayagraj,wind_speed_kmh,72,NCEP GFS,0.168345,inverse_error_mvp,2026-09-28
UP_130,UP,Prayagraj,wind_speed_kmh,72,GFS ENSEMBLE,0.299933,inverse_error_mvp,2026-09-28
UP_130,UP,Prayagraj,wind_speed_kmh,72,AIFS,0.283138,inverse_error_mvp,2026-09-28
UP_130,UP,Prayagraj,wind_speed_kmh,72,IFS,0.248583,inverse_error_mvp,2026-09-28
UK_131,UK,Dehradun,rainfall_mm,24,NCEP GFS,0.281566,inverse_error_mvp,2026-09-28
UK_131,UK,Dehradun,rainfall_mm,24,GFS ENSEMBLE,0.142188,inverse_error_mvp,2026-09-28
UK_131,UK,Dehradun,rainfall_mm,24,AIFS,0.281516,inverse_error_mvp,2026-09-28
UK_131,UK,Dehradun,rainfall_mm,24,IFS,0.294731,inverse_error_mvp,2026-09-28
UK_131,UK,Dehradun,temperature_c,24,NCEP GFS,0.17606,inverse_error_mvp,2026-09-28
UK_131,UK,Dehradun,temperature_c,24,GFS ENSEMBLE,0.238959,inverse_error_mvp,2026-09-28
UK_131,UK,Dehradun,temperature_c,24,AIFS,0.31409,inverse_error_mvp,2026-09-28
UK_131,UK,Dehradun,temperature_c,24,IFS,0.270891,inverse_error_mvp,2026-09-28
UK_131,UK,Dehradun,wind_speed_kmh,24,NCEP GFS,0.189437,inverse_error_mvp,2026-09-28
UK_131,UK,Dehradun,wind_speed_kmh,24,GFS ENSEMBLE,0.205284,inverse_error_mvp,2026-09-28
UK_131,UK,Dehradun,wind_speed_kmh,24,AIFS,0.327554,inverse_error_mvp,2026-09-28
UK_131,UK,Dehradun,wind_speed_kmh,24,IFS,0.277724,inverse_error_mvp,2026-09-28
UK_131,UK,Dehradun,rainfall_mm,48,NCEP GFS,0.115542,inverse_error_mvp,2026-09-28
UK_131,UK,Dehradun,rainfall_mm,48,GFS ENSEMBLE,0.203151,inverse_error_mvp,2026-09-28
UK_131,UK,Dehradun,rainfall_mm,48,AIFS,0.444384,inverse_error_mvp,2026-09-28
UK_131,UK,Dehradun,rainfall_mm,48,IFS,0.236924,inverse_error_mvp,2026-09-28
UK_131,UK,Dehradun,temperature_c,48,NCEP GFS,0.207921,inverse_error_mvp,2026-09-28
UK_131,UK,Dehradun,temperature_c,48,GFS ENSEMBLE,0.287846,inverse_error_mvp,2026-09-28
UK_131,UK,Dehradun,temperature_c,48,AIFS,0.251663,inverse_error_mvp,2026-09-28
UK_131,UK,Dehradun,temperature_c,48,IFS,0.252571,inverse_error_mvp,2026-09-28
UK_131,UK,Dehradun,wind_speed_kmh,48,NCEP GFS,0.176503,inverse_error_mvp,2026-09-28
UK_131,UK,Dehradun,wind_speed_kmh,48,GFS ENSEMBLE,0.259873,inverse_error_mvp,2026-09-28
UK_131,UK,Dehradun,wind_speed_kmh,48,AIFS,0.294595,inverse_error_mvp,2026-09-28
UK_131,UK,Dehradun,wind_speed_kmh,48,IFS,0.269029,inverse_error_mvp,2026-09-28
UK_131,UK,Dehradun,rainfall_mm,72,NCEP GFS,0.247364,inverse_error_mvp,2026-09-28
UK_131,UK,Dehradun,rainfall_mm,72,GFS ENSEMBLE,0.281197,inverse_error_mvp,2026-09-28
UK_131,UK,Dehradun,rainfall_mm,72,AIFS,0.27099,inverse_error_mvp,2026-09-28
UK_131,UK,Dehradun,rainfall_mm,72,IFS,0.200449,inverse_error_mvp,2026-09-28
UK_131,UK,Dehradun,temperature_c,72,NCEP GFS,0.201876,inverse_error_mvp,2026-09-28
UK_131,UK,Dehradun,temperature_c,72,GFS ENSEMBLE,0.252581,inverse_error_mvp,2026-09-28
UK_131,UK,Dehradun,temperature_c,72,AIFS,0.289466,inverse_error_mvp,2026-09-28
UK_131,UK,Dehradun,temperature_c,72,IFS,0.256077,inverse_error_mvp,2026-09-28
UK_131,UK,Dehradun,wind_speed_kmh,72,NCEP GFS,0.162205,inverse_error_mvp,2026-09-28
UK_131,UK,Dehradun,wind_speed_kmh,72,GFS ENSEMBLE,0.273483,inverse_error_mvp,2026-09-28
UK_131,UK,Dehradun,wind_speed_kmh,72,AIFS,0.266957,inverse_error_mvp,2026-09-28
UK_131,UK,Dehradun,wind_speed_kmh,72,IFS,0.297355,inverse_error_mvp,2026-09-28
UK_132,UK,Haridwar,rainfall_mm,24,NCEP GFS,0.243861,inverse_error_mvp,2026-09-28
UK_132,UK,Haridwar,rainfall_mm,24,GFS ENSEMBLE,0.377364,inverse_error_mvp,2026-09-28
UK_132,UK,Haridwar,rainfall_mm,24,AIFS,0.14317,inverse_error_mvp,2026-09-28
UK_132,UK,Haridwar,rainfall_mm,24,IFS,0.235605,inverse_error_mvp,2026-09-28
UK_132,UK,Haridwar,temperature_c,24,NCEP GFS,0.21836,inverse_error_mvp,2026-09-28
UK_132,UK,Haridwar,temperature_c,24,GFS ENSEMBLE,0.24077,inverse_error_mvp,2026-09-28
UK_132,UK,Haridwar,temperature_c,24,AIFS,0.29532,inverse_error_mvp,2026-09-28
UK_132,UK,Haridwar,temperature_c,24,IFS,0.24555,inverse_error_mvp,2026-09-28
UK_132,UK,Haridwar,wind_speed_kmh,24,NCEP GFS,0.168335,inverse_error_mvp,2026-09-28
UK_132,UK,Haridwar,wind_speed_kmh,24,GFS ENSEMBLE,0.243509,inverse_error_mvp,2026-09-28
UK_132,UK,Haridwar,wind_speed_kmh,24,AIFS,0.30284,inverse_error_mvp,2026-09-28
UK_132,UK,Haridwar,wind_speed_kmh,24,IFS,0.285316,inverse_error_mvp,2026-09-28
UK_132,UK,Haridwar,rainfall_mm,48,NCEP GFS,0.340069,inverse_error_mvp,2026-09-28
UK_132,UK,Haridwar,rainfall_mm,48,GFS ENSEMBLE,0.230194,inverse_error_mvp,2026-09-28
UK_132,UK,Haridwar,rainfall_mm,48,AIFS,0.223259,inverse_error_mvp,2026-09-28
UK_132,UK,Haridwar,rainfall_mm,48,IFS,0.206479,inverse_error_mvp,2026-09-28
UK_132,UK,Haridwar,temperature_c,48,NCEP GFS,0.188799,inverse_error_mvp,2026-09-28
UK_132,UK,Haridwar,temperature_c,48,GFS ENSEMBLE,0.261032,inverse_error_mvp,2026-09-28
UK_132,UK,Haridwar,temperature_c,48,AIFS,0.23309,inverse_error_mvp,2026-09-28
UK_132,UK,Haridwar,temperature_c,48,IFS,0.317079,inverse_error_mvp,2026-09-28
UK_132,UK,Haridwar,wind_speed_kmh,48,NCEP GFS,0.198953,inverse_error_mvp,2026-09-28
UK_132,UK,Haridwar,wind_speed_kmh,48,GFS ENSEMBLE,0.274278,inverse_error_mvp,2026-09-28
UK_132,UK,Haridwar,wind_speed_kmh,48,AIFS,0.296393,inverse_error_mvp,2026-09-28
UK_132,UK,Haridwar,wind_speed_kmh,48,IFS,0.230376,inverse_error_mvp,2026-09-28
UK_132,UK,Haridwar,rainfall_mm,72,NCEP GFS,0.226639,inverse_error_mvp,2026-09-28
UK_132,UK,Haridwar,rainfall_mm,72,GFS ENSEMBLE,0.270178,inverse_error_mvp,2026-09-28
UK_132,UK,Haridwar,rainfall_mm,72,AIFS,0.255654,inverse_error_mvp,2026-09-28
UK_132,UK,Haridwar,rainfall_mm,72,IFS,0.247528,inverse_error_mvp,2026-09-28
UK_132,UK,Haridwar,temperature_c,72,NCEP GFS,0.14659,inverse_error_mvp,2026-09-28
UK_132,UK,Haridwar,temperature_c,72,GFS ENSEMBLE,0.23264,inverse_error_mvp,2026-09-28
UK_132,UK,Haridwar,temperature_c,72,AIFS,0.320229,inverse_error_mvp,2026-09-28
UK_132,UK,Haridwar,temperature_c,72,IFS,0.30054,inverse_error_mvp,2026-09-28
UK_132,UK,Haridwar,wind_speed_kmh,72,NCEP GFS,0.233257,inverse_error_mvp,2026-09-28
UK_132,UK,Haridwar,wind_speed_kmh,72,GFS ENSEMBLE,0.232796,inverse_error_mvp,2026-09-28
UK_132,UK,Haridwar,wind_speed_kmh,72,AIFS,0.276054,inverse_error_mvp,2026-09-28
UK_132,UK,Haridwar,wind_speed_kmh,72,IFS,0.257893,inverse_error_mvp,2026-09-28
UK_133,UK,Haldwani,rainfall_mm,24,NCEP GFS,0.193323,inverse_error_mvp,2026-09-28
UK_133,UK,Haldwani,rainfall_mm,24,GFS ENSEMBLE,0.214698,inverse_error_mvp,2026-09-28
UK_133,UK,Haldwani,rainfall_mm,24,AIFS,0.332305,inverse_error_mvp,2026-09-28
UK_133,UK,Haldwani,rainfall_mm,24,IFS,0.259674,inverse_error_mvp,2026-09-28
UK_133,UK,Haldwani,temperature_c,24,NCEP GFS,0.1682,inverse_error_mvp,2026-09-28
UK_133,UK,Haldwani,temperature_c,24,GFS ENSEMBLE,0.267773,inverse_error_mvp,2026-09-28
UK_133,UK,Haldwani,temperature_c,24,AIFS,0.24008,inverse_error_mvp,2026-09-28
UK_133,UK,Haldwani,temperature_c,24,IFS,0.323947,inverse_error_mvp,2026-09-28
UK_133,UK,Haldwani,wind_speed_kmh,24,NCEP GFS,0.186347,inverse_error_mvp,2026-09-28
UK_133,UK,Haldwani,wind_speed_kmh,24,GFS ENSEMBLE,0.229196,inverse_error_mvp,2026-09-28
UK_133,UK,Haldwani,wind_speed_kmh,24,AIFS,0.287753,inverse_error_mvp,2026-09-28
UK_133,UK,Haldwani,wind_speed_kmh,24,IFS,0.296704,inverse_error_mvp,2026-09-28
UK_133,UK,Haldwani,rainfall_mm,48,NCEP GFS,0.194803,inverse_error_mvp,2026-09-28
UK_133,UK,Haldwani,rainfall_mm,48,GFS ENSEMBLE,0.30606,inverse_error_mvp,2026-09-28
UK_133,UK,Haldwani,rainfall_mm,48,AIFS,0.273325,inverse_error_mvp,2026-09-28
UK_133,UK,Haldwani,rainfall_mm,48,IFS,0.225812,inverse_error_mvp,2026-09-28
UK_133,UK,Haldwani,temperature_c,48,NCEP GFS,0.181257,inverse_error_mvp,2026-09-28
UK_133,UK,Haldwani,temperature_c,48,GFS ENSEMBLE,0.241256,inverse_error_mvp,2026-09-28
UK_133,UK,Haldwani,temperature_c,48,AIFS,0.324453,inverse_error_mvp,2026-09-28
UK_133,UK,Haldwani,temperature_c,48,IFS,0.253034,inverse_error_mvp,2026-09-28
UK_133,UK,Haldwani,wind_speed_kmh,48,NCEP GFS,0.195168,inverse_error_mvp,2026-09-28
UK_133,UK,Haldwani,wind_speed_kmh,48,GFS ENSEMBLE,0.239964,inverse_error_mvp,2026-09-28
UK_133,UK,Haldwani,wind_speed_kmh,48,AIFS,0.242866,inverse_error_mvp,2026-09-28
UK_133,UK,Haldwani,wind_speed_kmh,48,IFS,0.322002,inverse_error_mvp,2026-09-28
UK_133,UK,Haldwani,rainfall_mm,72,NCEP GFS,0.166085,inverse_error_mvp,2026-09-28
UK_133,UK,Haldwani,rainfall_mm,72,GFS ENSEMBLE,0.190215,inverse_error_mvp,2026-09-28
UK_133,UK,Haldwani,rainfall_mm,72,AIFS,0.259567,inverse_error_mvp,2026-09-28
UK_133,UK,Haldwani,rainfall_mm,72,IFS,0.384132,inverse_error_mvp,2026-09-28
UK_133,UK,Haldwani,temperature_c,72,NCEP GFS,0.19174,inverse_error_mvp,2026-09-28
UK_133,UK,Haldwani,temperature_c,72,GFS ENSEMBLE,0.222262,inverse_error_mvp,2026-09-28
UK_133,UK,Haldwani,temperature_c,72,AIFS,0.368982,inverse_error_mvp,2026-09-28
UK_133,UK,Haldwani,temperature_c,72,IFS,0.217017,inverse_error_mvp,2026-09-28
UK_133,UK,Haldwani,wind_speed_kmh,72,NCEP GFS,0.211106,inverse_error_mvp,2026-09-28
UK_133,UK,Haldwani,wind_speed_kmh,72,GFS ENSEMBLE,0.223959,inverse_error_mvp,2026-09-28
UK_133,UK,Haldwani,wind_speed_kmh,72,AIFS,0.269968,inverse_error_mvp,2026-09-28
UK_133,UK,Haldwani,wind_speed_kmh,72,IFS,0.294967,inverse_error_mvp,2026-09-28
UK_134,UK,Roorkee,rainfall_mm,24,NCEP GFS,0.223115,inverse_error_mvp,2026-09-28
UK_134,UK,Roorkee,rainfall_mm,24,GFS ENSEMBLE,0.179702,inverse_error_mvp,2026-09-28
UK_134,UK,Roorkee,rainfall_mm,24,AIFS,0.324868,inverse_error_mvp,2026-09-28
UK_134,UK,Roorkee,rainfall_mm,24,IFS,0.272315,inverse_error_mvp,2026-09-28
UK_134,UK,Roorkee,temperature_c,24,NCEP GFS,0.16704,inverse_error_mvp,2026-09-28
UK_134,UK,Roorkee,temperature_c,24,GFS ENSEMBLE,0.249029,inverse_error_mvp,2026-09-28
UK_134,UK,Roorkee,temperature_c,24,AIFS,0.30411,inverse_error_mvp,2026-09-28
UK_134,UK,Roorkee,temperature_c,24,IFS,0.279822,inverse_error_mvp,2026-09-28
UK_134,UK,Roorkee,wind_speed_kmh,24,NCEP GFS,0.224333,inverse_error_mvp,2026-09-28
UK_134,UK,Roorkee,wind_speed_kmh,24,GFS ENSEMBLE,0.233145,inverse_error_mvp,2026-09-28
UK_134,UK,Roorkee,wind_speed_kmh,24,AIFS,0.272804,inverse_error_mvp,2026-09-28
UK_134,UK,Roorkee,wind_speed_kmh,24,IFS,0.269717,inverse_error_mvp,2026-09-28
UK_134,UK,Roorkee,rainfall_mm,48,NCEP GFS,0.198195,inverse_error_mvp,2026-09-28
UK_134,UK,Roorkee,rainfall_mm,48,GFS ENSEMBLE,0.253275,inverse_error_mvp,2026-09-28
UK_134,UK,Roorkee,rainfall_mm,48,AIFS,0.3016,inverse_error_mvp,2026-09-28
UK_134,UK,Roorkee,rainfall_mm,48,IFS,0.24693,inverse_error_mvp,2026-09-28
UK_134,UK,Roorkee,temperature_c,48,NCEP GFS,0.173818,inverse_error_mvp,2026-09-28
UK_134,UK,Roorkee,temperature_c,48,GFS ENSEMBLE,0.255839,inverse_error_mvp,2026-09-28
UK_134,UK,Roorkee,temperature_c,48,AIFS,0.334609,inverse_error_mvp,2026-09-28
UK_134,UK,Roorkee,temperature_c,48,IFS,0.235734,inverse_error_mvp,2026-09-28
UK_134,UK,Roorkee,wind_speed_kmh,48,NCEP GFS,0.174548,inverse_error_mvp,2026-09-28
UK_134,UK,Roorkee,wind_speed_kmh,48,GFS ENSEMBLE,0.210284,inverse_error_mvp,2026-09-28
UK_134,UK,Roorkee,wind_speed_kmh,48,AIFS,0.376019,inverse_error_mvp,2026-09-28
UK_134,UK,Roorkee,wind_speed_kmh,48,IFS,0.239149,inverse_error_mvp,2026-09-28
UK_134,UK,Roorkee,rainfall_mm,72,NCEP GFS,0.29517,inverse_error_mvp,2026-09-28
UK_134,UK,Roorkee,rainfall_mm,72,GFS ENSEMBLE,0.186582,inverse_error_mvp,2026-09-28
UK_134,UK,Roorkee,rainfall_mm,72,AIFS,0.315997,inverse_error_mvp,2026-09-28
UK_134,UK,Roorkee,rainfall_mm,72,IFS,0.202251,inverse_error_mvp,2026-09-28
UK_134,UK,Roorkee,temperature_c,72,NCEP GFS,0.166129,inverse_error_mvp,2026-09-28
UK_134,UK,Roorkee,temperature_c,72,GFS ENSEMBLE,0.238768,inverse_error_mvp,2026-09-28
UK_134,UK,Roorkee,temperature_c,72,AIFS,0.244091,inverse_error_mvp,2026-09-28
UK_134,UK,Roorkee,temperature_c,72,IFS,0.351012,inverse_error_mvp,2026-09-28
UK_134,UK,Roorkee,wind_speed_kmh,72,NCEP GFS,0.202275,inverse_error_mvp,2026-09-28
UK_134,UK,Roorkee,wind_speed_kmh,72,GFS ENSEMBLE,0.257748,inverse_error_mvp,2026-09-28
UK_134,UK,Roorkee,wind_speed_kmh,72,AIFS,0.28364,inverse_error_mvp,2026-09-28
UK_134,UK,Roorkee,wind_speed_kmh,72,IFS,0.256337,inverse_error_mvp,2026-09-28
UK_135,UK,Rishikesh,rainfall_mm,24,NCEP GFS,0.205724,inverse_error_mvp,2026-09-28
UK_135,UK,Rishikesh,rainfall_mm,24,GFS ENSEMBLE,0.239949,inverse_error_mvp,2026-09-28
UK_135,UK,Rishikesh,rainfall_mm,24,AIFS,0.232024,inverse_error_mvp,2026-09-28
UK_135,UK,Rishikesh,rainfall_mm,24,IFS,0.322302,inverse_error_mvp,2026-09-28
UK_135,UK,Rishikesh,temperature_c,24,NCEP GFS,0.199662,inverse_error_mvp,2026-09-28
UK_135,UK,Rishikesh,temperature_c,24,GFS ENSEMBLE,0.255907,inverse_error_mvp,2026-09-28
UK_135,UK,Rishikesh,temperature_c,24,AIFS,0.249555,inverse_error_mvp,2026-09-28
UK_135,UK,Rishikesh,temperature_c,24,IFS,0.294875,inverse_error_mvp,2026-09-28
UK_135,UK,Rishikesh,wind_speed_kmh,24,NCEP GFS,0.207838,inverse_error_mvp,2026-09-28
UK_135,UK,Rishikesh,wind_speed_kmh,24,GFS ENSEMBLE,0.27941,inverse_error_mvp,2026-09-28
UK_135,UK,Rishikesh,wind_speed_kmh,24,AIFS,0.249119,inverse_error_mvp,2026-09-28
UK_135,UK,Rishikesh,wind_speed_kmh,24,IFS,0.263633,inverse_error_mvp,2026-09-28
UK_135,UK,Rishikesh,rainfall_mm,48,NCEP GFS,0.334077,inverse_error_mvp,2026-09-28
UK_135,UK,Rishikesh,rainfall_mm,48,GFS ENSEMBLE,0.121555,inverse_error_mvp,2026-09-28
UK_135,UK,Rishikesh,rainfall_mm,48,AIFS,0.33723,inverse_error_mvp,2026-09-28
UK_135,UK,Rishikesh,rainfall_mm,48,IFS,0.207138,inverse_error_mvp,2026-09-28
UK_135,UK,Rishikesh,temperature_c,48,NCEP GFS,0.175574,inverse_error_mvp,2026-09-28
UK_135,UK,Rishikesh,temperature_c,48,GFS ENSEMBLE,0.227349,inverse_error_mvp,2026-09-28
UK_135,UK,Rishikesh,temperature_c,48,AIFS,0.279232,inverse_error_mvp,2026-09-28
UK_135,UK,Rishikesh,temperature_c,48,IFS,0.317844,inverse_error_mvp,2026-09-28
UK_135,UK,Rishikesh,wind_speed_kmh,48,NCEP GFS,0.214864,inverse_error_mvp,2026-09-28
UK_135,UK,Rishikesh,wind_speed_kmh,48,GFS ENSEMBLE,0.259455,inverse_error_mvp,2026-09-28
UK_135,UK,Rishikesh,wind_speed_kmh,48,AIFS,0.245327,inverse_error_mvp,2026-09-28
UK_135,UK,Rishikesh,wind_speed_kmh,48,IFS,0.280354,inverse_error_mvp,2026-09-28
UK_135,UK,Rishikesh,rainfall_mm,72,NCEP GFS,0.216127,inverse_error_mvp,2026-09-28
UK_135,UK,Rishikesh,rainfall_mm,72,GFS ENSEMBLE,0.186957,inverse_error_mvp,2026-09-28
UK_135,UK,Rishikesh,rainfall_mm,72,AIFS,0.263442,inverse_error_mvp,2026-09-28
UK_135,UK,Rishikesh,rainfall_mm,72,IFS,0.333475,inverse_error_mvp,2026-09-28
UK_135,UK,Rishikesh,temperature_c,72,NCEP GFS,0.182319,inverse_error_mvp,2026-09-28
UK_135,UK,Rishikesh,temperature_c,72,GFS ENSEMBLE,0.275848,inverse_error_mvp,2026-09-28
UK_135,UK,Rishikesh,temperature_c,72,AIFS,0.248296,inverse_error_mvp,2026-09-28
UK_135,UK,Rishikesh,temperature_c,72,IFS,0.293537,inverse_error_mvp,2026-09-28
UK_135,UK,Rishikesh,wind_speed_kmh,72,NCEP GFS,0.225196,inverse_error_mvp,2026-09-28
UK_135,UK,Rishikesh,wind_speed_kmh,72,GFS ENSEMBLE,0.227157,inverse_error_mvp,2026-09-28
UK_135,UK,Rishikesh,wind_speed_kmh,72,AIFS,0.29391,inverse_error_mvp,2026-09-28
UK_135,UK,Rishikesh,wind_speed_kmh,72,IFS,0.253737,inverse_error_mvp,2026-09-28
WB_136,WB,Kolkata,rainfall_mm,24,NCEP GFS,0.188681,inverse_error_mvp,2026-09-28
WB_136,WB,Kolkata,rainfall_mm,24,GFS ENSEMBLE,0.394201,inverse_error_mvp,2026-09-28
WB_136,WB,Kolkata,rainfall_mm,24,AIFS,0.207972,inverse_error_mvp,2026-09-28
WB_136,WB,Kolkata,rainfall_mm,24,IFS,0.209146,inverse_error_mvp,2026-09-28
WB_136,WB,Kolkata,temperature_c,24,NCEP GFS,0.160615,inverse_error_mvp,2026-09-28
WB_136,WB,Kolkata,temperature_c,24,GFS ENSEMBLE,0.266765,inverse_error_mvp,2026-09-28
WB_136,WB,Kolkata,temperature_c,24,AIFS,0.274013,inverse_error_mvp,2026-09-28
WB_136,WB,Kolkata,temperature_c,24,IFS,0.298607,inverse_error_mvp,2026-09-28
WB_136,WB,Kolkata,wind_speed_kmh,24,NCEP GFS,0.174582,inverse_error_mvp,2026-09-28
WB_136,WB,Kolkata,wind_speed_kmh,24,GFS ENSEMBLE,0.288729,inverse_error_mvp,2026-09-28
WB_136,WB,Kolkata,wind_speed_kmh,24,AIFS,0.274204,inverse_error_mvp,2026-09-28
WB_136,WB,Kolkata,wind_speed_kmh,24,IFS,0.262485,inverse_error_mvp,2026-09-28
WB_136,WB,Kolkata,rainfall_mm,48,NCEP GFS,0.188469,inverse_error_mvp,2026-09-28
WB_136,WB,Kolkata,rainfall_mm,48,GFS ENSEMBLE,0.254348,inverse_error_mvp,2026-09-28
WB_136,WB,Kolkata,rainfall_mm,48,AIFS,0.210622,inverse_error_mvp,2026-09-28
WB_136,WB,Kolkata,rainfall_mm,48,IFS,0.346561,inverse_error_mvp,2026-09-28
WB_136,WB,Kolkata,temperature_c,48,NCEP GFS,0.16339,inverse_error_mvp,2026-09-28
WB_136,WB,Kolkata,temperature_c,48,GFS ENSEMBLE,0.222455,inverse_error_mvp,2026-09-28
WB_136,WB,Kolkata,temperature_c,48,AIFS,0.326475,inverse_error_mvp,2026-09-28
WB_136,WB,Kolkata,temperature_c,48,IFS,0.28768,inverse_error_mvp,2026-09-28
WB_136,WB,Kolkata,wind_speed_kmh,48,NCEP GFS,0.182442,inverse_error_mvp,2026-09-28
WB_136,WB,Kolkata,wind_speed_kmh,48,GFS ENSEMBLE,0.222832,inverse_error_mvp,2026-09-28
WB_136,WB,Kolkata,wind_speed_kmh,48,AIFS,0.251635,inverse_error_mvp,2026-09-28
WB_136,WB,Kolkata,wind_speed_kmh,48,IFS,0.343091,inverse_error_mvp,2026-09-28
WB_136,WB,Kolkata,rainfall_mm,72,NCEP GFS,0.233572,inverse_error_mvp,2026-09-28
WB_136,WB,Kolkata,rainfall_mm,72,GFS ENSEMBLE,0.27107,inverse_error_mvp,2026-09-28
WB_136,WB,Kolkata,rainfall_mm,72,AIFS,0.241141,inverse_error_mvp,2026-09-28
WB_136,WB,Kolkata,rainfall_mm,72,IFS,0.254217,inverse_error_mvp,2026-09-28
WB_136,WB,Kolkata,temperature_c,72,NCEP GFS,0.165458,inverse_error_mvp,2026-09-28
WB_136,WB,Kolkata,temperature_c,72,GFS ENSEMBLE,0.263906,inverse_error_mvp,2026-09-28
WB_136,WB,Kolkata,temperature_c,72,AIFS,0.280238,inverse_error_mvp,2026-09-28
WB_136,WB,Kolkata,temperature_c,72,IFS,0.290398,inverse_error_mvp,2026-09-28
WB_136,WB,Kolkata,wind_speed_kmh,72,NCEP GFS,0.228233,inverse_error_mvp,2026-09-28
WB_136,WB,Kolkata,wind_speed_kmh,72,GFS ENSEMBLE,0.289417,inverse_error_mvp,2026-09-28
WB_136,WB,Kolkata,wind_speed_kmh,72,AIFS,0.265767,inverse_error_mvp,2026-09-28
WB_136,WB,Kolkata,wind_speed_kmh,72,IFS,0.216583,inverse_error_mvp,2026-09-28
WB_137,WB,Siliguri,rainfall_mm,24,NCEP GFS,0.171761,inverse_error_mvp,2026-09-28
WB_137,WB,Siliguri,rainfall_mm,24,GFS ENSEMBLE,0.152033,inverse_error_mvp,2026-09-28
WB_137,WB,Siliguri,rainfall_mm,24,AIFS,0.30013,inverse_error_mvp,2026-09-28
WB_137,WB,Siliguri,rainfall_mm,24,IFS,0.376076,inverse_error_mvp,2026-09-28
WB_137,WB,Siliguri,temperature_c,24,NCEP GFS,0.178919,inverse_error_mvp,2026-09-28
WB_137,WB,Siliguri,temperature_c,24,GFS ENSEMBLE,0.21495,inverse_error_mvp,2026-09-28
WB_137,WB,Siliguri,temperature_c,24,AIFS,0.270579,inverse_error_mvp,2026-09-28
WB_137,WB,Siliguri,temperature_c,24,IFS,0.335552,inverse_error_mvp,2026-09-28
WB_137,WB,Siliguri,wind_speed_kmh,24,NCEP GFS,0.159649,inverse_error_mvp,2026-09-28
WB_137,WB,Siliguri,wind_speed_kmh,24,GFS ENSEMBLE,0.250578,inverse_error_mvp,2026-09-28
WB_137,WB,Siliguri,wind_speed_kmh,24,AIFS,0.348644,inverse_error_mvp,2026-09-28
WB_137,WB,Siliguri,wind_speed_kmh,24,IFS,0.241129,inverse_error_mvp,2026-09-28
WB_137,WB,Siliguri,rainfall_mm,48,NCEP GFS,0.138657,inverse_error_mvp,2026-09-28
WB_137,WB,Siliguri,rainfall_mm,48,GFS ENSEMBLE,0.296933,inverse_error_mvp,2026-09-28
WB_137,WB,Siliguri,rainfall_mm,48,AIFS,0.415202,inverse_error_mvp,2026-09-28
WB_137,WB,Siliguri,rainfall_mm,48,IFS,0.149208,inverse_error_mvp,2026-09-28
WB_137,WB,Siliguri,temperature_c,48,NCEP GFS,0.162183,inverse_error_mvp,2026-09-28
WB_137,WB,Siliguri,temperature_c,48,GFS ENSEMBLE,0.268722,inverse_error_mvp,2026-09-28
WB_137,WB,Siliguri,temperature_c,48,AIFS,0.212365,inverse_error_mvp,2026-09-28
WB_137,WB,Siliguri,temperature_c,48,IFS,0.356729,inverse_error_mvp,2026-09-28
WB_137,WB,Siliguri,wind_speed_kmh,48,NCEP GFS,0.20306,inverse_error_mvp,2026-09-28
WB_137,WB,Siliguri,wind_speed_kmh,48,GFS ENSEMBLE,0.236971,inverse_error_mvp,2026-09-28
WB_137,WB,Siliguri,wind_speed_kmh,48,AIFS,0.284245,inverse_error_mvp,2026-09-28
WB_137,WB,Siliguri,wind_speed_kmh,48,IFS,0.275724,inverse_error_mvp,2026-09-28
WB_137,WB,Siliguri,rainfall_mm,72,NCEP GFS,0.181376,inverse_error_mvp,2026-09-28
WB_137,WB,Siliguri,rainfall_mm,72,GFS ENSEMBLE,0.307918,inverse_error_mvp,2026-09-28
WB_137,WB,Siliguri,rainfall_mm,72,AIFS,0.193743,inverse_error_mvp,2026-09-28
WB_137,WB,Siliguri,rainfall_mm,72,IFS,0.316964,inverse_error_mvp,2026-09-28
WB_137,WB,Siliguri,temperature_c,72,NCEP GFS,0.196734,inverse_error_mvp,2026-09-28
WB_137,WB,Siliguri,temperature_c,72,GFS ENSEMBLE,0.268475,inverse_error_mvp,2026-09-28
WB_137,WB,Siliguri,temperature_c,72,AIFS,0.269904,inverse_error_mvp,2026-09-28
WB_137,WB,Siliguri,temperature_c,72,IFS,0.264887,inverse_error_mvp,2026-09-28
WB_137,WB,Siliguri,wind_speed_kmh,72,NCEP GFS,0.2185,inverse_error_mvp,2026-09-28
WB_137,WB,Siliguri,wind_speed_kmh,72,GFS ENSEMBLE,0.197458,inverse_error_mvp,2026-09-28
WB_137,WB,Siliguri,wind_speed_kmh,72,AIFS,0.304123,inverse_error_mvp,2026-09-28
WB_137,WB,Siliguri,wind_speed_kmh,72,IFS,0.279919,inverse_error_mvp,2026-09-28
WB_138,WB,Asansol,rainfall_mm,24,NCEP GFS,0.184762,inverse_error_mvp,2026-09-28
WB_138,WB,Asansol,rainfall_mm,24,GFS ENSEMBLE,0.225868,inverse_error_mvp,2026-09-28
WB_138,WB,Asansol,rainfall_mm,24,AIFS,0.305026,inverse_error_mvp,2026-09-28
WB_138,WB,Asansol,rainfall_mm,24,IFS,0.284344,inverse_error_mvp,2026-09-28
WB_138,WB,Asansol,temperature_c,24,NCEP GFS,0.187102,inverse_error_mvp,2026-09-28
WB_138,WB,Asansol,temperature_c,24,GFS ENSEMBLE,0.225456,inverse_error_mvp,2026-09-28
WB_138,WB,Asansol,temperature_c,24,AIFS,0.33707,inverse_error_mvp,2026-09-28
WB_138,WB,Asansol,temperature_c,24,IFS,0.250372,inverse_error_mvp,2026-09-28
WB_138,WB,Asansol,wind_speed_kmh,24,NCEP GFS,0.182902,inverse_error_mvp,2026-09-28
WB_138,WB,Asansol,wind_speed_kmh,24,GFS ENSEMBLE,0.265589,inverse_error_mvp,2026-09-28
WB_138,WB,Asansol,wind_speed_kmh,24,AIFS,0.259094,inverse_error_mvp,2026-09-28
WB_138,WB,Asansol,wind_speed_kmh,24,IFS,0.292415,inverse_error_mvp,2026-09-28
WB_138,WB,Asansol,rainfall_mm,48,NCEP GFS,0.267869,inverse_error_mvp,2026-09-28
WB_138,WB,Asansol,rainfall_mm,48,GFS ENSEMBLE,0.267603,inverse_error_mvp,2026-09-28
WB_138,WB,Asansol,rainfall_mm,48,AIFS,0.260062,inverse_error_mvp,2026-09-28
WB_138,WB,Asansol,rainfall_mm,48,IFS,0.204466,inverse_error_mvp,2026-09-28
WB_138,WB,Asansol,temperature_c,48,NCEP GFS,0.167758,inverse_error_mvp,2026-09-28
WB_138,WB,Asansol,temperature_c,48,GFS ENSEMBLE,0.275502,inverse_error_mvp,2026-09-28
WB_138,WB,Asansol,temperature_c,48,AIFS,0.296122,inverse_error_mvp,2026-09-28
WB_138,WB,Asansol,temperature_c,48,IFS,0.260618,inverse_error_mvp,2026-09-28
WB_138,WB,Asansol,wind_speed_kmh,48,NCEP GFS,0.232339,inverse_error_mvp,2026-09-28
WB_138,WB,Asansol,wind_speed_kmh,48,GFS ENSEMBLE,0.214723,inverse_error_mvp,2026-09-28
WB_138,WB,Asansol,wind_speed_kmh,48,AIFS,0.312937,inverse_error_mvp,2026-09-28
WB_138,WB,Asansol,wind_speed_kmh,48,IFS,0.240001,inverse_error_mvp,2026-09-28
WB_138,WB,Asansol,rainfall_mm,72,NCEP GFS,0.187016,inverse_error_mvp,2026-09-28
WB_138,WB,Asansol,rainfall_mm,72,GFS ENSEMBLE,0.305314,inverse_error_mvp,2026-09-28
WB_138,WB,Asansol,rainfall_mm,72,AIFS,0.216306,inverse_error_mvp,2026-09-28
WB_138,WB,Asansol,rainfall_mm,72,IFS,0.291364,inverse_error_mvp,2026-09-28
WB_138,WB,Asansol,temperature_c,72,NCEP GFS,0.204667,inverse_error_mvp,2026-09-28
WB_138,WB,Asansol,temperature_c,72,GFS ENSEMBLE,0.262816,inverse_error_mvp,2026-09-28
WB_138,WB,Asansol,temperature_c,72,AIFS,0.278915,inverse_error_mvp,2026-09-28
WB_138,WB,Asansol,temperature_c,72,IFS,0.253602,inverse_error_mvp,2026-09-28
WB_138,WB,Asansol,wind_speed_kmh,72,NCEP GFS,0.209509,inverse_error_mvp,2026-09-28
WB_138,WB,Asansol,wind_speed_kmh,72,GFS ENSEMBLE,0.249927,inverse_error_mvp,2026-09-28
WB_138,WB,Asansol,wind_speed_kmh,72,AIFS,0.292646,inverse_error_mvp,2026-09-28
WB_138,WB,Asansol,wind_speed_kmh,72,IFS,0.247918,inverse_error_mvp,2026-09-28
WB_139,WB,Durgapur,rainfall_mm,24,NCEP GFS,0.257669,inverse_error_mvp,2026-09-28
WB_139,WB,Durgapur,rainfall_mm,24,GFS ENSEMBLE,0.186175,inverse_error_mvp,2026-09-28
WB_139,WB,Durgapur,rainfall_mm,24,AIFS,0.190976,inverse_error_mvp,2026-09-28
WB_139,WB,Durgapur,rainfall_mm,24,IFS,0.365181,inverse_error_mvp,2026-09-28
WB_139,WB,Durgapur,temperature_c,24,NCEP GFS,0.18527,inverse_error_mvp,2026-09-28
WB_139,WB,Durgapur,temperature_c,24,GFS ENSEMBLE,0.296903,inverse_error_mvp,2026-09-28
WB_139,WB,Durgapur,temperature_c,24,AIFS,0.249713,inverse_error_mvp,2026-09-28
WB_139,WB,Durgapur,temperature_c,24,IFS,0.268115,inverse_error_mvp,2026-09-28
WB_139,WB,Durgapur,wind_speed_kmh,24,NCEP GFS,0.222734,inverse_error_mvp,2026-09-28
WB_139,WB,Durgapur,wind_speed_kmh,24,GFS ENSEMBLE,0.199692,inverse_error_mvp,2026-09-28
WB_139,WB,Durgapur,wind_speed_kmh,24,AIFS,0.30122,inverse_error_mvp,2026-09-28
WB_139,WB,Durgapur,wind_speed_kmh,24,IFS,0.276353,inverse_error_mvp,2026-09-28
WB_139,WB,Durgapur,rainfall_mm,48,NCEP GFS,0.122457,inverse_error_mvp,2026-09-28
WB_139,WB,Durgapur,rainfall_mm,48,GFS ENSEMBLE,0.280019,inverse_error_mvp,2026-09-28
WB_139,WB,Durgapur,rainfall_mm,48,AIFS,0.380485,inverse_error_mvp,2026-09-28
WB_139,WB,Durgapur,rainfall_mm,48,IFS,0.217038,inverse_error_mvp,2026-09-28
WB_139,WB,Durgapur,temperature_c,48,NCEP GFS,0.158564,inverse_error_mvp,2026-09-28
WB_139,WB,Durgapur,temperature_c,48,GFS ENSEMBLE,0.190762,inverse_error_mvp,2026-09-28
WB_139,WB,Durgapur,temperature_c,48,AIFS,0.301431,inverse_error_mvp,2026-09-28
WB_139,WB,Durgapur,temperature_c,48,IFS,0.349242,inverse_error_mvp,2026-09-28
WB_139,WB,Durgapur,wind_speed_kmh,48,NCEP GFS,0.162967,inverse_error_mvp,2026-09-28
WB_139,WB,Durgapur,wind_speed_kmh,48,GFS ENSEMBLE,0.252304,inverse_error_mvp,2026-09-28
WB_139,WB,Durgapur,wind_speed_kmh,48,AIFS,0.287544,inverse_error_mvp,2026-09-28
WB_139,WB,Durgapur,wind_speed_kmh,48,IFS,0.297185,inverse_error_mvp,2026-09-28
WB_139,WB,Durgapur,rainfall_mm,72,NCEP GFS,0.318337,inverse_error_mvp,2026-09-28
WB_139,WB,Durgapur,rainfall_mm,72,GFS ENSEMBLE,0.143853,inverse_error_mvp,2026-09-28
WB_139,WB,Durgapur,rainfall_mm,72,AIFS,0.275318,inverse_error_mvp,2026-09-28
WB_139,WB,Durgapur,rainfall_mm,72,IFS,0.262492,inverse_error_mvp,2026-09-28
WB_139,WB,Durgapur,temperature_c,72,NCEP GFS,0.183017,inverse_error_mvp,2026-09-28
WB_139,WB,Durgapur,temperature_c,72,GFS ENSEMBLE,0.217494,inverse_error_mvp,2026-09-28
WB_139,WB,Durgapur,temperature_c,72,AIFS,0.371075,inverse_error_mvp,2026-09-28
WB_139,WB,Durgapur,temperature_c,72,IFS,0.228414,inverse_error_mvp,2026-09-28
WB_139,WB,Durgapur,wind_speed_kmh,72,NCEP GFS,0.194376,inverse_error_mvp,2026-09-28
WB_139,WB,Durgapur,wind_speed_kmh,72,GFS ENSEMBLE,0.199307,inverse_error_mvp,2026-09-28
WB_139,WB,Durgapur,wind_speed_kmh,72,AIFS,0.284368,inverse_error_mvp,2026-09-28
WB_139,WB,Durgapur,wind_speed_kmh,72,IFS,0.321949,inverse_error_mvp,2026-09-28
WB_140,WB,Darjeeling,rainfall_mm,24,NCEP GFS,0.215842,inverse_error_mvp,2026-09-28
WB_140,WB,Darjeeling,rainfall_mm,24,GFS ENSEMBLE,0.267683,inverse_error_mvp,2026-09-28
WB_140,WB,Darjeeling,rainfall_mm,24,AIFS,0.274591,inverse_error_mvp,2026-09-28
WB_140,WB,Darjeeling,rainfall_mm,24,IFS,0.241884,inverse_error_mvp,2026-09-28
WB_140,WB,Darjeeling,temperature_c,24,NCEP GFS,0.206418,inverse_error_mvp,2026-09-28
WB_140,WB,Darjeeling,temperature_c,24,GFS ENSEMBLE,0.225602,inverse_error_mvp,2026-09-28
WB_140,WB,Darjeeling,temperature_c,24,AIFS,0.34089,inverse_error_mvp,2026-09-28
WB_140,WB,Darjeeling,temperature_c,24,IFS,0.22709,inverse_error_mvp,2026-09-28
WB_140,WB,Darjeeling,wind_speed_kmh,24,NCEP GFS,0.179427,inverse_error_mvp,2026-09-28
WB_140,WB,Darjeeling,wind_speed_kmh,24,GFS ENSEMBLE,0.268652,inverse_error_mvp,2026-09-28
WB_140,WB,Darjeeling,wind_speed_kmh,24,AIFS,0.261044,inverse_error_mvp,2026-09-28
WB_140,WB,Darjeeling,wind_speed_kmh,24,IFS,0.290878,inverse_error_mvp,2026-09-28
WB_140,WB,Darjeeling,rainfall_mm,48,NCEP GFS,0.150428,inverse_error_mvp,2026-09-28
WB_140,WB,Darjeeling,rainfall_mm,48,GFS ENSEMBLE,0.161308,inverse_error_mvp,2026-09-28
WB_140,WB,Darjeeling,rainfall_mm,48,AIFS,0.336259,inverse_error_mvp,2026-09-28
WB_140,WB,Darjeeling,rainfall_mm,48,IFS,0.352006,inverse_error_mvp,2026-09-28
WB_140,WB,Darjeeling,temperature_c,48,NCEP GFS,0.1838,inverse_error_mvp,2026-09-28
WB_140,WB,Darjeeling,temperature_c,48,GFS ENSEMBLE,0.280407,inverse_error_mvp,2026-09-28
WB_140,WB,Darjeeling,temperature_c,48,AIFS,0.277922,inverse_error_mvp,2026-09-28
WB_140,WB,Darjeeling,temperature_c,48,IFS,0.257871,inverse_error_mvp,2026-09-28
WB_140,WB,Darjeeling,wind_speed_kmh,48,NCEP GFS,0.203264,inverse_error_mvp,2026-09-28
WB_140,WB,Darjeeling,wind_speed_kmh,48,GFS ENSEMBLE,0.274191,inverse_error_mvp,2026-09-28
WB_140,WB,Darjeeling,wind_speed_kmh,48,AIFS,0.289504,inverse_error_mvp,2026-09-28
WB_140,WB,Darjeeling,wind_speed_kmh,48,IFS,0.233041,inverse_error_mvp,2026-09-28
WB_140,WB,Darjeeling,rainfall_mm,72,NCEP GFS,0.12435,inverse_error_mvp,2026-09-28
WB_140,WB,Darjeeling,rainfall_mm,72,GFS ENSEMBLE,0.224515,inverse_error_mvp,2026-09-28
WB_140,WB,Darjeeling,rainfall_mm,72,AIFS,0.443881,inverse_error_mvp,2026-09-28
WB_140,WB,Darjeeling,rainfall_mm,72,IFS,0.207254,inverse_error_mvp,2026-09-28
WB_140,WB,Darjeeling,temperature_c,72,NCEP GFS,0.209326,inverse_error_mvp,2026-09-28
WB_140,WB,Darjeeling,temperature_c,72,GFS ENSEMBLE,0.227688,inverse_error_mvp,2026-09-28
WB_140,WB,Darjeeling,temperature_c,72,AIFS,0.272159,inverse_error_mvp,2026-09-28
WB_140,WB,Darjeeling,temperature_c,72,IFS,0.290828,inverse_error_mvp,2026-09-28
WB_140,WB,Darjeeling,wind_speed_kmh,72,NCEP GFS,0.156854,inverse_error_mvp,2026-09-28
WB_140,WB,Darjeeling,wind_speed_kmh,72,GFS ENSEMBLE,0.207675,inverse_error_mvp,2026-09-28
WB_140,WB,Darjeeling,wind_speed_kmh,72,AIFS,0.283763,inverse_error_mvp,2026-09-28
WB_140,WB,Darjeeling,wind_speed_kmh,72,IFS,0.351708,inverse_error_mvp,2026-09-28
DL_141,DL,New Delhi,rainfall_mm,24,NCEP GFS,0.24559,inverse_error_mvp,2026-09-28
DL_141,DL,New Delhi,rainfall_mm,24,GFS ENSEMBLE,0.247859,inverse_error_mvp,2026-09-28
DL_141,DL,New Delhi,rainfall_mm,24,AIFS,0.248921,inverse_error_mvp,2026-09-28
DL_141,DL,New Delhi,rainfall_mm,24,IFS,0.25763,inverse_error_mvp,2026-09-28
DL_141,DL,New Delhi,temperature_c,24,NCEP GFS,0.28512,inverse_error_mvp,2026-09-28
DL_141,DL,New Delhi,temperature_c,24,GFS ENSEMBLE,0.265355,inverse_error_mvp,2026-09-28
DL_141,DL,New Delhi,temperature_c,24,AIFS,0.249246,inverse_error_mvp,2026-09-28
DL_141,DL,New Delhi,temperature_c,24,IFS,0.200279,inverse_error_mvp,2026-09-28
DL_141,DL,New Delhi,wind_speed_kmh,24,NCEP GFS,0.184379,inverse_error_mvp,2026-09-28
DL_141,DL,New Delhi,wind_speed_kmh,24,GFS ENSEMBLE,0.283508,inverse_error_mvp,2026-09-28
DL_141,DL,New Delhi,wind_speed_kmh,24,AIFS,0.262067,inverse_error_mvp,2026-09-28
DL_141,DL,New Delhi,wind_speed_kmh,24,IFS,0.270046,inverse_error_mvp,2026-09-28
DL_141,DL,New Delhi,rainfall_mm,48,NCEP GFS,0.161401,inverse_error_mvp,2026-09-28
DL_141,DL,New Delhi,rainfall_mm,48,GFS ENSEMBLE,0.249506,inverse_error_mvp,2026-09-28
DL_141,DL,New Delhi,rainfall_mm,48,AIFS,0.383216,inverse_error_mvp,2026-09-28
DL_141,DL,New Delhi,rainfall_mm,48,IFS,0.205877,inverse_error_mvp,2026-09-28
DL_141,DL,New Delhi,temperature_c,48,NCEP GFS,0.201154,inverse_error_mvp,2026-09-28
DL_141,DL,New Delhi,temperature_c,48,GFS ENSEMBLE,0.248483,inverse_error_mvp,2026-09-28
DL_141,DL,New Delhi,temperature_c,48,AIFS,0.272039,inverse_error_mvp,2026-09-28
DL_141,DL,New Delhi,temperature_c,48,IFS,0.278324,inverse_error_mvp,2026-09-28
DL_141,DL,New Delhi,wind_speed_kmh,48,NCEP GFS,0.186649,inverse_error_mvp,2026-09-28
DL_141,DL,New Delhi,wind_speed_kmh,48,GFS ENSEMBLE,0.239921,inverse_error_mvp,2026-09-28
DL_141,DL,New Delhi,wind_speed_kmh,48,AIFS,0.293863,inverse_error_mvp,2026-09-28
DL_141,DL,New Delhi,wind_speed_kmh,48,IFS,0.279567,inverse_error_mvp,2026-09-28
DL_141,DL,New Delhi,rainfall_mm,72,NCEP GFS,0.185724,inverse_error_mvp,2026-09-28
DL_141,DL,New Delhi,rainfall_mm,72,GFS ENSEMBLE,0.352384,inverse_error_mvp,2026-09-28
DL_141,DL,New Delhi,rainfall_mm,72,AIFS,0.259402,inverse_error_mvp,2026-09-28
DL_141,DL,New Delhi,rainfall_mm,72,IFS,0.20249,inverse_error_mvp,2026-09-28
DL_141,DL,New Delhi,temperature_c,72,NCEP GFS,0.156267,inverse_error_mvp,2026-09-28
DL_141,DL,New Delhi,temperature_c,72,GFS ENSEMBLE,0.336243,inverse_error_mvp,2026-09-28
DL_141,DL,New Delhi,temperature_c,72,AIFS,0.280362,inverse_error_mvp,2026-09-28
DL_141,DL,New Delhi,temperature_c,72,IFS,0.227128,inverse_error_mvp,2026-09-28
DL_141,DL,New Delhi,wind_speed_kmh,72,NCEP GFS,0.189322,inverse_error_mvp,2026-09-28
DL_141,DL,New Delhi,wind_speed_kmh,72,GFS ENSEMBLE,0.25765,inverse_error_mvp,2026-09-28
DL_141,DL,New Delhi,wind_speed_kmh,72,AIFS,0.269798,inverse_error_mvp,2026-09-28
DL_141,DL,New Delhi,wind_speed_kmh,72,IFS,0.283229,inverse_error_mvp,2026-09-28
DL_142,DL,North Delhi,rainfall_mm,24,NCEP GFS,0.132138,inverse_error_mvp,2026-09-28
DL_142,DL,North Delhi,rainfall_mm,24,GFS ENSEMBLE,0.195977,inverse_error_mvp,2026-09-28
DL_142,DL,North Delhi,rainfall_mm,24,AIFS,0.221943,inverse_error_mvp,2026-09-28
DL_142,DL,North Delhi,rainfall_mm,24,IFS,0.449942,inverse_error_mvp,2026-09-28
DL_142,DL,North Delhi,temperature_c,24,NCEP GFS,0.205533,inverse_error_mvp,2026-09-28
DL_142,DL,North Delhi,temperature_c,24,GFS ENSEMBLE,0.271324,inverse_error_mvp,2026-09-28
DL_142,DL,North Delhi,temperature_c,24,AIFS,0.265788,inverse_error_mvp,2026-09-28
DL_142,DL,North Delhi,temperature_c,24,IFS,0.257356,inverse_error_mvp,2026-09-28
DL_142,DL,North Delhi,wind_speed_kmh,24,NCEP GFS,0.213721,inverse_error_mvp,2026-09-28
DL_142,DL,North Delhi,wind_speed_kmh,24,GFS ENSEMBLE,0.263105,inverse_error_mvp,2026-09-28
DL_142,DL,North Delhi,wind_speed_kmh,24,AIFS,0.240966,inverse_error_mvp,2026-09-28
DL_142,DL,North Delhi,wind_speed_kmh,24,IFS,0.282208,inverse_error_mvp,2026-09-28
DL_142,DL,North Delhi,rainfall_mm,48,NCEP GFS,0.253445,inverse_error_mvp,2026-09-28
DL_142,DL,North Delhi,rainfall_mm,48,GFS ENSEMBLE,0.216436,inverse_error_mvp,2026-09-28
DL_142,DL,North Delhi,rainfall_mm,48,AIFS,0.194494,inverse_error_mvp,2026-09-28
DL_142,DL,North Delhi,rainfall_mm,48,IFS,0.335625,inverse_error_mvp,2026-09-28
DL_142,DL,North Delhi,temperature_c,48,NCEP GFS,0.178992,inverse_error_mvp,2026-09-28
DL_142,DL,North Delhi,temperature_c,48,GFS ENSEMBLE,0.282253,inverse_error_mvp,2026-09-28
DL_142,DL,North Delhi,temperature_c,48,AIFS,0.260442,inverse_error_mvp,2026-09-28
DL_142,DL,North Delhi,temperature_c,48,IFS,0.278313,inverse_error_mvp,2026-09-28
DL_142,DL,North Delhi,wind_speed_kmh,48,NCEP GFS,0.170535,inverse_error_mvp,2026-09-28
DL_142,DL,North Delhi,wind_speed_kmh,48,GFS ENSEMBLE,0.213458,inverse_error_mvp,2026-09-28
DL_142,DL,North Delhi,wind_speed_kmh,48,AIFS,0.298587,inverse_error_mvp,2026-09-28
DL_142,DL,North Delhi,wind_speed_kmh,48,IFS,0.317421,inverse_error_mvp,2026-09-28
DL_142,DL,North Delhi,rainfall_mm,72,NCEP GFS,0.328029,inverse_error_mvp,2026-09-28
DL_142,DL,North Delhi,rainfall_mm,72,GFS ENSEMBLE,0.198681,inverse_error_mvp,2026-09-28
DL_142,DL,North Delhi,rainfall_mm,72,AIFS,0.204453,inverse_error_mvp,2026-09-28
DL_142,DL,North Delhi,rainfall_mm,72,IFS,0.268838,inverse_error_mvp,2026-09-28
DL_142,DL,North Delhi,temperature_c,72,NCEP GFS,0.177918,inverse_error_mvp,2026-09-28
DL_142,DL,North Delhi,temperature_c,72,GFS ENSEMBLE,0.23893,inverse_error_mvp,2026-09-28
DL_142,DL,North Delhi,temperature_c,72,AIFS,0.301502,inverse_error_mvp,2026-09-28
DL_142,DL,North Delhi,temperature_c,72,IFS,0.281649,inverse_error_mvp,2026-09-28
DL_142,DL,North Delhi,wind_speed_kmh,72,NCEP GFS,0.21091,inverse_error_mvp,2026-09-28
DL_142,DL,North Delhi,wind_speed_kmh,72,GFS ENSEMBLE,0.221865,inverse_error_mvp,2026-09-28
DL_142,DL,North Delhi,wind_speed_kmh,72,AIFS,0.31784,inverse_error_mvp,2026-09-28
DL_142,DL,North Delhi,wind_speed_kmh,72,IFS,0.249386,inverse_error_mvp,2026-09-28
DL_143,DL,South Delhi,rainfall_mm,24,NCEP GFS,0.265444,inverse_error_mvp,2026-09-28
DL_143,DL,South Delhi,rainfall_mm,24,GFS ENSEMBLE,0.276135,inverse_error_mvp,2026-09-28
DL_143,DL,South Delhi,rainfall_mm,24,AIFS,0.258845,inverse_error_mvp,2026-09-28
DL_143,DL,South Delhi,rainfall_mm,24,IFS,0.199577,inverse_error_mvp,2026-09-28
DL_143,DL,South Delhi,temperature_c,24,NCEP GFS,0.172318,inverse_error_mvp,2026-09-28
DL_143,DL,South Delhi,temperature_c,24,GFS ENSEMBLE,0.303128,inverse_error_mvp,2026-09-28
DL_143,DL,South Delhi,temperature_c,24,AIFS,0.265415,inverse_error_mvp,2026-09-28
DL_143,DL,South Delhi,temperature_c,24,IFS,0.259138,inverse_error_mvp,2026-09-28
DL_143,DL,South Delhi,wind_speed_kmh,24,NCEP GFS,0.199312,inverse_error_mvp,2026-09-28
DL_143,DL,South Delhi,wind_speed_kmh,24,GFS ENSEMBLE,0.236586,inverse_error_mvp,2026-09-28
DL_143,DL,South Delhi,wind_speed_kmh,24,AIFS,0.247294,inverse_error_mvp,2026-09-28
DL_143,DL,South Delhi,wind_speed_kmh,24,IFS,0.316808,inverse_error_mvp,2026-09-28
DL_143,DL,South Delhi,rainfall_mm,48,NCEP GFS,0.197291,inverse_error_mvp,2026-09-28
DL_143,DL,South Delhi,rainfall_mm,48,GFS ENSEMBLE,0.247397,inverse_error_mvp,2026-09-28
DL_143,DL,South Delhi,rainfall_mm,48,AIFS,0.307713,inverse_error_mvp,2026-09-28
DL_143,DL,South Delhi,rainfall_mm,48,IFS,0.247599,inverse_error_mvp,2026-09-28
DL_143,DL,South Delhi,temperature_c,48,NCEP GFS,0.156374,inverse_error_mvp,2026-09-28
DL_143,DL,South Delhi,temperature_c,48,GFS ENSEMBLE,0.312188,inverse_error_mvp,2026-09-28
DL_143,DL,South Delhi,temperature_c,48,AIFS,0.280606,inverse_error_mvp,2026-09-28
DL_143,DL,South Delhi,temperature_c,48,IFS,0.250832,inverse_error_mvp,2026-09-28
DL_143,DL,South Delhi,wind_speed_kmh,48,NCEP GFS,0.179002,inverse_error_mvp,2026-09-28
DL_143,DL,South Delhi,wind_speed_kmh,48,GFS ENSEMBLE,0.308066,inverse_error_mvp,2026-09-28
DL_143,DL,South Delhi,wind_speed_kmh,48,AIFS,0.295586,inverse_error_mvp,2026-09-28
DL_143,DL,South Delhi,wind_speed_kmh,48,IFS,0.217347,inverse_error_mvp,2026-09-28
DL_143,DL,South Delhi,rainfall_mm,72,NCEP GFS,0.165045,inverse_error_mvp,2026-09-28
DL_143,DL,South Delhi,rainfall_mm,72,GFS ENSEMBLE,0.307735,inverse_error_mvp,2026-09-28
DL_143,DL,South Delhi,rainfall_mm,72,AIFS,0.237457,inverse_error_mvp,2026-09-28
DL_143,DL,South Delhi,rainfall_mm,72,IFS,0.289763,inverse_error_mvp,2026-09-28
DL_143,DL,South Delhi,temperature_c,72,NCEP GFS,0.214306,inverse_error_mvp,2026-09-28
DL_143,DL,South Delhi,temperature_c,72,GFS ENSEMBLE,0.240815,inverse_error_mvp,2026-09-28
DL_143,DL,South Delhi,temperature_c,72,AIFS,0.273571,inverse_error_mvp,2026-09-28
DL_143,DL,South Delhi,temperature_c,72,IFS,0.271308,inverse_error_mvp,2026-09-28
DL_143,DL,South Delhi,wind_speed_kmh,72,NCEP GFS,0.185417,inverse_error_mvp,2026-09-28
DL_143,DL,South Delhi,wind_speed_kmh,72,GFS ENSEMBLE,0.248464,inverse_error_mvp,2026-09-28
DL_143,DL,South Delhi,wind_speed_kmh,72,AIFS,0.235964,inverse_error_mvp,2026-09-28
DL_143,DL,South Delhi,wind_speed_kmh,72,IFS,0.330156,inverse_error_mvp,2026-09-28
DL_144,DL,East Delhi,rainfall_mm,24,NCEP GFS,0.213703,inverse_error_mvp,2026-09-28
DL_144,DL,East Delhi,rainfall_mm,24,GFS ENSEMBLE,0.100151,inverse_error_mvp,2026-09-28
DL_144,DL,East Delhi,rainfall_mm,24,AIFS,0.318685,inverse_error_mvp,2026-09-28
DL_144,DL,East Delhi,rainfall_mm,24,IFS,0.367461,inverse_error_mvp,2026-09-28
DL_144,DL,East Delhi,temperature_c,24,NCEP GFS,0.157888,inverse_error_mvp,2026-09-28
DL_144,DL,East Delhi,temperature_c,24,GFS ENSEMBLE,0.263106,inverse_error_mvp,2026-09-28
DL_144,DL,East Delhi,temperature_c,24,AIFS,0.268313,inverse_error_mvp,2026-09-28
DL_144,DL,East Delhi,temperature_c,24,IFS,0.310693,inverse_error_mvp,2026-09-28
DL_144,DL,East Delhi,wind_speed_kmh,24,NCEP GFS,0.212817,inverse_error_mvp,2026-09-28
DL_144,DL,East Delhi,wind_speed_kmh,24,GFS ENSEMBLE,0.292447,inverse_error_mvp,2026-09-28
DL_144,DL,East Delhi,wind_speed_kmh,24,AIFS,0.236642,inverse_error_mvp,2026-09-28
DL_144,DL,East Delhi,wind_speed_kmh,24,IFS,0.258094,inverse_error_mvp,2026-09-28
DL_144,DL,East Delhi,rainfall_mm,48,NCEP GFS,0.24382,inverse_error_mvp,2026-09-28
DL_144,DL,East Delhi,rainfall_mm,48,GFS ENSEMBLE,0.188757,inverse_error_mvp,2026-09-28
DL_144,DL,East Delhi,rainfall_mm,48,AIFS,0.300803,inverse_error_mvp,2026-09-28
DL_144,DL,East Delhi,rainfall_mm,48,IFS,0.26662,inverse_error_mvp,2026-09-28
DL_144,DL,East Delhi,temperature_c,48,NCEP GFS,0.1575,inverse_error_mvp,2026-09-28
DL_144,DL,East Delhi,temperature_c,48,GFS ENSEMBLE,0.313045,inverse_error_mvp,2026-09-28
DL_144,DL,East Delhi,temperature_c,48,AIFS,0.251267,inverse_error_mvp,2026-09-28
DL_144,DL,East Delhi,temperature_c,48,IFS,0.278188,inverse_error_mvp,2026-09-28
DL_144,DL,East Delhi,wind_speed_kmh,48,NCEP GFS,0.213912,inverse_error_mvp,2026-09-28
DL_144,DL,East Delhi,wind_speed_kmh,48,GFS ENSEMBLE,0.240312,inverse_error_mvp,2026-09-28
DL_144,DL,East Delhi,wind_speed_kmh,48,AIFS,0.237061,inverse_error_mvp,2026-09-28
DL_144,DL,East Delhi,wind_speed_kmh,48,IFS,0.308715,inverse_error_mvp,2026-09-28
DL_144,DL,East Delhi,rainfall_mm,72,NCEP GFS,0.22248,inverse_error_mvp,2026-09-28
DL_144,DL,East Delhi,rainfall_mm,72,GFS ENSEMBLE,0.224243,inverse_error_mvp,2026-09-28
DL_144,DL,East Delhi,rainfall_mm,72,AIFS,0.315481,inverse_error_mvp,2026-09-28
DL_144,DL,East Delhi,rainfall_mm,72,IFS,0.237796,inverse_error_mvp,2026-09-28
DL_144,DL,East Delhi,temperature_c,72,NCEP GFS,0.185927,inverse_error_mvp,2026-09-28
DL_144,DL,East Delhi,temperature_c,72,GFS ENSEMBLE,0.302819,inverse_error_mvp,2026-09-28
DL_144,DL,East Delhi,temperature_c,72,AIFS,0.23544,inverse_error_mvp,2026-09-28
DL_144,DL,East Delhi,temperature_c,72,IFS,0.275814,inverse_error_mvp,2026-09-28
DL_144,DL,East Delhi,wind_speed_kmh,72,NCEP GFS,0.186923,inverse_error_mvp,2026-09-28
DL_144,DL,East Delhi,wind_speed_kmh,72,GFS ENSEMBLE,0.211187,inverse_error_mvp,2026-09-28
DL_144,DL,East Delhi,wind_speed_kmh,72,AIFS,0.315232,inverse_error_mvp,2026-09-28
DL_144,DL,East Delhi,wind_speed_kmh,72,IFS,0.286658,inverse_error_mvp,2026-09-28
DL_145,DL,West Delhi,rainfall_mm,24,NCEP GFS,0.25862,inverse_error_mvp,2026-09-28
DL_145,DL,West Delhi,rainfall_mm,24,GFS ENSEMBLE,0.210836,inverse_error_mvp,2026-09-28
DL_145,DL,West Delhi,rainfall_mm,24,AIFS,0.195438,inverse_error_mvp,2026-09-28
DL_145,DL,West Delhi,rainfall_mm,24,IFS,0.335106,inverse_error_mvp,2026-09-28
DL_145,DL,West Delhi,temperature_c,24,NCEP GFS,0.146046,inverse_error_mvp,2026-09-28
DL_145,DL,West Delhi,temperature_c,24,GFS ENSEMBLE,0.26547,inverse_error_mvp,2026-09-28
DL_145,DL,West Delhi,temperature_c,24,AIFS,0.322437,inverse_error_mvp,2026-09-28
DL_145,DL,West Delhi,temperature_c,24,IFS,0.266047,inverse_error_mvp,2026-09-28
DL_145,DL,West Delhi,wind_speed_kmh,24,NCEP GFS,0.159547,inverse_error_mvp,2026-09-28
DL_145,DL,West Delhi,wind_speed_kmh,24,GFS ENSEMBLE,0.267209,inverse_error_mvp,2026-09-28
DL_145,DL,West Delhi,wind_speed_kmh,24,AIFS,0.32478,inverse_error_mvp,2026-09-28
DL_145,DL,West Delhi,wind_speed_kmh,24,IFS,0.248463,inverse_error_mvp,2026-09-28
DL_145,DL,West Delhi,rainfall_mm,48,NCEP GFS,0.318779,inverse_error_mvp,2026-09-28
DL_145,DL,West Delhi,rainfall_mm,48,GFS ENSEMBLE,0.160817,inverse_error_mvp,2026-09-28
DL_145,DL,West Delhi,rainfall_mm,48,AIFS,0.250941,inverse_error_mvp,2026-09-28
DL_145,DL,West Delhi,rainfall_mm,48,IFS,0.269463,inverse_error_mvp,2026-09-28
DL_145,DL,West Delhi,temperature_c,48,NCEP GFS,0.184813,inverse_error_mvp,2026-09-28
DL_145,DL,West Delhi,temperature_c,48,GFS ENSEMBLE,0.2878,inverse_error_mvp,2026-09-28
DL_145,DL,West Delhi,temperature_c,48,AIFS,0.248114,inverse_error_mvp,2026-09-28
DL_145,DL,West Delhi,temperature_c,48,IFS,0.279273,inverse_error_mvp,2026-09-28
DL_145,DL,West Delhi,wind_speed_kmh,48,NCEP GFS,0.173947,inverse_error_mvp,2026-09-28
DL_145,DL,West Delhi,wind_speed_kmh,48,GFS ENSEMBLE,0.283999,inverse_error_mvp,2026-09-28
DL_145,DL,West Delhi,wind_speed_kmh,48,AIFS,0.243465,inverse_error_mvp,2026-09-28
DL_145,DL,West Delhi,wind_speed_kmh,48,IFS,0.29859,inverse_error_mvp,2026-09-28
DL_145,DL,West Delhi,rainfall_mm,72,NCEP GFS,0.245803,inverse_error_mvp,2026-09-28
DL_145,DL,West Delhi,rainfall_mm,72,GFS ENSEMBLE,0.26834,inverse_error_mvp,2026-09-28
DL_145,DL,West Delhi,rainfall_mm,72,AIFS,0.202523,inverse_error_mvp,2026-09-28
DL_145,DL,West Delhi,rainfall_mm,72,IFS,0.283334,inverse_error_mvp,2026-09-28
DL_145,DL,West Delhi,temperature_c,72,NCEP GFS,0.200619,inverse_error_mvp,2026-09-28
DL_145,DL,West Delhi,temperature_c,72,GFS ENSEMBLE,0.264413,inverse_error_mvp,2026-09-28
DL_145,DL,West Delhi,temperature_c,72,AIFS,0.276206,inverse_error_mvp,2026-09-28
DL_145,DL,West Delhi,temperature_c,72,IFS,0.258762,inverse_error_mvp,2026-09-28
DL_145,DL,West Delhi,wind_speed_kmh,72,NCEP GFS,0.221242,inverse_error_mvp,2026-09-28
DL_145,DL,West Delhi,wind_speed_kmh,72,GFS ENSEMBLE,0.237862,inverse_error_mvp,2026-09-28
DL_145,DL,West Delhi,wind_speed_kmh,72,AIFS,0.300619,inverse_error_mvp,2026-09-28
DL_145,DL,West Delhi,wind_speed_kmh,72,IFS,0.240276,inverse_error_mvp,2026-09-28
