location_id,state,city,model,variable,lead_hours,start_date,end_date,sample_count,mae,rmse,correlation,bias
AP_001,AP,Visakhapatnam,NCEP GFS,rainfall_mm,24,2026-08-30,2026-09-28,30,2.5693,8.4065,0.9658,-1.5553
AP_001,AP,Visakhapatnam,NCEP GFS,temperature_c,24,2026-08-30,2026-09-28,30,0.8178,1.0614,0.7644,0.1108
AP_001,AP,Visakhapatnam,NCEP GFS,wind_speed_kmh,24,2026-08-30,2026-09-28,30,1.6456,2.1222,0.6395,0.3987
AP_001,AP,Visakhapatnam,GFS ENSEMBLE,rainfall_mm,24,2026-08-30,2026-09-28,30,3.4693,13.6991,0.903,-3.0507
AP_001,AP,Visakhapatnam,GFS ENSEMBLE,temperature_c,24,2026-08-30,2026-09-28,30,0.7815,0.9841,0.8421,0.4242
AP_001,AP,Visakhapatnam,GFS ENSEMBLE,wind_speed_kmh,24,2026-08-30,2026-09-28,30,1.6206,1.849,0.7743,0.6004
AP_001,AP,Visakhapatnam,AIFS,rainfall_mm,24,2026-08-30,2026-09-28,30,1.8153,6.4831,0.9836,-1.2017
AP_001,AP,Visakhapatnam,AIFS,temperature_c,24,2026-08-30,2026-09-28,30,0.5528,0.712,0.7894,0.0575
AP_001,AP,Visakhapatnam,AIFS,wind_speed_kmh,24,2026-08-30,2026-09-28,30,0.8466,1.0161,0.9264,-0.2089
AP_001,AP,Visakhapatnam,IFS,rainfall_mm,24,2026-08-30,2026-09-28,30,0.794,1.5928,0.9984,0.2727
AP_001,AP,Visakhapatnam,IFS,temperature_c,24,2026-08-30,2026-09-28,30,0.6575,0.8585,0.7721,0.2285
AP_001,AP,Visakhapatnam,IFS,wind_speed_kmh,24,2026-08-30,2026-09-28,30,1.105,1.4006,0.888,0.2891
AP_001,AP,Visakhapatnam,NCEP GFS,rainfall_mm,48,2026-08-30,2026-09-28,30,1.8808,4.3475,0.9906,-0.96
AP_001,AP,Visakhapatnam,NCEP GFS,temperature_c,48,2026-08-30,2026-09-28,30,1.2249,1.5996,0.5983,0.6735
AP_001,AP,Visakhapatnam,NCEP GFS,wind_speed_kmh,48,2026-08-30,2026-09-28,30,2.0915,2.5833,0.674,0.6271
AP_001,AP,Visakhapatnam,GFS ENSEMBLE,rainfall_mm,48,2026-08-30,2026-09-28,30,4.0142,13.228,0.9551,-3.776
AP_001,AP,Visakhapatnam,GFS ENSEMBLE,temperature_c,48,2026-08-30,2026-09-28,30,0.8691,1.1019,0.634,0.0922
AP_001,AP,Visakhapatnam,GFS ENSEMBLE,wind_speed_kmh,48,2026-08-30,2026-09-28,30,1.7571,2.3136,0.7137,0.0714
AP_001,AP,Visakhapatnam,AIFS,rainfall_mm,48,2026-08-30,2026-09-28,30,1.9313,4.2122,0.9892,0.1223
AP_001,AP,Visakhapatnam,AIFS,temperature_c,48,2026-08-30,2026-09-28,30,0.749,0.9278,0.7018,-0.1222
AP_001,AP,Visakhapatnam,AIFS,wind_speed_kmh,48,2026-08-30,2026-09-28,30,1.6331,2.1999,0.6884,-0.2249
AP_001,AP,Visakhapatnam,IFS,rainfall_mm,48,2026-08-30,2026-09-28,30,1.5273,3.9194,0.9907,0.0413
AP_001,AP,Visakhapatnam,IFS,temperature_c,48,2026-08-30,2026-09-28,30,0.8104,0.996,0.693,-0.1165
AP_001,AP,Visakhapatnam,IFS,wind_speed_kmh,48,2026-08-30,2026-09-28,30,1.7908,2.2844,0.8172,0.1044
AP_001,AP,Visakhapatnam,NCEP GFS,rainfall_mm,72,2026-08-30,2026-09-28,30,5.2279,15.6017,0.9341,-3.8123
AP_001,AP,Visakhapatnam,NCEP GFS,temperature_c,72,2026-08-30,2026-09-28,30,1.1852,1.5961,0.4729,0.3178
AP_001,AP,Visakhapatnam,NCEP GFS,wind_speed_kmh,72,2026-08-30,2026-09-28,30,2.1766,2.8161,0.7974,0.9614
AP_001,AP,Visakhapatnam,GFS ENSEMBLE,rainfall_mm,72,2026-08-30,2026-09-28,30,5.2942,15.9877,0.8542,-3.788
AP_001,AP,Visakhapatnam,GFS ENSEMBLE,temperature_c,72,2026-08-30,2026-09-28,30,0.8851,1.101,0.7302,-0.1462
AP_001,AP,Visakhapatnam,GFS ENSEMBLE,wind_speed_kmh,72,2026-08-30,2026-09-28,30,2.0029,2.4732,0.8056,1.2677
AP_001,AP,Visakhapatnam,AIFS,rainfall_mm,72,2026-08-30,2026-09-28,30,1.8891,4.3532,0.9861,-0.068
AP_001,AP,Visakhapatnam,AIFS,temperature_c,72,2026-08-30,2026-09-28,30,0.9621,1.1388,0.7744,-0.2785
AP_001,AP,Visakhapatnam,AIFS,wind_speed_kmh,72,2026-08-30,2026-09-28,30,1.7449,2.1611,0.6856,0.1537
AP_001,AP,Visakhapatnam,IFS,rainfall_mm,72,2026-08-30,2026-09-28,30,2.8124,7.9225,0.9751,0.2933
AP_001,AP,Visakhapatnam,IFS,temperature_c,72,2026-08-30,2026-09-28,30,1.0184,1.3876,0.3237,-0.3372
AP_001,AP,Visakhapatnam,IFS,wind_speed_kmh,72,2026-08-30,2026-09-28,30,1.7182,2.1039,0.6887,0.3827
AP_002,AP,Vijayawada,NCEP GFS,rainfall_mm,24,2026-08-30,2026-09-28,30,1.0033,2.8473,0.9917,0.5855
AP_002,AP,Vijayawada,NCEP GFS,temperature_c,24,2026-08-30,2026-09-28,30,0.9257,1.1689,0.8007,0.47
AP_002,AP,Vijayawada,NCEP GFS,wind_speed_kmh,24,2026-08-30,2026-09-28,30,2.0793,2.5316,0.8225,-0.197
AP_002,AP,Vijayawada,GFS ENSEMBLE,rainfall_mm,24,2026-08-30,2026-09-28,30,0.7422,2.1001,0.9913,-0.5832
AP_002,AP,Vijayawada,GFS ENSEMBLE,temperature_c,24,2026-08-30,2026-09-28,30,0.7536,0.8915,0.8057,0.22
AP_002,AP,Vijayawada,GFS ENSEMBLE,wind_speed_kmh,24,2026-08-30,2026-09-28,30,1.4739,1.8224,0.7622,0.0027
AP_002,AP,Vijayawada,AIFS,rainfall_mm,24,2026-08-30,2026-09-28,30,0.4286,0.9609,0.9956,0.3158
AP_002,AP,Vijayawada,AIFS,temperature_c,24,2026-08-30,2026-09-28,30,0.6132,0.8151,0.8277,-0.225
AP_002,AP,Vijayawada,AIFS,wind_speed_kmh,24,2026-08-30,2026-09-28,30,1.2188,1.5768,0.8428,0.3473
AP_002,AP,Vijayawada,IFS,rainfall_mm,24,2026-08-30,2026-09-28,30,0.6372,1.391,0.9945,0.2098
AP_002,AP,Vijayawada,IFS,temperature_c,24,2026-08-30,2026-09-28,30,0.5034,0.6767,0.8903,0.232
AP_002,AP,Vijayawada,IFS,wind_speed_kmh,24,2026-08-30,2026-09-28,30,1.6126,2.0236,0.7714,0.4727
AP_002,AP,Vijayawada,NCEP GFS,rainfall_mm,48,2026-08-30,2026-09-28,30,1.5172,3.44,0.9593,-0.7312
AP_002,AP,Vijayawada,NCEP GFS,temperature_c,48,2026-08-30,2026-09-28,30,1.0173,1.2681,0.691,0.1386
AP_002,AP,Vijayawada,NCEP GFS,wind_speed_kmh,48,2026-08-30,2026-09-28,30,2.016,2.6082,0.7364,0.0263
AP_002,AP,Vijayawada,GFS ENSEMBLE,rainfall_mm,48,2026-08-30,2026-09-28,30,0.8861,1.5934,0.9818,0.0325
AP_002,AP,Vijayawada,GFS ENSEMBLE,temperature_c,48,2026-08-30,2026-09-28,30,0.9893,1.2117,0.6698,0.1443
AP_002,AP,Vijayawada,GFS ENSEMBLE,wind_speed_kmh,48,2026-08-30,2026-09-28,30,1.8128,2.121,0.731,0.771
AP_002,AP,Vijayawada,AIFS,rainfall_mm,48,2026-08-30,2026-09-28,30,0.9763,2.1236,0.9871,-0.5232
AP_002,AP,Vijayawada,AIFS,temperature_c,48,2026-08-30,2026-09-28,30,0.8878,1.0137,0.834,-0.2997
AP_002,AP,Vijayawada,AIFS,wind_speed_kmh,48,2026-08-30,2026-09-28,30,1.4109,1.7697,0.819,0.1317
AP_002,AP,Vijayawada,IFS,rainfall_mm,48,2026-08-30,2026-09-28,30,1.2184,3.2148,0.9561,-0.3142
AP_002,AP,Vijayawada,IFS,temperature_c,48,2026-08-30,2026-09-28,30,0.8627,1.0633,0.7506,-0.2737
AP_002,AP,Vijayawada,IFS,wind_speed_kmh,48,2026-08-30,2026-09-28,30,1.7586,2.1364,0.8189,0.5023
AP_002,AP,Vijayawada,NCEP GFS,rainfall_mm,72,2026-08-30,2026-09-28,30,1.0367,1.8643,0.9733,-0.1738
AP_002,AP,Vijayawada,NCEP GFS,temperature_c,72,2026-08-30,2026-09-28,30,1.5615,1.8452,0.6881,0.4293
AP_002,AP,Vijayawada,NCEP GFS,wind_speed_kmh,72,2026-08-30,2026-09-28,30,2.8568,3.5842,0.5004,0.23
AP_002,AP,Vijayawada,GFS ENSEMBLE,rainfall_mm,72,2026-08-30,2026-09-28,30,1.4869,4.0532,0.9233,-0.1918
AP_002,AP,Vijayawada,GFS ENSEMBLE,temperature_c,72,2026-08-30,2026-09-28,30,1.0912,1.3481,0.7591,0.258
AP_002,AP,Vijayawada,GFS ENSEMBLE,wind_speed_kmh,72,2026-08-30,2026-09-28,30,1.9688,2.512,0.6868,0.1563
AP_002,AP,Vijayawada,AIFS,rainfall_mm,72,2026-08-30,2026-09-28,30,0.9656,1.9407,0.9826,0.1048
AP_002,AP,Vijayawada,AIFS,temperature_c,72,2026-08-30,2026-09-28,30,1.0446,1.2909,0.748,0.0403
AP_002,AP,Vijayawada,AIFS,wind_speed_kmh,72,2026-08-30,2026-09-28,30,1.5251,2.1039,0.716,0.156
AP_002,AP,Vijayawada,IFS,rainfall_mm,72,2026-08-30,2026-09-28,30,1.076,1.9421,0.9721,0.1708
AP_002,AP,Vijayawada,IFS,temperature_c,72,2026-08-30,2026-09-28,30,0.9619,1.1665,0.7655,0.4866
AP_002,AP,Vijayawada,IFS,wind_speed_kmh,72,2026-08-30,2026-09-28,30,1.3948,1.7398,0.8169,0.3297
AP_003,AP,Guntur,NCEP GFS,rainfall_mm,24,2026-08-30,2026-09-28,30,0.8494,1.5287,0.9945,-0.3768
AP_003,AP,Guntur,NCEP GFS,temperature_c,24,2026-08-30,2026-09-28,30,0.8672,1.1616,0.8253,-0.4506
AP_003,AP,Guntur,NCEP GFS,wind_speed_kmh,24,2026-08-30,2026-09-28,30,1.4111,1.8327,0.855,0.4252
AP_003,AP,Guntur,GFS ENSEMBLE,rainfall_mm,24,2026-08-30,2026-09-28,30,0.9076,1.719,0.9924,0.2412
AP_003,AP,Guntur,GFS ENSEMBLE,temperature_c,24,2026-08-30,2026-09-28,30,0.5997,0.7334,0.9183,0.0241
AP_003,AP,Guntur,GFS ENSEMBLE,wind_speed_kmh,24,2026-08-30,2026-09-28,30,1.5233,1.953,0.8644,0.8799
AP_003,AP,Guntur,AIFS,rainfall_mm,24,2026-08-30,2026-09-28,30,0.7561,1.4127,0.9959,-0.0961
AP_003,AP,Guntur,AIFS,temperature_c,24,2026-08-30,2026-09-28,30,0.6419,0.831,0.8239,0.0337
AP_003,AP,Guntur,AIFS,wind_speed_kmh,24,2026-08-30,2026-09-28,30,1.2295,1.5274,0.8951,-0.2371
AP_003,AP,Guntur,IFS,rainfall_mm,24,2026-08-30,2026-09-28,30,1.0139,2.8804,0.9929,0.6749
AP_003,AP,Guntur,IFS,temperature_c,24,2026-08-30,2026-09-28,30,0.6352,0.8194,0.8414,-0.1383
AP_003,AP,Guntur,IFS,wind_speed_kmh,24,2026-08-30,2026-09-28,30,1.377,1.7374,0.8534,0.6252
AP_003,AP,Guntur,NCEP GFS,rainfall_mm,48,2026-08-30,2026-09-28,30,1.4402,2.6714,0.9803,-0.1301
AP_003,AP,Guntur,NCEP GFS,temperature_c,48,2026-08-30,2026-09-28,30,0.9396,1.1999,0.6907,0.4434
AP_003,AP,Guntur,NCEP GFS,wind_speed_kmh,48,2026-08-30,2026-09-28,30,2.0637,2.6105,0.7227,0.4536
AP_003,AP,Guntur,GFS ENSEMBLE,rainfall_mm,48,2026-08-30,2026-09-28,30,2.5227,6.1807,0.9526,-1.4508
AP_003,AP,Guntur,GFS ENSEMBLE,temperature_c,48,2026-08-30,2026-09-28,30,0.6155,0.74,0.8806,-0.1386
AP_003,AP,Guntur,GFS ENSEMBLE,wind_speed_kmh,48,2026-08-30,2026-09-28,30,1.6409,1.9391,0.8553,-0.0951
AP_003,AP,Guntur,AIFS,rainfall_mm,48,2026-08-30,2026-09-28,30,1.8064,4.9944,0.9465,-0.8174
AP_003,AP,Guntur,AIFS,temperature_c,48,2026-08-30,2026-09-28,30,0.7354,0.9616,0.8385,-0.1259
AP_003,AP,Guntur,AIFS,wind_speed_kmh,48,2026-08-30,2026-09-28,30,1.7839,2.2646,0.7464,-0.8208
AP_003,AP,Guntur,IFS,rainfall_mm,48,2026-08-30,2026-09-28,30,1.4235,3.107,0.9751,-0.2621
AP_003,AP,Guntur,IFS,temperature_c,48,2026-08-30,2026-09-28,30,0.9483,1.1303,0.7378,0.0417
AP_003,AP,Guntur,IFS,wind_speed_kmh,48,2026-08-30,2026-09-28,30,1.7957,2.2088,0.7875,-0.0881
AP_003,AP,Guntur,NCEP GFS,rainfall_mm,72,2026-08-30,2026-09-28,30,1.9194,3.8399,0.9659,-0.8394
AP_003,AP,Guntur,NCEP GFS,temperature_c,72,2026-08-30,2026-09-28,30,1.4943,1.7419,0.8047,0.9331
AP_003,AP,Guntur,NCEP GFS,wind_speed_kmh,72,2026-08-30,2026-09-28,30,2.3286,2.9785,0.6903,-0.0844
AP_003,AP,Guntur,GFS ENSEMBLE,rainfall_mm,72,2026-08-30,2026-09-28,30,2.4958,5.3195,0.9315,-1.1498
AP_003,AP,Guntur,GFS ENSEMBLE,temperature_c,72,2026-08-30,2026-09-28,30,0.9503,1.2272,0.7277,-0.2429
AP_003,AP,Guntur,GFS ENSEMBLE,wind_speed_kmh,72,2026-08-30,2026-09-28,30,2.0214,2.6324,0.8398,0.6779
AP_003,AP,Guntur,AIFS,rainfall_mm,72,2026-08-30,2026-09-28,30,1.1244,2.5038,0.983,-0.0674
AP_003,AP,Guntur,AIFS,temperature_c,72,2026-08-30,2026-09-28,30,0.9759,1.1629,0.799,0.2077
AP_003,AP,Guntur,AIFS,wind_speed_kmh,72,2026-08-30,2026-09-28,30,2.5835,3.0956,0.5594,0.1216
AP_003,AP,Guntur,IFS,rainfall_mm,72,2026-08-30,2026-09-28,30,2.3467,6.8558,0.8624,-0.5028
AP_003,AP,Guntur,IFS,temperature_c,72,2026-08-30,2026-09-28,30,1.0085,1.2223,0.6497,0.1947
AP_003,AP,Guntur,IFS,wind_speed_kmh,72,2026-08-30,2026-09-28,30,1.7726,2.1869,0.8045,0.4352
AP_004,AP,Tirupati,NCEP GFS,rainfall_mm,24,2026-08-30,2026-09-28,30,1.0935,2.1602,0.9861,-0.559
AP_004,AP,Tirupati,NCEP GFS,temperature_c,24,2026-08-30,2026-09-28,30,0.8621,1.0549,0.747,-0.1213
AP_004,AP,Tirupati,NCEP GFS,wind_speed_kmh,24,2026-08-30,2026-09-28,30,2.4085,2.8544,0.711,0.9077
AP_004,AP,Tirupati,GFS ENSEMBLE,rainfall_mm,24,2026-08-30,2026-09-28,30,1.7224,3.9441,0.9244,-0.666
AP_004,AP,Tirupati,GFS ENSEMBLE,temperature_c,24,2026-08-30,2026-09-28,30,0.629,0.8363,0.81,0.1937
AP_004,AP,Tirupati,GFS ENSEMBLE,wind_speed_kmh,24,2026-08-30,2026-09-28,30,1.2067,1.5265,0.9142,0.6183
AP_004,AP,Tirupati,AIFS,rainfall_mm,24,2026-08-30,2026-09-28,30,1.1709,2.9629,0.9557,-0.135
AP_004,AP,Tirupati,AIFS,temperature_c,24,2026-08-30,2026-09-28,30,0.5982,0.7694,0.8641,-0.0999
AP_004,AP,Tirupati,AIFS,wind_speed_kmh,24,2026-08-30,2026-09-28,30,1.3536,1.6085,0.8859,0.2713
AP_004,AP,Tirupati,IFS,rainfall_mm,24,2026-08-30,2026-09-28,30,0.8139,1.7759,0.9846,0.217
AP_004,AP,Tirupati,IFS,temperature_c,24,2026-08-30,2026-09-28,30,0.6937,0.852,0.8596,0.3851
AP_004,AP,Tirupati,IFS,wind_speed_kmh,24,2026-08-30,2026-09-28,30,1.4512,1.8119,0.8699,-0.0427
AP_004,AP,Tirupati,NCEP GFS,rainfall_mm,48,2026-08-30,2026-09-28,30,1.1534,2.6765,0.9801,-0.6904
AP_004,AP,Tirupati,NCEP GFS,temperature_c,48,2026-08-30,2026-09-28,30,1.2096,1.5138,0.6826,0.5824
AP_004,AP,Tirupati,NCEP GFS,wind_speed_kmh,48,2026-08-30,2026-09-28,30,1.8621,2.4413,0.7954,0.529
AP_004,AP,Tirupati,GFS ENSEMBLE,rainfall_mm,48,2026-08-30,2026-09-28,30,1.2501,3.4601,0.9609,-0.8014
AP_004,AP,Tirupati,GFS ENSEMBLE,temperature_c,48,2026-08-30,2026-09-28,30,0.9311,1.0968,0.6893,0.1121
AP_004,AP,Tirupati,GFS ENSEMBLE,wind_speed_kmh,48,2026-08-30,2026-09-28,30,1.502,1.8733,0.8364,0.5413
AP_004,AP,Tirupati,AIFS,rainfall_mm,48,2026-08-30,2026-09-28,30,0.9457,1.9245,0.9815,0.0343
AP_004,AP,Tirupati,AIFS,temperature_c,48,2026-08-30,2026-09-28,30,0.8703,1.062,0.7157,0.2114
AP_004,AP,Tirupati,AIFS,wind_speed_kmh,48,2026-08-30,2026-09-28,30,1.6953,2.0046,0.8217,0.3757
AP_004,AP,Tirupati,IFS,rainfall_mm,48,2026-08-30,2026-09-28,30,1.4217,2.7428,0.9717,0.4493
AP_004,AP,Tirupati,IFS,temperature_c,48,2026-08-30,2026-09-28,30,0.7147,0.9524,0.8326,0.0797
AP_004,AP,Tirupati,IFS,wind_speed_kmh,48,2026-08-30,2026-09-28,30,2.276,2.9655,0.6349,-0.1767
AP_004,AP,Tirupati,NCEP GFS,rainfall_mm,72,2026-08-30,2026-09-28,30,2.1187,5.023,0.9664,1.3233
AP_004,AP,Tirupati,NCEP GFS,temperature_c,72,2026-08-30,2026-09-28,30,1.4294,1.8713,0.5078,0.2514
AP_004,AP,Tirupati,NCEP GFS,wind_speed_kmh,72,2026-08-30,2026-09-28,30,2.2486,2.6401,0.7777,0.7153
AP_004,AP,Tirupati,GFS ENSEMBLE,rainfall_mm,72,2026-08-30,2026-09-28,30,1.2362,2.1685,0.9765,0.0366
AP_004,AP,Tirupati,GFS ENSEMBLE,temperature_c,72,2026-08-30,2026-09-28,30,1.1179,1.3333,0.6802,0.0464
AP_004,AP,Tirupati,GFS ENSEMBLE,wind_speed_kmh,72,2026-08-30,2026-09-28,30,2.8071,3.6032,0.6608,0.6933
AP_004,AP,Tirupati,AIFS,rainfall_mm,72,2026-08-30,2026-09-28,30,2.199,4.4267,0.8991,-0.432
AP_004,AP,Tirupati,AIFS,temperature_c,72,2026-08-30,2026-09-28,30,1.155,1.3766,0.7139,0.3551
AP_004,AP,Tirupati,AIFS,wind_speed_kmh,72,2026-08-30,2026-09-28,30,1.8333,2.3103,0.7895,-0.4887
AP_004,AP,Tirupati,IFS,rainfall_mm,72,2026-08-30,2026-09-28,30,1.648,3.3261,0.9593,-0.5724
AP_004,AP,Tirupati,IFS,temperature_c,72,2026-08-30,2026-09-28,30,0.9358,1.1859,0.645,-0.1059
AP_004,AP,Tirupati,IFS,wind_speed_kmh,72,2026-08-30,2026-09-28,30,1.9567,2.3876,0.7744,0.1153
AP_005,AP,Kakinada,NCEP GFS,rainfall_mm,24,2026-08-30,2026-09-28,30,4.4146,13.9947,0.9805,-2.9416
AP_005,AP,Kakinada,NCEP GFS,temperature_c,24,2026-08-30,2026-09-28,30,1.1439,1.3359,0.7589,-0.1772
AP_005,AP,Kakinada,NCEP GFS,wind_speed_kmh,24,2026-08-30,2026-09-28,30,1.5733,1.9819,0.8574,-0.1891
AP_005,AP,Kakinada,GFS ENSEMBLE,rainfall_mm,24,2026-08-30,2026-09-28,30,3.18,10.796,0.9915,-1.8993
AP_005,AP,Kakinada,GFS ENSEMBLE,temperature_c,24,2026-08-30,2026-09-28,30,0.903,1.0518,0.7435,0.1712
AP_005,AP,Kakinada,GFS ENSEMBLE,wind_speed_kmh,24,2026-08-30,2026-09-28,30,1.3805,1.9208,0.784,-0.0238
AP_005,AP,Kakinada,AIFS,rainfall_mm,24,2026-08-30,2026-09-28,30,1.4507,4.2685,0.9992,1.1321
AP_005,AP,Kakinada,AIFS,temperature_c,24,2026-08-30,2026-09-28,30,0.6395,0.8738,0.8879,-0.2592
AP_005,AP,Kakinada,AIFS,wind_speed_kmh,24,2026-08-30,2026-09-28,30,1.1538,1.544,0.8522,-0.1338
AP_005,AP,Kakinada,IFS,rainfall_mm,24,2026-08-30,2026-09-28,30,0.612,1.4506,0.999,-0.1336
AP_005,AP,Kakinada,IFS,temperature_c,24,2026-08-30,2026-09-28,30,0.7367,0.9225,0.8637,0.3995
AP_005,AP,Kakinada,IFS,wind_speed_kmh,24,2026-08-30,2026-09-28,30,1.8877,2.4167,0.7666,0.3036
AP_005,AP,Kakinada,NCEP GFS,rainfall_mm,48,2026-08-30,2026-09-28,30,3.6125,10.6456,0.9833,-0.0516
AP_005,AP,Kakinada,NCEP GFS,temperature_c,48,2026-08-30,2026-09-28,30,0.9187,1.1724,0.8027,0.1635
AP_005,AP,Kakinada,NCEP GFS,wind_speed_kmh,48,2026-08-30,2026-09-28,30,2.1486,2.9035,0.755,1.0679
AP_005,AP,Kakinada,GFS ENSEMBLE,rainfall_mm,48,2026-08-30,2026-09-28,30,3.8555,14.8416,0.9664,-2.4906
AP_005,AP,Kakinada,GFS ENSEMBLE,temperature_c,48,2026-08-30,2026-09-28,30,0.9246,1.1731,0.8048,0.2885
AP_005,AP,Kakinada,GFS ENSEMBLE,wind_speed_kmh,48,2026-08-30,2026-09-28,30,1.6069,1.9894,0.7474,0.3279
AP_005,AP,Kakinada,AIFS,rainfall_mm,48,2026-08-30,2026-09-28,30,2.0441,4.497,0.9959,0.7511
AP_005,AP,Kakinada,AIFS,temperature_c,48,2026-08-30,2026-09-28,30,0.8782,1.1149,0.7679,0.0772
AP_005,AP,Kakinada,AIFS,wind_speed_kmh,48,2026-08-30,2026-09-28,30,1.6924,2.1168,0.8317,-0.2531
AP_005,AP,Kakinada,IFS,rainfall_mm,48,2026-08-30,2026-09-28,30,3.5796,13.9303,0.9646,-1.6893
AP_005,AP,Kakinada,IFS,temperature_c,48,2026-08-30,2026-09-28,30,0.8658,1.031,0.7722,-0.1275
AP_005,AP,Kakinada,IFS,wind_speed_kmh,48,2026-08-30,2026-09-28,30,1.4928,1.852,0.8459,-0.3784
AP_005,AP,Kakinada,NCEP GFS,rainfall_mm,72,2026-08-30,2026-09-28,30,3.7902,9.2552,0.9912,-2.7299
AP_005,AP,Kakinada,NCEP GFS,temperature_c,72,2026-08-30,2026-09-28,30,1.434,1.708,0.6396,0.3772
AP_005,AP,Kakinada,NCEP GFS,wind_speed_kmh,72,2026-08-30,2026-09-28,30,2.2614,2.6643,0.6976,0.0192
AP_005,AP,Kakinada,GFS ENSEMBLE,rainfall_mm,72,2026-08-30,2026-09-28,30,4.7708,17.5354,0.9624,-3.6583
AP_005,AP,Kakinada,GFS ENSEMBLE,temperature_c,72,2026-08-30,2026-09-28,30,0.9701,1.1691,0.727,0.4282
AP_005,AP,Kakinada,GFS ENSEMBLE,wind_speed_kmh,72,2026-08-30,2026-09-28,30,2.2786,2.6999,0.5775,0.4362
AP_005,AP,Kakinada,AIFS,rainfall_mm,72,2026-08-30,2026-09-28,30,1.8608,4.353,0.9971,0.4657
AP_005,AP,Kakinada,AIFS,temperature_c,72,2026-08-30,2026-09-28,30,0.9525,1.12,0.6796,-0.1038
AP_005,AP,Kakinada,AIFS,wind_speed_kmh,72,2026-08-30,2026-09-28,30,1.8737,2.2564,0.8262,-0.5018
AP_005,AP,Kakinada,IFS,rainfall_mm,72,2026-08-30,2026-09-28,30,3.929,11.7132,0.9908,1.4787
AP_005,AP,Kakinada,IFS,temperature_c,72,2026-08-30,2026-09-28,30,1.1573,1.377,0.6239,0.6358
AP_005,AP,Kakinada,IFS,wind_speed_kmh,72,2026-08-30,2026-09-28,30,1.9747,2.5976,0.7151,0.4432
AR_006,AR,Itanagar,NCEP GFS,rainfall_mm,24,2026-08-30,2026-09-28,30,1.9805,4.287,0.9946,0.8361
AR_006,AR,Itanagar,NCEP GFS,temperature_c,24,2026-08-30,2026-09-28,30,1.3032,1.5936,0.6623,0.4156
AR_006,AR,Itanagar,NCEP GFS,wind_speed_kmh,24,2026-08-30,2026-09-28,30,1.9683,2.445,0.7654,0.5845
AR_006,AR,Itanagar,GFS ENSEMBLE,rainfall_mm,24,2026-08-30,2026-09-28,30,2.52,5.6649,0.9742,-0.3043
AR_006,AR,Itanagar,GFS ENSEMBLE,temperature_c,24,2026-08-30,2026-09-28,30,0.6847,0.7676,0.855,0.0103
AR_006,AR,Itanagar,GFS ENSEMBLE,wind_speed_kmh,24,2026-08-30,2026-09-28,30,1.2631,1.6058,0.859,0.4192
AR_006,AR,Itanagar,AIFS,rainfall_mm,24,2026-08-30,2026-09-28,30,0.8634,1.5586,0.998,0.1477
AR_006,AR,Itanagar,AIFS,temperature_c,24,2026-08-30,2026-09-28,30,0.7329,0.8791,0.8153,-0.2137
AR_006,AR,Itanagar,AIFS,wind_speed_kmh,24,2026-08-30,2026-09-28,30,1.3381,1.5636,0.8675,-0.2462
AR_006,AR,Itanagar,IFS,rainfall_mm,24,2026-08-30,2026-09-28,30,1.8403,4.0556,0.9941,-0.8809
AR_006,AR,Itanagar,IFS,temperature_c,24,2026-08-30,2026-09-28,30,0.5854,0.7126,0.8103,0.2623
AR_006,AR,Itanagar,IFS,wind_speed_kmh,24,2026-08-30,2026-09-28,30,1.2881,1.6606,0.8995,0.2542
AR_006,AR,Itanagar,NCEP GFS,rainfall_mm,48,2026-08-30,2026-09-28,30,3.9447,10.9611,0.9557,-3.3503
AR_006,AR,Itanagar,NCEP GFS,temperature_c,48,2026-08-30,2026-09-28,30,1.1434,1.4411,0.4013,0.0856
AR_006,AR,Itanagar,NCEP GFS,wind_speed_kmh,48,2026-08-30,2026-09-28,30,1.7727,2.3589,0.8872,0.4678
AR_006,AR,Itanagar,GFS ENSEMBLE,rainfall_mm,48,2026-08-30,2026-09-28,30,3.1753,6.9127,0.9858,-2.2696
AR_006,AR,Itanagar,GFS ENSEMBLE,temperature_c,48,2026-08-30,2026-09-28,30,0.6418,0.8039,0.8077,0.2369
AR_006,AR,Itanagar,GFS ENSEMBLE,wind_speed_kmh,48,2026-08-30,2026-09-28,30,1.7406,2.1146,0.8604,-0.3795
AR_006,AR,Itanagar,AIFS,rainfall_mm,48,2026-08-30,2026-09-28,30,2.0241,6.1605,0.9829,-1.0006
AR_006,AR,Itanagar,AIFS,temperature_c,48,2026-08-30,2026-09-28,30,0.7994,1.0126,0.7913,0.0956
AR_006,AR,Itanagar,AIFS,wind_speed_kmh,48,2026-08-30,2026-09-28,30,1.4446,1.8223,0.9091,-0.2665
AR_006,AR,Itanagar,IFS,rainfall_mm,48,2026-08-30,2026-09-28,30,2.2373,4.1989,0.9939,-1.3506
AR_006,AR,Itanagar,IFS,temperature_c,48,2026-08-30,2026-09-28,30,0.6449,0.7897,0.8425,-0.0431
AR_006,AR,Itanagar,IFS,wind_speed_kmh,48,2026-08-30,2026-09-28,30,1.7275,2.1318,0.8521,0.8628
AR_006,AR,Itanagar,NCEP GFS,rainfall_mm,72,2026-08-30,2026-09-28,30,2.3341,5.1797,0.9773,-1.1986
AR_006,AR,Itanagar,NCEP GFS,temperature_c,72,2026-08-30,2026-09-28,30,1.5145,1.8699,0.5096,0.5609
AR_006,AR,Itanagar,NCEP GFS,wind_speed_kmh,72,2026-08-30,2026-09-28,30,2.2446,2.9362,0.6973,1.1062
AR_006,AR,Itanagar,GFS ENSEMBLE,rainfall_mm,72,2026-08-30,2026-09-28,30,2.7217,6.4956,0.9823,-2.2849
AR_006,AR,Itanagar,GFS ENSEMBLE,temperature_c,72,2026-08-30,2026-09-28,30,1.1234,1.3179,0.5724,0.0693
AR_006,AR,Itanagar,GFS ENSEMBLE,wind_speed_kmh,72,2026-08-30,2026-09-28,30,1.6031,2.0903,0.8227,0.5708
AR_006,AR,Itanagar,AIFS,rainfall_mm,72,2026-08-30,2026-09-28,30,1.623,3.4471,0.9954,0.2404
AR_006,AR,Itanagar,AIFS,temperature_c,72,2026-08-30,2026-09-28,30,1.1352,1.3747,0.7873,-0.0371
AR_006,AR,Itanagar,AIFS,wind_speed_kmh,72,2026-08-30,2026-09-28,30,1.9483,2.2979,0.8094,0.3088
AR_006,AR,Itanagar,IFS,rainfall_mm,72,2026-08-30,2026-09-28,30,1.2901,2.5779,0.9959,-0.1986
AR_006,AR,Itanagar,IFS,temperature_c,72,2026-08-30,2026-09-28,30,0.8165,1.0536,0.6969,0.1343
AR_006,AR,Itanagar,IFS,wind_speed_kmh,72,2026-08-30,2026-09-28,30,1.7678,2.3033,0.7405,0.2532
AR_007,AR,Naharlagun,NCEP GFS,rainfall_mm,24,2026-08-30,2026-09-28,30,1.481,2.4024,0.9391,0.09
AR_007,AR,Naharlagun,NCEP GFS,temperature_c,24,2026-08-30,2026-09-28,30,1.1262,1.4563,0.7919,0.3318
AR_007,AR,Naharlagun,NCEP GFS,wind_speed_kmh,24,2026-08-30,2026-09-28,30,1.8014,2.2442,0.7959,0.1135
AR_007,AR,Naharlagun,GFS ENSEMBLE,rainfall_mm,24,2026-08-30,2026-09-28,30,1.3005,2.4081,0.9255,-0.461
AR_007,AR,Naharlagun,GFS ENSEMBLE,temperature_c,24,2026-08-30,2026-09-28,30,0.6745,0.7683,0.8567,0.1488
AR_007,AR,Naharlagun,GFS ENSEMBLE,wind_speed_kmh,24,2026-08-30,2026-09-28,30,1.3975,1.8168,0.8282,0.3455
AR_007,AR,Naharlagun,AIFS,rainfall_mm,24,2026-08-30,2026-09-28,30,1.0146,1.7277,0.9822,0.6193
AR_007,AR,Naharlagun,AIFS,temperature_c,24,2026-08-30,2026-09-28,30,0.6671,0.8006,0.8416,-0.0212
AR_007,AR,Naharlagun,AIFS,wind_speed_kmh,24,2026-08-30,2026-09-28,30,1.2785,1.5404,0.8807,0.1018
AR_007,AR,Naharlagun,IFS,rainfall_mm,24,2026-08-30,2026-09-28,30,0.7981,1.413,0.9735,-0.028
AR_007,AR,Naharlagun,IFS,temperature_c,24,2026-08-30,2026-09-28,30,0.6741,0.847,0.8315,0.1632
AR_007,AR,Naharlagun,IFS,wind_speed_kmh,24,2026-08-30,2026-09-28,30,1.2035,1.5859,0.8462,0.0302
AR_007,AR,Naharlagun,NCEP GFS,rainfall_mm,48,2026-08-30,2026-09-28,30,1.3527,2.2535,0.9724,0.6043
AR_007,AR,Naharlagun,NCEP GFS,temperature_c,48,2026-08-30,2026-09-28,30,1.0406,1.2349,0.7249,-0.0355
AR_007,AR,Naharlagun,NCEP GFS,wind_speed_kmh,48,2026-08-30,2026-09-28,30,2.1819,2.7856,0.757,0.6798
AR_007,AR,Naharlagun,GFS ENSEMBLE,rainfall_mm,48,2026-08-30,2026-09-28,30,1.3484,2.0231,0.9448,-0.0877
AR_007,AR,Naharlagun,GFS ENSEMBLE,temperature_c,48,2026-08-30,2026-09-28,30,0.9453,1.1721,0.7022,0.3638
AR_007,AR,Naharlagun,GFS ENSEMBLE,wind_speed_kmh,48,2026-08-30,2026-09-28,30,1.7649,2.0908,0.8692,0.0915
AR_007,AR,Naharlagun,AIFS,rainfall_mm,48,2026-08-30,2026-09-28,30,1.1357,2.5011,0.9173,-0.4414
AR_007,AR,Naharlagun,AIFS,temperature_c,48,2026-08-30,2026-09-28,30,0.7664,0.963,0.7766,0.0005
AR_007,AR,Naharlagun,AIFS,wind_speed_kmh,48,2026-08-30,2026-09-28,30,1.8883,2.221,0.7685,0.0288
AR_007,AR,Naharlagun,IFS,rainfall_mm,48,2026-08-30,2026-09-28,30,1.1311,1.9374,0.9535,-0.3104
AR_007,AR,Naharlagun,IFS,temperature_c,48,2026-08-30,2026-09-28,30,0.9196,1.167,0.7397,0.1755
AR_007,AR,Naharlagun,IFS,wind_speed_kmh,48,2026-08-30,2026-09-28,30,1.8966,2.371,0.8333,0.1462
AR_007,AR,Naharlagun,NCEP GFS,rainfall_mm,72,2026-08-30,2026-09-28,30,1.9131,3.2289,0.8666,-0.747
AR_007,AR,Naharlagun,NCEP GFS,temperature_c,72,2026-08-30,2026-09-28,30,1.0864,1.3316,0.6542,0.0035
AR_007,AR,Naharlagun,NCEP GFS,wind_speed_kmh,72,2026-08-30,2026-09-28,30,2.4452,2.9683,0.7089,-0.3352
AR_007,AR,Naharlagun,GFS ENSEMBLE,rainfall_mm,72,2026-08-30,2026-09-28,30,1.0922,1.8037,0.9623,-0.66
AR_007,AR,Naharlagun,GFS ENSEMBLE,temperature_c,72,2026-08-30,2026-09-28,30,0.8345,1.0174,0.7917,-0.0932
AR_007,AR,Naharlagun,GFS ENSEMBLE,wind_speed_kmh,72,2026-08-30,2026-09-28,30,2.5486,3.1085,0.727,0.3578
AR_007,AR,Naharlagun,AIFS,rainfall_mm,72,2026-08-30,2026-09-28,30,1.1003,1.8431,0.9571,0.0603
AR_007,AR,Naharlagun,AIFS,temperature_c,72,2026-08-30,2026-09-28,30,0.8911,1.1112,0.8826,0.4375
AR_007,AR,Naharlagun,AIFS,wind_speed_kmh,72,2026-08-30,2026-09-28,30,2.0523,2.3998,0.7063,-0.3922
AR_007,AR,Naharlagun,IFS,rainfall_mm,72,2026-08-30,2026-09-28,30,1.4531,2.3381,0.9392,0.227
AR_007,AR,Naharlagun,IFS,temperature_c,72,2026-08-30,2026-09-28,30,0.84,1.1266,0.7455,0.4895
AR_007,AR,Naharlagun,IFS,wind_speed_kmh,72,2026-08-30,2026-09-28,30,1.7799,2.0846,0.8417,0.3845
AR_008,AR,Pasighat,NCEP GFS,rainfall_mm,24,2026-08-30,2026-09-28,30,1.0278,1.7917,0.989,0.0378
AR_008,AR,Pasighat,NCEP GFS,temperature_c,24,2026-08-30,2026-09-28,30,1.0775,1.3466,0.6836,0.359
AR_008,AR,Pasighat,NCEP GFS,wind_speed_kmh,24,2026-08-30,2026-09-28,30,1.6555,2.0647,0.811,1.0445
AR_008,AR,Pasighat,GFS ENSEMBLE,rainfall_mm,24,2026-08-30,2026-09-28,30,2.1461,4.2403,0.9476,-1.3718
AR_008,AR,Pasighat,GFS ENSEMBLE,temperature_c,24,2026-08-30,2026-09-28,30,0.8804,1.0709,0.7186,0.252
AR_008,AR,Pasighat,GFS ENSEMBLE,wind_speed_kmh,24,2026-08-30,2026-09-28,30,1.6137,1.9143,0.8529,0.2045
AR_008,AR,Pasighat,AIFS,rainfall_mm,24,2026-08-30,2026-09-28,30,1.432,2.6724,0.9782,-0.2372
AR_008,AR,Pasighat,AIFS,temperature_c,24,2026-08-30,2026-09-28,30,0.6015,0.7786,0.841,-0.1604
AR_008,AR,Pasighat,AIFS,wind_speed_kmh,24,2026-08-30,2026-09-28,30,1.5235,1.8099,0.8169,-0.0121
AR_008,AR,Pasighat,IFS,rainfall_mm,24,2026-08-30,2026-09-28,30,1.5159,3.0188,0.9671,0.0485
AR_008,AR,Pasighat,IFS,temperature_c,24,2026-08-30,2026-09-28,30,0.7694,0.9299,0.756,-0.0124
AR_008,AR,Pasighat,IFS,wind_speed_kmh,24,2026-08-30,2026-09-28,30,1.3836,1.5841,0.8564,-0.3545
AR_008,AR,Pasighat,NCEP GFS,rainfall_mm,48,2026-08-30,2026-09-28,30,2.8548,6.4838,0.8859,-2.1608
AR_008,AR,Pasighat,NCEP GFS,temperature_c,48,2026-08-30,2026-09-28,30,0.9836,1.3587,0.6539,0.0766
AR_008,AR,Pasighat,NCEP GFS,wind_speed_kmh,48,2026-08-30,2026-09-28,30,2.2323,2.7617,0.6668,-0.2878
AR_008,AR,Pasighat,GFS ENSEMBLE,rainfall_mm,48,2026-08-30,2026-09-28,30,2.3257,3.6843,0.9681,-1.7705
AR_008,AR,Pasighat,GFS ENSEMBLE,temperature_c,48,2026-08-30,2026-09-28,30,1.0783,1.2563,0.5947,0.098
AR_008,AR,Pasighat,GFS ENSEMBLE,wind_speed_kmh,48,2026-08-30,2026-09-28,30,1.5843,1.9765,0.7951,0.5089
AR_008,AR,Pasighat,AIFS,rainfall_mm,48,2026-08-30,2026-09-28,30,1.1575,2.0258,0.9852,-0.0432
AR_008,AR,Pasighat,AIFS,temperature_c,48,2026-08-30,2026-09-28,30,0.9029,1.135,0.6578,0.137
AR_008,AR,Pasighat,AIFS,wind_speed_kmh,48,2026-08-30,2026-09-28,30,1.4411,1.6926,0.8202,0.0589
AR_008,AR,Pasighat,IFS,rainfall_mm,48,2026-08-30,2026-09-28,30,1.2962,2.0029,0.9867,-0.3875
AR_008,AR,Pasighat,IFS,temperature_c,48,2026-08-30,2026-09-28,30,0.916,1.1697,0.752,0.244
AR_008,AR,Pasighat,IFS,wind_speed_kmh,48,2026-08-30,2026-09-28,30,1.5953,1.9842,0.8068,0.3249
AR_008,AR,Pasighat,NCEP GFS,rainfall_mm,72,2026-08-30,2026-09-28,30,2.2149,4.107,0.9576,-1.1225
AR_008,AR,Pasighat,NCEP GFS,temperature_c,72,2026-08-30,2026-09-28,30,1.2577,1.5734,0.7192,0.2366
AR_008,AR,Pasighat,NCEP GFS,wind_speed_kmh,72,2026-08-30,2026-09-28,30,2.9053,3.52,0.4954,0.8652
AR_008,AR,Pasighat,GFS ENSEMBLE,rainfall_mm,72,2026-08-30,2026-09-28,30,2.1775,3.9263,0.9481,-1.1515
AR_008,AR,Pasighat,GFS ENSEMBLE,temperature_c,72,2026-08-30,2026-09-28,30,1.0045,1.24,0.7199,0.1336
AR_008,AR,Pasighat,GFS ENSEMBLE,wind_speed_kmh,72,2026-08-30,2026-09-28,30,2.0418,2.4783,0.6876,0.6715
AR_008,AR,Pasighat,AIFS,rainfall_mm,72,2026-08-30,2026-09-28,30,2.1332,4.4747,0.9264,-0.6848
AR_008,AR,Pasighat,AIFS,temperature_c,72,2026-08-30,2026-09-28,30,0.9159,1.0693,0.8036,-0.06
AR_008,AR,Pasighat,AIFS,wind_speed_kmh,72,2026-08-30,2026-09-28,30,2.0096,2.4079,0.6891,-0.3151
AR_008,AR,Pasighat,IFS,rainfall_mm,72,2026-08-30,2026-09-28,30,1.5304,2.4068,0.9806,0.3978
AR_008,AR,Pasighat,IFS,temperature_c,72,2026-08-30,2026-09-28,30,1.0262,1.2508,0.7479,0.2756
AR_008,AR,Pasighat,IFS,wind_speed_kmh,72,2026-08-30,2026-09-28,30,1.7076,2.2314,0.7926,0.2619
AR_009,AR,Tawang,NCEP GFS,rainfall_mm,24,2026-08-30,2026-09-28,30,1.9693,3.6745,0.9677,-1.1029
AR_009,AR,Tawang,NCEP GFS,temperature_c,24,2026-08-30,2026-09-28,30,0.9386,1.1385,0.6661,0.1646
AR_009,AR,Tawang,NCEP GFS,wind_speed_kmh,24,2026-08-30,2026-09-28,30,1.4823,1.8042,0.9333,1.0447
AR_009,AR,Tawang,GFS ENSEMBLE,rainfall_mm,24,2026-08-30,2026-09-28,30,1.6779,3.1138,0.9716,-0.9499
AR_009,AR,Tawang,GFS ENSEMBLE,temperature_c,24,2026-08-30,2026-09-28,30,0.8035,0.9796,0.5851,0.1869
AR_009,AR,Tawang,GFS ENSEMBLE,wind_speed_kmh,24,2026-08-30,2026-09-28,30,1.261,1.5466,0.9081,0.127
AR_009,AR,Tawang,AIFS,rainfall_mm,24,2026-08-30,2026-09-28,30,1.6571,3.8912,0.9418,-0.1816
AR_009,AR,Tawang,AIFS,temperature_c,24,2026-08-30,2026-09-28,30,0.6181,0.7929,0.8048,-0.0904
AR_009,AR,Tawang,AIFS,wind_speed_kmh,24,2026-08-30,2026-09-28,30,1.3022,1.568,0.9095,-0.4956
AR_009,AR,Tawang,IFS,rainfall_mm,24,2026-08-30,2026-09-28,30,1.0123,1.8726,0.9865,-0.1222
AR_009,AR,Tawang,IFS,temperature_c,24,2026-08-30,2026-09-28,30,0.8568,1.0883,0.5884,0.1753
AR_009,AR,Tawang,IFS,wind_speed_kmh,24,2026-08-30,2026-09-28,30,1.51,1.8062,0.9008,-0.1613
AR_009,AR,Tawang,NCEP GFS,rainfall_mm,48,2026-08-30,2026-09-28,30,2.0388,4.863,0.91,-0.7129
AR_009,AR,Tawang,NCEP GFS,temperature_c,48,2026-08-30,2026-09-28,30,1.3204,1.5633,0.6562,0.6123
AR_009,AR,Tawang,NCEP GFS,wind_speed_kmh,48,2026-08-30,2026-09-28,30,2.5457,3.0666,0.7802,0.6454
AR_009,AR,Tawang,GFS ENSEMBLE,rainfall_mm,48,2026-08-30,2026-09-28,30,1.9489,4.0201,0.9424,-0.7966
AR_009,AR,Tawang,GFS ENSEMBLE,temperature_c,48,2026-08-30,2026-09-28,30,0.9782,1.1899,0.5969,0.2766
AR_009,AR,Tawang,GFS ENSEMBLE,wind_speed_kmh,48,2026-08-30,2026-09-28,30,1.4476,1.7529,0.8731,0.3327
AR_009,AR,Tawang,AIFS,rainfall_mm,48,2026-08-30,2026-09-28,30,1.5677,2.5948,0.9799,0.3234
AR_009,AR,Tawang,AIFS,temperature_c,48,2026-08-30,2026-09-28,30,0.7419,0.9016,0.6813,0.1439
AR_009,AR,Tawang,AIFS,wind_speed_kmh,48,2026-08-30,2026-09-28,30,1.4388,1.8666,0.875,0.2154
AR_009,AR,Tawang,IFS,rainfall_mm,48,2026-08-30,2026-09-28,30,1.2019,2.0611,0.9857,-0.3466
AR_009,AR,Tawang,IFS,temperature_c,48,2026-08-30,2026-09-28,30,0.8134,1.0166,0.7299,0.2393
AR_009,AR,Tawang,IFS,wind_speed_kmh,48,2026-08-30,2026-09-28,30,1.3343,1.6893,0.9216,0.7094
AR_009,AR,Tawang,NCEP GFS,rainfall_mm,72,2026-08-30,2026-09-28,30,2.4778,4.5836,0.9289,-0.8756
AR_009,AR,Tawang,NCEP GFS,temperature_c,72,2026-08-30,2026-09-28,30,1.6337,1.9635,0.6155,0.7379
AR_009,AR,Tawang,NCEP GFS,wind_speed_kmh,72,2026-08-30,2026-09-28,30,2.4817,3.1029,0.7293,0.3567
AR_009,AR,Tawang,GFS ENSEMBLE,rainfall_mm,72,2026-08-30,2026-09-28,30,1.9417,3.3477,0.961,-0.5849
AR_009,AR,Tawang,GFS ENSEMBLE,temperature_c,72,2026-08-30,2026-09-28,30,1.0468,1.2222,0.3613,0.0713
AR_009,AR,Tawang,GFS ENSEMBLE,wind_speed_kmh,72,2026-08-30,2026-09-28,30,1.6006,1.9796,0.8586,0.388
AR_009,AR,Tawang,AIFS,rainfall_mm,72,2026-08-30,2026-09-28,30,1.8379,4.8683,0.9729,1.1294
AR_009,AR,Tawang,AIFS,temperature_c,72,2026-08-30,2026-09-28,30,0.9004,1.1209,0.828,-0.3457
AR_009,AR,Tawang,AIFS,wind_speed_kmh,72,2026-08-30,2026-09-28,30,1.4375,1.8497,0.8601,0.263
AR_009,AR,Tawang,IFS,rainfall_mm,72,2026-08-30,2026-09-28,30,2.1976,3.884,0.9423,-0.3489
AR_009,AR,Tawang,IFS,temperature_c,72,2026-08-30,2026-09-28,30,1.1173,1.3477,0.7483,-0.3961
AR_009,AR,Tawang,IFS,wind_speed_kmh,72,2026-08-30,2026-09-28,30,2.2671,2.7475,0.7439,0.1277
AR_010,AR,Ziro,NCEP GFS,rainfall_mm,24,2026-08-30,2026-09-28,30,1.4522,2.5628,0.9928,-0.726
AR_010,AR,Ziro,NCEP GFS,temperature_c,24,2026-08-30,2026-09-28,30,0.8736,1.1875,0.8114,0.0939
AR_010,AR,Ziro,NCEP GFS,wind_speed_kmh,24,2026-08-30,2026-09-28,30,1.8211,2.3346,0.6946,0.0203
AR_010,AR,Ziro,GFS ENSEMBLE,rainfall_mm,24,2026-08-30,2026-09-28,30,0.9373,1.6166,0.9947,-0.3813
AR_010,AR,Ziro,GFS ENSEMBLE,temperature_c,24,2026-08-30,2026-09-28,30,0.7035,0.8687,0.8458,0.1376
AR_010,AR,Ziro,GFS ENSEMBLE,wind_speed_kmh,24,2026-08-30,2026-09-28,30,1.7119,1.953,0.8591,0.1237
AR_010,AR,Ziro,AIFS,rainfall_mm,24,2026-08-30,2026-09-28,30,1.6916,3.6172,0.9722,-0.0843
AR_010,AR,Ziro,AIFS,temperature_c,24,2026-08-30,2026-09-28,30,0.5269,0.6928,0.8493,0.0616
AR_010,AR,Ziro,AIFS,wind_speed_kmh,24,2026-08-30,2026-09-28,30,1.2754,1.6978,0.8575,-0.5363
AR_010,AR,Ziro,IFS,rainfall_mm,24,2026-08-30,2026-09-28,30,0.8599,1.5581,0.9979,0.3144
AR_010,AR,Ziro,IFS,temperature_c,24,2026-08-30,2026-09-28,30,0.6504,0.8048,0.8565,-0.0801
AR_010,AR,Ziro,IFS,wind_speed_kmh,24,2026-08-30,2026-09-28,30,0.9271,1.1272,0.9495,-0.2527
AR_010,AR,Ziro,NCEP GFS,rainfall_mm,48,2026-08-30,2026-09-28,30,1.9231,3.6431,0.9844,-0.2936
AR_010,AR,Ziro,NCEP GFS,temperature_c,48,2026-08-30,2026-09-28,30,1.0867,1.4007,0.6851,-0.0304
AR_010,AR,Ziro,NCEP GFS,wind_speed_kmh,48,2026-08-30,2026-09-28,30,1.7722,2.3017,0.8043,0.2173
AR_010,AR,Ziro,GFS ENSEMBLE,rainfall_mm,48,2026-08-30,2026-09-28,30,2.2769,8.4604,0.8575,-1.832
AR_010,AR,Ziro,GFS ENSEMBLE,temperature_c,48,2026-08-30,2026-09-28,30,0.8709,1.1166,0.783,-0.0767
AR_010,AR,Ziro,GFS ENSEMBLE,wind_speed_kmh,48,2026-08-30,2026-09-28,30,1.582,1.9225,0.8646,-0.04
AR_010,AR,Ziro,AIFS,rainfall_mm,48,2026-08-30,2026-09-28,30,1.5928,2.8743,0.9904,-0.9216
AR_010,AR,Ziro,AIFS,temperature_c,48,2026-08-30,2026-09-28,30,0.9074,1.056,0.7839,-0.0457
AR_010,AR,Ziro,AIFS,wind_speed_kmh,48,2026-08-30,2026-09-28,30,1.2651,1.6028,0.8439,-0.06
AR_010,AR,Ziro,IFS,rainfall_mm,48,2026-08-30,2026-09-28,30,1.4161,3.304,0.9887,-0.748
AR_010,AR,Ziro,IFS,temperature_c,48,2026-08-30,2026-09-28,30,0.706,0.8708,0.8297,-0.0144
AR_010,AR,Ziro,IFS,wind_speed_kmh,48,2026-08-30,2026-09-28,30,1.7604,2.1013,0.8355,0.7717
AR_010,AR,Ziro,NCEP GFS,rainfall_mm,72,2026-08-30,2026-09-28,30,2.2869,5.418,0.9545,-1.0606
AR_010,AR,Ziro,NCEP GFS,temperature_c,72,2026-08-30,2026-09-28,30,1.4183,1.6817,0.5887,0.0539
AR_010,AR,Ziro,NCEP GFS,wind_speed_kmh,72,2026-08-30,2026-09-28,30,2.4722,3.2238,0.7616,0.4037
AR_010,AR,Ziro,GFS ENSEMBLE,rainfall_mm,72,2026-08-30,2026-09-28,30,2.2989,5.3783,0.9496,-0.7243
AR_010,AR,Ziro,GFS ENSEMBLE,temperature_c,72,2026-08-30,2026-09-28,30,0.9518,1.2322,0.7846,-0.0071
AR_010,AR,Ziro,GFS ENSEMBLE,wind_speed_kmh,72,2026-08-30,2026-09-28,30,1.9469,2.3756,0.7739,-0.0587
AR_010,AR,Ziro,AIFS,rainfall_mm,72,2026-08-30,2026-09-28,30,1.9441,4.232,0.9799,-0.9793
AR_010,AR,Ziro,AIFS,temperature_c,72,2026-08-30,2026-09-28,30,1.0,1.2215,0.6584,-0.0737
AR_010,AR,Ziro,AIFS,wind_speed_kmh,72,2026-08-30,2026-09-28,30,2.2816,2.8014,0.6659,0.268
AR_010,AR,Ziro,IFS,rainfall_mm,72,2026-08-30,2026-09-28,30,1.1442,2.6744,0.9951,0.721
AR_010,AR,Ziro,IFS,temperature_c,72,2026-08-30,2026-09-28,30,1.2485,1.5316,0.6867,0.1549
AR_010,AR,Ziro,IFS,wind_speed_kmh,72,2026-08-30,2026-09-28,30,1.729,2.1481,0.838,-0.218
AS_011,AS,Guwahati,NCEP GFS,rainfall_mm,24,2026-08-30,2026-09-28,30,1.6476,3.328,0.993,0.1067
AS_011,AS,Guwahati,NCEP GFS,temperature_c,24,2026-08-30,2026-09-28,30,1.0899,1.3093,0.7547,0.1215
AS_011,AS,Guwahati,NCEP GFS,wind_speed_kmh,24,2026-08-30,2026-09-28,30,1.5742,1.8931,0.8316,0.0534
AS_011,AS,Guwahati,GFS ENSEMBLE,rainfall_mm,24,2026-08-30,2026-09-28,30,1.7577,3.2888,0.988,-1.1306
AS_011,AS,Guwahati,GFS ENSEMBLE,temperature_c,24,2026-08-30,2026-09-28,30,0.5527,0.7232,0.8643,0.1665
AS_011,AS,Guwahati,GFS ENSEMBLE,wind_speed_kmh,24,2026-08-30,2026-09-28,30,1.1979,1.4526,0.8976,0.4147
AS_011,AS,Guwahati,AIFS,rainfall_mm,24,2026-08-30,2026-09-28,30,2.3187,8.9961,0.8962,-1.7466
AS_011,AS,Guwahati,AIFS,temperature_c,24,2026-08-30,2026-09-28,30,0.5472,0.6803,0.9124,-0.0885
AS_011,AS,Guwahati,AIFS,wind_speed_kmh,24,2026-08-30,2026-09-28,30,1.1321,1.4207,0.8842,-0.2813
AS_011,AS,Guwahati,IFS,rainfall_mm,24,2026-08-30,2026-09-28,30,1.3711,3.2206,0.9934,0.4071
AS_011,AS,Guwahati,IFS,temperature_c,24,2026-08-30,2026-09-28,30,0.5683,0.6604,0.9055,0.1235
AS_011,AS,Guwahati,IFS,wind_speed_kmh,24,2026-08-30,2026-09-28,30,1.0129,1.3133,0.9138,0.064
AS_011,AS,Guwahati,NCEP GFS,rainfall_mm,48,2026-08-30,2026-09-28,30,2.5047,5.6623,0.9702,-1.6389
AS_011,AS,Guwahati,NCEP GFS,temperature_c,48,2026-08-30,2026-09-28,30,1.5682,1.9095,0.6744,0.1939
AS_011,AS,Guwahati,NCEP GFS,wind_speed_kmh,48,2026-08-30,2026-09-28,30,2.4059,2.9532,0.7554,1.41
AS_011,AS,Guwahati,GFS ENSEMBLE,rainfall_mm,48,2026-08-30,2026-09-28,30,2.2516,5.3874,0.9793,-1.8606
AS_011,AS,Guwahati,GFS ENSEMBLE,temperature_c,48,2026-08-30,2026-09-28,30,0.6661,0.814,0.837,-0.0208
AS_011,AS,Guwahati,GFS ENSEMBLE,wind_speed_kmh,48,2026-08-30,2026-09-28,30,1.9378,2.321,0.7856,-0.0766
AS_011,AS,Guwahati,AIFS,rainfall_mm,48,2026-08-30,2026-09-28,30,2.3427,6.9676,0.9339,-1.3216
AS_011,AS,Guwahati,AIFS,temperature_c,48,2026-08-30,2026-09-28,30,0.761,0.917,0.8488,-0.0188
AS_011,AS,Guwahati,AIFS,wind_speed_kmh,48,2026-08-30,2026-09-28,30,1.6968,1.9867,0.8404,0.2937
AS_011,AS,Guwahati,IFS,rainfall_mm,48,2026-08-30,2026-09-28,30,1.265,2.7404,0.9941,-0.5609
AS_011,AS,Guwahati,IFS,temperature_c,48,2026-08-30,2026-09-28,30,0.8694,1.0788,0.7247,0.3095
AS_011,AS,Guwahati,IFS,wind_speed_kmh,48,2026-08-30,2026-09-28,30,1.754,2.3829,0.786,-0.0563
AS_011,AS,Guwahati,NCEP GFS,rainfall_mm,72,2026-08-30,2026-09-28,30,2.4244,5.7604,0.9743,-1.5866
AS_011,AS,Guwahati,NCEP GFS,temperature_c,72,2026-08-30,2026-09-28,30,1.5759,1.8446,0.5874,0.6355
AS_011,AS,Guwahati,NCEP GFS,wind_speed_kmh,72,2026-08-30,2026-09-28,30,2.5453,3.144,0.6725,0.1424
AS_011,AS,Guwahati,GFS ENSEMBLE,rainfall_mm,72,2026-08-30,2026-09-28,30,3.3071,7.8608,0.888,-1.6849
AS_011,AS,Guwahati,GFS ENSEMBLE,temperature_c,72,2026-08-30,2026-09-28,30,1.0798,1.243,0.8702,0.5955
AS_011,AS,Guwahati,GFS ENSEMBLE,wind_speed_kmh,72,2026-08-30,2026-09-28,30,1.8209,2.2148,0.7675,0.375
AS_011,AS,Guwahati,AIFS,rainfall_mm,72,2026-08-30,2026-09-28,30,2.3979,5.9295,0.9829,-1.5809
AS_011,AS,Guwahati,AIFS,temperature_c,72,2026-08-30,2026-09-28,30,0.8757,1.0616,0.6844,0.1655
AS_011,AS,Guwahati,AIFS,wind_speed_kmh,72,2026-08-30,2026-09-28,30,1.5546,1.8303,0.8451,0.4154
AS_011,AS,Guwahati,IFS,rainfall_mm,72,2026-08-30,2026-09-28,30,1.3303,2.3321,0.9909,-0.1619
AS_011,AS,Guwahati,IFS,temperature_c,72,2026-08-30,2026-09-28,30,0.872,1.1434,0.7981,0.2469
AS_011,AS,Guwahati,IFS,wind_speed_kmh,72,2026-08-30,2026-09-28,30,1.6879,2.4116,0.7488,-0.1896
AS_012,AS,Silchar,NCEP GFS,rainfall_mm,24,2026-08-30,2026-09-28,30,1.0407,2.5726,0.9917,-0.8259
AS_012,AS,Silchar,NCEP GFS,temperature_c,24,2026-08-30,2026-09-28,30,1.1394,1.3912,0.8329,0.2992
AS_012,AS,Silchar,NCEP GFS,wind_speed_kmh,24,2026-08-30,2026-09-28,30,1.6617,2.2243,0.8049,0.3847
AS_012,AS,Silchar,GFS ENSEMBLE,rainfall_mm,24,2026-08-30,2026-09-28,30,0.7354,1.4279,0.9922,0.0401
AS_012,AS,Silchar,GFS ENSEMBLE,temperature_c,24,2026-08-30,2026-09-28,30,0.7163,0.9254,0.8863,0.0892
AS_012,AS,Silchar,GFS ENSEMBLE,wind_speed_kmh,24,2026-08-30,2026-09-28,30,1.1424,1.4701,0.9087,0.0214
AS_012,AS,Silchar,AIFS,rainfall_mm,24,2026-08-30,2026-09-28,30,0.9361,2.6204,0.9849,-0.3846
AS_012,AS,Silchar,AIFS,temperature_c,24,2026-08-30,2026-09-28,30,0.5961,0.7654,0.8734,-0.2378
AS_012,AS,Silchar,AIFS,wind_speed_kmh,24,2026-08-30,2026-09-28,30,1.2786,1.5452,0.861,-0.1569
AS_012,AS,Silchar,IFS,rainfall_mm,24,2026-08-30,2026-09-28,30,0.9538,2.6883,0.9789,-0.2503
AS_012,AS,Silchar,IFS,temperature_c,24,2026-08-30,2026-09-28,30,0.7385,0.9104,0.8019,-0.2085
AS_012,AS,Silchar,IFS,wind_speed_kmh,24,2026-08-30,2026-09-28,30,1.5375,1.7626,0.8759,0.6707
AS_012,AS,Silchar,NCEP GFS,rainfall_mm,48,2026-08-30,2026-09-28,30,2.1488,6.8035,0.831,-1.3206
AS_012,AS,Silchar,NCEP GFS,temperature_c,48,2026-08-30,2026-09-28,30,1.1253,1.4614,0.6797,0.4918
AS_012,AS,Silchar,NCEP GFS,wind_speed_kmh,48,2026-08-30,2026-09-28,30,2.1723,2.5632,0.7124,0.5711
AS_012,AS,Silchar,GFS ENSEMBLE,rainfall_mm,48,2026-08-30,2026-09-28,30,1.3897,2.8962,0.9756,-0.6006
AS_012,AS,Silchar,GFS ENSEMBLE,temperature_c,48,2026-08-30,2026-09-28,30,1.0454,1.2148,0.7586,0.1028
AS_012,AS,Silchar,GFS ENSEMBLE,wind_speed_kmh,48,2026-08-30,2026-09-28,30,1.5468,1.8891,0.8383,0.0247
AS_012,AS,Silchar,AIFS,rainfall_mm,48,2026-08-30,2026-09-28,30,1.5587,3.3675,0.9686,0.6221
AS_012,AS,Silchar,AIFS,temperature_c,48,2026-08-30,2026-09-28,30,0.774,0.9449,0.8571,0.0002
AS_012,AS,Silchar,AIFS,wind_speed_kmh,48,2026-08-30,2026-09-28,30,1.2849,1.6656,0.8798,-0.2919
AS_012,AS,Silchar,IFS,rainfall_mm,48,2026-08-30,2026-09-28,30,1.1779,2.2446,0.9866,0.2164
AS_012,AS,Silchar,IFS,temperature_c,48,2026-08-30,2026-09-28,30,0.8339,1.0137,0.8504,0.0782
AS_012,AS,Silchar,IFS,wind_speed_kmh,48,2026-08-30,2026-09-28,30,1.6407,2.1659,0.8192,0.3854
AS_012,AS,Silchar,NCEP GFS,rainfall_mm,72,2026-08-30,2026-09-28,30,0.8565,1.8978,0.9908,-0.6286
AS_012,AS,Silchar,NCEP GFS,temperature_c,72,2026-08-30,2026-09-28,30,1.4277,1.726,0.6397,0.3202
AS_012,AS,Silchar,NCEP GFS,wind_speed_kmh,72,2026-08-30,2026-09-28,30,2.5508,3.1325,0.7275,1.2517
AS_012,AS,Silchar,GFS ENSEMBLE,rainfall_mm,72,2026-08-30,2026-09-28,30,1.6123,4.4674,0.9461,-0.8509
AS_012,AS,Silchar,GFS ENSEMBLE,temperature_c,72,2026-08-30,2026-09-28,30,1.2285,1.662,0.5912,0.5685
AS_012,AS,Silchar,GFS ENSEMBLE,wind_speed_kmh,72,2026-08-30,2026-09-28,30,1.7307,2.2637,0.8026,-0.1179
AS_012,AS,Silchar,AIFS,rainfall_mm,72,2026-08-30,2026-09-28,30,1.9874,3.3682,0.9522,0.1941
AS_012,AS,Silchar,AIFS,temperature_c,72,2026-08-30,2026-09-28,30,0.9486,1.1828,0.7436,-0.1035
AS_012,AS,Silchar,AIFS,wind_speed_kmh,72,2026-08-30,2026-09-28,30,1.5865,1.8976,0.8259,0.0607
AS_012,AS,Silchar,IFS,rainfall_mm,72,2026-08-30,2026-09-28,30,1.4793,2.9457,0.9792,-0.6749
AS_012,AS,Silchar,IFS,temperature_c,72,2026-08-30,2026-09-28,30,0.9284,1.1501,0.7302,0.0462
AS_012,AS,Silchar,IFS,wind_speed_kmh,72,2026-08-30,2026-09-28,30,1.3684,1.863,0.8258,0.4901
AS_013,AS,Dibrugarh,NCEP GFS,rainfall_mm,24,2026-08-30,2026-09-28,30,2.2997,4.7246,0.9438,0.6124
AS_013,AS,Dibrugarh,NCEP GFS,temperature_c,24,2026-08-30,2026-09-28,30,1.0756,1.2571,0.6676,0.2487
AS_013,AS,Dibrugarh,NCEP GFS,wind_speed_kmh,24,2026-08-30,2026-09-28,30,2.0223,2.5002,0.7626,0.376
AS_013,AS,Dibrugarh,GFS ENSEMBLE,rainfall_mm,24,2026-08-30,2026-09-28,30,2.9015,5.3718,0.9782,-2.8243
AS_013,AS,Dibrugarh,GFS ENSEMBLE,temperature_c,24,2026-08-30,2026-09-28,30,0.8055,1.0104,0.7505,-0.1973
AS_013,AS,Dibrugarh,GFS ENSEMBLE,wind_speed_kmh,24,2026-08-30,2026-09-28,30,1.3555,1.831,0.8901,0.2597
AS_013,AS,Dibrugarh,AIFS,rainfall_mm,24,2026-08-30,2026-09-28,30,1.6219,4.0951,0.9548,0.0444
AS_013,AS,Dibrugarh,AIFS,temperature_c,24,2026-08-30,2026-09-28,30,0.714,0.9067,0.7121,-0.3916
AS_013,AS,Dibrugarh,AIFS,wind_speed_kmh,24,2026-08-30,2026-09-28,30,1.1716,1.5216,0.8732,-0.1716
AS_013,AS,Dibrugarh,IFS,rainfall_mm,24,2026-08-30,2026-09-28,30,1.4998,3.0428,0.9789,-0.3786
AS_013,AS,Dibrugarh,IFS,temperature_c,24,2026-08-30,2026-09-28,30,0.7582,0.933,0.7399,-0.0723
AS_013,AS,Dibrugarh,IFS,wind_speed_kmh,24,2026-08-30,2026-09-28,30,1.359,1.6341,0.8157,-0.2173
AS_013,AS,Dibrugarh,NCEP GFS,rainfall_mm,48,2026-08-30,2026-09-28,30,2.5353,5.8507,0.9396,-2.0566
AS_013,AS,Dibrugarh,NCEP GFS,temperature_c,48,2026-08-30,2026-09-28,30,1.2959,1.598,0.6728,0.176
AS_013,AS,Dibrugarh,NCEP GFS,wind_speed_kmh,48,2026-08-30,2026-09-28,30,2.8814,3.472,0.4313,0.8524
AS_013,AS,Dibrugarh,GFS ENSEMBLE,rainfall_mm,48,2026-08-30,2026-09-28,30,1.4131,2.4869,0.9854,-0.833
AS_013,AS,Dibrugarh,GFS ENSEMBLE,temperature_c,48,2026-08-30,2026-09-28,30,0.8694,1.0772,0.7207,0.183
AS_013,AS,Dibrugarh,GFS ENSEMBLE,wind_speed_kmh,48,2026-08-30,2026-09-28,30,2.0008,2.5111,0.8128,0.7677
AS_013,AS,Dibrugarh,AIFS,rainfall_mm,48,2026-08-30,2026-09-28,30,1.964,3.2906,0.9714,-0.0396
AS_013,AS,Dibrugarh,AIFS,temperature_c,48,2026-08-30,2026-09-28,30,0.7649,0.8972,0.8213,0.2394
AS_013,AS,Dibrugarh,AIFS,wind_speed_kmh,48,2026-08-30,2026-09-28,30,1.8435,2.171,0.8317,-0.3783
AS_013,AS,Dibrugarh,IFS,rainfall_mm,48,2026-08-30,2026-09-28,30,1.3953,2.3577,0.9855,-0.248
AS_013,AS,Dibrugarh,IFS,temperature_c,48,2026-08-30,2026-09-28,30,0.8327,1.0413,0.7616,0.1514
AS_013,AS,Dibrugarh,IFS,wind_speed_kmh,48,2026-08-30,2026-09-28,30,1.4463,1.915,0.7673,0.3027
AS_013,AS,Dibrugarh,NCEP GFS,rainfall_mm,72,2026-08-30,2026-09-28,30,3.1745,5.5486,0.9224,-1.56
AS_013,AS,Dibrugarh,NCEP GFS,temperature_c,72,2026-08-30,2026-09-28,30,1.5546,2.0886,0.3095,0.301
AS_013,AS,Dibrugarh,NCEP GFS,wind_speed_kmh,72,2026-08-30,2026-09-28,30,2.2336,2.9851,0.7948,0.9197
AS_013,AS,Dibrugarh,GFS ENSEMBLE,rainfall_mm,72,2026-08-30,2026-09-28,30,2.6631,4.1555,0.9603,-0.7713
AS_013,AS,Dibrugarh,GFS ENSEMBLE,temperature_c,72,2026-08-30,2026-09-28,30,1.2454,1.4307,0.6308,0.5717
AS_013,AS,Dibrugarh,GFS ENSEMBLE,wind_speed_kmh,72,2026-08-30,2026-09-28,30,1.694,2.0497,0.7771,0.5754
AS_013,AS,Dibrugarh,AIFS,rainfall_mm,72,2026-08-30,2026-09-28,30,2.5457,4.6753,0.9478,-0.4713
AS_013,AS,Dibrugarh,AIFS,temperature_c,72,2026-08-30,2026-09-28,30,1.1528,1.377,0.5933,0.2054
AS_013,AS,Dibrugarh,AIFS,wind_speed_kmh,72,2026-08-30,2026-09-28,30,2.0282,2.3973,0.7054,0.5814
AS_013,AS,Dibrugarh,IFS,rainfall_mm,72,2026-08-30,2026-09-28,30,3.7353,8.869,0.7755,-1.7323
AS_013,AS,Dibrugarh,IFS,temperature_c,72,2026-08-30,2026-09-28,30,1.0175,1.2342,0.723,0.0617
AS_013,AS,Dibrugarh,IFS,wind_speed_kmh,72,2026-08-30,2026-09-28,30,1.7464,2.2362,0.7392,-0.2283
AS_014,AS,Jorhat,NCEP GFS,rainfall_mm,24,2026-08-30,2026-09-28,30,0.8474,2.1561,0.9625,0.6685
AS_014,AS,Jorhat,NCEP GFS,temperature_c,24,2026-08-30,2026-09-28,30,1.1707,1.3457,0.7804,-0.038
AS_014,AS,Jorhat,NCEP GFS,wind_speed_kmh,24,2026-08-30,2026-09-28,30,1.7914,2.1257,0.8542,0.0869
AS_014,AS,Jorhat,GFS ENSEMBLE,rainfall_mm,24,2026-08-30,2026-09-28,30,0.6979,1.1642,0.9716,-0.2705
AS_014,AS,Jorhat,GFS ENSEMBLE,temperature_c,24,2026-08-30,2026-09-28,30,0.75,0.8763,0.7431,-0.0113
AS_014,AS,Jorhat,GFS ENSEMBLE,wind_speed_kmh,24,2026-08-30,2026-09-28,30,1.3729,1.8423,0.8769,0.5449
AS_014,AS,Jorhat,AIFS,rainfall_mm,24,2026-08-30,2026-09-28,30,0.7063,1.1355,0.9708,0.1518
AS_014,AS,Jorhat,AIFS,temperature_c,24,2026-08-30,2026-09-28,30,0.5864,0.7079,0.8564,0.155
AS_014,AS,Jorhat,AIFS,wind_speed_kmh,24,2026-08-30,2026-09-28,30,1.3546,1.7677,0.8875,-0.5504
AS_014,AS,Jorhat,IFS,rainfall_mm,24,2026-08-30,2026-09-28,30,0.6778,1.1704,0.9721,0.2662
AS_014,AS,Jorhat,IFS,temperature_c,24,2026-08-30,2026-09-28,30,0.75,0.9161,0.8336,0.183
AS_014,AS,Jorhat,IFS,wind_speed_kmh,24,2026-08-30,2026-09-28,30,1.753,2.1689,0.7965,0.2466
AS_014,AS,Jorhat,NCEP GFS,rainfall_mm,48,2026-08-30,2026-09-28,30,1.0828,1.7408,0.9298,-0.0288
AS_014,AS,Jorhat,NCEP GFS,temperature_c,48,2026-08-30,2026-09-28,30,1.0551,1.4425,0.6196,0.3647
AS_014,AS,Jorhat,NCEP GFS,wind_speed_kmh,48,2026-08-30,2026-09-28,30,2.5637,3.166,0.6465,0.0873
AS_014,AS,Jorhat,GFS ENSEMBLE,rainfall_mm,48,2026-08-30,2026-09-28,30,0.6084,1.1366,0.9707,-0.0828
AS_014,AS,Jorhat,GFS ENSEMBLE,temperature_c,48,2026-08-30,2026-09-28,30,0.7778,0.9237,0.8017,0.0917
AS_014,AS,Jorhat,GFS ENSEMBLE,wind_speed_kmh,48,2026-08-30,2026-09-28,30,2.0157,2.3991,0.7125,-0.1274
AS_014,AS,Jorhat,AIFS,rainfall_mm,48,2026-08-30,2026-09-28,30,1.0625,1.9211,0.9321,0.3405
AS_014,AS,Jorhat,AIFS,temperature_c,48,2026-08-30,2026-09-28,30,0.5159,0.6406,0.8326,0.084
AS_014,AS,Jorhat,AIFS,wind_speed_kmh,48,2026-08-30,2026-09-28,30,1.4804,1.7758,0.8295,-0.0041
AS_014,AS,Jorhat,IFS,rainfall_mm,48,2026-08-30,2026-09-28,30,0.8074,1.5389,0.9523,-0.1232
AS_014,AS,Jorhat,IFS,temperature_c,48,2026-08-30,2026-09-28,30,0.7417,0.8951,0.7384,-0.3017
AS_014,AS,Jorhat,IFS,wind_speed_kmh,48,2026-08-30,2026-09-28,30,1.4153,1.8759,0.8185,0.3663
AS_014,AS,Jorhat,NCEP GFS,rainfall_mm,72,2026-08-30,2026-09-28,30,1.2372,1.883,0.9188,0.1928
AS_014,AS,Jorhat,NCEP GFS,temperature_c,72,2026-08-30,2026-09-28,30,1.1699,1.4907,0.589,0.071
AS_014,AS,Jorhat,NCEP GFS,wind_speed_kmh,72,2026-08-30,2026-09-28,30,2.5714,3.1974,0.6618,1.5413
AS_014,AS,Jorhat,GFS ENSEMBLE,rainfall_mm,72,2026-08-30,2026-09-28,30,0.9697,1.8425,0.921,-0.0008
AS_014,AS,Jorhat,GFS ENSEMBLE,temperature_c,72,2026-08-30,2026-09-28,30,1.1509,1.385,0.6845,0.3027
AS_014,AS,Jorhat,GFS ENSEMBLE,wind_speed_kmh,72,2026-08-30,2026-09-28,30,2.0757,2.6206,0.8069,1.0356
AS_014,AS,Jorhat,AIFS,rainfall_mm,72,2026-08-30,2026-09-28,30,0.8176,1.4712,0.9496,0.0472
AS_014,AS,Jorhat,AIFS,temperature_c,72,2026-08-30,2026-09-28,30,1.0765,1.3363,0.5802,-0.074
AS_014,AS,Jorhat,AIFS,wind_speed_kmh,72,2026-08-30,2026-09-28,30,1.75,2.1335,0.7836,-0.4254
AS_014,AS,Jorhat,IFS,rainfall_mm,72,2026-08-30,2026-09-28,30,1.0155,1.8941,0.9156,-0.1662
AS_014,AS,Jorhat,IFS,temperature_c,72,2026-08-30,2026-09-28,30,0.8511,1.0949,0.6244,-0.149
AS_014,AS,Jorhat,IFS,wind_speed_kmh,72,2026-08-30,2026-09-28,30,2.1156,2.4363,0.7929,0.4833
AS_015,AS,Tezpur,NCEP GFS,rainfall_mm,24,2026-08-30,2026-09-28,30,2.5222,6.3123,0.9909,-1.0833
AS_015,AS,Tezpur,NCEP GFS,temperature_c,24,2026-08-30,2026-09-28,30,1.1656,1.4029,0.6909,0.45
AS_015,AS,Tezpur,NCEP GFS,wind_speed_kmh,24,2026-08-30,2026-09-28,30,2.0259,2.4895,0.8006,0.5533
AS_015,AS,Tezpur,GFS ENSEMBLE,rainfall_mm,24,2026-08-30,2026-09-28,30,2.1411,4.1634,0.9971,-1.2323
AS_015,AS,Tezpur,GFS ENSEMBLE,temperature_c,24,2026-08-30,2026-09-28,30,0.5696,0.6966,0.841,-0.0087
AS_015,AS,Tezpur,GFS ENSEMBLE,wind_speed_kmh,24,2026-08-30,2026-09-28,30,1.7007,2.2198,0.8889,-0.6081
AS_015,AS,Tezpur,AIFS,rainfall_mm,24,2026-08-30,2026-09-28,30,2.5397,7.06,0.9776,-0.3356
AS_015,AS,Tezpur,AIFS,temperature_c,24,2026-08-30,2026-09-28,30,0.6513,0.852,0.7914,-0.2133
AS_015,AS,Tezpur,AIFS,wind_speed_kmh,24,2026-08-30,2026-09-28,30,1.0092,1.3472,0.9467,0.2779
AS_015,AS,Tezpur,IFS,rainfall_mm,24,2026-08-30,2026-09-28,30,2.2008,4.441,0.9958,0.7364
AS_015,AS,Tezpur,IFS,temperature_c,24,2026-08-30,2026-09-28,30,0.7207,0.847,0.8279,-0.1163
AS_015,AS,Tezpur,IFS,wind_speed_kmh,24,2026-08-30,2026-09-28,30,0.9445,1.265,0.9404,0.1413
AS_015,AS,Tezpur,NCEP GFS,rainfall_mm,48,2026-08-30,2026-09-28,30,4.0914,9.2639,0.9678,-2.1843
AS_015,AS,Tezpur,NCEP GFS,temperature_c,48,2026-08-30,2026-09-28,30,1.275,1.5083,0.6534,0.041
AS_015,AS,Tezpur,NCEP GFS,wind_speed_kmh,48,2026-08-30,2026-09-28,30,2.1398,2.4479,0.8915,-0.1911
AS_015,AS,Tezpur,GFS ENSEMBLE,rainfall_mm,48,2026-08-30,2026-09-28,30,4.1161,11.2175,0.9666,-3.3893
AS_015,AS,Tezpur,GFS ENSEMBLE,temperature_c,48,2026-08-30,2026-09-28,30,0.8759,1.0127,0.8061,0.093
AS_015,AS,Tezpur,GFS ENSEMBLE,wind_speed_kmh,48,2026-08-30,2026-09-28,30,1.7674,2.0775,0.8715,0.3699
AS_015,AS,Tezpur,AIFS,rainfall_mm,48,2026-08-30,2026-09-28,30,2.9524,7.4742,0.9747,0.2057
AS_015,AS,Tezpur,AIFS,temperature_c,48,2026-08-30,2026-09-28,30,0.7426,0.9272,0.7713,0.135
AS_015,AS,Tezpur,AIFS,wind_speed_kmh,48,2026-08-30,2026-09-28,30,1.7569,2.1599,0.8486,-0.6741
AS_015,AS,Tezpur,IFS,rainfall_mm,48,2026-08-30,2026-09-28,30,1.5155,4.3363,0.9961,0.7094
AS_015,AS,Tezpur,IFS,temperature_c,48,2026-08-30,2026-09-28,30,0.8278,1.0243,0.7363,-0.29
AS_015,AS,Tezpur,IFS,wind_speed_kmh,48,2026-08-30,2026-09-28,30,1.8469,2.1754,0.8524,0.1776
AS_015,AS,Tezpur,NCEP GFS,rainfall_mm,72,2026-08-30,2026-09-28,30,5.9761,14.4316,0.9487,-4.371
AS_015,AS,Tezpur,NCEP GFS,temperature_c,72,2026-08-30,2026-09-28,30,1.1715,1.3831,0.7025,0.4707
AS_015,AS,Tezpur,NCEP GFS,wind_speed_kmh,72,2026-08-30,2026-09-28,30,2.2706,2.7384,0.7315,0.4113
AS_015,AS,Tezpur,GFS ENSEMBLE,rainfall_mm,72,2026-08-30,2026-09-28,30,2.9435,5.0378,0.9941,-1.8073
AS_015,AS,Tezpur,GFS ENSEMBLE,temperature_c,72,2026-08-30,2026-09-28,30,0.9032,1.1192,0.6848,-0.2737
AS_015,AS,Tezpur,GFS ENSEMBLE,wind_speed_kmh,72,2026-08-30,2026-09-28,30,1.816,2.2983,0.8714,0.6883
AS_015,AS,Tezpur,AIFS,rainfall_mm,72,2026-08-30,2026-09-28,30,3.9732,11.2478,0.9647,1.0787
AS_015,AS,Tezpur,AIFS,temperature_c,72,2026-08-30,2026-09-28,30,0.9274,1.1995,0.7207,0.3093
AS_015,AS,Tezpur,AIFS,wind_speed_kmh,72,2026-08-30,2026-09-28,30,2.0592,2.4638,0.8713,-0.0121
AS_015,AS,Tezpur,IFS,rainfall_mm,72,2026-08-30,2026-09-28,30,5.3958,14.0255,0.9134,-2.5156
AS_015,AS,Tezpur,IFS,temperature_c,72,2026-08-30,2026-09-28,30,0.9596,1.2301,0.7703,0.24
AS_015,AS,Tezpur,IFS,wind_speed_kmh,72,2026-08-30,2026-09-28,30,2.3152,2.9393,0.7554,0.3603
BR_016,BR,Patna,NCEP GFS,rainfall_mm,24,2026-08-30,2026-09-28,30,1.4492,4.6466,0.8708,-0.9617
BR_016,BR,Patna,NCEP GFS,temperature_c,24,2026-08-30,2026-09-28,30,1.2059,1.418,0.5189,0.0001
BR_016,BR,Patna,NCEP GFS,wind_speed_kmh,24,2026-08-30,2026-09-28,30,2.1563,2.6593,0.765,0.6619
BR_016,BR,Patna,GFS ENSEMBLE,rainfall_mm,24,2026-08-30,2026-09-28,30,1.0633,2.5947,0.9582,-0.4617
BR_016,BR,Patna,GFS ENSEMBLE,temperature_c,24,2026-08-30,2026-09-28,30,0.7675,0.943,0.8132,-0.0316
BR_016,BR,Patna,GFS ENSEMBLE,wind_speed_kmh,24,2026-08-30,2026-09-28,30,1.4562,1.7942,0.8893,0.9992
BR_016,BR,Patna,AIFS,rainfall_mm,24,2026-08-30,2026-09-28,30,0.5982,1.1988,0.995,0.3723
BR_016,BR,Patna,AIFS,temperature_c,24,2026-08-30,2026-09-28,30,0.5665,0.7704,0.9043,-0.3092
BR_016,BR,Patna,AIFS,wind_speed_kmh,24,2026-08-30,2026-09-28,30,1.4246,1.8003,0.8656,-0.1721
BR_016,BR,Patna,IFS,rainfall_mm,24,2026-08-30,2026-09-28,30,1.1145,2.3819,0.9671,0.296
BR_016,BR,Patna,IFS,temperature_c,24,2026-08-30,2026-09-28,30,0.5586,0.713,0.8185,0.0514
BR_016,BR,Patna,IFS,wind_speed_kmh,24,2026-08-30,2026-09-28,30,1.0585,1.2243,0.93,0.5452
BR_016,BR,Patna,NCEP GFS,rainfall_mm,48,2026-08-30,2026-09-28,30,0.8914,1.9086,0.9854,0.15
BR_016,BR,Patna,NCEP GFS,temperature_c,48,2026-08-30,2026-09-28,30,0.884,1.0584,0.7303,0.2541
BR_016,BR,Patna,NCEP GFS,wind_speed_kmh,48,2026-08-30,2026-09-28,30,2.143,2.6963,0.7594,1.2195
BR_016,BR,Patna,GFS ENSEMBLE,rainfall_mm,48,2026-08-30,2026-09-28,30,1.1519,2.0209,0.9833,-0.2793
BR_016,BR,Patna,GFS ENSEMBLE,temperature_c,48,2026-08-30,2026-09-28,30,0.62,0.8777,0.789,0.2411
BR_016,BR,Patna,GFS ENSEMBLE,wind_speed_kmh,48,2026-08-30,2026-09-28,30,1.4058,1.7749,0.8646,0.1252
BR_016,BR,Patna,AIFS,rainfall_mm,48,2026-08-30,2026-09-28,30,1.272,2.6399,0.9847,0.476
BR_016,BR,Patna,AIFS,temperature_c,48,2026-08-30,2026-09-28,30,0.744,0.9136,0.8029,-0.1056
BR_016,BR,Patna,AIFS,wind_speed_kmh,48,2026-08-30,2026-09-28,30,1.4401,1.7799,0.8731,-0.0941
BR_016,BR,Patna,IFS,rainfall_mm,48,2026-08-30,2026-09-28,30,1.5086,5.0209,0.8784,-1.159
BR_016,BR,Patna,IFS,temperature_c,48,2026-08-30,2026-09-28,30,0.8752,1.0706,0.7595,0.1068
BR_016,BR,Patna,IFS,wind_speed_kmh,48,2026-08-30,2026-09-28,30,1.3056,1.7692,0.8486,0.0195
BR_016,BR,Patna,NCEP GFS,rainfall_mm,72,2026-08-30,2026-09-28,30,1.3388,2.3616,0.9787,0.3757
BR_016,BR,Patna,NCEP GFS,temperature_c,72,2026-08-30,2026-09-28,30,1.1045,1.3488,0.6548,0.4728
BR_016,BR,Patna,NCEP GFS,wind_speed_kmh,72,2026-08-30,2026-09-28,30,2.6033,3.2799,0.7863,0.3332
BR_016,BR,Patna,GFS ENSEMBLE,rainfall_mm,72,2026-08-30,2026-09-28,30,1.5854,3.0734,0.9527,-0.4883
BR_016,BR,Patna,GFS ENSEMBLE,temperature_c,72,2026-08-30,2026-09-28,30,1.0599,1.4805,0.6047,0.4151
BR_016,BR,Patna,GFS ENSEMBLE,wind_speed_kmh,72,2026-08-30,2026-09-28,30,2.2384,2.6112,0.7523,0.9159
BR_016,BR,Patna,AIFS,rainfall_mm,72,2026-08-30,2026-09-28,30,0.7261,1.2913,0.9896,-0.0673
BR_016,BR,Patna,AIFS,temperature_c,72,2026-08-30,2026-09-28,30,0.9073,1.0841,0.799,0.6131
BR_016,BR,Patna,AIFS,wind_speed_kmh,72,2026-08-30,2026-09-28,30,1.9147,2.3377,0.7585,-0.1325
BR_016,BR,Patna,IFS,rainfall_mm,72,2026-08-30,2026-09-28,30,1.1649,2.4853,0.9616,0.298
BR_016,BR,Patna,IFS,temperature_c,72,2026-08-30,2026-09-28,30,1.0315,1.2454,0.7919,0.0358
BR_016,BR,Patna,IFS,wind_speed_kmh,72,2026-08-30,2026-09-28,30,1.6881,2.0744,0.7899,-0.1705
BR_017,BR,Gaya,NCEP GFS,rainfall_mm,24,2026-08-30,2026-09-28,30,1.4148,2.6471,0.9656,0.1932
BR_017,BR,Gaya,NCEP GFS,temperature_c,24,2026-08-30,2026-09-28,30,0.7903,1.0095,0.7243,0.2595
BR_017,BR,Gaya,NCEP GFS,wind_speed_kmh,24,2026-08-30,2026-09-28,30,1.845,2.2289,0.7587,0.8316
BR_017,BR,Gaya,GFS ENSEMBLE,rainfall_mm,24,2026-08-30,2026-09-28,30,1.5725,2.5968,0.9662,-0.8872
BR_017,BR,Gaya,GFS ENSEMBLE,temperature_c,24,2026-08-30,2026-09-28,30,0.6809,0.8225,0.8487,0.0165
BR_017,BR,Gaya,GFS ENSEMBLE,wind_speed_kmh,24,2026-08-30,2026-09-28,30,1.4836,2.0941,0.8613,0.8253
BR_017,BR,Gaya,AIFS,rainfall_mm,24,2026-08-30,2026-09-28,30,1.3938,3.4202,0.9685,1.1425
BR_017,BR,Gaya,AIFS,temperature_c,24,2026-08-30,2026-09-28,30,0.6706,0.8033,0.8222,-0.2669
BR_017,BR,Gaya,AIFS,wind_speed_kmh,24,2026-08-30,2026-09-28,30,1.1461,1.431,0.8936,-0.0267
BR_017,BR,Gaya,IFS,rainfall_mm,24,2026-08-30,2026-09-28,30,0.8699,1.4693,0.9878,-0.1095
BR_017,BR,Gaya,IFS,temperature_c,24,2026-08-30,2026-09-28,30,0.6608,0.823,0.7316,0.1298
BR_017,BR,Gaya,IFS,wind_speed_kmh,24,2026-08-30,2026-09-28,30,1.0597,1.2867,0.9271,-0.0307
BR_017,BR,Gaya,NCEP GFS,rainfall_mm,48,2026-08-30,2026-09-28,30,2.1028,4.2758,0.8811,-0.1922
BR_017,BR,Gaya,NCEP GFS,temperature_c,48,2026-08-30,2026-09-28,30,0.9079,1.2188,0.7017,0.3968
BR_017,BR,Gaya,NCEP GFS,wind_speed_kmh,48,2026-08-30,2026-09-28,30,2.2961,2.8293,0.747,-0.1684
BR_017,BR,Gaya,GFS ENSEMBLE,rainfall_mm,48,2026-08-30,2026-09-28,30,1.1298,1.7867,0.9846,-0.3078
BR_017,BR,Gaya,GFS ENSEMBLE,temperature_c,48,2026-08-30,2026-09-28,30,0.7654,0.9318,0.7916,-0.0765
BR_017,BR,Gaya,GFS ENSEMBLE,wind_speed_kmh,48,2026-08-30,2026-09-28,30,1.7824,2.095,0.8547,-0.5974
BR_017,BR,Gaya,AIFS,rainfall_mm,48,2026-08-30,2026-09-28,30,1.3372,2.8784,0.9597,-0.4215
BR_017,BR,Gaya,AIFS,temperature_c,48,2026-08-30,2026-09-28,30,0.7967,0.9364,0.7178,-0.1549
BR_017,BR,Gaya,AIFS,wind_speed_kmh,48,2026-08-30,2026-09-28,30,1.3862,1.7499,0.8902,0.3176
BR_017,BR,Gaya,IFS,rainfall_mm,48,2026-08-30,2026-09-28,30,1.2537,2.2926,0.9667,-0.1772
BR_017,BR,Gaya,IFS,temperature_c,48,2026-08-30,2026-09-28,30,0.8114,1.0042,0.7049,-0.0519
BR_017,BR,Gaya,IFS,wind_speed_kmh,48,2026-08-30,2026-09-28,30,1.8748,2.2319,0.8483,-0.2904
BR_017,BR,Gaya,NCEP GFS,rainfall_mm,72,2026-08-30,2026-09-28,30,1.571,2.8507,0.9503,-0.4565
BR_017,BR,Gaya,NCEP GFS,temperature_c,72,2026-08-30,2026-09-28,30,1.8273,2.3356,0.277,0.8431
BR_017,BR,Gaya,NCEP GFS,wind_speed_kmh,72,2026-08-30,2026-09-28,30,2.3132,2.8966,0.7088,0.7063
BR_017,BR,Gaya,GFS ENSEMBLE,rainfall_mm,72,2026-08-30,2026-09-28,30,1.8241,3.6927,0.9178,-0.9312
BR_017,BR,Gaya,GFS ENSEMBLE,temperature_c,72,2026-08-30,2026-09-28,30,1.239,1.5514,0.818,0.0555
BR_017,BR,Gaya,GFS ENSEMBLE,wind_speed_kmh,72,2026-08-30,2026-09-28,30,1.7266,2.0794,0.7584,0.0959
BR_017,BR,Gaya,AIFS,rainfall_mm,72,2026-08-30,2026-09-28,30,1.2682,2.0154,0.9748,-0.1618
BR_017,BR,Gaya,AIFS,temperature_c,72,2026-08-30,2026-09-28,30,1.0138,1.2453,0.6757,-0.0842
BR_017,BR,Gaya,AIFS,wind_speed_kmh,72,2026-08-30,2026-09-28,30,1.6753,2.0573,0.8444,1.1653
BR_017,BR,Gaya,IFS,rainfall_mm,72,2026-08-30,2026-09-28,30,1.7192,2.925,0.9499,-0.1192
BR_017,BR,Gaya,IFS,temperature_c,72,2026-08-30,2026-09-28,30,0.7832,1.0126,0.7064,0.0531
BR_017,BR,Gaya,IFS,wind_speed_kmh,72,2026-08-30,2026-09-28,30,2.007,2.5362,0.7104,-0.0177
BR_018,BR,Muzaffarpur,NCEP GFS,rainfall_mm,24,2026-08-30,2026-09-28,30,0.8634,1.5152,0.9828,0.2319
BR_018,BR,Muzaffarpur,NCEP GFS,temperature_c,24,2026-08-30,2026-09-28,30,1.1442,1.4196,0.7681,0.7508
BR_018,BR,Muzaffarpur,NCEP GFS,wind_speed_kmh,24,2026-08-30,2026-09-28,30,1.7231,2.328,0.8202,-0.1355
BR_018,BR,Muzaffarpur,GFS ENSEMBLE,rainfall_mm,24,2026-08-30,2026-09-28,30,1.1797,3.1627,0.9412,-0.8645
BR_018,BR,Muzaffarpur,GFS ENSEMBLE,temperature_c,24,2026-08-30,2026-09-28,30,0.7703,0.8983,0.731,0.2401
BR_018,BR,Muzaffarpur,GFS ENSEMBLE,wind_speed_kmh,24,2026-08-30,2026-09-28,30,1.5163,1.8464,0.784,0.4595
BR_018,BR,Muzaffarpur,AIFS,rainfall_mm,24,2026-08-30,2026-09-28,30,0.9437,1.6259,0.982,-0.1055
BR_018,BR,Muzaffarpur,AIFS,temperature_c,24,2026-08-30,2026-09-28,30,0.7302,0.8935,0.8929,-0.2929
BR_018,BR,Muzaffarpur,AIFS,wind_speed_kmh,24,2026-08-30,2026-09-28,30,1.1261,1.6229,0.8481,-0.4005
BR_018,BR,Muzaffarpur,IFS,rainfall_mm,24,2026-08-30,2026-09-28,30,0.9311,1.8304,0.9762,-0.1395
BR_018,BR,Muzaffarpur,IFS,temperature_c,24,2026-08-30,2026-09-28,30,0.6751,0.816,0.813,-0.0106
BR_018,BR,Muzaffarpur,IFS,wind_speed_kmh,24,2026-08-30,2026-09-28,30,0.9984,1.3701,0.9123,0.3131
BR_018,BR,Muzaffarpur,NCEP GFS,rainfall_mm,48,2026-08-30,2026-09-28,30,1.3314,2.2977,0.9724,0.3845
BR_018,BR,Muzaffarpur,NCEP GFS,temperature_c,48,2026-08-30,2026-09-28,30,1.1402,1.3968,0.618,0.1168
BR_018,BR,Muzaffarpur,NCEP GFS,wind_speed_kmh,48,2026-08-30,2026-09-28,30,2.3908,3.0159,0.709,0.8271
BR_018,BR,Muzaffarpur,GFS ENSEMBLE,rainfall_mm,48,2026-08-30,2026-09-28,30,1.5006,2.7458,0.9396,-0.0105
BR_018,BR,Muzaffarpur,GFS ENSEMBLE,temperature_c,48,2026-08-30,2026-09-28,30,0.8468,1.0018,0.8152,-0.1332
BR_018,BR,Muzaffarpur,GFS ENSEMBLE,wind_speed_kmh,48,2026-08-30,2026-09-28,30,1.6753,1.9169,0.7548,0.4328
BR_018,BR,Muzaffarpur,AIFS,rainfall_mm,48,2026-08-30,2026-09-28,30,1.0189,1.8005,0.9778,0.1809
BR_018,BR,Muzaffarpur,AIFS,temperature_c,48,2026-08-30,2026-09-28,30,1.0271,1.297,0.5959,-0.0499
BR_018,BR,Muzaffarpur,AIFS,wind_speed_kmh,48,2026-08-30,2026-09-28,30,1.3791,1.8137,0.7916,0.0028
BR_018,BR,Muzaffarpur,IFS,rainfall_mm,48,2026-08-30,2026-09-28,30,1.2139,1.8526,0.975,0.1289
BR_018,BR,Muzaffarpur,IFS,temperature_c,48,2026-08-30,2026-09-28,30,0.7805,0.9651,0.7523,0.0011
BR_018,BR,Muzaffarpur,IFS,wind_speed_kmh,48,2026-08-30,2026-09-28,30,1.5057,1.7867,0.8229,0.6538
BR_018,BR,Muzaffarpur,NCEP GFS,rainfall_mm,72,2026-08-30,2026-09-28,30,1.8658,4.8095,0.8172,-0.3201
BR_018,BR,Muzaffarpur,NCEP GFS,temperature_c,72,2026-08-30,2026-09-28,30,1.2309,1.5374,0.53,0.3178
BR_018,BR,Muzaffarpur,NCEP GFS,wind_speed_kmh,72,2026-08-30,2026-09-28,30,2.8397,3.5898,0.6952,1.4418
BR_018,BR,Muzaffarpur,GFS ENSEMBLE,rainfall_mm,72,2026-08-30,2026-09-28,30,1.8376,3.4785,0.9148,-1.2741
BR_018,BR,Muzaffarpur,GFS ENSEMBLE,temperature_c,72,2026-08-30,2026-09-28,30,1.0435,1.2984,0.6944,0.1404
BR_018,BR,Muzaffarpur,GFS ENSEMBLE,wind_speed_kmh,72,2026-08-30,2026-09-28,30,2.1595,2.7803,0.5853,0.1041
BR_018,BR,Muzaffarpur,AIFS,rainfall_mm,72,2026-08-30,2026-09-28,30,1.4526,3.1381,0.9682,-1.1928
BR_018,BR,Muzaffarpur,AIFS,temperature_c,72,2026-08-30,2026-09-28,30,0.9041,1.0725,0.6739,-0.1229
BR_018,BR,Muzaffarpur,AIFS,wind_speed_kmh,72,2026-08-30,2026-09-28,30,1.7517,2.3993,0.7366,0.1231
BR_018,BR,Muzaffarpur,IFS,rainfall_mm,72,2026-08-30,2026-09-28,30,1.128,1.731,0.9824,-0.1575
BR_018,BR,Muzaffarpur,IFS,temperature_c,72,2026-08-30,2026-09-28,30,0.993,1.2365,0.6934,0.4161
BR_018,BR,Muzaffarpur,IFS,wind_speed_kmh,72,2026-08-30,2026-09-28,30,1.8894,2.3692,0.8114,0.5655
BR_019,BR,Bhagalpur,NCEP GFS,rainfall_mm,24,2026-08-30,2026-09-28,30,1.5639,4.6318,0.9656,-0.6696
BR_019,BR,Bhagalpur,NCEP GFS,temperature_c,24,2026-08-30,2026-09-28,30,1.0553,1.2936,0.6624,0.331
BR_019,BR,Bhagalpur,NCEP GFS,wind_speed_kmh,24,2026-08-30,2026-09-28,30,1.9243,2.4082,0.8199,0.775
BR_019,BR,Bhagalpur,GFS ENSEMBLE,rainfall_mm,24,2026-08-30,2026-09-28,30,2.0977,6.5076,0.984,-2.0023
BR_019,BR,Bhagalpur,GFS ENSEMBLE,temperature_c,24,2026-08-30,2026-09-28,30,0.7456,0.9215,0.7825,0.193
BR_019,BR,Bhagalpur,GFS ENSEMBLE,wind_speed_kmh,24,2026-08-30,2026-09-28,30,0.7362,0.94,0.9537,0.0917
BR_019,BR,Bhagalpur,AIFS,rainfall_mm,24,2026-08-30,2026-09-28,30,1.3423,3.675,0.9756,0.0884
BR_019,BR,Bhagalpur,AIFS,temperature_c,24,2026-08-30,2026-09-28,30,0.6338,0.8088,0.8893,-0.3344
BR_019,BR,Bhagalpur,AIFS,wind_speed_kmh,24,2026-08-30,2026-09-28,30,1.362,1.6299,0.8908,-0.315
BR_019,BR,Bhagalpur,IFS,rainfall_mm,24,2026-08-30,2026-09-28,30,1.4738,4.5819,0.9821,-0.8506
BR_019,BR,Bhagalpur,IFS,temperature_c,24,2026-08-30,2026-09-28,30,0.8998,1.0331,0.6893,0.0943
BR_019,BR,Bhagalpur,IFS,wind_speed_kmh,24,2026-08-30,2026-09-28,30,1.5413,1.9647,0.8581,0.0143
BR_019,BR,Bhagalpur,NCEP GFS,rainfall_mm,48,2026-08-30,2026-09-28,30,1.7181,5.5598,0.963,-1.3953
BR_019,BR,Bhagalpur,NCEP GFS,temperature_c,48,2026-08-30,2026-09-28,30,1.0626,1.4644,0.5546,0.1373
BR_019,BR,Bhagalpur,NCEP GFS,wind_speed_kmh,48,2026-08-30,2026-09-28,30,2.4223,3.3468,0.6525,0.749
BR_019,BR,Bhagalpur,GFS ENSEMBLE,rainfall_mm,48,2026-08-30,2026-09-28,30,2.2687,8.4256,0.8846,-2.0323
BR_019,BR,Bhagalpur,GFS ENSEMBLE,temperature_c,48,2026-08-30,2026-09-28,30,0.847,1.0566,0.7408,-0.014
BR_019,BR,Bhagalpur,GFS ENSEMBLE,wind_speed_kmh,48,2026-08-30,2026-09-28,30,1.7115,2.2826,0.7216,0.3713
BR_019,BR,Bhagalpur,AIFS,rainfall_mm,48,2026-08-30,2026-09-28,30,1.3978,4.743,0.9602,-0.3189
BR_019,BR,Bhagalpur,AIFS,temperature_c,48,2026-08-30,2026-09-28,30,0.8604,1.0894,0.7356,0.19
BR_019,BR,Bhagalpur,AIFS,wind_speed_kmh,48,2026-08-30,2026-09-28,30,1.3019,1.6209,0.9048,0.276
BR_019,BR,Bhagalpur,IFS,rainfall_mm,48,2026-08-30,2026-09-28,30,1.2344,2.7571,0.9867,0.4104
BR_019,BR,Bhagalpur,IFS,temperature_c,48,2026-08-30,2026-09-28,30,0.7423,0.9479,0.733,0.0693
BR_019,BR,Bhagalpur,IFS,wind_speed_kmh,48,2026-08-30,2026-09-28,30,1.4664,1.881,0.7904,-0.151
BR_019,BR,Bhagalpur,NCEP GFS,rainfall_mm,72,2026-08-30,2026-09-28,30,1.813,3.9183,0.9873,0.3954
BR_019,BR,Bhagalpur,NCEP GFS,temperature_c,72,2026-08-30,2026-09-28,30,1.2452,1.6588,0.6633,0.7096
BR_019,BR,Bhagalpur,NCEP GFS,wind_speed_kmh,72,2026-08-30,2026-09-28,30,3.0287,3.5587,0.7669,1.8957
BR_019,BR,Bhagalpur,GFS ENSEMBLE,rainfall_mm,72,2026-08-30,2026-09-28,30,1.6763,4.7245,0.9685,0.3861
BR_019,BR,Bhagalpur,GFS ENSEMBLE,temperature_c,72,2026-08-30,2026-09-28,30,1.053,1.2764,0.5674,0.3193
BR_019,BR,Bhagalpur,GFS ENSEMBLE,wind_speed_kmh,72,2026-08-30,2026-09-28,30,1.755,2.2279,0.7778,0.6103
BR_019,BR,Bhagalpur,AIFS,rainfall_mm,72,2026-08-30,2026-09-28,30,1.9292,5.6496,0.9608,-0.7833
BR_019,BR,Bhagalpur,AIFS,temperature_c,72,2026-08-30,2026-09-28,30,0.7879,1.0216,0.7275,0.03
BR_019,BR,Bhagalpur,AIFS,wind_speed_kmh,72,2026-08-30,2026-09-28,30,2.0023,2.3447,0.7713,-0.0623
BR_019,BR,Bhagalpur,IFS,rainfall_mm,72,2026-08-30,2026-09-28,30,2.7705,11.3338,0.7455,-1.9906
BR_019,BR,Bhagalpur,IFS,temperature_c,72,2026-08-30,2026-09-28,30,0.9773,1.271,0.5363,0.185
BR_019,BR,Bhagalpur,IFS,wind_speed_kmh,72,2026-08-30,2026-09-28,30,1.7741,2.4168,0.7033,0.1373
BR_020,BR,Darbhanga,NCEP GFS,rainfall_mm,24,2026-08-30,2026-09-28,30,1.3509,2.7541,0.9829,0.3901
BR_020,BR,Darbhanga,NCEP GFS,temperature_c,24,2026-08-30,2026-09-28,30,0.9002,1.1115,0.6055,-0.1772
BR_020,BR,Darbhanga,NCEP GFS,wind_speed_kmh,24,2026-08-30,2026-09-28,30,2.5348,2.9134,0.7634,0.9169
BR_020,BR,Darbhanga,GFS ENSEMBLE,rainfall_mm,24,2026-08-30,2026-09-28,30,1.0477,2.1116,0.9734,-0.1793
BR_020,BR,Darbhanga,GFS ENSEMBLE,temperature_c,24,2026-08-30,2026-09-28,30,0.6249,0.8289,0.6993,0.1144
BR_020,BR,Darbhanga,GFS ENSEMBLE,wind_speed_kmh,24,2026-08-30,2026-09-28,30,1.5657,2.0281,0.8273,0.2309
BR_020,BR,Darbhanga,AIFS,rainfall_mm,24,2026-08-30,2026-09-28,30,0.825,1.3488,0.9892,-0.0276
BR_020,BR,Darbhanga,AIFS,temperature_c,24,2026-08-30,2026-09-28,30,0.6166,0.7292,0.8507,-0.0939
BR_020,BR,Darbhanga,AIFS,wind_speed_kmh,24,2026-08-30,2026-09-28,30,1.1355,1.4495,0.8899,-0.4165
BR_020,BR,Darbhanga,IFS,rainfall_mm,24,2026-08-30,2026-09-28,30,0.7971,1.3702,0.9924,0.3831
BR_020,BR,Darbhanga,IFS,temperature_c,24,2026-08-30,2026-09-28,30,0.6693,0.8564,0.7588,-0.0292
BR_020,BR,Darbhanga,IFS,wind_speed_kmh,24,2026-08-30,2026-09-28,30,1.5255,1.7283,0.8584,0.6762
BR_020,BR,Darbhanga,NCEP GFS,rainfall_mm,48,2026-08-30,2026-09-28,30,0.8647,1.4819,0.9876,-0.3579
BR_020,BR,Darbhanga,NCEP GFS,temperature_c,48,2026-08-30,2026-09-28,30,1.4024,1.849,0.5722,0.2984
BR_020,BR,Darbhanga,NCEP GFS,wind_speed_kmh,48,2026-08-30,2026-09-28,30,2.3474,2.8648,0.7273,0.3502
BR_020,BR,Darbhanga,GFS ENSEMBLE,rainfall_mm,48,2026-08-30,2026-09-28,30,1.6803,3.403,0.9716,-1.3373
BR_020,BR,Darbhanga,GFS ENSEMBLE,temperature_c,48,2026-08-30,2026-09-28,30,0.785,0.9338,0.8016,0.1131
BR_020,BR,Darbhanga,GFS ENSEMBLE,wind_speed_kmh,48,2026-08-30,2026-09-28,30,1.9796,2.3016,0.8015,-0.0468
BR_020,BR,Darbhanga,AIFS,rainfall_mm,48,2026-08-30,2026-09-28,30,0.7419,1.4508,0.9894,0.1151
BR_020,BR,Darbhanga,AIFS,temperature_c,48,2026-08-30,2026-09-28,30,0.6552,0.7703,0.8669,0.0998
BR_020,BR,Darbhanga,AIFS,wind_speed_kmh,48,2026-08-30,2026-09-28,30,1.5876,2.0167,0.7471,-0.2121
BR_020,BR,Darbhanga,IFS,rainfall_mm,48,2026-08-30,2026-09-28,30,1.1081,2.2807,0.9732,-0.6553
BR_020,BR,Darbhanga,IFS,temperature_c,48,2026-08-30,2026-09-28,30,0.9339,1.0852,0.7745,0.0634
BR_020,BR,Darbhanga,IFS,wind_speed_kmh,48,2026-08-30,2026-09-28,30,1.2293,1.5049,0.8677,0.1619
BR_020,BR,Darbhanga,NCEP GFS,rainfall_mm,72,2026-08-30,2026-09-28,30,2.1024,4.7493,0.8622,-1.0523
BR_020,BR,Darbhanga,NCEP GFS,temperature_c,72,2026-08-30,2026-09-28,30,1.4875,1.8339,0.5349,0.7108
BR_020,BR,Darbhanga,NCEP GFS,wind_speed_kmh,72,2026-08-30,2026-09-28,30,2.078,2.9578,0.5563,0.7385
BR_020,BR,Darbhanga,GFS ENSEMBLE,rainfall_mm,72,2026-08-30,2026-09-28,30,2.36,4.9323,0.8801,-0.0399
BR_020,BR,Darbhanga,GFS ENSEMBLE,temperature_c,72,2026-08-30,2026-09-28,30,1.0697,1.3343,0.8068,0.6914
BR_020,BR,Darbhanga,GFS ENSEMBLE,wind_speed_kmh,72,2026-08-30,2026-09-28,30,2.2076,2.6314,0.8108,0.0292
BR_020,BR,Darbhanga,AIFS,rainfall_mm,72,2026-08-30,2026-09-28,30,1.1005,2.1569,0.972,0.2237
BR_020,BR,Darbhanga,AIFS,temperature_c,72,2026-08-30,2026-09-28,30,0.9833,1.2019,0.6893,0.1358
BR_020,BR,Darbhanga,AIFS,wind_speed_kmh,72,2026-08-30,2026-09-28,30,1.6974,2.1393,0.8332,0.6345
BR_020,BR,Darbhanga,IFS,rainfall_mm,72,2026-08-30,2026-09-28,30,1.4885,2.9809,0.9449,0.0621
BR_020,BR,Darbhanga,IFS,temperature_c,72,2026-08-30,2026-09-28,30,1.3058,1.6227,0.6754,0.3934
BR_020,BR,Darbhanga,IFS,wind_speed_kmh,72,2026-08-30,2026-09-28,30,2.0966,2.444,0.7833,-0.2368
CG_021,CG,Raipur,NCEP GFS,rainfall_mm,24,2026-08-30,2026-09-28,30,3.1088,11.0173,0.9733,-2.7329
CG_021,CG,Raipur,NCEP GFS,temperature_c,24,2026-08-30,2026-09-28,30,0.9186,1.2172,0.7537,0.2954
CG_021,CG,Raipur,NCEP GFS,wind_speed_kmh,24,2026-08-30,2026-09-28,30,1.8688,2.2068,0.8427,0.0542
CG_021,CG,Raipur,GFS ENSEMBLE,rainfall_mm,24,2026-08-30,2026-09-28,30,3.8753,13.2638,0.9551,-2.7146
CG_021,CG,Raipur,GFS ENSEMBLE,temperature_c,24,2026-08-30,2026-09-28,30,0.6831,0.8589,0.812,0.2147
CG_021,CG,Raipur,GFS ENSEMBLE,wind_speed_kmh,24,2026-08-30,2026-09-28,30,1.269,1.6662,0.8562,-0.2612
CG_021,CG,Raipur,AIFS,rainfall_mm,24,2026-08-30,2026-09-28,30,3.1834,10.3711,0.988,-2.6623
CG_021,CG,Raipur,AIFS,temperature_c,24,2026-08-30,2026-09-28,30,0.5352,0.7255,0.8791,-0.1383
CG_021,CG,Raipur,AIFS,wind_speed_kmh,24,2026-08-30,2026-09-28,30,1.1761,1.621,0.8584,0.2925
CG_021,CG,Raipur,IFS,rainfall_mm,24,2026-08-30,2026-09-28,30,2.2036,6.5746,0.9932,1.9017
CG_021,CG,Raipur,IFS,temperature_c,24,2026-08-30,2026-09-28,30,0.5331,0.7038,0.9204,-0.2133
CG_021,CG,Raipur,IFS,wind_speed_kmh,24,2026-08-30,2026-09-28,30,1.2221,1.5133,0.9071,0.2718
CG_021,CG,Raipur,NCEP GFS,rainfall_mm,48,2026-08-30,2026-09-28,30,5.4699,18.1431,0.8948,-2.3709
CG_021,CG,Raipur,NCEP GFS,temperature_c,48,2026-08-30,2026-09-28,30,1.0866,1.326,0.7295,0.39
CG_021,CG,Raipur,NCEP GFS,wind_speed_kmh,48,2026-08-30,2026-09-28,30,2.1716,2.799,0.7281,0.4042
CG_021,CG,Raipur,GFS ENSEMBLE,rainfall_mm,48,2026-08-30,2026-09-28,30,3.7831,12.1113,0.9844,-3.2569
CG_021,CG,Raipur,GFS ENSEMBLE,temperature_c,48,2026-08-30,2026-09-28,30,1.0369,1.2448,0.7345,0.5637
CG_021,CG,Raipur,GFS ENSEMBLE,wind_speed_kmh,48,2026-08-30,2026-09-28,30,1.7255,2.0899,0.8376,0.3165
CG_021,CG,Raipur,AIFS,rainfall_mm,48,2026-08-30,2026-09-28,30,3.7729,11.3432,0.9944,-2.9289
CG_021,CG,Raipur,AIFS,temperature_c,48,2026-08-30,2026-09-28,30,0.7978,0.9269,0.873,0.2217
CG_021,CG,Raipur,AIFS,wind_speed_kmh,48,2026-08-30,2026-09-28,30,1.7145,2.1142,0.7773,-0.0422
CG_021,CG,Raipur,IFS,rainfall_mm,48,2026-08-30,2026-09-28,30,2.7095,8.0053,0.9821,-0.2896
CG_021,CG,Raipur,IFS,temperature_c,48,2026-08-30,2026-09-28,30,0.7976,0.9872,0.7338,-0.0126
CG_021,CG,Raipur,IFS,wind_speed_kmh,48,2026-08-30,2026-09-28,30,2.1506,2.4623,0.7702,-0.1185
CG_021,CG,Raipur,NCEP GFS,rainfall_mm,72,2026-08-30,2026-09-28,30,7.8867,22.6675,0.8287,-4.2636
CG_021,CG,Raipur,NCEP GFS,temperature_c,72,2026-08-30,2026-09-28,30,1.3807,1.779,0.7614,-0.0036
CG_021,CG,Raipur,NCEP GFS,wind_speed_kmh,72,2026-08-30,2026-09-28,30,2.4863,3.1398,0.7269,1.4185
CG_021,CG,Raipur,GFS ENSEMBLE,rainfall_mm,72,2026-08-30,2026-09-28,30,4.9443,13.5873,0.9473,0.7634
CG_021,CG,Raipur,GFS ENSEMBLE,temperature_c,72,2026-08-30,2026-09-28,30,1.0145,1.2569,0.7822,0.2927
CG_021,CG,Raipur,GFS ENSEMBLE,wind_speed_kmh,72,2026-08-30,2026-09-28,30,1.9761,2.3898,0.766,-0.0298
CG_021,CG,Raipur,AIFS,rainfall_mm,72,2026-08-30,2026-09-28,30,3.1047,9.9988,0.9805,-2.0976
CG_021,CG,Raipur,AIFS,temperature_c,72,2026-08-30,2026-09-28,30,1.0014,1.2775,0.7341,-0.2926
CG_021,CG,Raipur,AIFS,wind_speed_kmh,72,2026-08-30,2026-09-28,30,1.2372,1.6558,0.8822,0.0912
CG_021,CG,Raipur,IFS,rainfall_mm,72,2026-08-30,2026-09-28,30,3.8571,8.6375,0.9826,1.2631
CG_021,CG,Raipur,IFS,temperature_c,72,2026-08-30,2026-09-28,30,0.9859,1.1889,0.786,0.5497
CG_021,CG,Raipur,IFS,wind_speed_kmh,72,2026-08-30,2026-09-28,30,1.8102,2.1804,0.7709,0.5575
CG_022,CG,Bhilai,NCEP GFS,rainfall_mm,24,2026-08-30,2026-09-28,30,1.2444,2.471,0.7584,0.1148
CG_022,CG,Bhilai,NCEP GFS,temperature_c,24,2026-08-30,2026-09-28,30,1.0057,1.2605,0.7656,0.6414
CG_022,CG,Bhilai,NCEP GFS,wind_speed_kmh,24,2026-08-30,2026-09-28,30,1.6219,1.9644,0.8991,0.4321
CG_022,CG,Bhilai,GFS ENSEMBLE,rainfall_mm,24,2026-08-30,2026-09-28,30,0.539,1.2146,0.9486,-0.1295
CG_022,CG,Bhilai,GFS ENSEMBLE,temperature_c,24,2026-08-30,2026-09-28,30,0.6618,0.7941,0.8165,-0.0623
CG_022,CG,Bhilai,GFS ENSEMBLE,wind_speed_kmh,24,2026-08-30,2026-09-28,30,1.1327,1.6141,0.8468,0.1571
CG_022,CG,Bhilai,AIFS,rainfall_mm,24,2026-08-30,2026-09-28,30,0.323,0.6363,0.9858,0.0438
CG_022,CG,Bhilai,AIFS,temperature_c,24,2026-08-30,2026-09-28,30,0.6596,0.8986,0.7701,-0.1726
CG_022,CG,Bhilai,AIFS,wind_speed_kmh,24,2026-08-30,2026-09-28,30,1.2708,1.6304,0.9093,0.4001
CG_022,CG,Bhilai,IFS,rainfall_mm,24,2026-08-30,2026-09-28,30,0.6858,1.5282,0.924,0.1181
CG_022,CG,Bhilai,IFS,temperature_c,24,2026-08-30,2026-09-28,30,0.6743,0.9246,0.8231,0.3037
CG_022,CG,Bhilai,IFS,wind_speed_kmh,24,2026-08-30,2026-09-28,30,1.3617,1.6274,0.8973,0.4564
CG_022,CG,Bhilai,NCEP GFS,rainfall_mm,48,2026-08-30,2026-09-28,30,0.3944,0.9032,0.9764,-0.2905
CG_022,CG,Bhilai,NCEP GFS,temperature_c,48,2026-08-30,2026-09-28,30,1.2618,1.5024,0.4814,0.4104
CG_022,CG,Bhilai,NCEP GFS,wind_speed_kmh,48,2026-08-30,2026-09-28,30,1.8171,2.3179,0.8161,-0.9022
CG_022,CG,Bhilai,GFS ENSEMBLE,rainfall_mm,48,2026-08-30,2026-09-28,30,0.3047,0.5954,0.9876,-0.0479
CG_022,CG,Bhilai,GFS ENSEMBLE,temperature_c,48,2026-08-30,2026-09-28,30,0.9539,1.1377,0.6774,0.422
CG_022,CG,Bhilai,GFS ENSEMBLE,wind_speed_kmh,48,2026-08-30,2026-09-28,30,1.5054,1.9198,0.8282,0.7364
CG_022,CG,Bhilai,AIFS,rainfall_mm,48,2026-08-30,2026-09-28,30,0.4807,1.0288,0.963,0.0731
CG_022,CG,Bhilai,AIFS,temperature_c,48,2026-08-30,2026-09-28,30,0.53,0.7097,0.8383,-0.103
CG_022,CG,Bhilai,AIFS,wind_speed_kmh,48,2026-08-30,2026-09-28,30,1.6379,2.075,0.8553,0.4148
CG_022,CG,Bhilai,IFS,rainfall_mm,48,2026-08-30,2026-09-28,30,0.4751,0.8873,0.9761,0.1865
CG_022,CG,Bhilai,IFS,temperature_c,48,2026-08-30,2026-09-28,30,0.8873,1.1591,0.7766,-0.17
CG_022,CG,Bhilai,IFS,wind_speed_kmh,48,2026-08-30,2026-09-28,30,1.6547,2.1573,0.8514,0.6411
CG_022,CG,Bhilai,NCEP GFS,rainfall_mm,72,2026-08-30,2026-09-28,30,0.9588,1.717,0.9018,0.3581
CG_022,CG,Bhilai,NCEP GFS,temperature_c,72,2026-08-30,2026-09-28,30,1.7279,2.0957,0.502,0.9747
CG_022,CG,Bhilai,NCEP GFS,wind_speed_kmh,72,2026-08-30,2026-09-28,30,2.8617,3.4418,0.6871,0.0551
CG_022,CG,Bhilai,GFS ENSEMBLE,rainfall_mm,72,2026-08-30,2026-09-28,30,0.725,1.3956,0.9355,-0.0035
CG_022,CG,Bhilai,GFS ENSEMBLE,temperature_c,72,2026-08-30,2026-09-28,30,1.2917,1.5186,0.5486,0.4814
CG_022,CG,Bhilai,GFS ENSEMBLE,wind_speed_kmh,72,2026-08-30,2026-09-28,30,1.7253,2.3438,0.752,0.3871
CG_022,CG,Bhilai,AIFS,rainfall_mm,72,2026-08-30,2026-09-28,30,0.9798,1.7514,0.886,0.0995
CG_022,CG,Bhilai,AIFS,temperature_c,72,2026-08-30,2026-09-28,30,0.8896,1.1342,0.7557,0.3557
CG_022,CG,Bhilai,AIFS,wind_speed_kmh,72,2026-08-30,2026-09-28,30,1.6408,2.079,0.8518,0.2994
CG_022,CG,Bhilai,IFS,rainfall_mm,72,2026-08-30,2026-09-28,30,1.2043,2.1654,0.8583,0.6828
CG_022,CG,Bhilai,IFS,temperature_c,72,2026-08-30,2026-09-28,30,1.1745,1.3934,0.6808,0.0354
CG_022,CG,Bhilai,IFS,wind_speed_kmh,72,2026-08-30,2026-09-28,30,1.4873,2.037,0.8562,1.0384
CG_023,CG,Bilaspur,NCEP GFS,rainfall_mm,24,2026-08-30,2026-09-28,30,0.8889,2.0481,0.9593,-0.2077
CG_023,CG,Bilaspur,NCEP GFS,temperature_c,24,2026-08-30,2026-09-28,30,0.8621,1.0804,0.6037,0.1149
CG_023,CG,Bilaspur,NCEP GFS,wind_speed_kmh,24,2026-08-30,2026-09-28,30,1.9749,2.4344,0.8033,-0.144
CG_023,CG,Bilaspur,GFS ENSEMBLE,rainfall_mm,24,2026-08-30,2026-09-28,30,0.8375,1.6379,0.9776,-0.4624
CG_023,CG,Bilaspur,GFS ENSEMBLE,temperature_c,24,2026-08-30,2026-09-28,30,0.7237,0.9121,0.5986,-0.0478
CG_023,CG,Bilaspur,GFS ENSEMBLE,wind_speed_kmh,24,2026-08-30,2026-09-28,30,1.378,1.807,0.846,-0.2523
CG_023,CG,Bilaspur,AIFS,rainfall_mm,24,2026-08-30,2026-09-28,30,0.785,1.5186,0.9846,0.3663
CG_023,CG,Bilaspur,AIFS,temperature_c,24,2026-08-30,2026-09-28,30,0.7523,0.8937,0.801,-0.0161
CG_023,CG,Bilaspur,AIFS,wind_speed_kmh,24,2026-08-30,2026-09-28,30,1.5056,1.8514,0.8485,-0.413
CG_023,CG,Bilaspur,IFS,rainfall_mm,24,2026-08-30,2026-09-28,30,0.554,1.0734,0.9931,0.3109
CG_023,CG,Bilaspur,IFS,temperature_c,24,2026-08-30,2026-09-28,30,0.8095,1.017,0.7979,0.3349
CG_023,CG,Bilaspur,IFS,wind_speed_kmh,24,2026-08-30,2026-09-28,30,1.4601,1.7478,0.9035,0.4583
CG_023,CG,Bilaspur,NCEP GFS,rainfall_mm,48,2026-08-30,2026-09-28,30,1.4651,3.0196,0.9085,-0.1061
CG_023,CG,Bilaspur,NCEP GFS,temperature_c,48,2026-08-30,2026-09-28,30,1.1596,1.4033,0.6867,0.4009
CG_023,CG,Bilaspur,NCEP GFS,wind_speed_kmh,48,2026-08-30,2026-09-28,30,2.6587,3.1811,0.8261,1.8663
CG_023,CG,Bilaspur,GFS ENSEMBLE,rainfall_mm,48,2026-08-30,2026-09-28,30,1.093,1.9066,0.9672,-0.4704
CG_023,CG,Bilaspur,GFS ENSEMBLE,temperature_c,48,2026-08-30,2026-09-28,30,0.9564,1.1165,0.8101,0.4996
CG_023,CG,Bilaspur,GFS ENSEMBLE,wind_speed_kmh,48,2026-08-30,2026-09-28,30,1.8392,2.144,0.8359,0.064
CG_023,CG,Bilaspur,AIFS,rainfall_mm,48,2026-08-30,2026-09-28,30,0.9374,2.0452,0.9614,-0.1857
CG_023,CG,Bilaspur,AIFS,temperature_c,48,2026-08-30,2026-09-28,30,0.8966,1.0195,0.8172,0.2936
CG_023,CG,Bilaspur,AIFS,wind_speed_kmh,48,2026-08-30,2026-09-28,30,1.4788,1.7771,0.8513,-0.0327
CG_023,CG,Bilaspur,IFS,rainfall_mm,48,2026-08-30,2026-09-28,30,0.9062,1.7567,0.9765,-0.2131
CG_023,CG,Bilaspur,IFS,temperature_c,48,2026-08-30,2026-09-28,30,0.9255,1.0766,0.6958,-0.1828
CG_023,CG,Bilaspur,IFS,wind_speed_kmh,48,2026-08-30,2026-09-28,30,1.0425,1.3203,0.9258,0.3757
CG_023,CG,Bilaspur,NCEP GFS,rainfall_mm,72,2026-08-30,2026-09-28,30,1.472,2.8232,0.9235,0.3346
CG_023,CG,Bilaspur,NCEP GFS,temperature_c,72,2026-08-30,2026-09-28,30,1.2399,1.4786,0.7539,0.1596
CG_023,CG,Bilaspur,NCEP GFS,wind_speed_kmh,72,2026-08-30,2026-09-28,30,2.2556,3.073,0.7979,1.0143
CG_023,CG,Bilaspur,GFS ENSEMBLE,rainfall_mm,72,2026-08-30,2026-09-28,30,1.1013,2.4798,0.9449,-0.6844
CG_023,CG,Bilaspur,GFS ENSEMBLE,temperature_c,72,2026-08-30,2026-09-28,30,1.195,1.4469,0.6577,-0.0241
CG_023,CG,Bilaspur,GFS ENSEMBLE,wind_speed_kmh,72,2026-08-30,2026-09-28,30,1.857,2.3127,0.8162,0.97
CG_023,CG,Bilaspur,AIFS,rainfall_mm,72,2026-08-30,2026-09-28,30,0.692,1.3674,0.9847,0.1763
CG_023,CG,Bilaspur,AIFS,temperature_c,72,2026-08-30,2026-09-28,30,0.9563,1.2408,0.6767,-0.1961
CG_023,CG,Bilaspur,AIFS,wind_speed_kmh,72,2026-08-30,2026-09-28,30,1.6052,1.887,0.8874,0.111
CG_023,CG,Bilaspur,IFS,rainfall_mm,72,2026-08-30,2026-09-28,30,1.8464,3.5939,0.8681,-0.2504
CG_023,CG,Bilaspur,IFS,temperature_c,72,2026-08-30,2026-09-28,30,0.8432,1.0738,0.7048,-0.2384
CG_023,CG,Bilaspur,IFS,wind_speed_kmh,72,2026-08-30,2026-09-28,30,1.9544,2.3074,0.8144,0.2037
CG_024,CG,Korba,NCEP GFS,rainfall_mm,24,2026-08-30,2026-09-28,30,0.7859,1.2798,0.9616,0.2692
CG_024,CG,Korba,NCEP GFS,temperature_c,24,2026-08-30,2026-09-28,30,1.0752,1.3358,0.6438,0.218
CG_024,CG,Korba,NCEP GFS,wind_speed_kmh,24,2026-08-30,2026-09-28,30,1.7723,2.2624,0.8074,0.8107
CG_024,CG,Korba,GFS ENSEMBLE,rainfall_mm,24,2026-08-30,2026-09-28,30,0.5824,1.1338,0.9585,0.0552
CG_024,CG,Korba,GFS ENSEMBLE,temperature_c,24,2026-08-30,2026-09-28,30,0.7123,0.8478,0.7858,0.1784
CG_024,CG,Korba,GFS ENSEMBLE,wind_speed_kmh,24,2026-08-30,2026-09-28,30,1.322,1.6485,0.8592,-0.0423
CG_024,CG,Korba,AIFS,rainfall_mm,24,2026-08-30,2026-09-28,30,0.5356,0.882,0.9802,0.2165
CG_024,CG,Korba,AIFS,temperature_c,24,2026-08-30,2026-09-28,30,0.6256,0.8103,0.8573,-0.2526
CG_024,CG,Korba,AIFS,wind_speed_kmh,24,2026-08-30,2026-09-28,30,1.0846,1.3699,0.9286,0.603
CG_024,CG,Korba,IFS,rainfall_mm,24,2026-08-30,2026-09-28,30,0.4487,0.9744,0.9704,-0.1612
CG_024,CG,Korba,IFS,temperature_c,24,2026-08-30,2026-09-28,30,0.7365,0.9671,0.7507,-0.084
CG_024,CG,Korba,IFS,wind_speed_kmh,24,2026-08-30,2026-09-28,30,1.2329,1.5669,0.8663,0.3907
CG_024,CG,Korba,NCEP GFS,rainfall_mm,48,2026-08-30,2026-09-28,30,0.8809,1.5318,0.9235,0.1705
CG_024,CG,Korba,NCEP GFS,temperature_c,48,2026-08-30,2026-09-28,30,1.3301,1.6088,0.6751,0.4657
CG_024,CG,Korba,NCEP GFS,wind_speed_kmh,48,2026-08-30,2026-09-28,30,3.0006,3.5692,0.7513,0.5487
CG_024,CG,Korba,GFS ENSEMBLE,rainfall_mm,48,2026-08-30,2026-09-28,30,0.4471,0.7958,0.9853,-0.3568
CG_024,CG,Korba,GFS ENSEMBLE,temperature_c,48,2026-08-30,2026-09-28,30,0.9286,1.1378,0.7306,0.371
CG_024,CG,Korba,GFS ENSEMBLE,wind_speed_kmh,48,2026-08-30,2026-09-28,30,1.544,1.8557,0.8407,0.1927
CG_024,CG,Korba,AIFS,rainfall_mm,48,2026-08-30,2026-09-28,30,0.5136,0.8593,0.9858,-0.3138
CG_024,CG,Korba,AIFS,temperature_c,48,2026-08-30,2026-09-28,30,0.8678,1.0142,0.7595,-0.213
CG_024,CG,Korba,AIFS,wind_speed_kmh,48,2026-08-30,2026-09-28,30,0.9986,1.2452,0.9098,-0.1173
CG_024,CG,Korba,IFS,rainfall_mm,48,2026-08-30,2026-09-28,30,0.4209,0.7016,0.9853,-0.0212
CG_024,CG,Korba,IFS,temperature_c,48,2026-08-30,2026-09-28,30,0.6349,0.7867,0.8374,0.297
CG_024,CG,Korba,IFS,wind_speed_kmh,48,2026-08-30,2026-09-28,30,1.535,1.8429,0.8051,0.08
CG_024,CG,Korba,NCEP GFS,rainfall_mm,72,2026-08-30,2026-09-28,30,0.923,1.4263,0.9438,0.1205
CG_024,CG,Korba,NCEP GFS,temperature_c,72,2026-08-30,2026-09-28,30,1.464,1.7357,0.5687,0.3004
CG_024,CG,Korba,NCEP GFS,wind_speed_kmh,72,2026-08-30,2026-09-28,30,2.0303,2.5302,0.6957,-0.469
CG_024,CG,Korba,GFS ENSEMBLE,rainfall_mm,72,2026-08-30,2026-09-28,30,0.6934,1.16,0.9768,0.2858
CG_024,CG,Korba,GFS ENSEMBLE,temperature_c,72,2026-08-30,2026-09-28,30,0.9423,1.2177,0.552,0.2857
CG_024,CG,Korba,GFS ENSEMBLE,wind_speed_kmh,72,2026-08-30,2026-09-28,30,1.8298,2.3092,0.815,1.0337
CG_024,CG,Korba,AIFS,rainfall_mm,72,2026-08-30,2026-09-28,30,0.7298,1.1659,0.963,-0.0255
CG_024,CG,Korba,AIFS,temperature_c,72,2026-08-30,2026-09-28,30,0.8894,1.064,0.8058,-0.0453
CG_024,CG,Korba,AIFS,wind_speed_kmh,72,2026-08-30,2026-09-28,30,1.558,1.974,0.7677,-0.1723
CG_024,CG,Korba,IFS,rainfall_mm,72,2026-08-30,2026-09-28,30,0.9652,1.7329,0.902,0.1508
CG_024,CG,Korba,IFS,temperature_c,72,2026-08-30,2026-09-28,30,0.7448,0.8856,0.831,0.054
CG_024,CG,Korba,IFS,wind_speed_kmh,72,2026-08-30,2026-09-28,30,1.7705,2.2539,0.8077,0.832
CG_025,CG,Durg,NCEP GFS,rainfall_mm,24,2026-08-30,2026-09-28,30,1.1749,2.7223,0.9431,-0.2609
CG_025,CG,Durg,NCEP GFS,temperature_c,24,2026-08-30,2026-09-28,30,1.1221,1.3578,0.715,0.3521
CG_025,CG,Durg,NCEP GFS,wind_speed_kmh,24,2026-08-30,2026-09-28,30,2.0462,2.6445,0.8486,0.9547
CG_025,CG,Durg,GFS ENSEMBLE,rainfall_mm,24,2026-08-30,2026-09-28,30,1.0067,2.4969,0.9724,0.2028
CG_025,CG,Durg,GFS ENSEMBLE,temperature_c,24,2026-08-30,2026-09-28,30,0.6865,0.8328,0.8503,0.1691
CG_025,CG,Durg,GFS ENSEMBLE,wind_speed_kmh,24,2026-08-30,2026-09-28,30,1.3729,1.6501,0.9102,0.2391
CG_025,CG,Durg,AIFS,rainfall_mm,24,2026-08-30,2026-09-28,30,0.7479,1.3386,0.9909,0.2854
CG_025,CG,Durg,AIFS,temperature_c,24,2026-08-30,2026-09-28,30,0.6701,0.911,0.8029,-0.0622
CG_025,CG,Durg,AIFS,wind_speed_kmh,24,2026-08-30,2026-09-28,30,1.3945,1.7807,0.8965,-0.0939
CG_025,CG,Durg,IFS,rainfall_mm,24,2026-08-30,2026-09-28,30,0.8618,3.1855,0.9304,-0.4856
CG_025,CG,Durg,IFS,temperature_c,24,2026-08-30,2026-09-28,30,0.6368,0.8135,0.827,0.1081
CG_025,CG,Durg,IFS,wind_speed_kmh,24,2026-08-30,2026-09-28,30,1.4982,1.8549,0.8684,0.4404
CG_025,CG,Durg,NCEP GFS,rainfall_mm,48,2026-08-30,2026-09-28,30,0.7963,1.5511,0.9809,-0.1562
CG_025,CG,Durg,NCEP GFS,temperature_c,48,2026-08-30,2026-09-28,30,1.1297,1.4714,0.5932,0.6128
CG_025,CG,Durg,NCEP GFS,wind_speed_kmh,48,2026-08-30,2026-09-28,30,1.7361,2.1498,0.8248,0.4641
CG_025,CG,Durg,GFS ENSEMBLE,rainfall_mm,48,2026-08-30,2026-09-28,30,1.0313,2.3154,0.9795,-0.8662
CG_025,CG,Durg,GFS ENSEMBLE,temperature_c,48,2026-08-30,2026-09-28,30,0.8351,0.9764,0.7319,0.2138
CG_025,CG,Durg,GFS ENSEMBLE,wind_speed_kmh,48,2026-08-30,2026-09-28,30,1.3328,1.7507,0.8755,0.6837
CG_025,CG,Durg,AIFS,rainfall_mm,48,2026-08-30,2026-09-28,30,0.7516,1.4987,0.989,0.3591
CG_025,CG,Durg,AIFS,temperature_c,48,2026-08-30,2026-09-28,30,1.021,1.2436,0.681,-0.2075
CG_025,CG,Durg,AIFS,wind_speed_kmh,48,2026-08-30,2026-09-28,30,1.6988,2.0667,0.856,-0.1066
CG_025,CG,Durg,IFS,rainfall_mm,48,2026-08-30,2026-09-28,30,1.5272,4.0473,0.878,-0.4012
CG_025,CG,Durg,IFS,temperature_c,48,2026-08-30,2026-09-28,30,0.7702,0.9941,0.729,-0.2502
CG_025,CG,Durg,IFS,wind_speed_kmh,48,2026-08-30,2026-09-28,30,1.8661,2.2062,0.8396,0.3681
CG_025,CG,Durg,NCEP GFS,rainfall_mm,72,2026-08-30,2026-09-28,30,1.5034,2.517,0.9701,0.3831
CG_025,CG,Durg,NCEP GFS,temperature_c,72,2026-08-30,2026-09-28,30,1.5816,1.9764,0.3351,0.9618
CG_025,CG,Durg,NCEP GFS,wind_speed_kmh,72,2026-08-30,2026-09-28,30,2.1367,2.6622,0.8155,0.6137
CG_025,CG,Durg,GFS ENSEMBLE,rainfall_mm,72,2026-08-30,2026-09-28,30,1.2793,2.825,0.9404,-0.6722
CG_025,CG,Durg,GFS ENSEMBLE,temperature_c,72,2026-08-30,2026-09-28,30,1.1846,1.4851,0.463,0.2638
CG_025,CG,Durg,GFS ENSEMBLE,wind_speed_kmh,72,2026-08-30,2026-09-28,30,1.8402,2.2726,0.829,-0.0826
CG_025,CG,Durg,AIFS,rainfall_mm,72,2026-08-30,2026-09-28,30,0.911,1.6459,0.986,-0.3896
CG_025,CG,Durg,AIFS,temperature_c,72,2026-08-30,2026-09-28,30,0.971,1.342,0.7548,-0.1405
CG_025,CG,Durg,AIFS,wind_speed_kmh,72,2026-08-30,2026-09-28,30,1.5421,1.9688,0.85,-0.3613
CG_025,CG,Durg,IFS,rainfall_mm,72,2026-08-30,2026-09-28,30,0.7358,1.499,0.9868,0.0101
CG_025,CG,Durg,IFS,temperature_c,72,2026-08-30,2026-09-28,30,0.8597,1.0504,0.7657,0.0535
CG_025,CG,Durg,IFS,wind_speed_kmh,72,2026-08-30,2026-09-28,30,2.1339,2.7351,0.7886,-0.4923
GA_026,GA,Panaji,NCEP GFS,rainfall_mm,24,2026-08-30,2026-09-28,30,0.8613,1.4059,0.9893,-0.0641
GA_026,GA,Panaji,NCEP GFS,temperature_c,24,2026-08-30,2026-09-28,30,0.8593,1.0881,0.5424,0.0337
GA_026,GA,Panaji,NCEP GFS,wind_speed_kmh,24,2026-08-30,2026-09-28,30,1.8825,2.3913,0.718,0.8168
GA_026,GA,Panaji,GFS ENSEMBLE,rainfall_mm,24,2026-08-30,2026-09-28,30,1.4469,2.629,0.9642,-0.6281
GA_026,GA,Panaji,GFS ENSEMBLE,temperature_c,24,2026-08-30,2026-09-28,30,0.7264,0.8862,0.7931,0.061
GA_026,GA,Panaji,GFS ENSEMBLE,wind_speed_kmh,24,2026-08-30,2026-09-28,30,1.3508,1.7068,0.8643,-0.1318
GA_026,GA,Panaji,AIFS,rainfall_mm,24,2026-08-30,2026-09-28,30,1.4155,2.8702,0.9747,0.9662
GA_026,GA,Panaji,AIFS,temperature_c,24,2026-08-30,2026-09-28,30,0.6484,0.8145,0.8,-0.1693
GA_026,GA,Panaji,AIFS,wind_speed_kmh,24,2026-08-30,2026-09-28,30,0.9483,1.198,0.942,0.4005
GA_026,GA,Panaji,IFS,rainfall_mm,24,2026-08-30,2026-09-28,30,1.0669,2.0166,0.9774,0.2825
GA_026,GA,Panaji,IFS,temperature_c,24,2026-08-30,2026-09-28,30,0.6924,0.8458,0.7204,-0.1113
GA_026,GA,Panaji,IFS,wind_speed_kmh,24,2026-08-30,2026-09-28,30,1.3923,1.7514,0.8667,0.0042
GA_026,GA,Panaji,NCEP GFS,rainfall_mm,48,2026-08-30,2026-09-28,30,2.3658,4.4888,0.8911,-1.4158
GA_026,GA,Panaji,NCEP GFS,temperature_c,48,2026-08-30,2026-09-28,30,1.1165,1.4239,0.6442,0.2727
GA_026,GA,Panaji,NCEP GFS,wind_speed_kmh,48,2026-08-30,2026-09-28,30,2.2287,2.9259,0.7169,0.7902
GA_026,GA,Panaji,GFS ENSEMBLE,rainfall_mm,48,2026-08-30,2026-09-28,30,1.9241,3.3878,0.9387,-1.0015
GA_026,GA,Panaji,GFS ENSEMBLE,temperature_c,48,2026-08-30,2026-09-28,30,0.8913,1.12,0.6513,0.2247
GA_026,GA,Panaji,GFS ENSEMBLE,wind_speed_kmh,48,2026-08-30,2026-09-28,30,1.5471,1.964,0.8929,0.1225
GA_026,GA,Panaji,AIFS,rainfall_mm,48,2026-08-30,2026-09-28,30,1.355,2.3862,0.9684,0.0659
GA_026,GA,Panaji,AIFS,temperature_c,48,2026-08-30,2026-09-28,30,0.8156,1.0473,0.6739,-0.0123
GA_026,GA,Panaji,AIFS,wind_speed_kmh,48,2026-08-30,2026-09-28,30,1.5146,1.93,0.8906,0.0395
GA_026,GA,Panaji,IFS,rainfall_mm,48,2026-08-30,2026-09-28,30,1.6545,2.6049,0.9611,0.0662
GA_026,GA,Panaji,IFS,temperature_c,48,2026-08-30,2026-09-28,30,0.9387,1.1529,0.6179,0.036
GA_026,GA,Panaji,IFS,wind_speed_kmh,48,2026-08-30,2026-09-28,30,1.8182,2.0966,0.8527,0.1352
GA_026,GA,Panaji,NCEP GFS,rainfall_mm,72,2026-08-30,2026-09-28,30,2.9514,5.9116,0.8102,-2.1838
GA_026,GA,Panaji,NCEP GFS,temperature_c,72,2026-08-30,2026-09-28,30,1.3623,1.7753,0.6163,0.7017
GA_026,GA,Panaji,NCEP GFS,wind_speed_kmh,72,2026-08-30,2026-09-28,30,2.0039,2.4758,0.7788,-0.0552
GA_026,GA,Panaji,GFS ENSEMBLE,rainfall_mm,72,2026-08-30,2026-09-28,30,3.2259,5.3893,0.8409,-1.6878
GA_026,GA,Panaji,GFS ENSEMBLE,temperature_c,72,2026-08-30,2026-09-28,30,0.8589,0.9925,0.6673,0.2827
GA_026,GA,Panaji,GFS ENSEMBLE,wind_speed_kmh,72,2026-08-30,2026-09-28,30,2.2267,2.5795,0.681,0.7762
GA_026,GA,Panaji,AIFS,rainfall_mm,72,2026-08-30,2026-09-28,30,1.6445,2.4198,0.9698,-0.7875
GA_026,GA,Panaji,AIFS,temperature_c,72,2026-08-30,2026-09-28,30,1.0088,1.246,0.5951,-0.3553
GA_026,GA,Panaji,AIFS,wind_speed_kmh,72,2026-08-30,2026-09-28,30,2.0184,2.5014,0.7054,0.3768
GA_026,GA,Panaji,IFS,rainfall_mm,72,2026-08-30,2026-09-28,30,2.2737,4.2216,0.9137,0.3389
GA_026,GA,Panaji,IFS,temperature_c,72,2026-08-30,2026-09-28,30,0.9579,1.2716,0.7597,0.3674
GA_026,GA,Panaji,IFS,wind_speed_kmh,72,2026-08-30,2026-09-28,30,1.8989,2.3541,0.7591,-0.4225
GA_027,GA,Margao,NCEP GFS,rainfall_mm,24,2026-08-30,2026-09-28,30,4.2934,10.5081,0.9456,-2.6082
GA_027,GA,Margao,NCEP GFS,temperature_c,24,2026-08-30,2026-09-28,30,1.1631,1.5666,0.5481,0.0824
GA_027,GA,Margao,NCEP GFS,wind_speed_kmh,24,2026-08-30,2026-09-28,30,1.8264,2.2025,0.8146,0.386
GA_027,GA,Margao,GFS ENSEMBLE,rainfall_mm,24,2026-08-30,2026-09-28,30,3.0212,7.489,0.961,-1.0609
GA_027,GA,Margao,GFS ENSEMBLE,temperature_c,24,2026-08-30,2026-09-28,30,0.7061,0.8947,0.7896,-0.0536
GA_027,GA,Margao,GFS ENSEMBLE,wind_speed_kmh,24,2026-08-30,2026-09-28,30,1.3869,1.7521,0.831,0.0493
GA_027,GA,Margao,AIFS,rainfall_mm,24,2026-08-30,2026-09-28,30,2.3165,5.8089,0.9766,0.3995
GA_027,GA,Margao,AIFS,temperature_c,24,2026-08-30,2026-09-28,30,0.6002,0.7904,0.8419,0.0467
GA_027,GA,Margao,AIFS,wind_speed_kmh,24,2026-08-30,2026-09-28,30,1.549,1.7982,0.8328,0.1077
GA_027,GA,Margao,IFS,rainfall_mm,24,2026-08-30,2026-09-28,30,2.8769,10.7878,0.9364,-2.3692
GA_027,GA,Margao,IFS,temperature_c,24,2026-08-30,2026-09-28,30,0.5375,0.6669,0.8471,0.0224
GA_027,GA,Margao,IFS,wind_speed_kmh,24,2026-08-30,2026-09-28,30,1.4609,1.7889,0.875,0.3333
GA_027,GA,Margao,NCEP GFS,rainfall_mm,48,2026-08-30,2026-09-28,30,5.2686,17.0822,0.8074,-3.4399
GA_027,GA,Margao,NCEP GFS,temperature_c,48,2026-08-30,2026-09-28,30,1.227,1.4796,0.6222,0.5084
GA_027,GA,Margao,NCEP GFS,wind_speed_kmh,48,2026-08-30,2026-09-28,30,2.3309,3.2807,0.7409,0.4047
GA_027,GA,Margao,GFS ENSEMBLE,rainfall_mm,48,2026-08-30,2026-09-28,30,3.7619,10.743,0.9407,-2.9685
GA_027,GA,Margao,GFS ENSEMBLE,temperature_c,48,2026-08-30,2026-09-28,30,0.9341,1.1115,0.5706,0.0817
GA_027,GA,Margao,GFS ENSEMBLE,wind_speed_kmh,48,2026-08-30,2026-09-28,30,1.6707,2.1105,0.7734,-0.1913
GA_027,GA,Margao,AIFS,rainfall_mm,48,2026-08-30,2026-09-28,30,2.6941,7.0193,0.9791,1.3881
GA_027,GA,Margao,AIFS,temperature_c,48,2026-08-30,2026-09-28,30,0.6053,0.7802,0.8266,-0.0783
GA_027,GA,Margao,AIFS,wind_speed_kmh,48,2026-08-30,2026-09-28,30,1.6506,1.9507,0.8273,-0.1103
GA_027,GA,Margao,IFS,rainfall_mm,48,2026-08-30,2026-09-28,30,3.2364,7.54,0.9598,-0.7822
GA_027,GA,Margao,IFS,temperature_c,48,2026-08-30,2026-09-28,30,0.7058,0.9248,0.8026,0.0301
GA_027,GA,Margao,IFS,wind_speed_kmh,48,2026-08-30,2026-09-28,30,2.1696,2.5154,0.8171,0.032
GA_027,GA,Margao,NCEP GFS,rainfall_mm,72,2026-08-30,2026-09-28,30,4.2857,7.9172,0.9572,-1.1442
GA_027,GA,Margao,NCEP GFS,temperature_c,72,2026-08-30,2026-09-28,30,1.4027,1.8141,0.269,0.6161
GA_027,GA,Margao,NCEP GFS,wind_speed_kmh,72,2026-08-30,2026-09-28,30,3.0853,4.0862,0.682,1.2527
GA_027,GA,Margao,GFS ENSEMBLE,rainfall_mm,72,2026-08-30,2026-09-28,30,6.0533,16.0856,0.8984,-4.5609
GA_027,GA,Margao,GFS ENSEMBLE,temperature_c,72,2026-08-30,2026-09-28,30,1.1273,1.3372,0.805,0.5611
GA_027,GA,Margao,GFS ENSEMBLE,wind_speed_kmh,72,2026-08-30,2026-09-28,30,1.5548,1.8118,0.8422,0.2677
GA_027,GA,Margao,AIFS,rainfall_mm,72,2026-08-30,2026-09-28,30,3.9714,8.9776,0.9534,-0.6572
GA_027,GA,Margao,AIFS,temperature_c,72,2026-08-30,2026-09-28,30,0.8332,1.0597,0.7715,-0.0059
GA_027,GA,Margao,AIFS,wind_speed_kmh,72,2026-08-30,2026-09-28,30,1.7914,2.4583,0.7947,-0.634
GA_027,GA,Margao,IFS,rainfall_mm,72,2026-08-30,2026-09-28,30,2.3082,4.8452,0.9836,0.2678
GA_027,GA,Margao,IFS,temperature_c,72,2026-08-30,2026-09-28,30,1.0725,1.3114,0.6004,0.2944
GA_027,GA,Margao,IFS,wind_speed_kmh,72,2026-08-30,2026-09-28,30,2.1684,2.6483,0.814,0.803
GA_028,GA,Vasco da Gama,NCEP GFS,rainfall_mm,24,2026-08-30,2026-09-28,30,2.9124,6.5436,0.9773,1.801
GA_028,GA,Vasco da Gama,NCEP GFS,temperature_c,24,2026-08-30,2026-09-28,30,0.9972,1.3257,0.5333,0.5244
GA_028,GA,Vasco da Gama,NCEP GFS,wind_speed_kmh,24,2026-08-30,2026-09-28,30,1.9377,2.345,0.8088,0.3756
GA_028,GA,Vasco da Gama,GFS ENSEMBLE,rainfall_mm,24,2026-08-30,2026-09-28,30,2.9799,7.3392,0.9101,-2.0217
GA_028,GA,Vasco da Gama,GFS ENSEMBLE,temperature_c,24,2026-08-30,2026-09-28,30,0.7198,0.9442,0.6315,0.3674
GA_028,GA,Vasco da Gama,GFS ENSEMBLE,wind_speed_kmh,24,2026-08-30,2026-09-28,30,1.6864,2.0024,0.8734,-0.4844
GA_028,GA,Vasco da Gama,AIFS,rainfall_mm,24,2026-08-30,2026-09-28,30,2.2127,4.0939,0.9679,-0.5763
GA_028,GA,Vasco da Gama,AIFS,temperature_c,24,2026-08-30,2026-09-28,30,0.6557,0.8214,0.8625,-0.0829
GA_028,GA,Vasco da Gama,AIFS,wind_speed_kmh,24,2026-08-30,2026-09-28,30,1.1453,1.4452,0.9089,0.0086
GA_028,GA,Vasco da Gama,IFS,rainfall_mm,24,2026-08-30,2026-09-28,30,1.463,2.3504,0.9902,-0.4513
GA_028,GA,Vasco da Gama,IFS,temperature_c,24,2026-08-30,2026-09-28,30,0.6256,0.7777,0.7778,0.0121
GA_028,GA,Vasco da Gama,IFS,wind_speed_kmh,24,2026-08-30,2026-09-28,30,1.0831,1.3379,0.9333,-0.0704
GA_028,GA,Vasco da Gama,NCEP GFS,rainfall_mm,48,2026-08-30,2026-09-28,30,3.5935,6.4048,0.9308,-2.2247
GA_028,GA,Vasco da Gama,NCEP GFS,temperature_c,48,2026-08-30,2026-09-28,30,1.3234,1.6191,0.4044,0.4574
GA_028,GA,Vasco da Gama,NCEP GFS,wind_speed_kmh,48,2026-08-30,2026-09-28,30,2.5391,3.266,0.6994,1.4353
GA_028,GA,Vasco da Gama,GFS ENSEMBLE,rainfall_mm,48,2026-08-30,2026-09-28,30,2.4446,4.5941,0.9556,-0.808
GA_028,GA,Vasco da Gama,GFS ENSEMBLE,temperature_c,48,2026-08-30,2026-09-28,30,0.5998,0.7377,0.8297,0.3044
GA_028,GA,Vasco da Gama,GFS ENSEMBLE,wind_speed_kmh,48,2026-08-30,2026-09-28,30,1.6848,2.1191,0.7905,0.1456
GA_028,GA,Vasco da Gama,AIFS,rainfall_mm,48,2026-08-30,2026-09-28,30,2.4663,4.4368,0.9724,-1.7613
GA_028,GA,Vasco da Gama,AIFS,temperature_c,48,2026-08-30,2026-09-28,30,0.9474,1.201,0.4673,-0.0696
GA_028,GA,Vasco da Gama,AIFS,wind_speed_kmh,48,2026-08-30,2026-09-28,30,1.7234,2.2295,0.8009,-0.2424
GA_028,GA,Vasco da Gama,IFS,rainfall_mm,48,2026-08-30,2026-09-28,30,2.9314,6.8872,0.8943,0.3043
GA_028,GA,Vasco da Gama,IFS,temperature_c,48,2026-08-30,2026-09-28,30,0.9659,1.1154,0.6649,0.2601
GA_028,GA,Vasco da Gama,IFS,wind_speed_kmh,48,2026-08-30,2026-09-28,30,1.4676,1.837,0.8606,0.402
GA_028,GA,Vasco da Gama,NCEP GFS,rainfall_mm,72,2026-08-30,2026-09-28,30,3.8502,11.385,0.6835,-2.0597
GA_028,GA,Vasco da Gama,NCEP GFS,temperature_c,72,2026-08-30,2026-09-28,30,1.4941,1.8941,0.4181,0.6908
GA_028,GA,Vasco da Gama,NCEP GFS,wind_speed_kmh,72,2026-08-30,2026-09-28,30,2.2582,2.7986,0.7182,0.294
GA_028,GA,Vasco da Gama,GFS ENSEMBLE,rainfall_mm,72,2026-08-30,2026-09-28,30,3.5645,7.01,0.9046,-2.0277
GA_028,GA,Vasco da Gama,GFS ENSEMBLE,temperature_c,72,2026-08-30,2026-09-28,30,0.8897,1.064,0.7338,0.1411
GA_028,GA,Vasco da Gama,GFS ENSEMBLE,wind_speed_kmh,72,2026-08-30,2026-09-28,30,1.5866,1.8951,0.8549,0.166
GA_028,GA,Vasco da Gama,AIFS,rainfall_mm,72,2026-08-30,2026-09-28,30,2.3,3.7251,0.97,-0.1267
GA_028,GA,Vasco da Gama,AIFS,temperature_c,72,2026-08-30,2026-09-28,30,1.1407,1.4387,0.5792,-0.0136
GA_028,GA,Vasco da Gama,AIFS,wind_speed_kmh,72,2026-08-30,2026-09-28,30,1.5198,1.9445,0.7708,0.173
GA_028,GA,Vasco da Gama,IFS,rainfall_mm,72,2026-08-30,2026-09-28,30,2.8459,6.0496,0.963,1.053
GA_028,GA,Vasco da Gama,IFS,temperature_c,72,2026-08-30,2026-09-28,30,1.0415,1.3553,0.6502,0.3251
GA_028,GA,Vasco da Gama,IFS,wind_speed_kmh,72,2026-08-30,2026-09-28,30,1.9013,2.2559,0.8328,0.1076
GA_029,GA,Mapusa,NCEP GFS,rainfall_mm,24,2026-08-30,2026-09-28,30,2.8315,4.6376,0.9429,-1.0232
GA_029,GA,Mapusa,NCEP GFS,temperature_c,24,2026-08-30,2026-09-28,30,0.9691,1.205,0.674,0.0515
GA_029,GA,Mapusa,NCEP GFS,wind_speed_kmh,24,2026-08-30,2026-09-28,30,2.1263,2.5562,0.7033,0.7096
GA_029,GA,Mapusa,GFS ENSEMBLE,rainfall_mm,24,2026-08-30,2026-09-28,30,2.8543,6.7694,0.88,-2.1959
GA_029,GA,Mapusa,GFS ENSEMBLE,temperature_c,24,2026-08-30,2026-09-28,30,0.6419,0.7967,0.7863,-0.0122
GA_029,GA,Mapusa,GFS ENSEMBLE,wind_speed_kmh,24,2026-08-30,2026-09-28,30,1.2909,1.6539,0.8794,0.3373
GA_029,GA,Mapusa,AIFS,rainfall_mm,24,2026-08-30,2026-09-28,30,1.1029,1.8447,0.9937,0.5018
GA_029,GA,Mapusa,AIFS,temperature_c,24,2026-08-30,2026-09-28,30,0.6698,0.812,0.7639,-0.2812
GA_029,GA,Mapusa,AIFS,wind_speed_kmh,24,2026-08-30,2026-09-28,30,1.3728,1.5293,0.866,0.1683
GA_029,GA,Mapusa,IFS,rainfall_mm,24,2026-08-30,2026-09-28,30,1.7413,4.2587,0.9614,0.0125
GA_029,GA,Mapusa,IFS,temperature_c,24,2026-08-30,2026-09-28,30,0.756,0.9517,0.7867,-0.0949
GA_029,GA,Mapusa,IFS,wind_speed_kmh,24,2026-08-30,2026-09-28,30,1.5897,1.9484,0.8779,-0.594
GA_029,GA,Mapusa,NCEP GFS,rainfall_mm,48,2026-08-30,2026-09-28,30,3.591,8.2875,0.8001,-2.0515
GA_029,GA,Mapusa,NCEP GFS,temperature_c,48,2026-08-30,2026-09-28,30,1.2967,1.5905,0.644,0.2651
GA_029,GA,Mapusa,NCEP GFS,wind_speed_kmh,48,2026-08-30,2026-09-28,30,2.2849,3.024,0.6869,0.6573
GA_029,GA,Mapusa,GFS ENSEMBLE,rainfall_mm,48,2026-08-30,2026-09-28,30,2.994,5.3407,0.962,-2.6099
GA_029,GA,Mapusa,GFS ENSEMBLE,temperature_c,48,2026-08-30,2026-09-28,30,0.7574,0.9008,0.8248,0.3195
GA_029,GA,Mapusa,GFS ENSEMBLE,wind_speed_kmh,48,2026-08-30,2026-09-28,30,1.395,1.7373,0.8437,0.3093
GA_029,GA,Mapusa,AIFS,rainfall_mm,48,2026-08-30,2026-09-28,30,2.5052,4.3095,0.9631,0.9795
GA_029,GA,Mapusa,AIFS,temperature_c,48,2026-08-30,2026-09-28,30,0.632,0.7937,0.7908,0.1628
GA_029,GA,Mapusa,AIFS,wind_speed_kmh,48,2026-08-30,2026-09-28,30,1.447,1.8834,0.784,0.006
GA_029,GA,Mapusa,IFS,rainfall_mm,48,2026-08-30,2026-09-28,30,2.2159,3.6335,0.9679,0.3125
GA_029,GA,Mapusa,IFS,temperature_c,48,2026-08-30,2026-09-28,30,0.8926,1.1288,0.6867,-0.1359
GA_029,GA,Mapusa,IFS,wind_speed_kmh,48,2026-08-30,2026-09-28,30,1.9563,2.3327,0.7775,0.3066
GA_029,GA,Mapusa,NCEP GFS,rainfall_mm,72,2026-08-30,2026-09-28,30,5.5047,9.1528,0.7867,-3.4285
GA_029,GA,Mapusa,NCEP GFS,temperature_c,72,2026-08-30,2026-09-28,30,1.428,1.7818,0.6513,0.4438
GA_029,GA,Mapusa,NCEP GFS,wind_speed_kmh,72,2026-08-30,2026-09-28,30,2.4933,3.1142,0.5606,0.4743
GA_029,GA,Mapusa,GFS ENSEMBLE,rainfall_mm,72,2026-08-30,2026-09-28,30,3.1665,5.228,0.9299,-1.3875
GA_029,GA,Mapusa,GFS ENSEMBLE,temperature_c,72,2026-08-30,2026-09-28,30,0.9631,1.1751,0.7178,0.1451
GA_029,GA,Mapusa,GFS ENSEMBLE,wind_speed_kmh,72,2026-08-30,2026-09-28,30,2.2275,2.9057,0.602,1.078
GA_029,GA,Mapusa,AIFS,rainfall_mm,72,2026-08-30,2026-09-28,30,2.8067,5.4556,0.9154,-0.0245
GA_029,GA,Mapusa,AIFS,temperature_c,72,2026-08-30,2026-09-28,30,0.9021,1.0997,0.6458,-0.2182
GA_029,GA,Mapusa,AIFS,wind_speed_kmh,72,2026-08-30,2026-09-28,30,1.9097,2.3051,0.7394,0.2083
GA_029,GA,Mapusa,IFS,rainfall_mm,72,2026-08-30,2026-09-28,30,2.6875,5.0712,0.9494,-1.9935
GA_029,GA,Mapusa,IFS,temperature_c,72,2026-08-30,2026-09-28,30,0.9142,1.1816,0.7673,0.1818
GA_029,GA,Mapusa,IFS,wind_speed_kmh,72,2026-08-30,2026-09-28,30,1.2881,1.6382,0.8789,0.013
GA_030,GA,Ponda,NCEP GFS,rainfall_mm,24,2026-08-30,2026-09-28,30,2.1649,4.1051,0.913,-0.8179
GA_030,GA,Ponda,NCEP GFS,temperature_c,24,2026-08-30,2026-09-28,30,1.1706,1.4529,0.694,0.2166
GA_030,GA,Ponda,NCEP GFS,wind_speed_kmh,24,2026-08-30,2026-09-28,30,1.7878,2.3403,0.7609,0.5548
GA_030,GA,Ponda,GFS ENSEMBLE,rainfall_mm,24,2026-08-30,2026-09-28,30,1.2061,2.4873,0.9781,-1.0289
GA_030,GA,Ponda,GFS ENSEMBLE,temperature_c,24,2026-08-30,2026-09-28,30,0.639,0.8348,0.8649,0.2253
GA_030,GA,Ponda,GFS ENSEMBLE,wind_speed_kmh,24,2026-08-30,2026-09-28,30,1.4423,1.7731,0.8674,0.3784
GA_030,GA,Ponda,AIFS,rainfall_mm,24,2026-08-30,2026-09-28,30,1.178,2.363,0.9711,-0.0399
GA_030,GA,Ponda,AIFS,temperature_c,24,2026-08-30,2026-09-28,30,0.7613,0.9625,0.703,-0.2914
GA_030,GA,Ponda,AIFS,wind_speed_kmh,24,2026-08-30,2026-09-28,30,1.1072,1.4266,0.8763,-0.2486
GA_030,GA,Ponda,IFS,rainfall_mm,24,2026-08-30,2026-09-28,30,0.8066,1.2874,0.9919,-0.0259
GA_030,GA,Ponda,IFS,temperature_c,24,2026-08-30,2026-09-28,30,0.7245,0.8682,0.7793,0.0526
GA_030,GA,Ponda,IFS,wind_speed_kmh,24,2026-08-30,2026-09-28,30,1.7319,2.1072,0.8662,0.6334
GA_030,GA,Ponda,NCEP GFS,rainfall_mm,48,2026-08-30,2026-09-28,30,1.9342,3.8628,0.9262,-0.6302
GA_030,GA,Ponda,NCEP GFS,temperature_c,48,2026-08-30,2026-09-28,30,1.0038,1.3796,0.5486,0.4213
GA_030,GA,Ponda,NCEP GFS,wind_speed_kmh,48,2026-08-30,2026-09-28,30,2.3722,2.915,0.6297,0.5598
GA_030,GA,Ponda,GFS ENSEMBLE,rainfall_mm,48,2026-08-30,2026-09-28,30,1.2022,2.5855,0.9732,-0.0882
GA_030,GA,Ponda,GFS ENSEMBLE,temperature_c,48,2026-08-30,2026-09-28,30,0.7472,0.9062,0.8029,-0.0724
GA_030,GA,Ponda,GFS ENSEMBLE,wind_speed_kmh,48,2026-08-30,2026-09-28,30,1.8848,2.3644,0.7003,0.0871
GA_030,GA,Ponda,AIFS,rainfall_mm,48,2026-08-30,2026-09-28,30,0.9915,2.2244,0.98,0.2681
GA_030,GA,Ponda,AIFS,temperature_c,48,2026-08-30,2026-09-28,30,0.773,0.958,0.7835,-0.2094
GA_030,GA,Ponda,AIFS,wind_speed_kmh,48,2026-08-30,2026-09-28,30,1.5807,1.9469,0.849,-0.1452
GA_030,GA,Ponda,IFS,rainfall_mm,48,2026-08-30,2026-09-28,30,0.9741,1.4737,0.9902,0.2698
GA_030,GA,Ponda,IFS,temperature_c,48,2026-08-30,2026-09-28,30,0.6954,0.9213,0.8237,-0.0461
GA_030,GA,Ponda,IFS,wind_speed_kmh,48,2026-08-30,2026-09-28,30,1.3456,1.6352,0.8815,-0.1362
GA_030,GA,Ponda,NCEP GFS,rainfall_mm,72,2026-08-30,2026-09-28,30,2.6018,6.2925,0.8381,-1.7002
GA_030,GA,Ponda,NCEP GFS,temperature_c,72,2026-08-30,2026-09-28,30,1.598,2.0081,0.5372,0.0006
GA_030,GA,Ponda,NCEP GFS,wind_speed_kmh,72,2026-08-30,2026-09-28,30,2.3857,3.1542,0.7191,1.0728
GA_030,GA,Ponda,GFS ENSEMBLE,rainfall_mm,72,2026-08-30,2026-09-28,30,2.2972,6.445,0.7788,-0.8926
GA_030,GA,Ponda,GFS ENSEMBLE,temperature_c,72,2026-08-30,2026-09-28,30,0.8842,1.2071,0.7099,0.1163
GA_030,GA,Ponda,GFS ENSEMBLE,wind_speed_kmh,72,2026-08-30,2026-09-28,30,1.9383,2.4321,0.706,0.1214
GA_030,GA,Ponda,AIFS,rainfall_mm,72,2026-08-30,2026-09-28,30,2.3661,5.3173,0.8497,-1.1119
GA_030,GA,Ponda,AIFS,temperature_c,72,2026-08-30,2026-09-28,30,0.8397,0.9626,0.7458,-0.0864
GA_030,GA,Ponda,AIFS,wind_speed_kmh,72,2026-08-30,2026-09-28,30,1.6568,2.1795,0.7877,0.4591
GA_030,GA,Ponda,IFS,rainfall_mm,72,2026-08-30,2026-09-28,30,1.6058,3.1656,0.9739,0.9351
GA_030,GA,Ponda,IFS,temperature_c,72,2026-08-30,2026-09-28,30,0.9336,1.0924,0.6941,-0.4047
GA_030,GA,Ponda,IFS,wind_speed_kmh,72,2026-08-30,2026-09-28,30,2.037,2.4706,0.8081,-0.4599
GJ_031,GJ,Ahmedabad,NCEP GFS,rainfall_mm,24,2026-08-30,2026-09-28,30,0.3657,0.8722,0.8936,-0.0319
GJ_031,GJ,Ahmedabad,NCEP GFS,temperature_c,24,2026-08-30,2026-09-28,30,1.0838,1.3457,0.7649,0.4946
GJ_031,GJ,Ahmedabad,NCEP GFS,wind_speed_kmh,24,2026-08-30,2026-09-28,30,1.841,2.3826,0.8285,0.5247
GJ_031,GJ,Ahmedabad,GFS ENSEMBLE,rainfall_mm,24,2026-08-30,2026-09-28,30,0.2574,0.4795,0.969,-0.0279
GJ_031,GJ,Ahmedabad,GFS ENSEMBLE,temperature_c,24,2026-08-30,2026-09-28,30,0.8892,1.044,0.8144,0.4776
GJ_031,GJ,Ahmedabad,GFS ENSEMBLE,wind_speed_kmh,24,2026-08-30,2026-09-28,30,1.5018,1.8631,0.8783,0.0117
GJ_031,GJ,Ahmedabad,AIFS,rainfall_mm,24,2026-08-30,2026-09-28,30,0.2629,0.5698,0.9594,0.1141
GJ_031,GJ,Ahmedabad,AIFS,temperature_c,24,2026-08-30,2026-09-28,30,0.5144,0.7,0.8591,0.0812
GJ_031,GJ,Ahmedabad,AIFS,wind_speed_kmh,24,2026-08-30,2026-09-28,30,1.3607,1.5969,0.8836,0.0137
GJ_031,GJ,Ahmedabad,IFS,rainfall_mm,24,2026-08-30,2026-09-28,30,0.3795,0.8253,0.9219,0.1464
GJ_031,GJ,Ahmedabad,IFS,temperature_c,24,2026-08-30,2026-09-28,30,0.6,0.7738,0.8424,-0.0364
GJ_031,GJ,Ahmedabad,IFS,wind_speed_kmh,24,2026-08-30,2026-09-28,30,1.1942,1.4071,0.9144,-0.3993
GJ_031,GJ,Ahmedabad,NCEP GFS,rainfall_mm,48,2026-08-30,2026-09-28,30,0.6979,1.3569,0.8295,0.4301
GJ_031,GJ,Ahmedabad,NCEP GFS,temperature_c,48,2026-08-30,2026-09-28,30,1.1355,1.4177,0.7656,0.7316
GJ_031,GJ,Ahmedabad,NCEP GFS,wind_speed_kmh,48,2026-08-30,2026-09-28,30,2.1558,2.7576,0.7538,0.2324
GJ_031,GJ,Ahmedabad,GFS ENSEMBLE,rainfall_mm,48,2026-08-30,2026-09-28,30,0.5011,1.0022,0.8569,-0.0353
GJ_031,GJ,Ahmedabad,GFS ENSEMBLE,temperature_c,48,2026-08-30,2026-09-28,30,0.9383,1.1934,0.713,0.1902
GJ_031,GJ,Ahmedabad,GFS ENSEMBLE,wind_speed_kmh,48,2026-08-30,2026-09-28,30,1.8424,2.2277,0.8285,0.8777
GJ_031,GJ,Ahmedabad,AIFS,rainfall_mm,48,2026-08-30,2026-09-28,30,0.3794,0.9098,0.8953,0.2031
GJ_031,GJ,Ahmedabad,AIFS,temperature_c,48,2026-08-30,2026-09-28,30,1.0171,1.1876,0.7788,-0.3418
GJ_031,GJ,Ahmedabad,AIFS,wind_speed_kmh,48,2026-08-30,2026-09-28,30,1.2822,1.5676,0.9109,-0.4713
GJ_031,GJ,Ahmedabad,IFS,rainfall_mm,48,2026-08-30,2026-09-28,30,0.391,0.9169,0.8932,0.2304
GJ_031,GJ,Ahmedabad,IFS,temperature_c,48,2026-08-30,2026-09-28,30,0.6146,0.7351,0.8854,-0.0288
GJ_031,GJ,Ahmedabad,IFS,wind_speed_kmh,48,2026-08-30,2026-09-28,30,1.6732,2.0034,0.8845,0.7284
GJ_031,GJ,Ahmedabad,NCEP GFS,rainfall_mm,72,2026-08-30,2026-09-28,30,0.5286,0.9721,0.8713,0.1507
GJ_031,GJ,Ahmedabad,NCEP GFS,temperature_c,72,2026-08-30,2026-09-28,30,1.0661,1.5646,0.6217,0.1612
GJ_031,GJ,Ahmedabad,NCEP GFS,wind_speed_kmh,72,2026-08-30,2026-09-28,30,2.2757,2.5974,0.8046,0.4644
GJ_031,GJ,Ahmedabad,GFS ENSEMBLE,rainfall_mm,72,2026-08-30,2026-09-28,30,0.6915,1.3721,0.7536,0.3231
GJ_031,GJ,Ahmedabad,GFS ENSEMBLE,temperature_c,72,2026-08-30,2026-09-28,30,1.1884,1.4513,0.7333,0.2629
GJ_031,GJ,Ahmedabad,GFS ENSEMBLE,wind_speed_kmh,72,2026-08-30,2026-09-28,30,2.029,2.471,0.7522,0.6201
GJ_031,GJ,Ahmedabad,AIFS,rainfall_mm,72,2026-08-30,2026-09-28,30,0.5221,1.0313,0.8492,0.0407
GJ_031,GJ,Ahmedabad,AIFS,temperature_c,72,2026-08-30,2026-09-28,30,0.822,1.0663,0.7421,-0.2184
GJ_031,GJ,Ahmedabad,AIFS,wind_speed_kmh,72,2026-08-30,2026-09-28,30,2.1336,2.6456,0.7332,0.9737
GJ_031,GJ,Ahmedabad,IFS,rainfall_mm,72,2026-08-30,2026-09-28,30,0.6957,1.2985,0.7841,0.1637
GJ_031,GJ,Ahmedabad,IFS,temperature_c,72,2026-08-30,2026-09-28,30,0.9979,1.2577,0.8524,-0.1294
GJ_031,GJ,Ahmedabad,IFS,wind_speed_kmh,72,2026-08-30,2026-09-28,30,1.7359,2.3425,0.8276,1.0864
GJ_032,GJ,Surat,NCEP GFS,rainfall_mm,24,2026-08-30,2026-09-28,30,0.4319,0.7083,0.9994,-0.1199
GJ_032,GJ,Surat,NCEP GFS,temperature_c,24,2026-08-30,2026-09-28,30,1.1406,1.3872,0.6402,0.4297
GJ_032,GJ,Surat,NCEP GFS,wind_speed_kmh,24,2026-08-30,2026-09-28,30,2.1076,2.6663,0.7076,0.447
GJ_032,GJ,Surat,GFS ENSEMBLE,rainfall_mm,24,2026-08-30,2026-09-28,30,1.389,5.9182,0.9977,-1.2686
GJ_032,GJ,Surat,GFS ENSEMBLE,temperature_c,24,2026-08-30,2026-09-28,30,0.5887,0.7017,0.8624,-0.197
GJ_032,GJ,Surat,GFS ENSEMBLE,wind_speed_kmh,24,2026-08-30,2026-09-28,30,1.4241,1.7156,0.8643,0.0866
GJ_032,GJ,Surat,AIFS,rainfall_mm,24,2026-08-30,2026-09-28,30,1.0947,3.3152,0.9992,0.9938
GJ_032,GJ,Surat,AIFS,temperature_c,24,2026-08-30,2026-09-28,30,0.5225,0.6739,0.8486,-0.0506
GJ_032,GJ,Surat,AIFS,wind_speed_kmh,24,2026-08-30,2026-09-28,30,1.1504,1.4342,0.9091,0.1903
GJ_032,GJ,Surat,IFS,rainfall_mm,24,2026-08-30,2026-09-28,30,1.7282,5.9934,0.9866,-0.5369
GJ_032,GJ,Surat,IFS,temperature_c,24,2026-08-30,2026-09-28,30,0.7132,0.8653,0.7853,-0.16
GJ_032,GJ,Surat,IFS,wind_speed_kmh,24,2026-08-30,2026-09-28,30,1.6572,2.0118,0.8618,0.3956
GJ_032,GJ,Surat,NCEP GFS,rainfall_mm,48,2026-08-30,2026-09-28,30,1.9263,5.3576,0.9944,-1.0079
GJ_032,GJ,Surat,NCEP GFS,temperature_c,48,2026-08-30,2026-09-28,30,1.0534,1.3,0.7217,0.6297
GJ_032,GJ,Surat,NCEP GFS,wind_speed_kmh,48,2026-08-30,2026-09-28,30,2.5124,3.0346,0.7924,1.187
GJ_032,GJ,Surat,GFS ENSEMBLE,rainfall_mm,48,2026-08-30,2026-09-28,30,2.9286,10.4397,0.9326,-1.3026
GJ_032,GJ,Surat,GFS ENSEMBLE,temperature_c,48,2026-08-30,2026-09-28,30,0.6943,0.8621,0.7748,-0.1653
GJ_032,GJ,Surat,GFS ENSEMBLE,wind_speed_kmh,48,2026-08-30,2026-09-28,30,2.1321,2.4616,0.7894,1.1256
GJ_032,GJ,Surat,AIFS,rainfall_mm,48,2026-08-30,2026-09-28,30,1.3174,5.4003,0.9945,-0.7166
GJ_032,GJ,Surat,AIFS,temperature_c,48,2026-08-30,2026-09-28,30,0.8234,1.0003,0.7598,-0.191
GJ_032,GJ,Surat,AIFS,wind_speed_kmh,48,2026-08-30,2026-09-28,30,1.5597,1.8623,0.8553,-0.225
GJ_032,GJ,Surat,IFS,rainfall_mm,48,2026-08-30,2026-09-28,30,1.3284,4.4346,0.9936,-0.3889
GJ_032,GJ,Surat,IFS,temperature_c,48,2026-08-30,2026-09-28,30,0.8061,0.9537,0.7709,-0.0773
GJ_032,GJ,Surat,IFS,wind_speed_kmh,48,2026-08-30,2026-09-28,30,1.8449,2.2687,0.827,-0.2074
GJ_032,GJ,Surat,NCEP GFS,rainfall_mm,72,2026-08-30,2026-09-28,30,0.8206,2.0545,0.9968,-0.6262
GJ_032,GJ,Surat,NCEP GFS,temperature_c,72,2026-08-30,2026-09-28,30,1.6585,1.9792,0.6616,0.5887
GJ_032,GJ,Surat,NCEP GFS,wind_speed_kmh,72,2026-08-30,2026-09-28,30,2.1572,2.7363,0.777,1.148
GJ_032,GJ,Surat,GFS ENSEMBLE,rainfall_mm,72,2026-08-30,2026-09-28,30,1.2009,2.356,0.996,-0.8966
GJ_032,GJ,Surat,GFS ENSEMBLE,temperature_c,72,2026-08-30,2026-09-28,30,1.1232,1.3386,0.7051,0.0584
GJ_032,GJ,Surat,GFS ENSEMBLE,wind_speed_kmh,72,2026-08-30,2026-09-28,30,2.2022,2.6036,0.7734,0.8356
GJ_032,GJ,Surat,AIFS,rainfall_mm,72,2026-08-30,2026-09-28,30,1.3693,4.7265,0.997,0.6428
GJ_032,GJ,Surat,AIFS,temperature_c,72,2026-08-30,2026-09-28,30,0.9647,1.1509,0.7758,-0.1426
GJ_032,GJ,Surat,AIFS,wind_speed_kmh,72,2026-08-30,2026-09-28,30,1.6979,2.1805,0.8425,-0.2404
GJ_032,GJ,Surat,IFS,rainfall_mm,72,2026-08-30,2026-09-28,30,1.1541,3.2865,0.9965,-0.1656
GJ_032,GJ,Surat,IFS,temperature_c,72,2026-08-30,2026-09-28,30,1.0873,1.2657,0.8054,0.561
GJ_032,GJ,Surat,IFS,wind_speed_kmh,72,2026-08-30,2026-09-28,30,1.9336,2.2905,0.8224,0.2106
GJ_033,GJ,Vadodara,NCEP GFS,rainfall_mm,24,2026-08-30,2026-09-28,30,0.9243,2.0472,0.9902,0.8247
GJ_033,GJ,Vadodara,NCEP GFS,temperature_c,24,2026-08-30,2026-09-28,30,1.0773,1.4641,0.7076,0.4735
GJ_033,GJ,Vadodara,NCEP GFS,wind_speed_kmh,24,2026-08-30,2026-09-28,30,1.9676,2.461,0.6887,0.37
GJ_033,GJ,Vadodara,GFS ENSEMBLE,rainfall_mm,24,2026-08-30,2026-09-28,30,0.6265,1.3557,0.9748,-0.0607
GJ_033,GJ,Vadodara,GFS ENSEMBLE,temperature_c,24,2026-08-30,2026-09-28,30,0.6323,0.7914,0.8463,-0.0655
GJ_033,GJ,Vadodara,GFS ENSEMBLE,wind_speed_kmh,24,2026-08-30,2026-09-28,30,1.3386,1.6426,0.8202,-0.3277
GJ_033,GJ,Vadodara,AIFS,rainfall_mm,24,2026-08-30,2026-09-28,30,0.6119,1.6826,0.9675,-0.0187
GJ_033,GJ,Vadodara,AIFS,temperature_c,24,2026-08-30,2026-09-28,30,0.5174,0.6616,0.8677,-0.0468
GJ_033,GJ,Vadodara,AIFS,wind_speed_kmh,24,2026-08-30,2026-09-28,30,1.0134,1.3047,0.8592,-0.357
GJ_033,GJ,Vadodara,IFS,rainfall_mm,24,2026-08-30,2026-09-28,30,0.4616,1.1073,0.9856,0.3237
GJ_033,GJ,Vadodara,IFS,temperature_c,24,2026-08-30,2026-09-28,30,0.717,0.8361,0.7564,0.0612
GJ_033,GJ,Vadodara,IFS,wind_speed_kmh,24,2026-08-30,2026-09-28,30,1.3675,1.8087,0.7795,0.1836
GJ_033,GJ,Vadodara,NCEP GFS,rainfall_mm,48,2026-08-30,2026-09-28,30,1.0252,2.2998,0.9419,-0.3667
GJ_033,GJ,Vadodara,NCEP GFS,temperature_c,48,2026-08-30,2026-09-28,30,1.1883,1.4909,0.4801,0.1542
GJ_033,GJ,Vadodara,NCEP GFS,wind_speed_kmh,48,2026-08-30,2026-09-28,30,2.3121,2.8162,0.7029,0.397
GJ_033,GJ,Vadodara,GFS ENSEMBLE,rainfall_mm,48,2026-08-30,2026-09-28,30,1.2066,2.9723,0.879,0.0293
GJ_033,GJ,Vadodara,GFS ENSEMBLE,temperature_c,48,2026-08-30,2026-09-28,30,0.8537,1.0713,0.71,0.2269
GJ_033,GJ,Vadodara,GFS ENSEMBLE,wind_speed_kmh,48,2026-08-30,2026-09-28,30,2.0277,2.4678,0.7315,0.5636
GJ_033,GJ,Vadodara,AIFS,rainfall_mm,48,2026-08-30,2026-09-28,30,0.8837,2.1763,0.949,-0.2643
GJ_033,GJ,Vadodara,AIFS,temperature_c,48,2026-08-30,2026-09-28,30,0.8878,1.0573,0.8134,0.0342
GJ_033,GJ,Vadodara,AIFS,wind_speed_kmh,48,2026-08-30,2026-09-28,30,1.4545,1.7909,0.7822,-0.3257
GJ_033,GJ,Vadodara,IFS,rainfall_mm,48,2026-08-30,2026-09-28,30,0.7599,1.6143,0.9753,-0.237
GJ_033,GJ,Vadodara,IFS,temperature_c,48,2026-08-30,2026-09-28,30,0.6743,0.872,0.7542,-0.0305
GJ_033,GJ,Vadodara,IFS,wind_speed_kmh,48,2026-08-30,2026-09-28,30,1.5072,2.1306,0.7939,0.0946
GJ_033,GJ,Vadodara,NCEP GFS,rainfall_mm,72,2026-08-30,2026-09-28,30,0.9245,1.8491,0.969,0.3227
GJ_033,GJ,Vadodara,NCEP GFS,temperature_c,72,2026-08-30,2026-09-28,30,1.3902,1.7062,0.5242,0.2592
GJ_033,GJ,Vadodara,NCEP GFS,wind_speed_kmh,72,2026-08-30,2026-09-28,30,1.5875,2.0343,0.7594,0.2846
GJ_033,GJ,Vadodara,GFS ENSEMBLE,rainfall_mm,72,2026-08-30,2026-09-28,30,1.0941,2.0084,0.9424,-0.1043
GJ_033,GJ,Vadodara,GFS ENSEMBLE,temperature_c,72,2026-08-30,2026-09-28,30,0.917,1.1175,0.6533,0.2045
GJ_033,GJ,Vadodara,GFS ENSEMBLE,wind_speed_kmh,72,2026-08-30,2026-09-28,30,1.65,2.1743,0.7179,0.0936
GJ_033,GJ,Vadodara,AIFS,rainfall_mm,72,2026-08-30,2026-09-28,30,0.5377,1.0565,0.9875,0.231
GJ_033,GJ,Vadodara,AIFS,temperature_c,72,2026-08-30,2026-09-28,30,0.8982,1.1759,0.6558,0.1109
GJ_033,GJ,Vadodara,AIFS,wind_speed_kmh,72,2026-08-30,2026-09-28,30,1.6954,2.0335,0.7769,0.935
GJ_033,GJ,Vadodara,IFS,rainfall_mm,72,2026-08-30,2026-09-28,30,0.5759,1.4234,0.994,-0.476
GJ_033,GJ,Vadodara,IFS,temperature_c,72,2026-08-30,2026-09-28,30,1.0866,1.4447,0.7444,-0.3275
GJ_033,GJ,Vadodara,IFS,wind_speed_kmh,72,2026-08-30,2026-09-28,30,2.0137,2.6636,0.5825,0.4646
GJ_034,GJ,Rajkot,NCEP GFS,rainfall_mm,24,2026-08-30,2026-09-28,30,0.4052,0.9212,0.9519,0.0537
GJ_034,GJ,Rajkot,NCEP GFS,temperature_c,24,2026-08-30,2026-09-28,30,0.7765,0.9941,0.7746,0.1847
GJ_034,GJ,Rajkot,NCEP GFS,wind_speed_kmh,24,2026-08-30,2026-09-28,30,1.6266,2.1234,0.8772,0.3751
GJ_034,GJ,Rajkot,GFS ENSEMBLE,rainfall_mm,24,2026-08-30,2026-09-28,30,0.8106,1.6447,0.8219,0.085
GJ_034,GJ,Rajkot,GFS ENSEMBLE,temperature_c,24,2026-08-30,2026-09-28,30,0.6327,0.8021,0.8732,0.0527
GJ_034,GJ,Rajkot,GFS ENSEMBLE,wind_speed_kmh,24,2026-08-30,2026-09-28,30,1.4642,1.8015,0.8661,0.6394
GJ_034,GJ,Rajkot,AIFS,rainfall_mm,24,2026-08-30,2026-09-28,30,0.4559,1.012,0.9635,0.268
GJ_034,GJ,Rajkot,AIFS,temperature_c,24,2026-08-30,2026-09-28,30,0.5902,0.7521,0.879,-0.0173
GJ_034,GJ,Rajkot,AIFS,wind_speed_kmh,24,2026-08-30,2026-09-28,30,1.2822,1.5678,0.92,0.0134
GJ_034,GJ,Rajkot,IFS,rainfall_mm,24,2026-08-30,2026-09-28,30,0.4474,0.8458,0.9621,0.2887
GJ_034,GJ,Rajkot,IFS,temperature_c,24,2026-08-30,2026-09-28,30,0.6431,0.7926,0.8388,0.048
GJ_034,GJ,Rajkot,IFS,wind_speed_kmh,24,2026-08-30,2026-09-28,30,1.2774,1.5373,0.9095,-0.1819
GJ_034,GJ,Rajkot,NCEP GFS,rainfall_mm,48,2026-08-30,2026-09-28,30,0.5608,1.0448,0.9352,0.097
GJ_034,GJ,Rajkot,NCEP GFS,temperature_c,48,2026-08-30,2026-09-28,30,1.3012,1.6577,0.6411,0.6324
GJ_034,GJ,Rajkot,NCEP GFS,wind_speed_kmh,48,2026-08-30,2026-09-28,30,1.9224,2.5431,0.7688,0.5207
GJ_034,GJ,Rajkot,GFS ENSEMBLE,rainfall_mm,48,2026-08-30,2026-09-28,30,0.319,0.7238,0.9686,-0.0997
GJ_034,GJ,Rajkot,GFS ENSEMBLE,temperature_c,48,2026-08-30,2026-09-28,30,0.8593,1.0039,0.8221,0.012
GJ_034,GJ,Rajkot,GFS ENSEMBLE,wind_speed_kmh,48,2026-08-30,2026-09-28,30,1.5686,1.8892,0.8981,0.4761
GJ_034,GJ,Rajkot,AIFS,rainfall_mm,48,2026-08-30,2026-09-28,30,0.5028,0.9817,0.959,0.2027
GJ_034,GJ,Rajkot,AIFS,temperature_c,48,2026-08-30,2026-09-28,30,0.6725,0.8691,0.8047,-0.172
GJ_034,GJ,Rajkot,AIFS,wind_speed_kmh,48,2026-08-30,2026-09-28,30,1.3725,1.7292,0.8863,-0.1306
GJ_034,GJ,Rajkot,IFS,rainfall_mm,48,2026-08-30,2026-09-28,30,0.4125,0.8095,0.9676,-0.1473
GJ_034,GJ,Rajkot,IFS,temperature_c,48,2026-08-30,2026-09-28,30,0.647,0.7947,0.8177,-0.114
GJ_034,GJ,Rajkot,IFS,wind_speed_kmh,48,2026-08-30,2026-09-28,30,1.792,2.0813,0.8643,-0.2573
GJ_034,GJ,Rajkot,NCEP GFS,rainfall_mm,72,2026-08-30,2026-09-28,30,0.5173,1.0511,0.9484,0.2127
GJ_034,GJ,Rajkot,NCEP GFS,temperature_c,72,2026-08-30,2026-09-28,30,1.889,2.3644,0.6033,0.2887
GJ_034,GJ,Rajkot,NCEP GFS,wind_speed_kmh,72,2026-08-30,2026-09-28,30,3.0041,3.7235,0.7019,0.5711
GJ_034,GJ,Rajkot,GFS ENSEMBLE,rainfall_mm,72,2026-08-30,2026-09-28,30,1.0757,1.9624,0.8732,0.6963
GJ_034,GJ,Rajkot,GFS ENSEMBLE,temperature_c,72,2026-08-30,2026-09-28,30,1.1131,1.3949,0.5979,0.2687
GJ_034,GJ,Rajkot,GFS ENSEMBLE,wind_speed_kmh,72,2026-08-30,2026-09-28,30,2.3194,2.83,0.7954,1.0187
GJ_034,GJ,Rajkot,AIFS,rainfall_mm,72,2026-08-30,2026-09-28,30,0.6565,1.2747,0.9332,0.5403
GJ_034,GJ,Rajkot,AIFS,temperature_c,72,2026-08-30,2026-09-28,30,0.8507,1.201,0.7771,-0.098
GJ_034,GJ,Rajkot,AIFS,wind_speed_kmh,72,2026-08-30,2026-09-28,30,1.5494,1.9413,0.8366,-0.0056
GJ_034,GJ,Rajkot,IFS,rainfall_mm,72,2026-08-30,2026-09-28,30,0.4767,1.0593,0.9303,-0.0537
GJ_034,GJ,Rajkot,IFS,temperature_c,72,2026-08-30,2026-09-28,30,1.1043,1.3394,0.7958,0.521
GJ_034,GJ,Rajkot,IFS,wind_speed_kmh,72,2026-08-30,2026-09-28,30,2.0297,2.4846,0.7922,-1.0953
GJ_035,GJ,Bhavnagar,NCEP GFS,rainfall_mm,24,2026-08-30,2026-09-28,30,0.4779,0.9584,0.9754,-0.1827
GJ_035,GJ,Bhavnagar,NCEP GFS,temperature_c,24,2026-08-30,2026-09-28,30,0.9637,1.2924,0.5919,0.1072
GJ_035,GJ,Bhavnagar,NCEP GFS,wind_speed_kmh,24,2026-08-30,2026-09-28,30,1.6957,2.1509,0.7582,0.3414
GJ_035,GJ,Bhavnagar,GFS ENSEMBLE,rainfall_mm,24,2026-08-30,2026-09-28,30,0.3846,0.7726,0.9841,0.0577
GJ_035,GJ,Bhavnagar,GFS ENSEMBLE,temperature_c,24,2026-08-30,2026-09-28,30,0.9078,1.1403,0.6793,-0.0811
GJ_035,GJ,Bhavnagar,GFS ENSEMBLE,wind_speed_kmh,24,2026-08-30,2026-09-28,30,1.52,1.8875,0.8453,0.1384
GJ_035,GJ,Bhavnagar,AIFS,rainfall_mm,24,2026-08-30,2026-09-28,30,0.4066,1.054,0.9877,0.3283
GJ_035,GJ,Bhavnagar,AIFS,temperature_c,24,2026-08-30,2026-09-28,30,0.5734,0.6444,0.8969,0.2429
GJ_035,GJ,Bhavnagar,AIFS,wind_speed_kmh,24,2026-08-30,2026-09-28,30,1.1658,1.5197,0.8982,-0.1866
GJ_035,GJ,Bhavnagar,IFS,rainfall_mm,24,2026-08-30,2026-09-28,30,0.2877,0.5375,0.9919,-0.0163
GJ_035,GJ,Bhavnagar,IFS,temperature_c,24,2026-08-30,2026-09-28,30,0.6947,0.9102,0.844,0.1202
GJ_035,GJ,Bhavnagar,IFS,wind_speed_kmh,24,2026-08-30,2026-09-28,30,1.3335,1.7179,0.8876,-0.0196
GJ_035,GJ,Bhavnagar,NCEP GFS,rainfall_mm,48,2026-08-30,2026-09-28,30,0.9097,1.8281,0.9079,-0.087
GJ_035,GJ,Bhavnagar,NCEP GFS,temperature_c,48,2026-08-30,2026-09-28,30,1.1278,1.3717,0.6872,0.3675
GJ_035,GJ,Bhavnagar,NCEP GFS,wind_speed_kmh,48,2026-08-30,2026-09-28,30,1.9335,2.4636,0.8325,0.0781
GJ_035,GJ,Bhavnagar,GFS ENSEMBLE,rainfall_mm,48,2026-08-30,2026-09-28,30,0.5775,1.3019,0.9516,0.008
GJ_035,GJ,Bhavnagar,GFS ENSEMBLE,temperature_c,48,2026-08-30,2026-09-28,30,0.7855,0.9997,0.7254,0.3292
GJ_035,GJ,Bhavnagar,GFS ENSEMBLE,wind_speed_kmh,48,2026-08-30,2026-09-28,30,1.7756,2.2112,0.8198,0.4887
GJ_035,GJ,Bhavnagar,AIFS,rainfall_mm,48,2026-08-30,2026-09-28,30,0.4577,0.9656,0.9941,0.358
GJ_035,GJ,Bhavnagar,AIFS,temperature_c,48,2026-08-30,2026-09-28,30,0.9364,1.1041,0.6301,-0.2088
GJ_035,GJ,Bhavnagar,AIFS,wind_speed_kmh,48,2026-08-30,2026-09-28,30,1.3998,1.6321,0.8457,0.1904
GJ_035,GJ,Bhavnagar,IFS,rainfall_mm,48,2026-08-30,2026-09-28,30,0.6321,1.4506,0.9455,0.0387
GJ_035,GJ,Bhavnagar,IFS,temperature_c,48,2026-08-30,2026-09-28,30,0.6288,0.8384,0.8453,-0.1105
GJ_035,GJ,Bhavnagar,IFS,wind_speed_kmh,48,2026-08-30,2026-09-28,30,1.3605,1.6874,0.8557,0.6177
GJ_035,GJ,Bhavnagar,NCEP GFS,rainfall_mm,72,2026-08-30,2026-09-28,30,0.7701,1.4951,0.9415,0.2573
GJ_035,GJ,Bhavnagar,NCEP GFS,temperature_c,72,2026-08-30,2026-09-28,30,1.4197,1.7875,0.6528,0.7365
GJ_035,GJ,Bhavnagar,NCEP GFS,wind_speed_kmh,72,2026-08-30,2026-09-28,30,2.3999,3.1148,0.6879,0.9681
GJ_035,GJ,Bhavnagar,GFS ENSEMBLE,rainfall_mm,72,2026-08-30,2026-09-28,30,0.621,1.1638,0.9622,-0.097
GJ_035,GJ,Bhavnagar,GFS ENSEMBLE,temperature_c,72,2026-08-30,2026-09-28,30,1.1375,1.3381,0.5748,-0.0735
GJ_035,GJ,Bhavnagar,GFS ENSEMBLE,wind_speed_kmh,72,2026-08-30,2026-09-28,30,2.2822,2.8594,0.7936,0.3987
GJ_035,GJ,Bhavnagar,AIFS,rainfall_mm,72,2026-08-30,2026-09-28,30,0.6384,1.3802,0.9595,0.3863
GJ_035,GJ,Bhavnagar,AIFS,temperature_c,72,2026-08-30,2026-09-28,30,1.1982,1.5111,0.6162,0.3425
GJ_035,GJ,Bhavnagar,AIFS,wind_speed_kmh,72,2026-08-30,2026-09-28,30,1.8379,2.4659,0.8117,-0.0649
GJ_035,GJ,Bhavnagar,IFS,rainfall_mm,72,2026-08-30,2026-09-28,30,0.7438,1.3199,0.9507,0.1223
GJ_035,GJ,Bhavnagar,IFS,temperature_c,72,2026-08-30,2026-09-28,30,1.0436,1.2842,0.7377,0.0592
GJ_035,GJ,Bhavnagar,IFS,wind_speed_kmh,72,2026-08-30,2026-09-28,30,1.6311,2.1481,0.7812,0.4411
HR_036,HR,Gurugram,NCEP GFS,rainfall_mm,24,2026-08-30,2026-09-28,30,1.0859,3.8563,0.932,-0.5912
HR_036,HR,Gurugram,NCEP GFS,temperature_c,24,2026-08-30,2026-09-28,30,0.7571,0.9918,0.7364,0.3175
HR_036,HR,Gurugram,NCEP GFS,wind_speed_kmh,24,2026-08-30,2026-09-28,30,1.7772,2.241,0.799,0.365
HR_036,HR,Gurugram,GFS ENSEMBLE,rainfall_mm,24,2026-08-30,2026-09-28,30,0.6487,1.1346,0.9937,-0.2285
HR_036,HR,Gurugram,GFS ENSEMBLE,temperature_c,24,2026-08-30,2026-09-28,30,0.8607,1.019,0.7881,0.2618
HR_036,HR,Gurugram,GFS ENSEMBLE,wind_speed_kmh,24,2026-08-30,2026-09-28,30,1.2362,1.5467,0.9218,0.5903
HR_036,HR,Gurugram,AIFS,rainfall_mm,24,2026-08-30,2026-09-28,30,0.6784,1.3134,0.9918,-0.2125
HR_036,HR,Gurugram,AIFS,temperature_c,24,2026-08-30,2026-09-28,30,0.5818,0.73,0.7929,-0.1435
HR_036,HR,Gurugram,AIFS,wind_speed_kmh,24,2026-08-30,2026-09-28,30,1.2589,1.7295,0.8739,0.0876
HR_036,HR,Gurugram,IFS,rainfall_mm,24,2026-08-30,2026-09-28,30,0.7979,1.8488,0.9802,0.1308
HR_036,HR,Gurugram,IFS,temperature_c,24,2026-08-30,2026-09-28,30,0.7013,0.8492,0.8529,-0.2898
HR_036,HR,Gurugram,IFS,wind_speed_kmh,24,2026-08-30,2026-09-28,30,1.2332,1.462,0.908,0.1826
HR_036,HR,Gurugram,NCEP GFS,rainfall_mm,48,2026-08-30,2026-09-28,30,0.9002,1.8618,0.9903,-0.4702
HR_036,HR,Gurugram,NCEP GFS,temperature_c,48,2026-08-30,2026-09-28,30,1.0852,1.2517,0.6284,0.3928
HR_036,HR,Gurugram,NCEP GFS,wind_speed_kmh,48,2026-08-30,2026-09-28,30,2.588,3.1239,0.7004,-0.037
HR_036,HR,Gurugram,GFS ENSEMBLE,rainfall_mm,48,2026-08-30,2026-09-28,30,0.6914,1.7586,0.988,-0.3512
HR_036,HR,Gurugram,GFS ENSEMBLE,temperature_c,48,2026-08-30,2026-09-28,30,0.8254,0.9712,0.6967,-0.0595
HR_036,HR,Gurugram,GFS ENSEMBLE,wind_speed_kmh,48,2026-08-30,2026-09-28,30,1.4895,2.039,0.8535,-0.005
HR_036,HR,Gurugram,AIFS,rainfall_mm,48,2026-08-30,2026-09-28,30,1.0995,3.5473,0.9338,-0.6152
HR_036,HR,Gurugram,AIFS,temperature_c,48,2026-08-30,2026-09-28,30,0.7485,0.8736,0.8432,-0.2245
HR_036,HR,Gurugram,AIFS,wind_speed_kmh,48,2026-08-30,2026-09-28,30,1.6775,1.9364,0.8225,0.2273
HR_036,HR,Gurugram,IFS,rainfall_mm,48,2026-08-30,2026-09-28,30,0.999,2.4327,0.9626,0.0678
HR_036,HR,Gurugram,IFS,temperature_c,48,2026-08-30,2026-09-28,30,0.8981,1.2217,0.5733,0.3705
HR_036,HR,Gurugram,IFS,wind_speed_kmh,48,2026-08-30,2026-09-28,30,1.3043,1.6455,0.8979,-0.1427
HR_036,HR,Gurugram,NCEP GFS,rainfall_mm,72,2026-08-30,2026-09-28,30,2.5521,10.4373,0.9642,1.7231
HR_036,HR,Gurugram,NCEP GFS,temperature_c,72,2026-08-30,2026-09-28,30,1.3194,1.7101,0.5535,0.1012
HR_036,HR,Gurugram,NCEP GFS,wind_speed_kmh,72,2026-08-30,2026-09-28,30,3.1766,3.9142,0.7009,0.8186
HR_036,HR,Gurugram,GFS ENSEMBLE,rainfall_mm,72,2026-08-30,2026-09-28,30,0.8169,1.6299,0.9865,-0.1719
HR_036,HR,Gurugram,GFS ENSEMBLE,temperature_c,72,2026-08-30,2026-09-28,30,0.9736,1.1918,0.6782,0.3105
HR_036,HR,Gurugram,GFS ENSEMBLE,wind_speed_kmh,72,2026-08-30,2026-09-28,30,2.0453,2.4792,0.858,0.4116
HR_036,HR,Gurugram,AIFS,rainfall_mm,72,2026-08-30,2026-09-28,30,1.1122,3.8308,0.9228,-0.6052
HR_036,HR,Gurugram,AIFS,temperature_c,72,2026-08-30,2026-09-28,30,1.0352,1.4065,0.8022,-0.0105
HR_036,HR,Gurugram,AIFS,wind_speed_kmh,72,2026-08-30,2026-09-28,30,2.1588,2.881,0.783,-0.674
HR_036,HR,Gurugram,IFS,rainfall_mm,72,2026-08-30,2026-09-28,30,0.826,1.9542,0.9902,-0.4379
HR_036,HR,Gurugram,IFS,temperature_c,72,2026-08-30,2026-09-28,30,0.9699,1.1819,0.7015,-0.0028
HR_036,HR,Gurugram,IFS,wind_speed_kmh,72,2026-08-30,2026-09-28,30,1.7094,1.9149,0.8792,0.0216
HR_037,HR,Faridabad,NCEP GFS,rainfall_mm,24,2026-08-30,2026-09-28,30,1.3064,4.2218,0.9858,0.2991
HR_037,HR,Faridabad,NCEP GFS,temperature_c,24,2026-08-30,2026-09-28,30,0.9182,1.1535,0.7712,0.4672
HR_037,HR,Faridabad,NCEP GFS,wind_speed_kmh,24,2026-08-30,2026-09-28,30,1.6997,2.0354,0.8269,0.4809
HR_037,HR,Faridabad,GFS ENSEMBLE,rainfall_mm,24,2026-08-30,2026-09-28,30,0.4328,0.891,0.998,0.0465
HR_037,HR,Faridabad,GFS ENSEMBLE,temperature_c,24,2026-08-30,2026-09-28,30,0.7764,1.0197,0.6297,0.1228
HR_037,HR,Faridabad,GFS ENSEMBLE,wind_speed_kmh,24,2026-08-30,2026-09-28,30,1.4266,1.727,0.8409,-0.0365
HR_037,HR,Faridabad,AIFS,rainfall_mm,24,2026-08-30,2026-09-28,30,1.5469,5.4074,0.9939,1.4378
HR_037,HR,Faridabad,AIFS,temperature_c,24,2026-08-30,2026-09-28,30,0.4571,0.5671,0.8852,-0.0552
HR_037,HR,Faridabad,AIFS,wind_speed_kmh,24,2026-08-30,2026-09-28,30,1.0813,1.3623,0.9178,-0.5225
HR_037,HR,Faridabad,IFS,rainfall_mm,24,2026-08-30,2026-09-28,30,0.8571,2.1305,0.993,0.1018
HR_037,HR,Faridabad,IFS,temperature_c,24,2026-08-30,2026-09-28,30,0.5093,0.6749,0.8567,0.0748
HR_037,HR,Faridabad,IFS,wind_speed_kmh,24,2026-08-30,2026-09-28,30,1.5169,1.7541,0.9194,0.0335
HR_037,HR,Faridabad,NCEP GFS,rainfall_mm,48,2026-08-30,2026-09-28,30,1.3982,3.958,0.9591,-0.3565
HR_037,HR,Faridabad,NCEP GFS,temperature_c,48,2026-08-30,2026-09-28,30,1.1378,1.4125,0.6362,0.4508
HR_037,HR,Faridabad,NCEP GFS,wind_speed_kmh,48,2026-08-30,2026-09-28,30,2.1952,2.8993,0.7994,0.4779
HR_037,HR,Faridabad,GFS ENSEMBLE,rainfall_mm,48,2026-08-30,2026-09-28,30,2.5493,6.6972,0.948,-1.1192
HR_037,HR,Faridabad,GFS ENSEMBLE,temperature_c,48,2026-08-30,2026-09-28,30,0.8883,1.1746,0.4627,0.2232
HR_037,HR,Faridabad,GFS ENSEMBLE,wind_speed_kmh,48,2026-08-30,2026-09-28,30,1.4634,1.9176,0.8267,0.2752
HR_037,HR,Faridabad,AIFS,rainfall_mm,48,2026-08-30,2026-09-28,30,1.3503,2.6687,0.9882,0.8951
HR_037,HR,Faridabad,AIFS,temperature_c,48,2026-08-30,2026-09-28,30,0.5647,0.6887,0.8097,0.0755
HR_037,HR,Faridabad,AIFS,wind_speed_kmh,48,2026-08-30,2026-09-28,30,1.5692,1.8643,0.8352,0.0189
HR_037,HR,Faridabad,IFS,rainfall_mm,48,2026-08-30,2026-09-28,30,1.1665,3.1788,0.9878,-0.5315
HR_037,HR,Faridabad,IFS,temperature_c,48,2026-08-30,2026-09-28,30,0.8661,1.0938,0.8065,-0.2022
HR_037,HR,Faridabad,IFS,wind_speed_kmh,48,2026-08-30,2026-09-28,30,1.8749,2.3522,0.712,0.1715
HR_037,HR,Faridabad,NCEP GFS,rainfall_mm,72,2026-08-30,2026-09-28,30,1.1407,2.7189,0.9827,0.0115
HR_037,HR,Faridabad,NCEP GFS,temperature_c,72,2026-08-30,2026-09-28,30,1.3038,1.627,0.4941,0.5642
HR_037,HR,Faridabad,NCEP GFS,wind_speed_kmh,72,2026-08-30,2026-09-28,30,3.0546,3.5791,0.6912,0.9822
HR_037,HR,Faridabad,GFS ENSEMBLE,rainfall_mm,72,2026-08-30,2026-09-28,30,1.4707,3.2381,0.9871,-1.2439
HR_037,HR,Faridabad,GFS ENSEMBLE,temperature_c,72,2026-08-30,2026-09-28,30,0.9603,1.1963,0.5676,0.1998
HR_037,HR,Faridabad,GFS ENSEMBLE,wind_speed_kmh,72,2026-08-30,2026-09-28,30,1.5643,1.932,0.8388,0.7582
HR_037,HR,Faridabad,AIFS,rainfall_mm,72,2026-08-30,2026-09-28,30,0.5987,1.0176,0.9984,0.4138
HR_037,HR,Faridabad,AIFS,temperature_c,72,2026-08-30,2026-09-28,30,0.7451,0.8575,0.6335,-0.1345
HR_037,HR,Faridabad,AIFS,wind_speed_kmh,72,2026-08-30,2026-09-28,30,1.5775,1.9768,0.842,-0.6245
HR_037,HR,Faridabad,IFS,rainfall_mm,72,2026-08-30,2026-09-28,30,1.7537,4.5676,0.987,-1.1689
HR_037,HR,Faridabad,IFS,temperature_c,72,2026-08-30,2026-09-28,30,1.124,1.4525,0.6213,0.2882
HR_037,HR,Faridabad,IFS,wind_speed_kmh,72,2026-08-30,2026-09-28,30,1.2501,1.602,0.856,-0.1338
HR_038,HR,Panipat,NCEP GFS,rainfall_mm,24,2026-08-30,2026-09-28,30,0.7393,1.6834,0.9928,0.2075
HR_038,HR,Panipat,NCEP GFS,temperature_c,24,2026-08-30,2026-09-28,30,0.9827,1.2659,0.7749,0.5004
HR_038,HR,Panipat,NCEP GFS,wind_speed_kmh,24,2026-08-30,2026-09-28,30,2.2572,2.6025,0.8082,0.7419
HR_038,HR,Panipat,GFS ENSEMBLE,rainfall_mm,24,2026-08-30,2026-09-28,30,0.9744,2.2152,0.9796,0.0152
HR_038,HR,Panipat,GFS ENSEMBLE,temperature_c,24,2026-08-30,2026-09-28,30,0.7945,0.9678,0.6861,0.3137
HR_038,HR,Panipat,GFS ENSEMBLE,wind_speed_kmh,24,2026-08-30,2026-09-28,30,1.509,1.8092,0.8936,0.0282
HR_038,HR,Panipat,AIFS,rainfall_mm,24,2026-08-30,2026-09-28,30,0.7476,2.3339,0.9963,0.7168
HR_038,HR,Panipat,AIFS,temperature_c,24,2026-08-30,2026-09-28,30,0.6287,0.8265,0.7875,-0.1086
HR_038,HR,Panipat,AIFS,wind_speed_kmh,24,2026-08-30,2026-09-28,30,1.1664,1.3972,0.9546,0.2046
HR_038,HR,Panipat,IFS,rainfall_mm,24,2026-08-30,2026-09-28,30,1.5304,3.046,0.9749,0.9192
HR_038,HR,Panipat,IFS,temperature_c,24,2026-08-30,2026-09-28,30,0.564,0.7781,0.8405,0.165
HR_038,HR,Panipat,IFS,wind_speed_kmh,24,2026-08-30,2026-09-28,30,1.8785,2.3795,0.8276,0.5542
HR_038,HR,Panipat,NCEP GFS,rainfall_mm,48,2026-08-30,2026-09-28,30,0.8143,1.7566,0.988,-0.5192
HR_038,HR,Panipat,NCEP GFS,temperature_c,48,2026-08-30,2026-09-28,30,1.024,1.2691,0.7952,0.0687
HR_038,HR,Panipat,NCEP GFS,wind_speed_kmh,48,2026-08-30,2026-09-28,30,1.9249,2.5318,0.8637,0.5576
HR_038,HR,Panipat,GFS ENSEMBLE,rainfall_mm,48,2026-08-30,2026-09-28,30,0.7622,1.5865,0.9876,0.4192
HR_038,HR,Panipat,GFS ENSEMBLE,temperature_c,48,2026-08-30,2026-09-28,30,0.8318,0.9872,0.7705,0.046
HR_038,HR,Panipat,GFS ENSEMBLE,wind_speed_kmh,48,2026-08-30,2026-09-28,30,1.5546,2.0492,0.8405,-0.2834
HR_038,HR,Panipat,AIFS,rainfall_mm,48,2026-08-30,2026-09-28,30,0.4839,0.9931,0.9957,-0.0478
HR_038,HR,Panipat,AIFS,temperature_c,48,2026-08-30,2026-09-28,30,0.9344,1.1246,0.7696,0.2017
HR_038,HR,Panipat,AIFS,wind_speed_kmh,48,2026-08-30,2026-09-28,30,1.5137,1.7798,0.877,-0.1951
HR_038,HR,Panipat,IFS,rainfall_mm,48,2026-08-30,2026-09-28,30,0.9987,1.6722,0.9876,0.3598
HR_038,HR,Panipat,IFS,temperature_c,48,2026-08-30,2026-09-28,30,0.8002,1.0218,0.6499,0.027
HR_038,HR,Panipat,IFS,wind_speed_kmh,48,2026-08-30,2026-09-28,30,1.7332,2.1527,0.8541,-0.4791
HR_038,HR,Panipat,NCEP GFS,rainfall_mm,72,2026-08-30,2026-09-28,30,1.2643,3.4413,0.9582,-0.4025
HR_038,HR,Panipat,NCEP GFS,temperature_c,72,2026-08-30,2026-09-28,30,1.3756,1.8558,0.5676,0.4787
HR_038,HR,Panipat,NCEP GFS,wind_speed_kmh,72,2026-08-30,2026-09-28,30,2.8432,3.5123,0.6711,0.7666
HR_038,HR,Panipat,GFS ENSEMBLE,rainfall_mm,72,2026-08-30,2026-09-28,30,0.7971,1.5587,0.988,0.0318
HR_038,HR,Panipat,GFS ENSEMBLE,temperature_c,72,2026-08-30,2026-09-28,30,0.8202,1.0093,0.7287,0.098
HR_038,HR,Panipat,GFS ENSEMBLE,wind_speed_kmh,72,2026-08-30,2026-09-28,30,2.1588,2.7759,0.7834,0.2129
HR_038,HR,Panipat,AIFS,rainfall_mm,72,2026-08-30,2026-09-28,30,1.4761,3.7908,0.9605,-0.7795
HR_038,HR,Panipat,AIFS,temperature_c,72,2026-08-30,2026-09-28,30,1.0794,1.2642,0.7734,-0.568
HR_038,HR,Panipat,AIFS,wind_speed_kmh,72,2026-08-30,2026-09-28,30,1.5755,2.2068,0.828,0.4352
HR_038,HR,Panipat,IFS,rainfall_mm,72,2026-08-30,2026-09-28,30,1.7158,5.5587,0.9818,1.2845
HR_038,HR,Panipat,IFS,temperature_c,72,2026-08-30,2026-09-28,30,0.821,1.0607,0.5775,0.0754
HR_038,HR,Panipat,IFS,wind_speed_kmh,72,2026-08-30,2026-09-28,30,1.5788,1.9337,0.8919,0.0196
HR_039,HR,Ambala,NCEP GFS,rainfall_mm,24,2026-08-30,2026-09-28,30,0.6972,2.069,0.9722,0.371
HR_039,HR,Ambala,NCEP GFS,temperature_c,24,2026-08-30,2026-09-28,30,1.0913,1.391,0.7911,0.4845
HR_039,HR,Ambala,NCEP GFS,wind_speed_kmh,24,2026-08-30,2026-09-28,30,1.8557,2.1407,0.781,0.7416
HR_039,HR,Ambala,GFS ENSEMBLE,rainfall_mm,24,2026-08-30,2026-09-28,30,0.6352,1.7419,0.9805,-0.4216
HR_039,HR,Ambala,GFS ENSEMBLE,temperature_c,24,2026-08-30,2026-09-28,30,0.7002,0.9803,0.8308,0.0691
HR_039,HR,Ambala,GFS ENSEMBLE,wind_speed_kmh,24,2026-08-30,2026-09-28,30,1.4622,1.8711,0.7924,0.0049
HR_039,HR,Ambala,AIFS,rainfall_mm,24,2026-08-30,2026-09-28,30,1.1227,2.1478,0.9698,0.99
HR_039,HR,Ambala,AIFS,temperature_c,24,2026-08-30,2026-09-28,30,0.6663,0.7576,0.7623,-0.0145
HR_039,HR,Ambala,AIFS,wind_speed_kmh,24,2026-08-30,2026-09-28,30,1.2542,1.5406,0.9098,-0.6808
HR_039,HR,Ambala,IFS,rainfall_mm,24,2026-08-30,2026-09-28,30,0.7598,1.9872,0.9462,0.009
HR_039,HR,Ambala,IFS,temperature_c,24,2026-08-30,2026-09-28,30,0.781,0.9199,0.7098,-0.0605
HR_039,HR,Ambala,IFS,wind_speed_kmh,24,2026-08-30,2026-09-28,30,1.4504,1.7818,0.8263,0.4039
HR_039,HR,Ambala,NCEP GFS,rainfall_mm,48,2026-08-30,2026-09-28,30,1.2793,2.6947,0.8715,0.366
HR_039,HR,Ambala,NCEP GFS,temperature_c,48,2026-08-30,2026-09-28,30,1.4325,1.7767,0.4776,1.0025
HR_039,HR,Ambala,NCEP GFS,wind_speed_kmh,48,2026-08-30,2026-09-28,30,1.8415,2.2697,0.8171,0.5642
HR_039,HR,Ambala,GFS ENSEMBLE,rainfall_mm,48,2026-08-30,2026-09-28,30,1.2608,3.0556,0.8579,-0.0993
HR_039,HR,Ambala,GFS ENSEMBLE,temperature_c,48,2026-08-30,2026-09-28,30,0.6823,0.7961,0.7704,0.1875
HR_039,HR,Ambala,GFS ENSEMBLE,wind_speed_kmh,48,2026-08-30,2026-09-28,30,1.5021,1.8746,0.8238,-0.4784
HR_039,HR,Ambala,AIFS,rainfall_mm,48,2026-08-30,2026-09-28,30,0.5749,1.2214,0.9809,-0.1373
HR_039,HR,Ambala,AIFS,temperature_c,48,2026-08-30,2026-09-28,30,0.523,0.7037,0.7684,-0.0102
HR_039,HR,Ambala,AIFS,wind_speed_kmh,48,2026-08-30,2026-09-28,30,1.5744,1.909,0.8227,0.0972
HR_039,HR,Ambala,IFS,rainfall_mm,48,2026-08-30,2026-09-28,30,0.4196,0.9268,0.998,0.358
HR_039,HR,Ambala,IFS,temperature_c,48,2026-08-30,2026-09-28,30,0.8172,0.9616,0.7607,-0.0229
HR_039,HR,Ambala,IFS,wind_speed_kmh,48,2026-08-30,2026-09-28,30,1.5779,1.9172,0.8822,-0.2311
HR_039,HR,Ambala,NCEP GFS,rainfall_mm,72,2026-08-30,2026-09-28,30,1.1671,3.6868,0.7451,-0.6473
HR_039,HR,Ambala,NCEP GFS,temperature_c,72,2026-08-30,2026-09-28,30,1.6545,1.9403,0.545,0.5018
HR_039,HR,Ambala,NCEP GFS,wind_speed_kmh,72,2026-08-30,2026-09-28,30,2.6245,3.3413,0.6909,1.1256
HR_039,HR,Ambala,GFS ENSEMBLE,rainfall_mm,72,2026-08-30,2026-09-28,30,0.9969,2.5824,0.9348,-0.3853
HR_039,HR,Ambala,GFS ENSEMBLE,temperature_c,72,2026-08-30,2026-09-28,30,0.943,1.2266,0.5025,0.2391
HR_039,HR,Ambala,GFS ENSEMBLE,wind_speed_kmh,72,2026-08-30,2026-09-28,30,2.122,2.5264,0.8328,0.6466
HR_039,HR,Ambala,AIFS,rainfall_mm,72,2026-08-30,2026-09-28,30,0.7314,1.8919,0.9737,0.4124
HR_039,HR,Ambala,AIFS,temperature_c,72,2026-08-30,2026-09-28,30,0.8995,1.3068,0.5746,-0.3949
HR_039,HR,Ambala,AIFS,wind_speed_kmh,72,2026-08-30,2026-09-28,30,1.8595,2.3583,0.8086,0.3952
HR_039,HR,Ambala,IFS,rainfall_mm,72,2026-08-30,2026-09-28,30,0.8717,2.2931,0.9602,0.3987
HR_039,HR,Ambala,IFS,temperature_c,72,2026-08-30,2026-09-28,30,1.1348,1.376,0.6246,0.5515
HR_039,HR,Ambala,IFS,wind_speed_kmh,72,2026-08-30,2026-09-28,30,2.0636,2.652,0.6775,-0.3041
HR_040,HR,Hisar,NCEP GFS,rainfall_mm,24,2026-08-30,2026-09-28,30,0.483,1.0688,0.9565,-0.0314
HR_040,HR,Hisar,NCEP GFS,temperature_c,24,2026-08-30,2026-09-28,30,0.8038,1.1173,0.7233,0.2711
HR_040,HR,Hisar,NCEP GFS,wind_speed_kmh,24,2026-08-30,2026-09-28,30,2.0358,2.4721,0.8118,0.2534
HR_040,HR,Hisar,GFS ENSEMBLE,rainfall_mm,24,2026-08-30,2026-09-28,30,0.2386,0.4523,0.9928,-0.1437
HR_040,HR,Hisar,GFS ENSEMBLE,temperature_c,24,2026-08-30,2026-09-28,30,0.6636,0.9128,0.7893,0.0691
HR_040,HR,Hisar,GFS ENSEMBLE,wind_speed_kmh,24,2026-08-30,2026-09-28,30,1.5334,1.9392,0.8422,0.0424
HR_040,HR,Hisar,AIFS,rainfall_mm,24,2026-08-30,2026-09-28,30,0.3806,0.8122,0.9735,0.039
HR_040,HR,Hisar,AIFS,temperature_c,24,2026-08-30,2026-09-28,30,0.6803,0.8073,0.8813,-0.2629
HR_040,HR,Hisar,AIFS,wind_speed_kmh,24,2026-08-30,2026-09-28,30,1.1648,1.3818,0.914,0.2497
HR_040,HR,Hisar,IFS,rainfall_mm,24,2026-08-30,2026-09-28,30,0.2454,0.4764,0.9951,0.1576
HR_040,HR,Hisar,IFS,temperature_c,24,2026-08-30,2026-09-28,30,0.7388,0.8895,0.8603,-0.0995
HR_040,HR,Hisar,IFS,wind_speed_kmh,24,2026-08-30,2026-09-28,30,1.2052,1.4992,0.9196,-0.4726
HR_040,HR,Hisar,NCEP GFS,rainfall_mm,48,2026-08-30,2026-09-28,30,0.3748,0.8344,0.9724,-0.0
HR_040,HR,Hisar,NCEP GFS,temperature_c,48,2026-08-30,2026-09-28,30,1.373,1.7955,0.7166,-0.0979
HR_040,HR,Hisar,NCEP GFS,wind_speed_kmh,48,2026-08-30,2026-09-28,30,1.9276,2.4224,0.8307,0.9321
HR_040,HR,Hisar,GFS ENSEMBLE,rainfall_mm,48,2026-08-30,2026-09-28,30,0.7373,1.6747,0.8466,0.1326
HR_040,HR,Hisar,GFS ENSEMBLE,temperature_c,48,2026-08-30,2026-09-28,30,0.7404,0.9563,0.7705,0.0735
HR_040,HR,Hisar,GFS ENSEMBLE,wind_speed_kmh,48,2026-08-30,2026-09-28,30,1.9008,2.3444,0.8501,0.9047
HR_040,HR,Hisar,AIFS,rainfall_mm,48,2026-08-30,2026-09-28,30,0.303,0.7659,0.9912,-0.18
HR_040,HR,Hisar,AIFS,temperature_c,48,2026-08-30,2026-09-28,30,0.7174,0.8502,0.8215,0.0298
HR_040,HR,Hisar,AIFS,wind_speed_kmh,48,2026-08-30,2026-09-28,30,1.3916,1.8027,0.8857,-0.7329
HR_040,HR,Hisar,IFS,rainfall_mm,48,2026-08-30,2026-09-28,30,0.4938,1.1936,0.9709,0.2276
HR_040,HR,Hisar,IFS,temperature_c,48,2026-08-30,2026-09-28,30,0.7205,0.8395,0.8351,-0.0455
HR_040,HR,Hisar,IFS,wind_speed_kmh,48,2026-08-30,2026-09-28,30,1.6162,2.109,0.8706,-0.1566
HR_040,HR,Hisar,NCEP GFS,rainfall_mm,72,2026-08-30,2026-09-28,30,0.9245,1.5639,0.937,0.4346
HR_040,HR,Hisar,NCEP GFS,temperature_c,72,2026-08-30,2026-09-28,30,1.6489,2.1027,0.507,0.7641
HR_040,HR,Hisar,NCEP GFS,wind_speed_kmh,72,2026-08-30,2026-09-28,30,2.2932,3.0295,0.7751,0.8407
HR_040,HR,Hisar,GFS ENSEMBLE,rainfall_mm,72,2026-08-30,2026-09-28,30,0.3639,0.7843,0.9787,-0.2784
HR_040,HR,Hisar,GFS ENSEMBLE,temperature_c,72,2026-08-30,2026-09-28,30,1.0471,1.2975,0.7313,0.3225
HR_040,HR,Hisar,GFS ENSEMBLE,wind_speed_kmh,72,2026-08-30,2026-09-28,30,1.9067,2.2498,0.917,0.8274
HR_040,HR,Hisar,AIFS,rainfall_mm,72,2026-08-30,2026-09-28,30,0.2687,0.5318,0.9858,0.055
HR_040,HR,Hisar,AIFS,temperature_c,72,2026-08-30,2026-09-28,30,1.0901,1.3945,0.6887,-0.0715
HR_040,HR,Hisar,AIFS,wind_speed_kmh,72,2026-08-30,2026-09-28,30,1.5536,1.8953,0.8801,-0.5479
HR_040,HR,Hisar,IFS,rainfall_mm,72,2026-08-30,2026-09-28,30,0.2949,0.4895,0.9879,0.0463
HR_040,HR,Hisar,IFS,temperature_c,72,2026-08-30,2026-09-28,30,0.9705,1.1664,0.6721,-0.0099
HR_040,HR,Hisar,IFS,wind_speed_kmh,72,2026-08-30,2026-09-28,30,1.8135,2.0649,0.8616,0.0177
HP_041,HP,Shimla,NCEP GFS,rainfall_mm,24,2026-08-30,2026-09-28,30,0.9517,1.7927,0.9564,0.1975
HP_041,HP,Shimla,NCEP GFS,temperature_c,24,2026-08-30,2026-09-28,30,0.953,1.2121,0.5542,0.0121
HP_041,HP,Shimla,NCEP GFS,wind_speed_kmh,24,2026-08-30,2026-09-28,30,2.1558,2.6552,0.8601,0.724
HP_041,HP,Shimla,GFS ENSEMBLE,rainfall_mm,24,2026-08-30,2026-09-28,30,0.4683,0.8541,0.9925,-0.2278
HP_041,HP,Shimla,GFS ENSEMBLE,temperature_c,24,2026-08-30,2026-09-28,30,0.8768,1.0794,0.6356,-0.1166
HP_041,HP,Shimla,GFS ENSEMBLE,wind_speed_kmh,24,2026-08-30,2026-09-28,30,1.3312,1.692,0.8192,0.3573
HP_041,HP,Shimla,AIFS,rainfall_mm,24,2026-08-30,2026-09-28,30,0.5921,1.2582,0.9833,0.2345
HP_041,HP,Shimla,AIFS,temperature_c,24,2026-08-30,2026-09-28,30,0.6668,0.7888,0.8131,0.0411
HP_041,HP,Shimla,AIFS,wind_speed_kmh,24,2026-08-30,2026-09-28,30,1.2014,1.4528,0.8766,-0.1094
HP_041,HP,Shimla,IFS,rainfall_mm,24,2026-08-30,2026-09-28,30,0.471,0.7529,0.993,-0.1478
HP_041,HP,Shimla,IFS,temperature_c,24,2026-08-30,2026-09-28,30,0.6027,0.7856,0.8249,-0.0813
HP_041,HP,Shimla,IFS,wind_speed_kmh,24,2026-08-30,2026-09-28,30,1.3337,1.6045,0.8489,0.072
HP_041,HP,Shimla,NCEP GFS,rainfall_mm,48,2026-08-30,2026-09-28,30,0.7568,1.533,0.9606,-0.1438
HP_041,HP,Shimla,NCEP GFS,temperature_c,48,2026-08-30,2026-09-28,30,0.987,1.2192,0.68,0.4277
HP_041,HP,Shimla,NCEP GFS,wind_speed_kmh,48,2026-08-30,2026-09-28,30,1.7452,2.1673,0.8131,0.8703
HP_041,HP,Shimla,GFS ENSEMBLE,rainfall_mm,48,2026-08-30,2026-09-28,30,1.0527,2.173,0.9269,-0.2468
HP_041,HP,Shimla,GFS ENSEMBLE,temperature_c,48,2026-08-30,2026-09-28,30,0.9721,1.2555,0.706,0.2611
HP_041,HP,Shimla,GFS ENSEMBLE,wind_speed_kmh,48,2026-08-30,2026-09-28,30,1.6271,2.3132,0.7241,0.8056
HP_041,HP,Shimla,AIFS,rainfall_mm,48,2026-08-30,2026-09-28,30,0.7436,1.5802,0.9597,0.2352
HP_041,HP,Shimla,AIFS,temperature_c,48,2026-08-30,2026-09-28,30,0.7835,0.9253,0.8187,-0.3103
HP_041,HP,Shimla,AIFS,wind_speed_kmh,48,2026-08-30,2026-09-28,30,1.556,1.8223,0.8497,-0.1384
HP_041,HP,Shimla,IFS,rainfall_mm,48,2026-08-30,2026-09-28,30,0.9569,2.2032,0.9191,0.0812
HP_041,HP,Shimla,IFS,temperature_c,48,2026-08-30,2026-09-28,30,0.8675,1.0704,0.7314,0.0551
HP_041,HP,Shimla,IFS,wind_speed_kmh,48,2026-08-30,2026-09-28,30,1.8765,2.3011,0.7779,0.819
HP_041,HP,Shimla,NCEP GFS,rainfall_mm,72,2026-08-30,2026-09-28,30,0.9226,1.6066,0.9661,-0.4128
HP_041,HP,Shimla,NCEP GFS,temperature_c,72,2026-08-30,2026-09-28,30,1.6481,1.9386,0.797,0.5371
HP_041,HP,Shimla,NCEP GFS,wind_speed_kmh,72,2026-08-30,2026-09-28,30,3.2353,3.9241,0.5638,1.0956
HP_041,HP,Shimla,GFS ENSEMBLE,rainfall_mm,72,2026-08-30,2026-09-28,30,0.9185,1.6479,0.9603,-0.0008
HP_041,HP,Shimla,GFS ENSEMBLE,temperature_c,72,2026-08-30,2026-09-28,30,0.8731,1.12,0.7555,0.3551
HP_041,HP,Shimla,GFS ENSEMBLE,wind_speed_kmh,72,2026-08-30,2026-09-28,30,1.9391,2.2891,0.7852,0.3993
HP_041,HP,Shimla,AIFS,rainfall_mm,72,2026-08-30,2026-09-28,30,0.7282,1.4284,0.9662,0.1868
HP_041,HP,Shimla,AIFS,temperature_c,72,2026-08-30,2026-09-28,30,1.0005,1.254,0.7684,-0.1689
HP_041,HP,Shimla,AIFS,wind_speed_kmh,72,2026-08-30,2026-09-28,30,1.566,1.9764,0.8717,-0.225
HP_041,HP,Shimla,IFS,rainfall_mm,72,2026-08-30,2026-09-28,30,0.8788,1.7644,0.9475,-0.1572
HP_041,HP,Shimla,IFS,temperature_c,72,2026-08-30,2026-09-28,30,0.8379,1.0134,0.8793,0.5521
HP_041,HP,Shimla,IFS,wind_speed_kmh,72,2026-08-30,2026-09-28,30,1.7844,2.1636,0.7401,0.0186
HP_042,HP,Manali,NCEP GFS,rainfall_mm,24,2026-08-30,2026-09-28,30,0.8506,1.508,0.9569,-0.0473
HP_042,HP,Manali,NCEP GFS,temperature_c,24,2026-08-30,2026-09-28,30,0.9892,1.2793,0.6119,0.4023
HP_042,HP,Manali,NCEP GFS,wind_speed_kmh,24,2026-08-30,2026-09-28,30,1.5397,2.0361,0.8723,0.3898
HP_042,HP,Manali,GFS ENSEMBLE,rainfall_mm,24,2026-08-30,2026-09-28,30,0.7917,1.4742,0.9831,-0.5623
HP_042,HP,Manali,GFS ENSEMBLE,temperature_c,24,2026-08-30,2026-09-28,30,0.7903,0.976,0.8131,0.252
HP_042,HP,Manali,GFS ENSEMBLE,wind_speed_kmh,24,2026-08-30,2026-09-28,30,1.2756,1.6206,0.9176,0.5835
HP_042,HP,Manali,AIFS,rainfall_mm,24,2026-08-30,2026-09-28,30,0.4176,0.6853,0.9921,0.1814
HP_042,HP,Manali,AIFS,temperature_c,24,2026-08-30,2026-09-28,30,0.5884,0.7292,0.9141,-0.135
HP_042,HP,Manali,AIFS,wind_speed_kmh,24,2026-08-30,2026-09-28,30,0.9714,1.2482,0.9466,0.0551
HP_042,HP,Manali,IFS,rainfall_mm,24,2026-08-30,2026-09-28,30,0.4447,0.7817,0.99,0.1057
HP_042,HP,Manali,IFS,temperature_c,24,2026-08-30,2026-09-28,30,0.8265,1.0442,0.7586,-0.3237
HP_042,HP,Manali,IFS,wind_speed_kmh,24,2026-08-30,2026-09-28,30,1.7562,2.3698,0.8455,-0.0725
HP_042,HP,Manali,NCEP GFS,rainfall_mm,48,2026-08-30,2026-09-28,30,1.0322,2.1327,0.9253,-0.684
HP_042,HP,Manali,NCEP GFS,temperature_c,48,2026-08-30,2026-09-28,30,1.3506,1.6512,0.5384,0.0263
HP_042,HP,Manali,NCEP GFS,wind_speed_kmh,48,2026-08-30,2026-09-28,30,2.5197,2.9135,0.75,1.2835
HP_042,HP,Manali,GFS ENSEMBLE,rainfall_mm,48,2026-08-30,2026-09-28,30,0.6772,1.0863,0.9779,0.0037
HP_042,HP,Manali,GFS ENSEMBLE,temperature_c,48,2026-08-30,2026-09-28,30,0.6421,0.8025,0.8007,0.1293
HP_042,HP,Manali,GFS ENSEMBLE,wind_speed_kmh,48,2026-08-30,2026-09-28,30,1.8511,2.1884,0.8394,1.0111
HP_042,HP,Manali,AIFS,rainfall_mm,48,2026-08-30,2026-09-28,30,0.98,1.9814,0.9242,-0.048
HP_042,HP,Manali,AIFS,temperature_c,48,2026-08-30,2026-09-28,30,0.8432,1.0085,0.7514,0.0057
HP_042,HP,Manali,AIFS,wind_speed_kmh,48,2026-08-30,2026-09-28,30,1.7356,2.174,0.8801,-0.7372
HP_042,HP,Manali,IFS,rainfall_mm,48,2026-08-30,2026-09-28,30,0.6179,1.1407,0.9778,0.275
HP_042,HP,Manali,IFS,temperature_c,48,2026-08-30,2026-09-28,30,0.8875,1.0899,0.7946,-0.049
HP_042,HP,Manali,IFS,wind_speed_kmh,48,2026-08-30,2026-09-28,30,1.8622,2.1722,0.8583,0.2428
HP_042,HP,Manali,NCEP GFS,rainfall_mm,72,2026-08-30,2026-09-28,30,1.44,2.8225,0.8707,0.1284
HP_042,HP,Manali,NCEP GFS,temperature_c,72,2026-08-30,2026-09-28,30,1.6542,1.9262,0.5182,0.527
HP_042,HP,Manali,NCEP GFS,wind_speed_kmh,72,2026-08-30,2026-09-28,30,2.315,2.9392,0.748,0.8915
HP_042,HP,Manali,GFS ENSEMBLE,rainfall_mm,72,2026-08-30,2026-09-28,30,0.9545,2.2472,0.9213,-0.6286
HP_042,HP,Manali,GFS ENSEMBLE,temperature_c,72,2026-08-30,2026-09-28,30,1.0907,1.3857,0.6768,0.3133
HP_042,HP,Manali,GFS ENSEMBLE,wind_speed_kmh,72,2026-08-30,2026-09-28,30,1.4688,1.7879,0.8788,0.2045
HP_042,HP,Manali,AIFS,rainfall_mm,72,2026-08-30,2026-09-28,30,0.9491,1.7875,0.9425,0.0234
HP_042,HP,Manali,AIFS,temperature_c,72,2026-08-30,2026-09-28,30,0.7389,0.9358,0.8219,-0.1783
HP_042,HP,Manali,AIFS,wind_speed_kmh,72,2026-08-30,2026-09-28,30,1.5179,1.9133,0.8664,0.2048
HP_042,HP,Manali,IFS,rainfall_mm,72,2026-08-30,2026-09-28,30,0.8939,1.7004,0.9585,0.3667
HP_042,HP,Manali,IFS,temperature_c,72,2026-08-30,2026-09-28,30,1.0831,1.3163,0.6595,0.2907
HP_042,HP,Manali,IFS,wind_speed_kmh,72,2026-08-30,2026-09-28,30,1.6777,2.0748,0.8914,-0.4609
HP_043,HP,Dharamshala,NCEP GFS,rainfall_mm,24,2026-08-30,2026-09-28,30,0.8941,1.8606,0.9638,0.036
HP_043,HP,Dharamshala,NCEP GFS,temperature_c,24,2026-08-30,2026-09-28,30,0.9325,1.1054,0.7893,0.266
HP_043,HP,Dharamshala,NCEP GFS,wind_speed_kmh,24,2026-08-30,2026-09-28,30,1.992,2.4982,0.8108,0.4348
HP_043,HP,Dharamshala,GFS ENSEMBLE,rainfall_mm,24,2026-08-30,2026-09-28,30,1.0047,2.3365,0.9698,-0.7037
HP_043,HP,Dharamshala,GFS ENSEMBLE,temperature_c,24,2026-08-30,2026-09-28,30,0.7986,0.9784,0.7394,0.036
HP_043,HP,Dharamshala,GFS ENSEMBLE,wind_speed_kmh,24,2026-08-30,2026-09-28,30,1.2335,1.5904,0.9461,0.0508
HP_043,HP,Dharamshala,AIFS,rainfall_mm,24,2026-08-30,2026-09-28,30,0.8401,1.5722,0.9783,0.1747
HP_043,HP,Dharamshala,AIFS,temperature_c,24,2026-08-30,2026-09-28,30,0.5924,0.7096,0.8417,-0.019
HP_043,HP,Dharamshala,AIFS,wind_speed_kmh,24,2026-08-30,2026-09-28,30,1.0336,1.2163,0.9502,0.3548
HP_043,HP,Dharamshala,IFS,rainfall_mm,24,2026-08-30,2026-09-28,30,0.659,1.3237,0.9862,0.136
HP_043,HP,Dharamshala,IFS,temperature_c,24,2026-08-30,2026-09-28,30,0.5867,0.7227,0.8323,-0.0033
HP_043,HP,Dharamshala,IFS,wind_speed_kmh,24,2026-08-30,2026-09-28,30,1.3013,1.5019,0.916,0.1481
HP_043,HP,Dharamshala,NCEP GFS,rainfall_mm,48,2026-08-30,2026-09-28,30,0.9906,1.6458,0.9719,-0.1383
HP_043,HP,Dharamshala,NCEP GFS,temperature_c,48,2026-08-30,2026-09-28,30,1.2925,1.5161,0.5723,0.8697
HP_043,HP,Dharamshala,NCEP GFS,wind_speed_kmh,48,2026-08-30,2026-09-28,30,2.3156,2.6968,0.8353,0.1058
HP_043,HP,Dharamshala,GFS ENSEMBLE,rainfall_mm,48,2026-08-30,2026-09-28,30,0.8081,1.6007,0.9785,-0.158
HP_043,HP,Dharamshala,GFS ENSEMBLE,temperature_c,48,2026-08-30,2026-09-28,30,0.7632,1.0649,0.6886,0.1093
HP_043,HP,Dharamshala,GFS ENSEMBLE,wind_speed_kmh,48,2026-08-30,2026-09-28,30,1.482,1.9125,0.8567,0.8465
HP_043,HP,Dharamshala,AIFS,rainfall_mm,48,2026-08-30,2026-09-28,30,1.0602,2.0015,0.973,0.3417
HP_043,HP,Dharamshala,AIFS,temperature_c,48,2026-08-30,2026-09-28,30,0.7067,0.8598,0.7857,-0.2533
HP_043,HP,Dharamshala,AIFS,wind_speed_kmh,48,2026-08-30,2026-09-28,30,1.8379,2.2386,0.8163,-0.8399
HP_043,HP,Dharamshala,IFS,rainfall_mm,48,2026-08-30,2026-09-28,30,0.7796,1.5299,0.9781,-0.153
HP_043,HP,Dharamshala,IFS,temperature_c,48,2026-08-30,2026-09-28,30,0.8706,1.0819,0.7543,-0.024
HP_043,HP,Dharamshala,IFS,wind_speed_kmh,48,2026-08-30,2026-09-28,30,1.5347,1.8828,0.8429,-0.0849
HP_043,HP,Dharamshala,NCEP GFS,rainfall_mm,72,2026-08-30,2026-09-28,30,1.0141,1.7612,0.9747,-0.5627
HP_043,HP,Dharamshala,NCEP GFS,temperature_c,72,2026-08-30,2026-09-28,30,1.5417,1.9821,0.7084,0.9637
HP_043,HP,Dharamshala,NCEP GFS,wind_speed_kmh,72,2026-08-30,2026-09-28,30,2.9837,3.7071,0.6188,1.3878
HP_043,HP,Dharamshala,GFS ENSEMBLE,rainfall_mm,72,2026-08-30,2026-09-28,30,1.3996,2.538,0.9523,-0.3663
HP_043,HP,Dharamshala,GFS ENSEMBLE,temperature_c,72,2026-08-30,2026-09-28,30,1.1893,1.3839,0.5543,-0.1693
HP_043,HP,Dharamshala,GFS ENSEMBLE,wind_speed_kmh,72,2026-08-30,2026-09-28,30,2.0512,2.608,0.7616,0.6721
HP_043,HP,Dharamshala,AIFS,rainfall_mm,72,2026-08-30,2026-09-28,30,0.9808,1.8838,0.9674,0.4843
HP_043,HP,Dharamshala,AIFS,temperature_c,72,2026-08-30,2026-09-28,30,0.8975,1.157,0.6967,0.151
HP_043,HP,Dharamshala,AIFS,wind_speed_kmh,72,2026-08-30,2026-09-28,30,1.5978,1.9674,0.8439,0.0831
HP_043,HP,Dharamshala,IFS,rainfall_mm,72,2026-08-30,2026-09-28,30,1.2036,2.3073,0.9457,-0.292
HP_043,HP,Dharamshala,IFS,temperature_c,72,2026-08-30,2026-09-28,30,1.0252,1.2738,0.7605,0.1517
HP_043,HP,Dharamshala,IFS,wind_speed_kmh,72,2026-08-30,2026-09-28,30,1.5038,2.1372,0.8017,-0.1162
HP_044,HP,Solan,NCEP GFS,rainfall_mm,24,2026-08-30,2026-09-28,30,1.0739,2.3628,0.9688,0.3815
HP_044,HP,Solan,NCEP GFS,temperature_c,24,2026-08-30,2026-09-28,30,1.1363,1.402,0.7809,0.4787
HP_044,HP,Solan,NCEP GFS,wind_speed_kmh,24,2026-08-30,2026-09-28,30,1.7231,2.0745,0.7951,0.4639
HP_044,HP,Solan,GFS ENSEMBLE,rainfall_mm,24,2026-08-30,2026-09-28,30,1.1042,1.9549,0.9664,-0.7172
HP_044,HP,Solan,GFS ENSEMBLE,temperature_c,24,2026-08-30,2026-09-28,30,0.7903,0.9598,0.8988,0.2821
HP_044,HP,Solan,GFS ENSEMBLE,wind_speed_kmh,24,2026-08-30,2026-09-28,30,1.4126,1.6742,0.8181,0.0403
HP_044,HP,Solan,AIFS,rainfall_mm,24,2026-08-30,2026-09-28,30,0.6119,1.2569,0.9938,0.3848
HP_044,HP,Solan,AIFS,temperature_c,24,2026-08-30,2026-09-28,30,0.8127,0.9615,0.765,-0.0166
HP_044,HP,Solan,AIFS,wind_speed_kmh,24,2026-08-30,2026-09-28,30,1.0282,1.3731,0.8842,-0.1634
HP_044,HP,Solan,IFS,rainfall_mm,24,2026-08-30,2026-09-28,30,0.7327,1.4171,0.991,0.5045
HP_044,HP,Solan,IFS,temperature_c,24,2026-08-30,2026-09-28,30,0.6453,0.9031,0.8227,0.1247
HP_044,HP,Solan,IFS,wind_speed_kmh,24,2026-08-30,2026-09-28,30,1.4879,1.8561,0.8254,0.3566
HP_044,HP,Solan,NCEP GFS,rainfall_mm,48,2026-08-30,2026-09-28,30,1.426,2.8587,0.9153,-0.2045
HP_044,HP,Solan,NCEP GFS,temperature_c,48,2026-08-30,2026-09-28,30,1.1216,1.467,0.5639,0.6317
HP_044,HP,Solan,NCEP GFS,wind_speed_kmh,48,2026-08-30,2026-09-28,30,2.0073,2.4639,0.7601,-0.2947
HP_044,HP,Solan,GFS ENSEMBLE,rainfall_mm,48,2026-08-30,2026-09-28,30,0.6911,1.2469,0.9859,-0.2102
HP_044,HP,Solan,GFS ENSEMBLE,temperature_c,48,2026-08-30,2026-09-28,30,0.8884,1.0222,0.7041,-0.0676
HP_044,HP,Solan,GFS ENSEMBLE,wind_speed_kmh,48,2026-08-30,2026-09-28,30,1.5951,2.0681,0.7241,0.1356
HP_044,HP,Solan,AIFS,rainfall_mm,48,2026-08-30,2026-09-28,30,0.932,1.5039,0.9788,0.3228
HP_044,HP,Solan,AIFS,temperature_c,48,2026-08-30,2026-09-28,30,0.8322,1.0154,0.8225,0.2404
HP_044,HP,Solan,AIFS,wind_speed_kmh,48,2026-08-30,2026-09-28,30,1.3193,1.6704,0.8386,-0.2141
HP_044,HP,Solan,IFS,rainfall_mm,48,2026-08-30,2026-09-28,30,0.8401,1.7408,0.9734,-0.1495
HP_044,HP,Solan,IFS,temperature_c,48,2026-08-30,2026-09-28,30,0.7688,0.961,0.776,0.2944
HP_044,HP,Solan,IFS,wind_speed_kmh,48,2026-08-30,2026-09-28,30,1.7509,2.1799,0.8086,0.1186
HP_044,HP,Solan,NCEP GFS,rainfall_mm,72,2026-08-30,2026-09-28,30,1.7681,2.8101,0.9411,0.8378
HP_044,HP,Solan,NCEP GFS,temperature_c,72,2026-08-30,2026-09-28,30,1.2095,1.5853,0.6234,0.3077
HP_044,HP,Solan,NCEP GFS,wind_speed_kmh,72,2026-08-30,2026-09-28,30,2.1178,2.8394,0.6881,1.0223
HP_044,HP,Solan,GFS ENSEMBLE,rainfall_mm,72,2026-08-30,2026-09-28,30,1.4287,2.5181,0.9385,-0.3482
HP_044,HP,Solan,GFS ENSEMBLE,temperature_c,72,2026-08-30,2026-09-28,30,1.0087,1.2366,0.6075,-0.0423
HP_044,HP,Solan,GFS ENSEMBLE,wind_speed_kmh,72,2026-08-30,2026-09-28,30,2.2506,2.8711,0.7427,1.0969
HP_044,HP,Solan,AIFS,rainfall_mm,72,2026-08-30,2026-09-28,30,1.5482,2.6958,0.9367,-0.2915
HP_044,HP,Solan,AIFS,temperature_c,72,2026-08-30,2026-09-28,30,1.1797,1.3904,0.6982,-0.2563
HP_044,HP,Solan,AIFS,wind_speed_kmh,72,2026-08-30,2026-09-28,30,1.7873,2.1106,0.81,0.6776
HP_044,HP,Solan,IFS,rainfall_mm,72,2026-08-30,2026-09-28,30,1.6762,2.8103,0.952,0.8588
HP_044,HP,Solan,IFS,temperature_c,72,2026-08-30,2026-09-28,30,0.8301,1.019,0.818,0.0424
HP_044,HP,Solan,IFS,wind_speed_kmh,72,2026-08-30,2026-09-28,30,2.2808,2.7015,0.6878,-0.1321
HP_045,HP,Mandi,NCEP GFS,rainfall_mm,24,2026-08-30,2026-09-28,30,0.7397,1.294,0.9882,-0.2428
HP_045,HP,Mandi,NCEP GFS,temperature_c,24,2026-08-30,2026-09-28,30,0.9809,1.2993,0.7023,0.5676
HP_045,HP,Mandi,NCEP GFS,wind_speed_kmh,24,2026-08-30,2026-09-28,30,1.6915,2.1343,0.8085,-0.1535
HP_045,HP,Mandi,GFS ENSEMBLE,rainfall_mm,24,2026-08-30,2026-09-28,30,0.6334,1.1487,0.99,-0.1588
HP_045,HP,Mandi,GFS ENSEMBLE,temperature_c,24,2026-08-30,2026-09-28,30,0.7286,0.9747,0.7881,0.3016
HP_045,HP,Mandi,GFS ENSEMBLE,wind_speed_kmh,24,2026-08-30,2026-09-28,30,1.1277,1.6697,0.8803,0.4908
HP_045,HP,Mandi,AIFS,rainfall_mm,24,2026-08-30,2026-09-28,30,0.8007,1.277,0.9885,-0.1048
HP_045,HP,Mandi,AIFS,temperature_c,24,2026-08-30,2026-09-28,30,0.6133,0.7739,0.8454,-0.2608
HP_045,HP,Mandi,AIFS,wind_speed_kmh,24,2026-08-30,2026-09-28,30,1.1986,1.6457,0.8879,-0.0189
HP_045,HP,Mandi,IFS,rainfall_mm,24,2026-08-30,2026-09-28,30,0.809,1.8686,0.9717,-0.1661
HP_045,HP,Mandi,IFS,temperature_c,24,2026-08-30,2026-09-28,30,0.6827,0.8639,0.8174,0.3122
HP_045,HP,Mandi,IFS,wind_speed_kmh,24,2026-08-30,2026-09-28,30,1.325,1.7865,0.867,0.4478
HP_045,HP,Mandi,NCEP GFS,rainfall_mm,48,2026-08-30,2026-09-28,30,1.9634,4.4488,0.8389,-0.9035
HP_045,HP,Mandi,NCEP GFS,temperature_c,48,2026-08-30,2026-09-28,30,0.9832,1.2274,0.7229,0.2876
HP_045,HP,Mandi,NCEP GFS,wind_speed_kmh,48,2026-08-30,2026-09-28,30,2.0701,2.5223,0.7708,0.8941
HP_045,HP,Mandi,GFS ENSEMBLE,rainfall_mm,48,2026-08-30,2026-09-28,30,1.1008,1.9556,0.9695,-0.3718
HP_045,HP,Mandi,GFS ENSEMBLE,temperature_c,48,2026-08-30,2026-09-28,30,1.0358,1.2304,0.6286,0.1269
HP_045,HP,Mandi,GFS ENSEMBLE,wind_speed_kmh,48,2026-08-30,2026-09-28,30,1.8252,2.2202,0.8437,0.1655
HP_045,HP,Mandi,AIFS,rainfall_mm,48,2026-08-30,2026-09-28,30,1.2684,2.3264,0.9623,0.1932
HP_045,HP,Mandi,AIFS,temperature_c,48,2026-08-30,2026-09-28,30,0.7108,0.9361,0.8333,0.0236
HP_045,HP,Mandi,AIFS,wind_speed_kmh,48,2026-08-30,2026-09-28,30,1.2767,1.7444,0.8725,0.2678
HP_045,HP,Mandi,IFS,rainfall_mm,48,2026-08-30,2026-09-28,30,1.0338,2.4594,0.9799,0.5735
HP_045,HP,Mandi,IFS,temperature_c,48,2026-08-30,2026-09-28,30,0.8162,0.9812,0.8088,-0.3138
HP_045,HP,Mandi,IFS,wind_speed_kmh,48,2026-08-30,2026-09-28,30,1.7568,2.1821,0.8514,-0.2595
HP_045,HP,Mandi,NCEP GFS,rainfall_mm,72,2026-08-30,2026-09-28,30,1.7871,3.1007,0.9576,0.7919
HP_045,HP,Mandi,NCEP GFS,temperature_c,72,2026-08-30,2026-09-28,30,1.5567,1.8976,0.4083,0.5362
HP_045,HP,Mandi,NCEP GFS,wind_speed_kmh,72,2026-08-30,2026-09-28,30,2.3479,2.8384,0.6102,0.4508
HP_045,HP,Mandi,GFS ENSEMBLE,rainfall_mm,72,2026-08-30,2026-09-28,30,1.2372,2.0322,0.9653,-0.0881
HP_045,HP,Mandi,GFS ENSEMBLE,temperature_c,72,2026-08-30,2026-09-28,30,1.0927,1.2773,0.7321,-0.0734
HP_045,HP,Mandi,GFS ENSEMBLE,wind_speed_kmh,72,2026-08-30,2026-09-28,30,2.252,2.876,0.7289,1.2668
HP_045,HP,Mandi,AIFS,rainfall_mm,72,2026-08-30,2026-09-28,30,1.8881,3.2865,0.9159,-0.1601
HP_045,HP,Mandi,AIFS,temperature_c,72,2026-08-30,2026-09-28,30,1.0246,1.2262,0.5831,0.1636
HP_045,HP,Mandi,AIFS,wind_speed_kmh,72,2026-08-30,2026-09-28,30,1.8859,2.2527,0.866,0.9271
HP_045,HP,Mandi,IFS,rainfall_mm,72,2026-08-30,2026-09-28,30,1.6262,2.9004,0.9516,-0.9561
HP_045,HP,Mandi,IFS,temperature_c,72,2026-08-30,2026-09-28,30,0.8754,1.1816,0.7347,0.3506
HP_045,HP,Mandi,IFS,wind_speed_kmh,72,2026-08-30,2026-09-28,30,1.7764,2.2793,0.7926,-0.2602
JH_046,JH,Ranchi,NCEP GFS,rainfall_mm,24,2026-08-30,2026-09-28,30,0.8912,1.4939,0.9889,0.4225
JH_046,JH,Ranchi,NCEP GFS,temperature_c,24,2026-08-30,2026-09-28,30,1.0485,1.2875,0.6267,0.2872
JH_046,JH,Ranchi,NCEP GFS,wind_speed_kmh,24,2026-08-30,2026-09-28,30,1.5519,1.8312,0.8513,-0.1056
JH_046,JH,Ranchi,GFS ENSEMBLE,rainfall_mm,24,2026-08-30,2026-09-28,30,0.7053,1.3663,0.9838,-0.2225
JH_046,JH,Ranchi,GFS ENSEMBLE,temperature_c,24,2026-08-30,2026-09-28,30,0.6798,0.8131,0.7756,-0.0112
JH_046,JH,Ranchi,GFS ENSEMBLE,wind_speed_kmh,24,2026-08-30,2026-09-28,30,1.3975,1.7573,0.8669,-0.5383
JH_046,JH,Ranchi,AIFS,rainfall_mm,24,2026-08-30,2026-09-28,30,0.6537,1.1579,0.9899,0.1802
JH_046,JH,Ranchi,AIFS,temperature_c,24,2026-08-30,2026-09-28,30,0.7624,0.918,0.8257,-0.4872
JH_046,JH,Ranchi,AIFS,wind_speed_kmh,24,2026-08-30,2026-09-28,30,1.0805,1.3732,0.9199,0.1674
JH_046,JH,Ranchi,IFS,rainfall_mm,24,2026-08-30,2026-09-28,30,1.1046,2.5046,0.9683,0.5095
JH_046,JH,Ranchi,IFS,temperature_c,24,2026-08-30,2026-09-28,30,0.7435,0.9181,0.8235,0.0355
JH_046,JH,Ranchi,IFS,wind_speed_kmh,24,2026-08-30,2026-09-28,30,1.3857,1.6892,0.8649,0.149
JH_046,JH,Ranchi,NCEP GFS,rainfall_mm,48,2026-08-30,2026-09-28,30,0.9037,2.093,0.9625,-0.3138
JH_046,JH,Ranchi,NCEP GFS,temperature_c,48,2026-08-30,2026-09-28,30,1.4462,1.7243,0.7042,0.8208
JH_046,JH,Ranchi,NCEP GFS,wind_speed_kmh,48,2026-08-30,2026-09-28,30,2.5928,3.0353,0.555,0.6864
JH_046,JH,Ranchi,GFS ENSEMBLE,rainfall_mm,48,2026-08-30,2026-09-28,30,1.4323,2.5154,0.9439,-0.4662
JH_046,JH,Ranchi,GFS ENSEMBLE,temperature_c,48,2026-08-30,2026-09-28,30,0.9699,1.1883,0.7337,-0.1552
JH_046,JH,Ranchi,GFS ENSEMBLE,wind_speed_kmh,48,2026-08-30,2026-09-28,30,1.9066,2.3398,0.7964,0.498
JH_046,JH,Ranchi,AIFS,rainfall_mm,48,2026-08-30,2026-09-28,30,1.0738,2.3974,0.9492,-0.2175
JH_046,JH,Ranchi,AIFS,temperature_c,48,2026-08-30,2026-09-28,30,0.5965,0.839,0.8181,0.1452
JH_046,JH,Ranchi,AIFS,wind_speed_kmh,48,2026-08-30,2026-09-28,30,1.6159,1.9172,0.87,0.7497
JH_046,JH,Ranchi,IFS,rainfall_mm,48,2026-08-30,2026-09-28,30,1.0789,1.9266,0.9692,-0.4845
JH_046,JH,Ranchi,IFS,temperature_c,48,2026-08-30,2026-09-28,30,0.9784,1.178,0.5485,-0.0402
JH_046,JH,Ranchi,IFS,wind_speed_kmh,48,2026-08-30,2026-09-28,30,1.8177,2.2026,0.8653,-0.4383
JH_046,JH,Ranchi,NCEP GFS,rainfall_mm,72,2026-08-30,2026-09-28,30,1.093,1.891,0.9688,0.0972
JH_046,JH,Ranchi,NCEP GFS,temperature_c,72,2026-08-30,2026-09-28,30,1.3239,1.6246,0.6208,0.5665
JH_046,JH,Ranchi,NCEP GFS,wind_speed_kmh,72,2026-08-30,2026-09-28,30,2.3571,3.0434,0.7466,0.7037
JH_046,JH,Ranchi,GFS ENSEMBLE,rainfall_mm,72,2026-08-30,2026-09-28,30,1.1845,2.0521,0.9623,-0.2215
JH_046,JH,Ranchi,GFS ENSEMBLE,temperature_c,72,2026-08-30,2026-09-28,30,1.1783,1.3649,0.7685,0.0752
JH_046,JH,Ranchi,GFS ENSEMBLE,wind_speed_kmh,72,2026-08-30,2026-09-28,30,1.4554,1.8779,0.8183,-0.2703
JH_046,JH,Ranchi,AIFS,rainfall_mm,72,2026-08-30,2026-09-28,30,1.0949,1.9323,0.9676,-0.3238
JH_046,JH,Ranchi,AIFS,temperature_c,72,2026-08-30,2026-09-28,30,0.9197,1.2635,0.6089,0.0205
JH_046,JH,Ranchi,AIFS,wind_speed_kmh,72,2026-08-30,2026-09-28,30,2.1146,2.7236,0.6616,-0.2623
JH_046,JH,Ranchi,IFS,rainfall_mm,72,2026-08-30,2026-09-28,30,1.4076,2.6994,0.9409,-0.3388
JH_046,JH,Ranchi,IFS,temperature_c,72,2026-08-30,2026-09-28,30,0.9251,1.2868,0.6254,-0.2762
JH_046,JH,Ranchi,IFS,wind_speed_kmh,72,2026-08-30,2026-09-28,30,2.2121,2.494,0.8154,-0.415
JH_047,JH,Jamshedpur,NCEP GFS,rainfall_mm,24,2026-08-30,2026-09-28,30,0.5778,0.9823,0.9937,0.053
JH_047,JH,Jamshedpur,NCEP GFS,temperature_c,24,2026-08-30,2026-09-28,30,1.0321,1.2589,0.6846,0.3449
JH_047,JH,Jamshedpur,NCEP GFS,wind_speed_kmh,24,2026-08-30,2026-09-28,30,1.8979,2.3169,0.7236,-0.9881
JH_047,JH,Jamshedpur,GFS ENSEMBLE,rainfall_mm,24,2026-08-30,2026-09-28,30,0.8065,1.9017,0.9912,0.185
JH_047,JH,Jamshedpur,GFS ENSEMBLE,temperature_c,24,2026-08-30,2026-09-28,30,0.8269,1.0353,0.7144,0.2949
JH_047,JH,Jamshedpur,GFS ENSEMBLE,wind_speed_kmh,24,2026-08-30,2026-09-28,30,1.1699,1.5421,0.8873,0.1486
JH_047,JH,Jamshedpur,AIFS,rainfall_mm,24,2026-08-30,2026-09-28,30,0.6086,1.2499,0.9892,0.3283
JH_047,JH,Jamshedpur,AIFS,temperature_c,24,2026-08-30,2026-09-28,30,0.5986,0.7809,0.8144,-0.2005
JH_047,JH,Jamshedpur,AIFS,wind_speed_kmh,24,2026-08-30,2026-09-28,30,1.201,1.5089,0.8671,-0.1758
JH_047,JH,Jamshedpur,IFS,rainfall_mm,24,2026-08-30,2026-09-28,30,0.7919,2.1837,0.9734,-0.2037
JH_047,JH,Jamshedpur,IFS,temperature_c,24,2026-08-30,2026-09-28,30,0.6752,0.7867,0.881,-0.0418
JH_047,JH,Jamshedpur,IFS,wind_speed_kmh,24,2026-08-30,2026-09-28,30,1.2905,1.568,0.8595,-0.0514
JH_047,JH,Jamshedpur,NCEP GFS,rainfall_mm,48,2026-08-30,2026-09-28,30,0.8002,1.3572,0.9864,0.044
JH_047,JH,Jamshedpur,NCEP GFS,temperature_c,48,2026-08-30,2026-09-28,30,1.0405,1.3917,0.6458,0.0889
JH_047,JH,Jamshedpur,NCEP GFS,wind_speed_kmh,48,2026-08-30,2026-09-28,30,2.1431,2.5802,0.8032,0.4229
JH_047,JH,Jamshedpur,GFS ENSEMBLE,rainfall_mm,48,2026-08-30,2026-09-28,30,1.0558,2.3315,0.9678,-0.449
JH_047,JH,Jamshedpur,GFS ENSEMBLE,temperature_c,48,2026-08-30,2026-09-28,30,0.8908,1.1467,0.6018,0.0439
JH_047,JH,Jamshedpur,GFS ENSEMBLE,wind_speed_kmh,48,2026-08-30,2026-09-28,30,1.4512,1.7926,0.8081,-0.0611
JH_047,JH,Jamshedpur,AIFS,rainfall_mm,48,2026-08-30,2026-09-28,30,1.0586,2.5418,0.9744,0.2453
JH_047,JH,Jamshedpur,AIFS,temperature_c,48,2026-08-30,2026-09-28,30,0.856,1.1448,0.6104,-0.1781
JH_047,JH,Jamshedpur,AIFS,wind_speed_kmh,48,2026-08-30,2026-09-28,30,1.7257,1.9689,0.8064,0.7082
JH_047,JH,Jamshedpur,IFS,rainfall_mm,48,2026-08-30,2026-09-28,30,0.6841,1.4046,0.985,0.169
JH_047,JH,Jamshedpur,IFS,temperature_c,48,2026-08-30,2026-09-28,30,0.7754,1.0061,0.7924,0.2312
JH_047,JH,Jamshedpur,IFS,wind_speed_kmh,48,2026-08-30,2026-09-28,30,1.8961,2.2436,0.7988,-1.0401
JH_047,JH,Jamshedpur,NCEP GFS,rainfall_mm,72,2026-08-30,2026-09-28,30,0.9648,1.9304,0.9774,-0.5897
JH_047,JH,Jamshedpur,NCEP GFS,temperature_c,72,2026-08-30,2026-09-28,30,1.2658,1.555,0.5764,0.2369
JH_047,JH,Jamshedpur,NCEP GFS,wind_speed_kmh,72,2026-08-30,2026-09-28,30,2.6376,3.1265,0.4929,0.4219
JH_047,JH,Jamshedpur,GFS ENSEMBLE,rainfall_mm,72,2026-08-30,2026-09-28,30,1.4907,2.7275,0.9664,-0.4287
JH_047,JH,Jamshedpur,GFS ENSEMBLE,temperature_c,72,2026-08-30,2026-09-28,30,1.039,1.3001,0.7324,0.0145
JH_047,JH,Jamshedpur,GFS ENSEMBLE,wind_speed_kmh,72,2026-08-30,2026-09-28,30,2.0281,2.4681,0.7332,-0.0188
JH_047,JH,Jamshedpur,AIFS,rainfall_mm,72,2026-08-30,2026-09-28,30,1.1092,2.2818,0.9795,0.324
JH_047,JH,Jamshedpur,AIFS,temperature_c,72,2026-08-30,2026-09-28,30,0.8278,1.0428,0.7901,0.3352
JH_047,JH,Jamshedpur,AIFS,wind_speed_kmh,72,2026-08-30,2026-09-28,30,1.8254,2.1671,0.6633,0.0609
JH_047,JH,Jamshedpur,IFS,rainfall_mm,72,2026-08-30,2026-09-28,30,1.1621,2.2272,0.9626,-0.2704
JH_047,JH,Jamshedpur,IFS,temperature_c,72,2026-08-30,2026-09-28,30,1.0184,1.245,0.6102,-0.0901
JH_047,JH,Jamshedpur,IFS,wind_speed_kmh,72,2026-08-30,2026-09-28,30,1.7024,2.2499,0.8368,0.2759
JH_048,JH,Dhanbad,NCEP GFS,rainfall_mm,24,2026-08-30,2026-09-28,30,1.4614,3.625,0.9953,0.6232
JH_048,JH,Dhanbad,NCEP GFS,temperature_c,24,2026-08-30,2026-09-28,30,0.8909,1.1288,0.8184,0.3379
JH_048,JH,Dhanbad,NCEP GFS,wind_speed_kmh,24,2026-08-30,2026-09-28,30,2.0506,2.5534,0.6204,0.6499
JH_048,JH,Dhanbad,GFS ENSEMBLE,rainfall_mm,24,2026-08-30,2026-09-28,30,1.1972,2.2852,0.9901,-0.5652
JH_048,JH,Dhanbad,GFS ENSEMBLE,temperature_c,24,2026-08-30,2026-09-28,30,0.6469,0.8303,0.8142,0.1046
JH_048,JH,Dhanbad,GFS ENSEMBLE,wind_speed_kmh,24,2026-08-30,2026-09-28,30,1.164,1.3884,0.9181,-0.0458
JH_048,JH,Dhanbad,AIFS,rainfall_mm,24,2026-08-30,2026-09-28,30,1.3662,3.3366,0.9802,-0.0202
JH_048,JH,Dhanbad,AIFS,temperature_c,24,2026-08-30,2026-09-28,30,0.652,0.8188,0.8238,-0.0741
JH_048,JH,Dhanbad,AIFS,wind_speed_kmh,24,2026-08-30,2026-09-28,30,1.3309,1.5449,0.8663,0.0832
JH_048,JH,Dhanbad,IFS,rainfall_mm,24,2026-08-30,2026-09-28,30,1.2205,3.928,0.9973,0.8385
JH_048,JH,Dhanbad,IFS,temperature_c,24,2026-08-30,2026-09-28,30,0.7765,0.9611,0.8138,0.0699
JH_048,JH,Dhanbad,IFS,wind_speed_kmh,24,2026-08-30,2026-09-28,30,1.3144,1.6267,0.8371,0.5482
JH_048,JH,Dhanbad,NCEP GFS,rainfall_mm,48,2026-08-30,2026-09-28,30,2.3813,6.2892,0.9516,-0.9115
JH_048,JH,Dhanbad,NCEP GFS,temperature_c,48,2026-08-30,2026-09-28,30,1.6151,1.8864,0.5776,0.6656
JH_048,JH,Dhanbad,NCEP GFS,wind_speed_kmh,48,2026-08-30,2026-09-28,30,2.24,2.7121,0.5671,1.0232
JH_048,JH,Dhanbad,GFS ENSEMBLE,rainfall_mm,48,2026-08-30,2026-09-28,30,0.9182,1.5697,0.9969,-0.5265
JH_048,JH,Dhanbad,GFS ENSEMBLE,temperature_c,48,2026-08-30,2026-09-28,30,0.8451,1.0583,0.7926,0.3826
JH_048,JH,Dhanbad,GFS ENSEMBLE,wind_speed_kmh,48,2026-08-30,2026-09-28,30,1.5734,1.9931,0.7488,0.3532
JH_048,JH,Dhanbad,AIFS,rainfall_mm,48,2026-08-30,2026-09-28,30,1.9862,7.6755,0.9452,-1.2588
JH_048,JH,Dhanbad,AIFS,temperature_c,48,2026-08-30,2026-09-28,30,0.7449,0.9197,0.8578,0.0249
JH_048,JH,Dhanbad,AIFS,wind_speed_kmh,48,2026-08-30,2026-09-28,30,1.3096,1.7761,0.8126,-0.3638
JH_048,JH,Dhanbad,IFS,rainfall_mm,48,2026-08-30,2026-09-28,30,1.6908,4.2732,0.9831,-0.9732
JH_048,JH,Dhanbad,IFS,temperature_c,48,2026-08-30,2026-09-28,30,0.5294,0.7256,0.8936,0.1079
JH_048,JH,Dhanbad,IFS,wind_speed_kmh,48,2026-08-30,2026-09-28,30,1.2899,1.5844,0.8637,-0.2511
JH_048,JH,Dhanbad,NCEP GFS,rainfall_mm,72,2026-08-30,2026-09-28,30,3.428,10.752,0.8841,-2.5252
JH_048,JH,Dhanbad,NCEP GFS,temperature_c,72,2026-08-30,2026-09-28,30,1.6015,2.0525,0.6613,0.6099
JH_048,JH,Dhanbad,NCEP GFS,wind_speed_kmh,72,2026-08-30,2026-09-28,30,2.7212,3.2899,0.6749,1.1462
JH_048,JH,Dhanbad,GFS ENSEMBLE,rainfall_mm,72,2026-08-30,2026-09-28,30,2.3949,6.2604,0.9768,-1.3285
JH_048,JH,Dhanbad,GFS ENSEMBLE,temperature_c,72,2026-08-30,2026-09-28,30,1.0783,1.3448,0.6061,-0.1541
JH_048,JH,Dhanbad,GFS ENSEMBLE,wind_speed_kmh,72,2026-08-30,2026-09-28,30,1.9418,2.416,0.6852,0.2356
JH_048,JH,Dhanbad,AIFS,rainfall_mm,72,2026-08-30,2026-09-28,30,2.0684,4.8942,0.9837,-0.6945
JH_048,JH,Dhanbad,AIFS,temperature_c,72,2026-08-30,2026-09-28,30,1.1866,1.439,0.5432,0.3679
JH_048,JH,Dhanbad,AIFS,wind_speed_kmh,72,2026-08-30,2026-09-28,30,1.9763,2.415,0.7818,0.1576
JH_048,JH,Dhanbad,IFS,rainfall_mm,72,2026-08-30,2026-09-28,30,1.3554,3.1239,0.9848,-0.2272
JH_048,JH,Dhanbad,IFS,temperature_c,72,2026-08-30,2026-09-28,30,1.1737,1.4486,0.6583,0.2213
JH_048,JH,Dhanbad,IFS,wind_speed_kmh,72,2026-08-30,2026-09-28,30,2.0406,2.505,0.7817,0.6812
JH_049,JH,Bokaro,NCEP GFS,rainfall_mm,24,2026-08-30,2026-09-28,30,1.3395,2.3652,0.9737,0.3147
JH_049,JH,Bokaro,NCEP GFS,temperature_c,24,2026-08-30,2026-09-28,30,1.1148,1.3031,0.7359,0.4915
JH_049,JH,Bokaro,NCEP GFS,wind_speed_kmh,24,2026-08-30,2026-09-28,30,1.5211,1.8333,0.8594,0.28
JH_049,JH,Bokaro,GFS ENSEMBLE,rainfall_mm,24,2026-08-30,2026-09-28,30,1.0186,1.8418,0.982,-0.3749
JH_049,JH,Bokaro,GFS ENSEMBLE,temperature_c,24,2026-08-30,2026-09-28,30,0.7222,0.972,0.8134,-0.0448
JH_049,JH,Bokaro,GFS ENSEMBLE,wind_speed_kmh,24,2026-08-30,2026-09-28,30,1.4748,1.6672,0.8754,-0.0156
JH_049,JH,Bokaro,AIFS,rainfall_mm,24,2026-08-30,2026-09-28,30,1.2901,2.7297,0.9575,-0.3213
JH_049,JH,Bokaro,AIFS,temperature_c,24,2026-08-30,2026-09-28,30,0.5798,0.7443,0.8827,-0.0575
JH_049,JH,Bokaro,AIFS,wind_speed_kmh,24,2026-08-30,2026-09-28,30,1.3475,1.5648,0.8708,-0.014
JH_049,JH,Bokaro,IFS,rainfall_mm,24,2026-08-30,2026-09-28,30,1.0807,1.989,0.992,0.7981
JH_049,JH,Bokaro,IFS,temperature_c,24,2026-08-30,2026-09-28,30,0.5953,0.824,0.8318,-0.1925
JH_049,JH,Bokaro,IFS,wind_speed_kmh,24,2026-08-30,2026-09-28,30,1.2139,1.5795,0.9006,0.2717
JH_049,JH,Bokaro,NCEP GFS,rainfall_mm,48,2026-08-30,2026-09-28,30,1.8535,3.5967,0.9452,-1.2579
JH_049,JH,Bokaro,NCEP GFS,temperature_c,48,2026-08-30,2026-09-28,30,1.0979,1.3518,0.5838,0.2258
JH_049,JH,Bokaro,NCEP GFS,wind_speed_kmh,48,2026-08-30,2026-09-28,30,2.503,2.9984,0.6765,0.95
JH_049,JH,Bokaro,GFS ENSEMBLE,rainfall_mm,48,2026-08-30,2026-09-28,30,1.8761,4.1345,0.9408,-1.5406
JH_049,JH,Bokaro,GFS ENSEMBLE,temperature_c,48,2026-08-30,2026-09-28,30,0.7583,0.9562,0.7988,0.1122
JH_049,JH,Bokaro,GFS ENSEMBLE,wind_speed_kmh,48,2026-08-30,2026-09-28,30,2.0007,2.3324,0.7911,0.562
JH_049,JH,Bokaro,AIFS,rainfall_mm,48,2026-08-30,2026-09-28,30,0.7137,1.1499,0.9926,0.3547
JH_049,JH,Bokaro,AIFS,temperature_c,48,2026-08-30,2026-09-28,30,0.7895,0.9937,0.7458,-0.2665
JH_049,JH,Bokaro,AIFS,wind_speed_kmh,48,2026-08-30,2026-09-28,30,1.2652,1.634,0.8696,0.3887
JH_049,JH,Bokaro,IFS,rainfall_mm,48,2026-08-30,2026-09-28,30,1.0642,2.0196,0.9761,-0.0076
JH_049,JH,Bokaro,IFS,temperature_c,48,2026-08-30,2026-09-28,30,0.9307,1.1008,0.8053,0.1575
JH_049,JH,Bokaro,IFS,wind_speed_kmh,48,2026-08-30,2026-09-28,30,1.3957,1.7304,0.8335,0.169
JH_049,JH,Bokaro,NCEP GFS,rainfall_mm,72,2026-08-30,2026-09-28,30,2.4271,4.7963,0.9398,0.7657
JH_049,JH,Bokaro,NCEP GFS,temperature_c,72,2026-08-30,2026-09-28,30,1.5849,2.1169,0.4908,0.9352
JH_049,JH,Bokaro,NCEP GFS,wind_speed_kmh,72,2026-08-30,2026-09-28,30,2.9488,3.8143,0.7093,1.8277
JH_049,JH,Bokaro,GFS ENSEMBLE,rainfall_mm,72,2026-08-30,2026-09-28,30,1.4697,2.8003,0.9669,-0.7929
JH_049,JH,Bokaro,GFS ENSEMBLE,temperature_c,72,2026-08-30,2026-09-28,30,1.0001,1.2919,0.738,0.1792
JH_049,JH,Bokaro,GFS ENSEMBLE,wind_speed_kmh,72,2026-08-30,2026-09-28,30,1.8651,2.239,0.6948,-0.084
JH_049,JH,Bokaro,AIFS,rainfall_mm,72,2026-08-30,2026-09-28,30,1.3037,2.9857,0.957,-0.5876
JH_049,JH,Bokaro,AIFS,temperature_c,72,2026-08-30,2026-09-28,30,1.0081,1.3138,0.6327,0.1335
JH_049,JH,Bokaro,AIFS,wind_speed_kmh,72,2026-08-30,2026-09-28,30,1.8008,2.0934,0.9055,-0.9233
JH_049,JH,Bokaro,IFS,rainfall_mm,72,2026-08-30,2026-09-28,30,0.9185,1.7786,0.9829,-0.4563
JH_049,JH,Bokaro,IFS,temperature_c,72,2026-08-30,2026-09-28,30,0.8132,1.1382,0.7762,0.2568
JH_049,JH,Bokaro,IFS,wind_speed_kmh,72,2026-08-30,2026-09-28,30,1.8104,2.213,0.8151,0.522
JH_050,JH,Hazaribagh,NCEP GFS,rainfall_mm,24,2026-08-30,2026-09-28,30,0.5383,0.9559,0.99,-0.1632
JH_050,JH,Hazaribagh,NCEP GFS,temperature_c,24,2026-08-30,2026-09-28,30,1.0007,1.2976,0.6665,0.1182
JH_050,JH,Hazaribagh,NCEP GFS,wind_speed_kmh,24,2026-08-30,2026-09-28,30,1.8836,2.3748,0.8207,-0.2217
JH_050,JH,Hazaribagh,GFS ENSEMBLE,rainfall_mm,24,2026-08-30,2026-09-28,30,0.6394,1.0588,0.9817,-0.2182
JH_050,JH,Hazaribagh,GFS ENSEMBLE,temperature_c,24,2026-08-30,2026-09-28,30,0.7444,0.9004,0.7732,0.2852
JH_050,JH,Hazaribagh,GFS ENSEMBLE,wind_speed_kmh,24,2026-08-30,2026-09-28,30,1.3458,1.7803,0.8946,0.5146
JH_050,JH,Hazaribagh,AIFS,rainfall_mm,24,2026-08-30,2026-09-28,30,0.423,0.7647,0.9892,0.0085
JH_050,JH,Hazaribagh,AIFS,temperature_c,24,2026-08-30,2026-09-28,30,0.5873,0.7305,0.8597,-0.3342
JH_050,JH,Hazaribagh,AIFS,wind_speed_kmh,24,2026-08-30,2026-09-28,30,1.3584,1.6789,0.8855,0.0926
JH_050,JH,Hazaribagh,IFS,rainfall_mm,24,2026-08-30,2026-09-28,30,0.663,1.2681,0.9681,0.0158
JH_050,JH,Hazaribagh,IFS,temperature_c,24,2026-08-30,2026-09-28,30,0.6311,0.8986,0.7277,-0.1198
JH_050,JH,Hazaribagh,IFS,wind_speed_kmh,24,2026-08-30,2026-09-28,30,1.3649,1.6604,0.8932,0.1786
JH_050,JH,Hazaribagh,NCEP GFS,rainfall_mm,48,2026-08-30,2026-09-28,30,0.8882,1.8666,0.9325,0.0195
JH_050,JH,Hazaribagh,NCEP GFS,temperature_c,48,2026-08-30,2026-09-28,30,1.3551,1.6003,0.6323,0.5455
JH_050,JH,Hazaribagh,NCEP GFS,wind_speed_kmh,48,2026-08-30,2026-09-28,30,1.7284,2.192,0.7834,0.0929
JH_050,JH,Hazaribagh,GFS ENSEMBLE,rainfall_mm,48,2026-08-30,2026-09-28,30,0.6234,1.1301,0.9771,-0.1298
JH_050,JH,Hazaribagh,GFS ENSEMBLE,temperature_c,48,2026-08-30,2026-09-28,30,0.7522,0.9678,0.749,0.1562
JH_050,JH,Hazaribagh,GFS ENSEMBLE,wind_speed_kmh,48,2026-08-30,2026-09-28,30,2.3522,2.8529,0.8289,0.4529
JH_050,JH,Hazaribagh,AIFS,rainfall_mm,48,2026-08-30,2026-09-28,30,0.6543,1.3372,0.9674,-0.0588
JH_050,JH,Hazaribagh,AIFS,temperature_c,48,2026-08-30,2026-09-28,30,0.9004,1.058,0.7782,0.2192
JH_050,JH,Hazaribagh,AIFS,wind_speed_kmh,48,2026-08-30,2026-09-28,30,1.2791,1.7657,0.8745,0.0619
JH_050,JH,Hazaribagh,IFS,rainfall_mm,48,2026-08-30,2026-09-28,30,0.7901,1.6448,0.9604,0.4072
JH_050,JH,Hazaribagh,IFS,temperature_c,48,2026-08-30,2026-09-28,30,0.751,0.9568,0.6252,0.0592
JH_050,JH,Hazaribagh,IFS,wind_speed_kmh,48,2026-08-30,2026-09-28,30,1.4787,2.0949,0.7985,0.4953
JH_050,JH,Hazaribagh,NCEP GFS,rainfall_mm,72,2026-08-30,2026-09-28,30,1.1162,2.4788,0.8794,-0.3692
JH_050,JH,Hazaribagh,NCEP GFS,temperature_c,72,2026-08-30,2026-09-28,30,1.4795,1.7378,0.5684,0.4415
JH_050,JH,Hazaribagh,NCEP GFS,wind_speed_kmh,72,2026-08-30,2026-09-28,30,2.2959,3.2114,0.6601,1.3019
JH_050,JH,Hazaribagh,GFS ENSEMBLE,rainfall_mm,72,2026-08-30,2026-09-28,30,0.786,1.3371,0.972,-0.2908
JH_050,JH,Hazaribagh,GFS ENSEMBLE,temperature_c,72,2026-08-30,2026-09-28,30,1.063,1.2522,0.5441,0.0128
JH_050,JH,Hazaribagh,GFS ENSEMBLE,wind_speed_kmh,72,2026-08-30,2026-09-28,30,2.139,2.6639,0.7819,0.1789
JH_050,JH,Hazaribagh,AIFS,rainfall_mm,72,2026-08-30,2026-09-28,30,0.5706,1.0651,0.9839,0.4025
JH_050,JH,Hazaribagh,AIFS,temperature_c,72,2026-08-30,2026-09-28,30,1.0333,1.2592,0.6461,-0.0685
JH_050,JH,Hazaribagh,AIFS,wind_speed_kmh,72,2026-08-30,2026-09-28,30,1.8152,2.3433,0.7444,0.3643
JH_050,JH,Hazaribagh,IFS,rainfall_mm,72,2026-08-30,2026-09-28,30,1.1725,2.2537,0.8989,0.2008
JH_050,JH,Hazaribagh,IFS,temperature_c,72,2026-08-30,2026-09-28,30,1.1984,1.4265,0.5487,0.1168
JH_050,JH,Hazaribagh,IFS,wind_speed_kmh,72,2026-08-30,2026-09-28,30,1.7406,2.2311,0.7908,0.4079
KA_051,KA,Bengaluru,NCEP GFS,rainfall_mm,24,2026-08-30,2026-09-28,30,0.935,2.7101,0.9755,-0.2205
KA_051,KA,Bengaluru,NCEP GFS,temperature_c,24,2026-08-30,2026-09-28,30,0.8385,0.9545,0.814,0.1731
KA_051,KA,Bengaluru,NCEP GFS,wind_speed_kmh,24,2026-08-30,2026-09-28,30,2.2197,2.6362,0.7457,0.7808
KA_051,KA,Bengaluru,GFS ENSEMBLE,rainfall_mm,24,2026-08-30,2026-09-28,30,0.9022,2.3563,0.9792,-0.5759
KA_051,KA,Bengaluru,GFS ENSEMBLE,temperature_c,24,2026-08-30,2026-09-28,30,0.6323,0.8191,0.8966,0.1915
KA_051,KA,Bengaluru,GFS ENSEMBLE,wind_speed_kmh,24,2026-08-30,2026-09-28,30,1.2372,1.513,0.9114,-0.0355
KA_051,KA,Bengaluru,AIFS,rainfall_mm,24,2026-08-30,2026-09-28,30,0.9225,2.9588,0.9628,-0.2215
KA_051,KA,Bengaluru,AIFS,temperature_c,24,2026-08-30,2026-09-28,30,0.7214,0.8921,0.8659,-0.1549
KA_051,KA,Bengaluru,AIFS,wind_speed_kmh,24,2026-08-30,2026-09-28,30,0.9849,1.2205,0.9264,0.0331
KA_051,KA,Bengaluru,IFS,rainfall_mm,24,2026-08-30,2026-09-28,30,0.997,4.2034,0.9877,0.8105
KA_051,KA,Bengaluru,IFS,temperature_c,24,2026-08-30,2026-09-28,30,0.7308,0.871,0.8357,0.1165
KA_051,KA,Bengaluru,IFS,wind_speed_kmh,24,2026-08-30,2026-09-28,30,1.4537,1.69,0.8758,0.3808
KA_051,KA,Bengaluru,NCEP GFS,rainfall_mm,48,2026-08-30,2026-09-28,30,0.5001,1.0189,0.9935,-0.3352
KA_051,KA,Bengaluru,NCEP GFS,temperature_c,48,2026-08-30,2026-09-28,30,1.6289,1.7718,0.493,0.5635
KA_051,KA,Bengaluru,NCEP GFS,wind_speed_kmh,48,2026-08-30,2026-09-28,30,1.8496,2.3504,0.7967,1.1575
KA_051,KA,Bengaluru,GFS ENSEMBLE,rainfall_mm,48,2026-08-30,2026-09-28,30,0.9339,1.903,0.9857,-0.3652
KA_051,KA,Bengaluru,GFS ENSEMBLE,temperature_c,48,2026-08-30,2026-09-28,30,0.6937,0.8146,0.8642,-0.2589
KA_051,KA,Bengaluru,GFS ENSEMBLE,wind_speed_kmh,48,2026-08-30,2026-09-28,30,1.9912,2.5688,0.8286,0.2068
KA_051,KA,Bengaluru,AIFS,rainfall_mm,48,2026-08-30,2026-09-28,30,0.9794,2.5949,0.9726,-0.1195
KA_051,KA,Bengaluru,AIFS,temperature_c,48,2026-08-30,2026-09-28,30,0.844,0.9633,0.7812,0.2155
KA_051,KA,Bengaluru,AIFS,wind_speed_kmh,48,2026-08-30,2026-09-28,30,1.4442,2.0855,0.8075,0.1935
KA_051,KA,Bengaluru,IFS,rainfall_mm,48,2026-08-30,2026-09-28,30,0.4329,0.8566,0.9962,0.1581
KA_051,KA,Bengaluru,IFS,temperature_c,48,2026-08-30,2026-09-28,30,0.9238,1.114,0.7783,0.0275
KA_051,KA,Bengaluru,IFS,wind_speed_kmh,48,2026-08-30,2026-09-28,30,1.455,1.9057,0.8814,0.0358
KA_051,KA,Bengaluru,NCEP GFS,rainfall_mm,72,2026-08-30,2026-09-28,30,1.3651,3.3107,0.9704,-0.6445
KA_051,KA,Bengaluru,NCEP GFS,temperature_c,72,2026-08-30,2026-09-28,30,1.5569,2.0074,0.4521,0.3198
KA_051,KA,Bengaluru,NCEP GFS,wind_speed_kmh,72,2026-08-30,2026-09-28,30,2.8594,3.5724,0.7104,1.5605
KA_051,KA,Bengaluru,GFS ENSEMBLE,rainfall_mm,72,2026-08-30,2026-09-28,30,0.9848,1.9782,0.9845,-0.4459
KA_051,KA,Bengaluru,GFS ENSEMBLE,temperature_c,72,2026-08-30,2026-09-28,30,0.9188,1.1196,0.8204,0.4175
KA_051,KA,Bengaluru,GFS ENSEMBLE,wind_speed_kmh,72,2026-08-30,2026-09-28,30,2.016,2.3632,0.7531,0.3018
KA_051,KA,Bengaluru,AIFS,rainfall_mm,72,2026-08-30,2026-09-28,30,1.2316,2.5272,0.9833,0.7338
KA_051,KA,Bengaluru,AIFS,temperature_c,72,2026-08-30,2026-09-28,30,1.1913,1.5174,0.6564,0.1528
KA_051,KA,Bengaluru,AIFS,wind_speed_kmh,72,2026-08-30,2026-09-28,30,1.5967,2.0059,0.783,-0.2879
KA_051,KA,Bengaluru,IFS,rainfall_mm,72,2026-08-30,2026-09-28,30,0.8488,1.9424,0.988,0.4861
KA_051,KA,Bengaluru,IFS,temperature_c,72,2026-08-30,2026-09-28,30,0.9823,1.1761,0.7733,-0.0789
KA_051,KA,Bengaluru,IFS,wind_speed_kmh,72,2026-08-30,2026-09-28,30,2.0399,2.557,0.7943,0.4275
KA_052,KA,Mangaluru,NCEP GFS,rainfall_mm,24,2026-08-30,2026-09-28,30,1.1719,1.7725,0.9901,-0.5186
KA_052,KA,Mangaluru,NCEP GFS,temperature_c,24,2026-08-30,2026-09-28,30,1.0077,1.4074,0.8572,0.4204
KA_052,KA,Mangaluru,NCEP GFS,wind_speed_kmh,24,2026-08-30,2026-09-28,30,2.1523,2.5935,0.7429,-0.0898
KA_052,KA,Mangaluru,GFS ENSEMBLE,rainfall_mm,24,2026-08-30,2026-09-28,30,1.3377,4.0148,0.9553,-0.958
KA_052,KA,Mangaluru,GFS ENSEMBLE,temperature_c,24,2026-08-30,2026-09-28,30,0.7097,0.8948,0.8085,0.1384
KA_052,KA,Mangaluru,GFS ENSEMBLE,wind_speed_kmh,24,2026-08-30,2026-09-28,30,1.1054,1.329,0.9006,0.2315
KA_052,KA,Mangaluru,AIFS,rainfall_mm,24,2026-08-30,2026-09-28,30,1.361,4.7567,0.9264,-0.772
KA_052,KA,Mangaluru,AIFS,temperature_c,24,2026-08-30,2026-09-28,30,0.5611,0.7429,0.8238,-0.3179
KA_052,KA,Mangaluru,AIFS,wind_speed_kmh,24,2026-08-30,2026-09-28,30,1.3176,1.6106,0.8754,-0.3715
KA_052,KA,Mangaluru,IFS,rainfall_mm,24,2026-08-30,2026-09-28,30,0.7812,1.8195,0.9939,0.305
KA_052,KA,Mangaluru,IFS,temperature_c,24,2026-08-30,2026-09-28,30,0.7477,0.8795,0.833,-0.0009
KA_052,KA,Mangaluru,IFS,wind_speed_kmh,24,2026-08-30,2026-09-28,30,1.2359,1.4185,0.9213,0.7702
KA_052,KA,Mangaluru,NCEP GFS,rainfall_mm,48,2026-08-30,2026-09-28,30,1.5826,3.5158,0.9576,-0.727
KA_052,KA,Mangaluru,NCEP GFS,temperature_c,48,2026-08-30,2026-09-28,30,1.5991,2.0449,0.5025,0.5171
KA_052,KA,Mangaluru,NCEP GFS,wind_speed_kmh,48,2026-08-30,2026-09-28,30,2.0935,2.5167,0.7546,0.3142
KA_052,KA,Mangaluru,GFS ENSEMBLE,rainfall_mm,48,2026-08-30,2026-09-28,30,1.7692,3.8856,0.9727,-0.8886
KA_052,KA,Mangaluru,GFS ENSEMBLE,temperature_c,48,2026-08-30,2026-09-28,30,0.7574,0.9015,0.8594,0.5118
KA_052,KA,Mangaluru,GFS ENSEMBLE,wind_speed_kmh,48,2026-08-30,2026-09-28,30,1.9883,2.4206,0.7071,0.2755
KA_052,KA,Mangaluru,AIFS,rainfall_mm,48,2026-08-30,2026-09-28,30,1.035,1.9194,0.9896,0.26
KA_052,KA,Mangaluru,AIFS,temperature_c,48,2026-08-30,2026-09-28,30,0.8387,1.0873,0.5773,0.0158
KA_052,KA,Mangaluru,AIFS,wind_speed_kmh,48,2026-08-30,2026-09-28,30,1.1478,1.3339,0.9025,0.1838
KA_052,KA,Mangaluru,IFS,rainfall_mm,48,2026-08-30,2026-09-28,30,0.6366,1.0757,0.9957,-0.3573
KA_052,KA,Mangaluru,IFS,temperature_c,48,2026-08-30,2026-09-28,30,0.7203,0.8981,0.7857,0.0514
KA_052,KA,Mangaluru,IFS,wind_speed_kmh,48,2026-08-30,2026-09-28,30,1.7971,2.1685,0.8123,0.0482
KA_052,KA,Mangaluru,NCEP GFS,rainfall_mm,72,2026-08-30,2026-09-28,30,1.2339,2.0832,0.9822,-0.287
KA_052,KA,Mangaluru,NCEP GFS,temperature_c,72,2026-08-30,2026-09-28,30,1.5106,1.8301,0.3357,0.4248
KA_052,KA,Mangaluru,NCEP GFS,wind_speed_kmh,72,2026-08-30,2026-09-28,30,2.5499,3.0176,0.7288,1.5278
KA_052,KA,Mangaluru,GFS ENSEMBLE,rainfall_mm,72,2026-08-30,2026-09-28,30,2.1645,7.0533,0.8076,-1.6986
KA_052,KA,Mangaluru,GFS ENSEMBLE,temperature_c,72,2026-08-30,2026-09-28,30,0.8264,0.9936,0.7531,-0.2252
KA_052,KA,Mangaluru,GFS ENSEMBLE,wind_speed_kmh,72,2026-08-30,2026-09-28,30,2.0789,2.6341,0.7551,0.3222
KA_052,KA,Mangaluru,AIFS,rainfall_mm,72,2026-08-30,2026-09-28,30,1.891,3.3139,0.959,-0.511
KA_052,KA,Mangaluru,AIFS,temperature_c,72,2026-08-30,2026-09-28,30,0.9911,1.2531,0.6828,0.1594
KA_052,KA,Mangaluru,AIFS,wind_speed_kmh,72,2026-08-30,2026-09-28,30,1.5015,1.9693,0.785,-0.3412
KA_052,KA,Mangaluru,IFS,rainfall_mm,72,2026-08-30,2026-09-28,30,1.4151,2.5797,0.9721,-0.073
KA_052,KA,Mangaluru,IFS,temperature_c,72,2026-08-30,2026-09-28,30,1.0076,1.1976,0.7384,0.6771
KA_052,KA,Mangaluru,IFS,wind_speed_kmh,72,2026-08-30,2026-09-28,30,1.5069,1.974,0.8025,0.2028
KA_053,KA,Mysuru,NCEP GFS,rainfall_mm,24,2026-08-30,2026-09-28,30,1.8031,5.4753,0.9799,0.9996
KA_053,KA,Mysuru,NCEP GFS,temperature_c,24,2026-08-30,2026-09-28,30,0.888,1.1017,0.8064,0.3857
KA_053,KA,Mysuru,NCEP GFS,wind_speed_kmh,24,2026-08-30,2026-09-28,30,2.1929,2.6669,0.78,0.8374
KA_053,KA,Mysuru,GFS ENSEMBLE,rainfall_mm,24,2026-08-30,2026-09-28,30,0.7292,1.2896,0.9978,-0.4718
KA_053,KA,Mysuru,GFS ENSEMBLE,temperature_c,24,2026-08-30,2026-09-28,30,0.7158,0.9147,0.7831,-0.243
KA_053,KA,Mysuru,GFS ENSEMBLE,wind_speed_kmh,24,2026-08-30,2026-09-28,30,1.4511,1.8458,0.8664,0.2011
KA_053,KA,Mysuru,AIFS,rainfall_mm,24,2026-08-30,2026-09-28,30,0.6806,1.6022,0.9976,0.1996
KA_053,KA,Mysuru,AIFS,temperature_c,24,2026-08-30,2026-09-28,30,0.7533,0.9124,0.8269,-0.107
KA_053,KA,Mysuru,AIFS,wind_speed_kmh,24,2026-08-30,2026-09-28,30,1.227,1.6191,0.9028,0.3557
KA_053,KA,Mysuru,IFS,rainfall_mm,24,2026-08-30,2026-09-28,30,1.0211,2.6562,0.9919,0.4552
KA_053,KA,Mysuru,IFS,temperature_c,24,2026-08-30,2026-09-28,30,0.7883,0.9144,0.7925,0.0937
KA_053,KA,Mysuru,IFS,wind_speed_kmh,24,2026-08-30,2026-09-28,30,0.8905,1.2027,0.9182,0.0897
KA_053,KA,Mysuru,NCEP GFS,rainfall_mm,48,2026-08-30,2026-09-28,30,1.3441,3.7041,0.9671,-0.4228
KA_053,KA,Mysuru,NCEP GFS,temperature_c,48,2026-08-30,2026-09-28,30,0.9688,1.1765,0.6523,0.076
KA_053,KA,Mysuru,NCEP GFS,wind_speed_kmh,48,2026-08-30,2026-09-28,30,2.5518,3.1784,0.6642,0.8401
KA_053,KA,Mysuru,GFS ENSEMBLE,rainfall_mm,48,2026-08-30,2026-09-28,30,2.0273,5.4757,0.9799,-1.6008
KA_053,KA,Mysuru,GFS ENSEMBLE,temperature_c,48,2026-08-30,2026-09-28,30,0.8361,1.021,0.717,0.021
KA_053,KA,Mysuru,GFS ENSEMBLE,wind_speed_kmh,48,2026-08-30,2026-09-28,30,1.6176,1.8336,0.8831,0.6264
KA_053,KA,Mysuru,AIFS,rainfall_mm,48,2026-08-30,2026-09-28,30,1.0431,1.8789,0.994,-0.2058
KA_053,KA,Mysuru,AIFS,temperature_c,48,2026-08-30,2026-09-28,30,0.8771,1.0764,0.5848,0.2493
KA_053,KA,Mysuru,AIFS,wind_speed_kmh,48,2026-08-30,2026-09-28,30,1.4939,1.791,0.8499,0.3877
KA_053,KA,Mysuru,IFS,rainfall_mm,48,2026-08-30,2026-09-28,30,1.5759,4.7872,0.9503,-0.2924
KA_053,KA,Mysuru,IFS,temperature_c,48,2026-08-30,2026-09-28,30,0.798,0.9673,0.6313,-0.1173
KA_053,KA,Mysuru,IFS,wind_speed_kmh,48,2026-08-30,2026-09-28,30,1.8368,2.1872,0.7861,0.4797
KA_053,KA,Mysuru,NCEP GFS,rainfall_mm,72,2026-08-30,2026-09-28,30,2.8398,9.3117,0.901,-2.5528
KA_053,KA,Mysuru,NCEP GFS,temperature_c,72,2026-08-30,2026-09-28,30,1.4094,1.7499,0.6966,0.6193
KA_053,KA,Mysuru,NCEP GFS,wind_speed_kmh,72,2026-08-30,2026-09-28,30,3.2888,3.9312,0.6968,2.3141
KA_053,KA,Mysuru,GFS ENSEMBLE,rainfall_mm,72,2026-08-30,2026-09-28,30,1.6418,3.0418,0.9908,-0.8048
KA_053,KA,Mysuru,GFS ENSEMBLE,temperature_c,72,2026-08-30,2026-09-28,30,0.8134,1.0676,0.8607,0.332
KA_053,KA,Mysuru,GFS ENSEMBLE,wind_speed_kmh,72,2026-08-30,2026-09-28,30,1.937,2.1227,0.8538,0.0607
KA_053,KA,Mysuru,AIFS,rainfall_mm,72,2026-08-30,2026-09-28,30,1.8025,3.7702,0.9656,-0.1758
KA_053,KA,Mysuru,AIFS,temperature_c,72,2026-08-30,2026-09-28,30,1.0421,1.2812,0.4416,0.0593
KA_053,KA,Mysuru,AIFS,wind_speed_kmh,72,2026-08-30,2026-09-28,30,2.1404,2.4715,0.8737,0.6241
KA_053,KA,Mysuru,IFS,rainfall_mm,72,2026-08-30,2026-09-28,30,3.2378,11.6339,0.6398,-2.2731
KA_053,KA,Mysuru,IFS,temperature_c,72,2026-08-30,2026-09-28,30,0.9931,1.2296,0.5724,0.0323
KA_053,KA,Mysuru,IFS,wind_speed_kmh,72,2026-08-30,2026-09-28,30,1.9765,2.7522,0.7355,-0.2613
KA_054,KA,Hubballi,NCEP GFS,rainfall_mm,24,2026-08-30,2026-09-28,30,0.845,1.5415,0.9624,-0.1484
KA_054,KA,Hubballi,NCEP GFS,temperature_c,24,2026-08-30,2026-09-28,30,1.0337,1.2484,0.6278,-0.0937
KA_054,KA,Hubballi,NCEP GFS,wind_speed_kmh,24,2026-08-30,2026-09-28,30,1.7715,2.0314,0.7333,0.553
KA_054,KA,Hubballi,GFS ENSEMBLE,rainfall_mm,24,2026-08-30,2026-09-28,30,0.7428,1.2751,0.9709,-0.1897
KA_054,KA,Hubballi,GFS ENSEMBLE,temperature_c,24,2026-08-30,2026-09-28,30,0.5173,0.6064,0.8423,0.108
KA_054,KA,Hubballi,GFS ENSEMBLE,wind_speed_kmh,24,2026-08-30,2026-09-28,30,1.6877,1.9996,0.8213,0.341
KA_054,KA,Hubballi,AIFS,rainfall_mm,24,2026-08-30,2026-09-28,30,0.7815,1.6036,0.9615,-0.3264
KA_054,KA,Hubballi,AIFS,temperature_c,24,2026-08-30,2026-09-28,30,0.6107,0.7608,0.8597,-0.1697
KA_054,KA,Hubballi,AIFS,wind_speed_kmh,24,2026-08-30,2026-09-28,30,1.3563,1.6405,0.8257,-0.3833
KA_054,KA,Hubballi,IFS,rainfall_mm,24,2026-08-30,2026-09-28,30,0.5725,0.9878,0.9827,0.0049
KA_054,KA,Hubballi,IFS,temperature_c,24,2026-08-30,2026-09-28,30,0.7009,0.9088,0.8022,-0.2864
KA_054,KA,Hubballi,IFS,wind_speed_kmh,24,2026-08-30,2026-09-28,30,1.0165,1.2984,0.8955,0.1407
KA_054,KA,Hubballi,NCEP GFS,rainfall_mm,48,2026-08-30,2026-09-28,30,0.9895,1.5483,0.9627,0.3146
KA_054,KA,Hubballi,NCEP GFS,temperature_c,48,2026-08-30,2026-09-28,30,1.1687,1.4822,0.7048,0.144
KA_054,KA,Hubballi,NCEP GFS,wind_speed_kmh,48,2026-08-30,2026-09-28,30,2.0314,2.6469,0.7712,0.9747
KA_054,KA,Hubballi,GFS ENSEMBLE,rainfall_mm,48,2026-08-30,2026-09-28,30,0.9943,1.5303,0.9567,-0.1217
KA_054,KA,Hubballi,GFS ENSEMBLE,temperature_c,48,2026-08-30,2026-09-28,30,0.8578,1.0931,0.7291,0.3316
KA_054,KA,Hubballi,GFS ENSEMBLE,wind_speed_kmh,48,2026-08-30,2026-09-28,30,1.5947,1.9214,0.821,0.6197
KA_054,KA,Hubballi,AIFS,rainfall_mm,48,2026-08-30,2026-09-28,30,0.8553,1.7861,0.9453,-0.1754
KA_054,KA,Hubballi,AIFS,temperature_c,48,2026-08-30,2026-09-28,30,0.9193,1.145,0.7511,0.0483
KA_054,KA,Hubballi,AIFS,wind_speed_kmh,48,2026-08-30,2026-09-28,30,1.6107,1.9692,0.8047,0.7683
KA_054,KA,Hubballi,IFS,rainfall_mm,48,2026-08-30,2026-09-28,30,0.6918,1.2867,0.9852,0.3799
KA_054,KA,Hubballi,IFS,temperature_c,48,2026-08-30,2026-09-28,30,0.8303,1.0055,0.794,-0.3774
KA_054,KA,Hubballi,IFS,wind_speed_kmh,48,2026-08-30,2026-09-28,30,1.3072,1.7245,0.8741,-0.2153
KA_054,KA,Hubballi,NCEP GFS,rainfall_mm,72,2026-08-30,2026-09-28,30,1.0696,1.8136,0.9498,0.2996
KA_054,KA,Hubballi,NCEP GFS,temperature_c,72,2026-08-30,2026-09-28,30,1.6615,2.0786,0.3708,0.359
KA_054,KA,Hubballi,NCEP GFS,wind_speed_kmh,72,2026-08-30,2026-09-28,30,3.0373,3.565,0.6324,0.8767
KA_054,KA,Hubballi,GFS ENSEMBLE,rainfall_mm,72,2026-08-30,2026-09-28,30,1.9427,2.9878,0.8199,-0.0224
KA_054,KA,Hubballi,GFS ENSEMBLE,temperature_c,72,2026-08-30,2026-09-28,30,0.9132,1.2141,0.7217,-0.241
KA_054,KA,Hubballi,GFS ENSEMBLE,wind_speed_kmh,72,2026-08-30,2026-09-28,30,1.7542,2.3242,0.8095,-0.0407
KA_054,KA,Hubballi,AIFS,rainfall_mm,72,2026-08-30,2026-09-28,30,1.1994,2.269,0.9036,0.4133
KA_054,KA,Hubballi,AIFS,temperature_c,72,2026-08-30,2026-09-28,30,1.0507,1.2983,0.7224,-0.1907
KA_054,KA,Hubballi,AIFS,wind_speed_kmh,72,2026-08-30,2026-09-28,30,1.4491,1.7595,0.8041,0.0047
KA_054,KA,Hubballi,IFS,rainfall_mm,72,2026-08-30,2026-09-28,30,0.7216,1.1564,0.9809,0.3283
KA_054,KA,Hubballi,IFS,temperature_c,72,2026-08-30,2026-09-28,30,1.0834,1.3446,0.5578,-0.1687
KA_054,KA,Hubballi,IFS,wind_speed_kmh,72,2026-08-30,2026-09-28,30,1.9044,2.3879,0.7314,0.8873
KA_055,KA,Belagavi,NCEP GFS,rainfall_mm,24,2026-08-30,2026-09-28,30,0.8867,1.62,0.9698,0.0545
KA_055,KA,Belagavi,NCEP GFS,temperature_c,24,2026-08-30,2026-09-28,30,0.9066,1.1008,0.7284,0.4138
KA_055,KA,Belagavi,NCEP GFS,wind_speed_kmh,24,2026-08-30,2026-09-28,30,1.3701,1.6462,0.8718,0.3431
KA_055,KA,Belagavi,GFS ENSEMBLE,rainfall_mm,24,2026-08-30,2026-09-28,30,0.5785,1.0257,0.983,0.0045
KA_055,KA,Belagavi,GFS ENSEMBLE,temperature_c,24,2026-08-30,2026-09-28,30,0.8767,1.0656,0.8295,0.2798
KA_055,KA,Belagavi,GFS ENSEMBLE,wind_speed_kmh,24,2026-08-30,2026-09-28,30,1.3759,1.7553,0.8948,0.9071
KA_055,KA,Belagavi,AIFS,rainfall_mm,24,2026-08-30,2026-09-28,30,0.6238,1.3756,0.9699,0.1529
KA_055,KA,Belagavi,AIFS,temperature_c,24,2026-08-30,2026-09-28,30,0.6095,0.7652,0.8409,-0.0516
KA_055,KA,Belagavi,AIFS,wind_speed_kmh,24,2026-08-30,2026-09-28,30,1.0657,1.4309,0.8977,-0.1016
KA_055,KA,Belagavi,IFS,rainfall_mm,24,2026-08-30,2026-09-28,30,0.476,0.8701,0.9929,-0.2858
KA_055,KA,Belagavi,IFS,temperature_c,24,2026-08-30,2026-09-28,30,0.909,1.0766,0.7125,-0.0019
KA_055,KA,Belagavi,IFS,wind_speed_kmh,24,2026-08-30,2026-09-28,30,1.2739,1.5943,0.9012,-0.1179
KA_055,KA,Belagavi,NCEP GFS,rainfall_mm,48,2026-08-30,2026-09-28,30,1.1116,1.7821,0.9506,-0.3171
KA_055,KA,Belagavi,NCEP GFS,temperature_c,48,2026-08-30,2026-09-28,30,1.3908,1.709,0.7024,0.4554
KA_055,KA,Belagavi,NCEP GFS,wind_speed_kmh,48,2026-08-30,2026-09-28,30,2.1503,2.6743,0.7207,0.3224
KA_055,KA,Belagavi,GFS ENSEMBLE,rainfall_mm,48,2026-08-30,2026-09-28,30,1.2113,3.0913,0.8428,-0.4748
KA_055,KA,Belagavi,GFS ENSEMBLE,temperature_c,48,2026-08-30,2026-09-28,30,0.85,1.0806,0.7931,0.1581
KA_055,KA,Belagavi,GFS ENSEMBLE,wind_speed_kmh,48,2026-08-30,2026-09-28,30,1.7098,2.1872,0.8715,0.3177
KA_055,KA,Belagavi,AIFS,rainfall_mm,48,2026-08-30,2026-09-28,30,1.0386,2.1463,0.9746,0.6135
KA_055,KA,Belagavi,AIFS,temperature_c,48,2026-08-30,2026-09-28,30,0.9288,1.0849,0.8324,0.1148
KA_055,KA,Belagavi,AIFS,wind_speed_kmh,48,2026-08-30,2026-09-28,30,1.6404,1.9711,0.8852,0.1174
KA_055,KA,Belagavi,IFS,rainfall_mm,48,2026-08-30,2026-09-28,30,1.0155,1.7432,0.9535,0.2549
KA_055,KA,Belagavi,IFS,temperature_c,48,2026-08-30,2026-09-28,30,0.8975,1.1577,0.5622,-0.2232
KA_055,KA,Belagavi,IFS,wind_speed_kmh,48,2026-08-30,2026-09-28,30,1.5783,1.9372,0.8384,-0.0296
KA_055,KA,Belagavi,NCEP GFS,rainfall_mm,72,2026-08-30,2026-09-28,30,1.6663,2.8077,0.8984,-1.0158
KA_055,KA,Belagavi,NCEP GFS,temperature_c,72,2026-08-30,2026-09-28,30,1.6779,2.1284,0.1563,0.2931
KA_055,KA,Belagavi,NCEP GFS,wind_speed_kmh,72,2026-08-30,2026-09-28,30,2.5425,3.1761,0.5563,0.6001
KA_055,KA,Belagavi,GFS ENSEMBLE,rainfall_mm,72,2026-08-30,2026-09-28,30,0.832,1.4516,0.9693,-0.4135
KA_055,KA,Belagavi,GFS ENSEMBLE,temperature_c,72,2026-08-30,2026-09-28,30,0.7686,1.0501,0.6524,0.0151
KA_055,KA,Belagavi,GFS ENSEMBLE,wind_speed_kmh,72,2026-08-30,2026-09-28,30,1.835,2.3137,0.7671,0.8541
KA_055,KA,Belagavi,AIFS,rainfall_mm,72,2026-08-30,2026-09-28,30,0.8406,1.2538,0.9842,0.3732
KA_055,KA,Belagavi,AIFS,temperature_c,72,2026-08-30,2026-09-28,30,1.0116,1.2415,0.7053,0.1384
KA_055,KA,Belagavi,AIFS,wind_speed_kmh,72,2026-08-30,2026-09-28,30,2.0193,2.638,0.7379,0.6421
KA_055,KA,Belagavi,IFS,rainfall_mm,72,2026-08-30,2026-09-28,30,1.0408,1.9866,0.9395,0.0175
KA_055,KA,Belagavi,IFS,temperature_c,72,2026-08-30,2026-09-28,30,1.239,1.4934,0.4788,0.2931
KA_055,KA,Belagavi,IFS,wind_speed_kmh,72,2026-08-30,2026-09-28,30,1.4195,1.6801,0.8571,-0.5503
KL_056,KL,Thiruvananthapuram,NCEP GFS,rainfall_mm,24,2026-08-30,2026-09-28,30,2.3612,4.1215,0.9639,-0.2536
KL_056,KL,Thiruvananthapuram,NCEP GFS,temperature_c,24,2026-08-30,2026-09-28,30,1.1048,1.4277,0.6289,0.357
KL_056,KL,Thiruvananthapuram,NCEP GFS,wind_speed_kmh,24,2026-08-30,2026-09-28,30,2.2731,2.9336,0.8019,0.5591
KL_056,KL,Thiruvananthapuram,GFS ENSEMBLE,rainfall_mm,24,2026-08-30,2026-09-28,30,1.5256,2.6128,0.9881,-0.7472
KL_056,KL,Thiruvananthapuram,GFS ENSEMBLE,temperature_c,24,2026-08-30,2026-09-28,30,0.6494,0.8732,0.6994,0.0626
KL_056,KL,Thiruvananthapuram,GFS ENSEMBLE,wind_speed_kmh,24,2026-08-30,2026-09-28,30,1.4456,1.8844,0.8982,0.2051
KL_056,KL,Thiruvananthapuram,AIFS,rainfall_mm,24,2026-08-30,2026-09-28,30,2.1089,4.2639,0.981,1.1468
KL_056,KL,Thiruvananthapuram,AIFS,temperature_c,24,2026-08-30,2026-09-28,30,0.7418,0.8548,0.7401,-0.0064
KL_056,KL,Thiruvananthapuram,AIFS,wind_speed_kmh,24,2026-08-30,2026-09-28,30,1.2246,1.5081,0.9156,0.0115
KL_056,KL,Thiruvananthapuram,IFS,rainfall_mm,24,2026-08-30,2026-09-28,30,1.9521,3.5905,0.9753,0.8784
KL_056,KL,Thiruvananthapuram,IFS,temperature_c,24,2026-08-30,2026-09-28,30,0.7556,0.9143,0.7832,0.1096
KL_056,KL,Thiruvananthapuram,IFS,wind_speed_kmh,24,2026-08-30,2026-09-28,30,1.2084,1.5717,0.9369,0.8775
KL_056,KL,Thiruvananthapuram,NCEP GFS,rainfall_mm,48,2026-08-30,2026-09-28,30,2.6664,4.3559,0.9607,-0.5259
KL_056,KL,Thiruvananthapuram,NCEP GFS,temperature_c,48,2026-08-30,2026-09-28,30,1.1197,1.397,0.49,0.218
KL_056,KL,Thiruvananthapuram,NCEP GFS,wind_speed_kmh,48,2026-08-30,2026-09-28,30,2.1371,2.612,0.8164,0.7625
KL_056,KL,Thiruvananthapuram,GFS ENSEMBLE,rainfall_mm,48,2026-08-30,2026-09-28,30,1.6265,3.5777,0.979,-0.7462
KL_056,KL,Thiruvananthapuram,GFS ENSEMBLE,temperature_c,48,2026-08-30,2026-09-28,30,0.8955,1.1158,0.7509,0.3463
KL_056,KL,Thiruvananthapuram,GFS ENSEMBLE,wind_speed_kmh,48,2026-08-30,2026-09-28,30,1.5581,1.8564,0.8722,-0.2402
KL_056,KL,Thiruvananthapuram,AIFS,rainfall_mm,48,2026-08-30,2026-09-28,30,2.4774,5.3283,0.9417,-0.7866
KL_056,KL,Thiruvananthapuram,AIFS,temperature_c,48,2026-08-30,2026-09-28,30,0.9237,1.1315,0.6864,0.08
KL_056,KL,Thiruvananthapuram,AIFS,wind_speed_kmh,48,2026-08-30,2026-09-28,30,1.8997,2.248,0.8489,-0.4489
KL_056,KL,Thiruvananthapuram,IFS,rainfall_mm,48,2026-08-30,2026-09-28,30,3.3511,6.768,0.9174,-1.0656
KL_056,KL,Thiruvananthapuram,IFS,temperature_c,48,2026-08-30,2026-09-28,30,0.6931,0.8603,0.699,-0.0504
KL_056,KL,Thiruvananthapuram,IFS,wind_speed_kmh,48,2026-08-30,2026-09-28,30,1.4167,1.7659,0.8945,0.2318
KL_056,KL,Thiruvananthapuram,NCEP GFS,rainfall_mm,72,2026-08-30,2026-09-28,30,3.7165,7.3239,0.8845,-1.3052
KL_056,KL,Thiruvananthapuram,NCEP GFS,temperature_c,72,2026-08-30,2026-09-28,30,1.6912,2.1347,0.4838,0.2316
KL_056,KL,Thiruvananthapuram,NCEP GFS,wind_speed_kmh,72,2026-08-30,2026-09-28,30,2.2143,2.6485,0.7754,1.1065
KL_056,KL,Thiruvananthapuram,GFS ENSEMBLE,rainfall_mm,72,2026-08-30,2026-09-28,30,3.4326,6.6171,0.912,-1.5669
KL_056,KL,Thiruvananthapuram,GFS ENSEMBLE,temperature_c,72,2026-08-30,2026-09-28,30,0.9064,1.1437,0.6674,-0.0544
KL_056,KL,Thiruvananthapuram,GFS ENSEMBLE,wind_speed_kmh,72,2026-08-30,2026-09-28,30,1.841,2.6124,0.8477,1.4985
KL_056,KL,Thiruvananthapuram,AIFS,rainfall_mm,72,2026-08-30,2026-09-28,30,3.7378,9.1936,0.8333,-2.3366
KL_056,KL,Thiruvananthapuram,AIFS,temperature_c,72,2026-08-30,2026-09-28,30,0.8752,1.0621,0.6677,0.2023
KL_056,KL,Thiruvananthapuram,AIFS,wind_speed_kmh,72,2026-08-30,2026-09-28,30,1.7706,2.1475,0.8382,-0.4135
KL_056,KL,Thiruvananthapuram,IFS,rainfall_mm,72,2026-08-30,2026-09-28,30,3.6721,9.3983,0.8202,-2.7286
KL_056,KL,Thiruvananthapuram,IFS,temperature_c,72,2026-08-30,2026-09-28,30,0.7854,1.0266,0.6115,-0.157
KL_056,KL,Thiruvananthapuram,IFS,wind_speed_kmh,72,2026-08-30,2026-09-28,30,1.7686,2.1398,0.8378,-0.0532
KL_057,KL,Kochi,NCEP GFS,rainfall_mm,24,2026-08-30,2026-09-28,30,3.5958,7.6775,0.9493,-1.4144
KL_057,KL,Kochi,NCEP GFS,temperature_c,24,2026-08-30,2026-09-28,30,1.0042,1.2236,0.6093,-0.0434
KL_057,KL,Kochi,NCEP GFS,wind_speed_kmh,24,2026-08-30,2026-09-28,30,1.8984,2.277,0.762,0.3852
KL_057,KL,Kochi,GFS ENSEMBLE,rainfall_mm,24,2026-08-30,2026-09-28,30,2.0645,3.6447,0.9881,-1.0134
KL_057,KL,Kochi,GFS ENSEMBLE,temperature_c,24,2026-08-30,2026-09-28,30,0.7158,0.8779,0.7536,-0.134
KL_057,KL,Kochi,GFS ENSEMBLE,wind_speed_kmh,24,2026-08-30,2026-09-28,30,1.4845,1.6911,0.9179,0.5089
KL_057,KL,Kochi,AIFS,rainfall_mm,24,2026-08-30,2026-09-28,30,1.7143,2.6214,0.9925,-0.2054
KL_057,KL,Kochi,AIFS,temperature_c,24,2026-08-30,2026-09-28,30,0.6402,0.8959,0.8109,-0.413
KL_057,KL,Kochi,AIFS,wind_speed_kmh,24,2026-08-30,2026-09-28,30,1.5409,1.7679,0.8085,0.2176
KL_057,KL,Kochi,IFS,rainfall_mm,24,2026-08-30,2026-09-28,30,2.2749,4.1513,0.981,0.0396
KL_057,KL,Kochi,IFS,temperature_c,24,2026-08-30,2026-09-28,30,0.699,0.8084,0.8057,-0.0017
KL_057,KL,Kochi,IFS,wind_speed_kmh,24,2026-08-30,2026-09-28,30,1.2779,1.5,0.8912,-0.3011
KL_057,KL,Kochi,NCEP GFS,rainfall_mm,48,2026-08-30,2026-09-28,30,4.9482,12.9277,0.8511,-3.8967
KL_057,KL,Kochi,NCEP GFS,temperature_c,48,2026-08-30,2026-09-28,30,1.4021,1.7795,0.5906,-0.328
KL_057,KL,Kochi,NCEP GFS,wind_speed_kmh,48,2026-08-30,2026-09-28,30,2.1459,2.5224,0.8234,0.9392
KL_057,KL,Kochi,GFS ENSEMBLE,rainfall_mm,48,2026-08-30,2026-09-28,30,4.2335,9.2917,0.9526,-3.136
KL_057,KL,Kochi,GFS ENSEMBLE,temperature_c,48,2026-08-30,2026-09-28,30,0.6549,0.9122,0.8807,-0.3497
KL_057,KL,Kochi,GFS ENSEMBLE,wind_speed_kmh,48,2026-08-30,2026-09-28,30,1.8187,2.192,0.7807,0.5242
KL_057,KL,Kochi,AIFS,rainfall_mm,48,2026-08-30,2026-09-28,30,2.0037,3.3004,0.9897,-0.343
KL_057,KL,Kochi,AIFS,temperature_c,48,2026-08-30,2026-09-28,30,0.5881,0.7919,0.8106,-0.288
KL_057,KL,Kochi,AIFS,wind_speed_kmh,48,2026-08-30,2026-09-28,30,1.5673,2.0756,0.8179,-0.1821
KL_057,KL,Kochi,IFS,rainfall_mm,48,2026-08-30,2026-09-28,30,3.6726,7.265,0.9702,0.235
KL_057,KL,Kochi,IFS,temperature_c,48,2026-08-30,2026-09-28,30,0.5868,0.6805,0.7791,-0.1367
KL_057,KL,Kochi,IFS,wind_speed_kmh,48,2026-08-30,2026-09-28,30,1.7821,2.087,0.7807,0.3119
KL_057,KL,Kochi,NCEP GFS,rainfall_mm,72,2026-08-30,2026-09-28,30,4.3971,11.89,0.8625,-2.284
KL_057,KL,Kochi,NCEP GFS,temperature_c,72,2026-08-30,2026-09-28,30,1.3195,1.661,0.4302,0.661
KL_057,KL,Kochi,NCEP GFS,wind_speed_kmh,72,2026-08-30,2026-09-28,30,2.9157,3.6774,0.6562,1.1082
KL_057,KL,Kochi,GFS ENSEMBLE,rainfall_mm,72,2026-08-30,2026-09-28,30,3.1693,5.5599,0.9721,-1.7094
KL_057,KL,Kochi,GFS ENSEMBLE,temperature_c,72,2026-08-30,2026-09-28,30,0.8825,1.0849,0.7236,0.207
KL_057,KL,Kochi,GFS ENSEMBLE,wind_speed_kmh,72,2026-08-30,2026-09-28,30,1.9207,2.4301,0.7824,0.3102
KL_057,KL,Kochi,AIFS,rainfall_mm,72,2026-08-30,2026-09-28,30,3.7939,7.0743,0.9642,-0.081
KL_057,KL,Kochi,AIFS,temperature_c,72,2026-08-30,2026-09-28,30,0.9233,1.1897,0.6968,0.1476
KL_057,KL,Kochi,AIFS,wind_speed_kmh,72,2026-08-30,2026-09-28,30,2.0635,2.6541,0.6495,0.3982
KL_057,KL,Kochi,IFS,rainfall_mm,72,2026-08-30,2026-09-28,30,3.8704,10.1032,0.9509,-3.2197
KL_057,KL,Kochi,IFS,temperature_c,72,2026-08-30,2026-09-28,30,0.8752,1.1218,0.6156,-0.0824
KL_057,KL,Kochi,IFS,wind_speed_kmh,72,2026-08-30,2026-09-28,30,1.6849,1.9418,0.8455,0.3689
KL_058,KL,Kozhikode,NCEP GFS,rainfall_mm,24,2026-08-30,2026-09-28,30,2.1374,4.0587,0.9581,-0.5011
KL_058,KL,Kozhikode,NCEP GFS,temperature_c,24,2026-08-30,2026-09-28,30,0.9243,1.2309,0.6758,0.1761
KL_058,KL,Kozhikode,NCEP GFS,wind_speed_kmh,24,2026-08-30,2026-09-28,30,2.0323,2.5358,0.7423,0.7006
KL_058,KL,Kozhikode,GFS ENSEMBLE,rainfall_mm,24,2026-08-30,2026-09-28,30,1.5708,2.6519,0.986,-1.0845
KL_058,KL,Kozhikode,GFS ENSEMBLE,temperature_c,24,2026-08-30,2026-09-28,30,0.7975,0.9527,0.7968,0.4498
KL_058,KL,Kozhikode,GFS ENSEMBLE,wind_speed_kmh,24,2026-08-30,2026-09-28,30,1.2661,1.5469,0.8862,0.0319
KL_058,KL,Kozhikode,AIFS,rainfall_mm,24,2026-08-30,2026-09-28,30,1.8314,3.1206,0.9837,0.2895
KL_058,KL,Kozhikode,AIFS,temperature_c,24,2026-08-30,2026-09-28,30,0.5177,0.6345,0.8803,-0.0119
KL_058,KL,Kozhikode,AIFS,wind_speed_kmh,24,2026-08-30,2026-09-28,30,1.0682,1.4041,0.8814,-0.4054
KL_058,KL,Kozhikode,IFS,rainfall_mm,24,2026-08-30,2026-09-28,30,1.9893,3.8244,0.9714,0.5392
KL_058,KL,Kozhikode,IFS,temperature_c,24,2026-08-30,2026-09-28,30,0.6386,0.7568,0.7721,0.0241
KL_058,KL,Kozhikode,IFS,wind_speed_kmh,24,2026-08-30,2026-09-28,30,1.3222,1.7146,0.8203,-0.1247
KL_058,KL,Kozhikode,NCEP GFS,rainfall_mm,48,2026-08-30,2026-09-28,30,3.5091,6.413,0.9694,-3.1228
KL_058,KL,Kozhikode,NCEP GFS,temperature_c,48,2026-08-30,2026-09-28,30,1.1633,1.7506,0.4938,0.1994
KL_058,KL,Kozhikode,NCEP GFS,wind_speed_kmh,48,2026-08-30,2026-09-28,30,2.2917,2.7695,0.7078,0.5319
KL_058,KL,Kozhikode,GFS ENSEMBLE,rainfall_mm,48,2026-08-30,2026-09-28,30,1.4628,2.5943,0.9833,-0.4631
KL_058,KL,Kozhikode,GFS ENSEMBLE,temperature_c,48,2026-08-30,2026-09-28,30,0.7473,0.9411,0.7254,-0.0396
KL_058,KL,Kozhikode,GFS ENSEMBLE,wind_speed_kmh,48,2026-08-30,2026-09-28,30,1.5729,2.1074,0.7662,-0.0047
KL_058,KL,Kozhikode,AIFS,rainfall_mm,48,2026-08-30,2026-09-28,30,2.221,4.413,0.9569,-0.7798
KL_058,KL,Kozhikode,AIFS,temperature_c,48,2026-08-30,2026-09-28,30,0.7381,0.9505,0.8357,-0.0682
KL_058,KL,Kozhikode,AIFS,wind_speed_kmh,48,2026-08-30,2026-09-28,30,2.0941,2.4499,0.7069,-0.5977
KL_058,KL,Kozhikode,IFS,rainfall_mm,48,2026-08-30,2026-09-28,30,2.1451,3.2584,0.982,-1.2221
KL_058,KL,Kozhikode,IFS,temperature_c,48,2026-08-30,2026-09-28,30,0.9106,1.1536,0.7649,0.4724
KL_058,KL,Kozhikode,IFS,wind_speed_kmh,48,2026-08-30,2026-09-28,30,1.5136,1.9098,0.8147,0.2976
KL_058,KL,Kozhikode,NCEP GFS,rainfall_mm,72,2026-08-30,2026-09-28,30,2.4405,3.7249,0.9654,-0.7235
KL_058,KL,Kozhikode,NCEP GFS,temperature_c,72,2026-08-30,2026-09-28,30,1.175,1.4357,0.4649,0.1988
KL_058,KL,Kozhikode,NCEP GFS,wind_speed_kmh,72,2026-08-30,2026-09-28,30,2.8754,3.7018,0.6518,1.3423
KL_058,KL,Kozhikode,GFS ENSEMBLE,rainfall_mm,72,2026-08-30,2026-09-28,30,2.786,5.5664,0.9424,-2.0808
KL_058,KL,Kozhikode,GFS ENSEMBLE,temperature_c,72,2026-08-30,2026-09-28,30,1.1106,1.249,0.7228,0.4024
KL_058,KL,Kozhikode,GFS ENSEMBLE,wind_speed_kmh,72,2026-08-30,2026-09-28,30,1.376,1.7182,0.8204,0.0436
KL_058,KL,Kozhikode,AIFS,rainfall_mm,72,2026-08-30,2026-09-28,30,2.7021,5.1985,0.932,-1.1121
KL_058,KL,Kozhikode,AIFS,temperature_c,72,2026-08-30,2026-09-28,30,0.9176,1.1719,0.6728,-0.2262
KL_058,KL,Kozhikode,AIFS,wind_speed_kmh,72,2026-08-30,2026-09-28,30,1.786,2.0208,0.7834,0.0213
KL_058,KL,Kozhikode,IFS,rainfall_mm,72,2026-08-30,2026-09-28,30,2.7377,4.7799,0.9455,-1.4405
KL_058,KL,Kozhikode,IFS,temperature_c,72,2026-08-30,2026-09-28,30,0.9962,1.2256,0.733,0.0291
KL_058,KL,Kozhikode,IFS,wind_speed_kmh,72,2026-08-30,2026-09-28,30,2.1046,2.5067,0.7908,0.4499
KL_059,KL,Thrissur,NCEP GFS,rainfall_mm,24,2026-08-30,2026-09-28,30,1.3038,2.5857,0.9716,-0.3805
KL_059,KL,Thrissur,NCEP GFS,temperature_c,24,2026-08-30,2026-09-28,30,0.876,1.1657,0.5092,0.2853
KL_059,KL,Thrissur,NCEP GFS,wind_speed_kmh,24,2026-08-30,2026-09-28,30,2.2743,2.7539,0.7069,1.1925
KL_059,KL,Thrissur,GFS ENSEMBLE,rainfall_mm,24,2026-08-30,2026-09-28,30,1.2394,2.2837,0.9796,-0.5021
KL_059,KL,Thrissur,GFS ENSEMBLE,temperature_c,24,2026-08-30,2026-09-28,30,0.6281,0.7977,0.7267,0.1536
KL_059,KL,Thrissur,GFS ENSEMBLE,wind_speed_kmh,24,2026-08-30,2026-09-28,30,1.1552,1.436,0.8736,0.2768
KL_059,KL,Thrissur,AIFS,rainfall_mm,24,2026-08-30,2026-09-28,30,0.8715,1.7243,0.9894,0.3705
KL_059,KL,Thrissur,AIFS,temperature_c,24,2026-08-30,2026-09-28,30,0.7687,0.8968,0.7862,0.0179
KL_059,KL,Thrissur,AIFS,wind_speed_kmh,24,2026-08-30,2026-09-28,30,0.9658,1.224,0.9324,-0.0105
KL_059,KL,Thrissur,IFS,rainfall_mm,24,2026-08-30,2026-09-28,30,0.615,0.9511,0.9962,0.1629
KL_059,KL,Thrissur,IFS,temperature_c,24,2026-08-30,2026-09-28,30,0.6155,0.8048,0.8151,-0.2731
KL_059,KL,Thrissur,IFS,wind_speed_kmh,24,2026-08-30,2026-09-28,30,1.1107,1.4528,0.8863,-0.2358
KL_059,KL,Thrissur,NCEP GFS,rainfall_mm,48,2026-08-30,2026-09-28,30,2.0603,3.772,0.9332,-0.2755
KL_059,KL,Thrissur,NCEP GFS,temperature_c,48,2026-08-30,2026-09-28,30,0.948,1.1417,0.5792,0.2489
KL_059,KL,Thrissur,NCEP GFS,wind_speed_kmh,48,2026-08-30,2026-09-28,30,2.1993,2.8623,0.7511,0.9768
KL_059,KL,Thrissur,GFS ENSEMBLE,rainfall_mm,48,2026-08-30,2026-09-28,30,1.5645,4.157,0.9334,-0.9661
KL_059,KL,Thrissur,GFS ENSEMBLE,temperature_c,48,2026-08-30,2026-09-28,30,0.9382,1.1124,0.8021,-0.1081
KL_059,KL,Thrissur,GFS ENSEMBLE,wind_speed_kmh,48,2026-08-30,2026-09-28,30,1.6887,2.1308,0.7957,0.0298
KL_059,KL,Thrissur,AIFS,rainfall_mm,48,2026-08-30,2026-09-28,30,2.0646,5.4457,0.8626,-1.0788
KL_059,KL,Thrissur,AIFS,temperature_c,48,2026-08-30,2026-09-28,30,0.7809,0.9993,0.7023,-0.2254
KL_059,KL,Thrissur,AIFS,wind_speed_kmh,48,2026-08-30,2026-09-28,30,1.0526,1.2887,0.9043,-0.1115
KL_059,KL,Thrissur,IFS,rainfall_mm,48,2026-08-30,2026-09-28,30,1.2573,2.5015,0.9764,0.4692
KL_059,KL,Thrissur,IFS,temperature_c,48,2026-08-30,2026-09-28,30,0.9427,1.1808,0.685,-0.0051
KL_059,KL,Thrissur,IFS,wind_speed_kmh,48,2026-08-30,2026-09-28,30,1.4709,1.8827,0.8597,0.1738
KL_059,KL,Thrissur,NCEP GFS,rainfall_mm,72,2026-08-30,2026-09-28,30,2.4528,4.224,0.9344,0.7055
KL_059,KL,Thrissur,NCEP GFS,temperature_c,72,2026-08-30,2026-09-28,30,1.5267,1.7577,0.5375,0.8773
KL_059,KL,Thrissur,NCEP GFS,wind_speed_kmh,72,2026-08-30,2026-09-28,30,2.287,2.9309,0.6686,0.5778
KL_059,KL,Thrissur,GFS ENSEMBLE,rainfall_mm,72,2026-08-30,2026-09-28,30,1.8893,4.4913,0.9085,-0.9088
KL_059,KL,Thrissur,GFS ENSEMBLE,temperature_c,72,2026-08-30,2026-09-28,30,0.8735,1.2116,0.5494,-0.0471
KL_059,KL,Thrissur,GFS ENSEMBLE,wind_speed_kmh,72,2026-08-30,2026-09-28,30,2.0972,2.4816,0.8453,0.2522
KL_059,KL,Thrissur,AIFS,rainfall_mm,72,2026-08-30,2026-09-28,30,2.2822,4.6716,0.9004,-0.9791
KL_059,KL,Thrissur,AIFS,temperature_c,72,2026-08-30,2026-09-28,30,0.9513,1.1901,0.7783,0.2659
KL_059,KL,Thrissur,AIFS,wind_speed_kmh,72,2026-08-30,2026-09-28,30,1.1044,1.3495,0.9162,0.0442
KL_059,KL,Thrissur,IFS,rainfall_mm,72,2026-08-30,2026-09-28,30,2.1313,3.9819,0.931,0.3375
KL_059,KL,Thrissur,IFS,temperature_c,72,2026-08-30,2026-09-28,30,0.9128,1.1568,0.5633,0.0013
KL_059,KL,Thrissur,IFS,wind_speed_kmh,72,2026-08-30,2026-09-28,30,1.6629,1.9481,0.8434,0.2932
KL_060,KL,Kollam,NCEP GFS,rainfall_mm,24,2026-08-30,2026-09-28,30,2.7398,6.4871,0.9842,-1.5318
KL_060,KL,Kollam,NCEP GFS,temperature_c,24,2026-08-30,2026-09-28,30,0.9004,1.1962,0.5996,0.2768
KL_060,KL,Kollam,NCEP GFS,wind_speed_kmh,24,2026-08-30,2026-09-28,30,1.9208,2.444,0.8214,0.3876
KL_060,KL,Kollam,GFS ENSEMBLE,rainfall_mm,24,2026-08-30,2026-09-28,30,2.4643,6.8544,0.9584,-0.9105
KL_060,KL,Kollam,GFS ENSEMBLE,temperature_c,24,2026-08-30,2026-09-28,30,0.7755,0.9536,0.8069,-0.0622
KL_060,KL,Kollam,GFS ENSEMBLE,wind_speed_kmh,24,2026-08-30,2026-09-28,30,1.569,1.909,0.8819,0.3746
KL_060,KL,Kollam,AIFS,rainfall_mm,24,2026-08-30,2026-09-28,30,1.2206,2.2865,0.9971,-0.0338
KL_060,KL,Kollam,AIFS,temperature_c,24,2026-08-30,2026-09-28,30,0.5648,0.7507,0.8444,-0.2746
KL_060,KL,Kollam,AIFS,wind_speed_kmh,24,2026-08-30,2026-09-28,30,1.1514,1.4044,0.9151,0.4886
KL_060,KL,Kollam,IFS,rainfall_mm,24,2026-08-30,2026-09-28,30,2.1809,5.4337,0.9934,1.1059
KL_060,KL,Kollam,IFS,temperature_c,24,2026-08-30,2026-09-28,30,0.6702,0.7919,0.6921,-0.1856
KL_060,KL,Kollam,IFS,wind_speed_kmh,24,2026-08-30,2026-09-28,30,1.1334,1.4063,0.9205,0.0706
KL_060,KL,Kollam,NCEP GFS,rainfall_mm,48,2026-08-30,2026-09-28,30,3.448,6.3424,0.9842,-2.2771
KL_060,KL,Kollam,NCEP GFS,temperature_c,48,2026-08-30,2026-09-28,30,1.2877,1.6145,0.3818,0.8011
KL_060,KL,Kollam,NCEP GFS,wind_speed_kmh,48,2026-08-30,2026-09-28,30,2.1196,2.6241,0.7378,-0.0954
KL_060,KL,Kollam,GFS ENSEMBLE,rainfall_mm,48,2026-08-30,2026-09-28,30,4.0361,10.4776,0.9155,-2.8978
KL_060,KL,Kollam,GFS ENSEMBLE,temperature_c,48,2026-08-30,2026-09-28,30,1.0219,1.2495,0.5711,0.1758
KL_060,KL,Kollam,GFS ENSEMBLE,wind_speed_kmh,48,2026-08-30,2026-09-28,30,1.4959,1.7589,0.8717,0.5769
KL_060,KL,Kollam,AIFS,rainfall_mm,48,2026-08-30,2026-09-28,30,2.0439,4.2545,0.9842,0.4549
KL_060,KL,Kollam,AIFS,temperature_c,48,2026-08-30,2026-09-28,30,0.8399,1.0543,0.486,-0.1749
KL_060,KL,Kollam,AIFS,wind_speed_kmh,48,2026-08-30,2026-09-28,30,1.7594,2.1771,0.8075,0.0943
KL_060,KL,Kollam,IFS,rainfall_mm,48,2026-08-30,2026-09-28,30,1.5109,2.5258,0.9947,0.1119
KL_060,KL,Kollam,IFS,temperature_c,48,2026-08-30,2026-09-28,30,0.8996,1.0965,0.714,0.0518
KL_060,KL,Kollam,IFS,wind_speed_kmh,48,2026-08-30,2026-09-28,30,1.3904,1.8926,0.841,0.1549
KL_060,KL,Kollam,NCEP GFS,rainfall_mm,72,2026-08-30,2026-09-28,30,6.1262,16.4127,0.7355,-2.6638
KL_060,KL,Kollam,NCEP GFS,temperature_c,72,2026-08-30,2026-09-28,30,1.1455,1.4569,0.7023,0.4354
KL_060,KL,Kollam,NCEP GFS,wind_speed_kmh,72,2026-08-30,2026-09-28,30,2.6164,3.2978,0.5801,0.9256
KL_060,KL,Kollam,GFS ENSEMBLE,rainfall_mm,72,2026-08-30,2026-09-28,30,2.7724,4.8347,0.9941,-2.2671
KL_060,KL,Kollam,GFS ENSEMBLE,temperature_c,72,2026-08-30,2026-09-28,30,0.8768,1.1842,0.592,-0.1389
KL_060,KL,Kollam,GFS ENSEMBLE,wind_speed_kmh,72,2026-08-30,2026-09-28,30,2.0005,2.6796,0.7729,0.4169
KL_060,KL,Kollam,AIFS,rainfall_mm,72,2026-08-30,2026-09-28,30,3.6876,8.2329,0.9415,-0.0815
KL_060,KL,Kollam,AIFS,temperature_c,72,2026-08-30,2026-09-28,30,0.8816,1.0438,0.7087,0.3134
KL_060,KL,Kollam,AIFS,wind_speed_kmh,72,2026-08-30,2026-09-28,30,1.5884,1.8871,0.8469,0.2413
KL_060,KL,Kollam,IFS,rainfall_mm,72,2026-08-30,2026-09-28,30,4.529,12.6515,0.9152,-3.2855
KL_060,KL,Kollam,IFS,temperature_c,72,2026-08-30,2026-09-28,30,0.9148,1.1869,0.6675,-0.0189
KL_060,KL,Kollam,IFS,wind_speed_kmh,72,2026-08-30,2026-09-28,30,1.8655,2.2454,0.7835,-0.1197
MP_061,MP,Bhopal,NCEP GFS,rainfall_mm,24,2026-08-30,2026-09-28,30,1.1404,3.3301,0.9689,0.1827
MP_061,MP,Bhopal,NCEP GFS,temperature_c,24,2026-08-30,2026-09-28,30,0.8815,1.0251,0.774,0.2887
MP_061,MP,Bhopal,NCEP GFS,wind_speed_kmh,24,2026-08-30,2026-09-28,30,1.8478,2.3618,0.8075,0.9158
MP_061,MP,Bhopal,GFS ENSEMBLE,rainfall_mm,24,2026-08-30,2026-09-28,30,0.6443,1.3351,0.9921,-0.0346
MP_061,MP,Bhopal,GFS ENSEMBLE,temperature_c,24,2026-08-30,2026-09-28,30,0.8343,0.9887,0.8405,0.3004
MP_061,MP,Bhopal,GFS ENSEMBLE,wind_speed_kmh,24,2026-08-30,2026-09-28,30,1.5361,1.9172,0.8658,0.2758
MP_061,MP,Bhopal,AIFS,rainfall_mm,24,2026-08-30,2026-09-28,30,0.7965,2.1022,0.9968,0.5274
MP_061,MP,Bhopal,AIFS,temperature_c,24,2026-08-30,2026-09-28,30,0.5926,0.6731,0.9064,-0.0226
MP_061,MP,Bhopal,AIFS,wind_speed_kmh,24,2026-08-30,2026-09-28,30,0.9502,1.273,0.9197,-0.0396
MP_061,MP,Bhopal,IFS,rainfall_mm,24,2026-08-30,2026-09-28,30,1.2362,3.197,0.9772,0.652
MP_061,MP,Bhopal,IFS,temperature_c,24,2026-08-30,2026-09-28,30,0.633,0.7856,0.8174,-0.0803
MP_061,MP,Bhopal,IFS,wind_speed_kmh,24,2026-08-30,2026-09-28,30,1.3018,1.5478,0.8792,-0.1432
MP_061,MP,Bhopal,NCEP GFS,rainfall_mm,48,2026-08-30,2026-09-28,30,1.3394,3.0328,0.977,-0.4506
MP_061,MP,Bhopal,NCEP GFS,temperature_c,48,2026-08-30,2026-09-28,30,1.6373,1.8884,0.6111,1.1054
MP_061,MP,Bhopal,NCEP GFS,wind_speed_kmh,48,2026-08-30,2026-09-28,30,1.9135,2.4726,0.7253,0.3564
MP_061,MP,Bhopal,GFS ENSEMBLE,rainfall_mm,48,2026-08-30,2026-09-28,30,1.1431,2.6137,0.9725,-0.6786
MP_061,MP,Bhopal,GFS ENSEMBLE,temperature_c,48,2026-08-30,2026-09-28,30,0.9814,1.1684,0.8956,0.3251
MP_061,MP,Bhopal,GFS ENSEMBLE,wind_speed_kmh,48,2026-08-30,2026-09-28,30,1.7533,2.3114,0.8407,1.0311
MP_061,MP,Bhopal,AIFS,rainfall_mm,48,2026-08-30,2026-09-28,30,1.6001,4.3191,0.9871,1.4854
MP_061,MP,Bhopal,AIFS,temperature_c,48,2026-08-30,2026-09-28,30,0.743,0.8978,0.8456,-0.0313
MP_061,MP,Bhopal,AIFS,wind_speed_kmh,48,2026-08-30,2026-09-28,30,1.9835,2.5547,0.7736,0.1978
MP_061,MP,Bhopal,IFS,rainfall_mm,48,2026-08-30,2026-09-28,30,1.0898,3.0669,0.9583,-0.2826
MP_061,MP,Bhopal,IFS,temperature_c,48,2026-08-30,2026-09-28,30,0.6818,0.9317,0.844,0.3111
MP_061,MP,Bhopal,IFS,wind_speed_kmh,48,2026-08-30,2026-09-28,30,1.6253,2.0181,0.8421,0.2554
MP_061,MP,Bhopal,NCEP GFS,rainfall_mm,72,2026-08-30,2026-09-28,30,2.2973,6.6195,0.8124,-0.4866
MP_061,MP,Bhopal,NCEP GFS,temperature_c,72,2026-08-30,2026-09-28,30,1.2589,1.5278,0.7196,0.5261
MP_061,MP,Bhopal,NCEP GFS,wind_speed_kmh,72,2026-08-30,2026-09-28,30,2.7389,3.2524,0.6336,1.4314
MP_061,MP,Bhopal,GFS ENSEMBLE,rainfall_mm,72,2026-08-30,2026-09-28,30,1.636,3.7958,0.9801,-1.1186
MP_061,MP,Bhopal,GFS ENSEMBLE,temperature_c,72,2026-08-30,2026-09-28,30,0.9583,1.1529,0.8101,-0.0263
MP_061,MP,Bhopal,GFS ENSEMBLE,wind_speed_kmh,72,2026-08-30,2026-09-28,30,2.3547,2.7434,0.713,0.9934
MP_061,MP,Bhopal,AIFS,rainfall_mm,72,2026-08-30,2026-09-28,30,1.7202,3.7435,0.9727,-0.999
MP_061,MP,Bhopal,AIFS,temperature_c,72,2026-08-30,2026-09-28,30,1.0284,1.1976,0.7208,-0.1606
MP_061,MP,Bhopal,AIFS,wind_speed_kmh,72,2026-08-30,2026-09-28,30,1.7927,2.2129,0.846,-0.0109
MP_061,MP,Bhopal,IFS,rainfall_mm,72,2026-08-30,2026-09-28,30,0.9631,1.6893,0.9874,-0.0436
MP_061,MP,Bhopal,IFS,temperature_c,72,2026-08-30,2026-09-28,30,0.756,0.9087,0.8538,0.0857
MP_061,MP,Bhopal,IFS,wind_speed_kmh,72,2026-08-30,2026-09-28,30,1.991,2.4551,0.8144,0.7278
MP_062,MP,Indore,NCEP GFS,rainfall_mm,24,2026-08-30,2026-09-28,30,0.6235,1.1016,0.9598,-0.3014
MP_062,MP,Indore,NCEP GFS,temperature_c,24,2026-08-30,2026-09-28,30,1.069,1.2674,0.7818,0.6709
MP_062,MP,Indore,NCEP GFS,wind_speed_kmh,24,2026-08-30,2026-09-28,30,2.0078,2.4462,0.7667,1.1625
MP_062,MP,Indore,GFS ENSEMBLE,rainfall_mm,24,2026-08-30,2026-09-28,30,0.5562,1.0361,0.9674,-0.3141
MP_062,MP,Indore,GFS ENSEMBLE,temperature_c,24,2026-08-30,2026-09-28,30,0.6451,0.8558,0.8286,-0.0501
MP_062,MP,Indore,GFS ENSEMBLE,wind_speed_kmh,24,2026-08-30,2026-09-28,30,1.0933,1.4431,0.8865,0.3215
MP_062,MP,Indore,AIFS,rainfall_mm,24,2026-08-30,2026-09-28,30,0.5132,0.8636,0.9743,0.1523
MP_062,MP,Indore,AIFS,temperature_c,24,2026-08-30,2026-09-28,30,0.5952,0.749,0.8399,-0.0561
MP_062,MP,Indore,AIFS,wind_speed_kmh,24,2026-08-30,2026-09-28,30,1.2238,1.6517,0.8481,0.2452
MP_062,MP,Indore,IFS,rainfall_mm,24,2026-08-30,2026-09-28,30,0.6162,1.0229,0.9715,0.0953
MP_062,MP,Indore,IFS,temperature_c,24,2026-08-30,2026-09-28,30,0.5073,0.7106,0.8754,-0.0024
MP_062,MP,Indore,IFS,wind_speed_kmh,24,2026-08-30,2026-09-28,30,1.596,1.8906,0.7922,-0.3225
MP_062,MP,Indore,NCEP GFS,rainfall_mm,48,2026-08-30,2026-09-28,30,0.6534,1.3428,0.9406,0.0856
MP_062,MP,Indore,NCEP GFS,temperature_c,48,2026-08-30,2026-09-28,30,1.1924,1.5978,0.6725,-0.0861
MP_062,MP,Indore,NCEP GFS,wind_speed_kmh,48,2026-08-30,2026-09-28,30,2.0344,2.4455,0.7618,0.3102
MP_062,MP,Indore,GFS ENSEMBLE,rainfall_mm,48,2026-08-30,2026-09-28,30,1.0072,1.7918,0.8813,-0.1801
MP_062,MP,Indore,GFS ENSEMBLE,temperature_c,48,2026-08-30,2026-09-28,30,0.8528,1.052,0.8083,0.6082
MP_062,MP,Indore,GFS ENSEMBLE,wind_speed_kmh,48,2026-08-30,2026-09-28,30,2.0442,2.5049,0.6901,0.1745
MP_062,MP,Indore,AIFS,rainfall_mm,48,2026-08-30,2026-09-28,30,0.5123,0.9255,0.9696,-0.0427
MP_062,MP,Indore,AIFS,temperature_c,48,2026-08-30,2026-09-28,30,0.6759,0.7945,0.8012,0.0882
MP_062,MP,Indore,AIFS,wind_speed_kmh,48,2026-08-30,2026-09-28,30,1.7414,2.0319,0.8118,-0.6988
MP_062,MP,Indore,IFS,rainfall_mm,48,2026-08-30,2026-09-28,30,0.7035,1.2776,0.9479,0.2899
MP_062,MP,Indore,IFS,temperature_c,48,2026-08-30,2026-09-28,30,0.8781,1.0978,0.8159,0.0859
MP_062,MP,Indore,IFS,wind_speed_kmh,48,2026-08-30,2026-09-28,30,1.9482,2.3903,0.7825,1.3819
MP_062,MP,Indore,NCEP GFS,rainfall_mm,72,2026-08-30,2026-09-28,30,0.995,1.8168,0.8772,-0.1384
MP_062,MP,Indore,NCEP GFS,temperature_c,72,2026-08-30,2026-09-28,30,1.4226,1.7331,0.5178,0.2499
MP_062,MP,Indore,NCEP GFS,wind_speed_kmh,72,2026-08-30,2026-09-28,30,2.1833,2.6465,0.8759,0.0682
MP_062,MP,Indore,GFS ENSEMBLE,rainfall_mm,72,2026-08-30,2026-09-28,30,0.904,1.538,0.9161,-0.1111
MP_062,MP,Indore,GFS ENSEMBLE,temperature_c,72,2026-08-30,2026-09-28,30,0.9728,1.2234,0.7028,0.3776
MP_062,MP,Indore,GFS ENSEMBLE,wind_speed_kmh,72,2026-08-30,2026-09-28,30,2.0622,2.565,0.6176,0.3682
MP_062,MP,Indore,AIFS,rainfall_mm,72,2026-08-30,2026-09-28,30,0.6272,1.1228,0.9569,-0.1767
MP_062,MP,Indore,AIFS,temperature_c,72,2026-08-30,2026-09-28,30,0.9042,1.0869,0.7692,-0.1204
MP_062,MP,Indore,AIFS,wind_speed_kmh,72,2026-08-30,2026-09-28,30,2.012,2.3815,0.7059,-0.4248
MP_062,MP,Indore,IFS,rainfall_mm,72,2026-08-30,2026-09-28,30,1.079,1.9442,0.8779,0.4293
MP_062,MP,Indore,IFS,temperature_c,72,2026-08-30,2026-09-28,30,1.1151,1.3884,0.7235,-0.1524
MP_062,MP,Indore,IFS,wind_speed_kmh,72,2026-08-30,2026-09-28,30,1.7457,2.1238,0.7716,0.4022
MP_063,MP,Gwalior,NCEP GFS,rainfall_mm,24,2026-08-30,2026-09-28,30,1.4698,2.7778,0.9567,-0.2088
MP_063,MP,Gwalior,NCEP GFS,temperature_c,24,2026-08-30,2026-09-28,30,1.0282,1.232,0.6742,0.4692
MP_063,MP,Gwalior,NCEP GFS,wind_speed_kmh,24,2026-08-30,2026-09-28,30,1.8891,2.3352,0.8028,-0.1073
MP_063,MP,Gwalior,GFS ENSEMBLE,rainfall_mm,24,2026-08-30,2026-09-28,30,1.1383,2.4303,0.9875,-0.9144
MP_063,MP,Gwalior,GFS ENSEMBLE,temperature_c,24,2026-08-30,2026-09-28,30,0.7397,0.8667,0.8031,-0.0455
MP_063,MP,Gwalior,GFS ENSEMBLE,wind_speed_kmh,24,2026-08-30,2026-09-28,30,1.3353,1.7757,0.8725,-0.0087
MP_063,MP,Gwalior,AIFS,rainfall_mm,24,2026-08-30,2026-09-28,30,0.9031,1.6101,0.9902,0.3209
MP_063,MP,Gwalior,AIFS,temperature_c,24,2026-08-30,2026-09-28,30,0.4955,0.6852,0.8133,0.0285
MP_063,MP,Gwalior,AIFS,wind_speed_kmh,24,2026-08-30,2026-09-28,30,1.5499,1.8983,0.8571,-0.0717
MP_063,MP,Gwalior,IFS,rainfall_mm,24,2026-08-30,2026-09-28,30,0.8316,1.6671,0.9833,-0.0571
MP_063,MP,Gwalior,IFS,temperature_c,24,2026-08-30,2026-09-28,30,0.5321,0.7399,0.8517,0.2198
MP_063,MP,Gwalior,IFS,wind_speed_kmh,24,2026-08-30,2026-09-28,30,0.995,1.3061,0.9232,0.2393
MP_063,MP,Gwalior,NCEP GFS,rainfall_mm,48,2026-08-30,2026-09-28,30,1.7225,2.8205,0.9526,-0.2821
MP_063,MP,Gwalior,NCEP GFS,temperature_c,48,2026-08-30,2026-09-28,30,1.2824,1.5498,0.53,0.3525
MP_063,MP,Gwalior,NCEP GFS,wind_speed_kmh,48,2026-08-30,2026-09-28,30,2.2204,2.7731,0.7266,-0.8813
MP_063,MP,Gwalior,GFS ENSEMBLE,rainfall_mm,48,2026-08-30,2026-09-28,30,0.9619,2.1319,0.9792,-0.5831
MP_063,MP,Gwalior,GFS ENSEMBLE,temperature_c,48,2026-08-30,2026-09-28,30,0.8889,1.1496,0.6481,-0.0755
MP_063,MP,Gwalior,GFS ENSEMBLE,wind_speed_kmh,48,2026-08-30,2026-09-28,30,1.9992,2.3742,0.8693,0.8193
MP_063,MP,Gwalior,AIFS,rainfall_mm,48,2026-08-30,2026-09-28,30,1.8101,3.7924,0.9194,0.2336
MP_063,MP,Gwalior,AIFS,temperature_c,48,2026-08-30,2026-09-28,30,0.7189,0.8778,0.6962,0.1478
MP_063,MP,Gwalior,AIFS,wind_speed_kmh,48,2026-08-30,2026-09-28,30,1.7855,2.294,0.8007,0.847
MP_063,MP,Gwalior,IFS,rainfall_mm,48,2026-08-30,2026-09-28,30,1.2692,2.7304,0.9647,-0.5934
MP_063,MP,Gwalior,IFS,temperature_c,48,2026-08-30,2026-09-28,30,0.9141,1.0279,0.7777,0.1472
MP_063,MP,Gwalior,IFS,wind_speed_kmh,48,2026-08-30,2026-09-28,30,2.0582,2.3652,0.7774,-0.0517
MP_063,MP,Gwalior,NCEP GFS,rainfall_mm,72,2026-08-30,2026-09-28,30,3.446,6.4908,0.7324,-0.6641
MP_063,MP,Gwalior,NCEP GFS,temperature_c,72,2026-08-30,2026-09-28,30,1.5163,1.7265,0.5558,0.4208
MP_063,MP,Gwalior,NCEP GFS,wind_speed_kmh,72,2026-08-30,2026-09-28,30,2.786,3.4144,0.6381,1.353
MP_063,MP,Gwalior,GFS ENSEMBLE,rainfall_mm,72,2026-08-30,2026-09-28,30,2.1417,4.72,0.8674,-0.9371
MP_063,MP,Gwalior,GFS ENSEMBLE,temperature_c,72,2026-08-30,2026-09-28,30,1.0467,1.4645,0.553,0.6182
MP_063,MP,Gwalior,GFS ENSEMBLE,wind_speed_kmh,72,2026-08-30,2026-09-28,30,1.7105,2.2174,0.8468,-0.0497
MP_063,MP,Gwalior,AIFS,rainfall_mm,72,2026-08-30,2026-09-28,30,1.8985,3.526,0.9563,1.1099
MP_063,MP,Gwalior,AIFS,temperature_c,72,2026-08-30,2026-09-28,30,0.992,1.2426,0.7649,-0.1445
MP_063,MP,Gwalior,AIFS,wind_speed_kmh,72,2026-08-30,2026-09-28,30,1.828,2.2972,0.7905,0.795
MP_063,MP,Gwalior,IFS,rainfall_mm,72,2026-08-30,2026-09-28,30,1.6221,3.0166,0.9457,-0.2424
MP_063,MP,Gwalior,IFS,temperature_c,72,2026-08-30,2026-09-28,30,0.9207,1.193,0.781,0.2215
MP_063,MP,Gwalior,IFS,wind_speed_kmh,72,2026-08-30,2026-09-28,30,1.953,2.2642,0.7548,0.302
MP_064,MP,Jabalpur,NCEP GFS,rainfall_mm,24,2026-08-30,2026-09-28,30,0.7669,1.6467,0.9573,0.364
MP_064,MP,Jabalpur,NCEP GFS,temperature_c,24,2026-08-30,2026-09-28,30,0.893,1.2323,0.7159,0.0511
MP_064,MP,Jabalpur,NCEP GFS,wind_speed_kmh,24,2026-08-30,2026-09-28,30,2.1895,2.6701,0.5958,0.0103
MP_064,MP,Jabalpur,GFS ENSEMBLE,rainfall_mm,24,2026-08-30,2026-09-28,30,0.6309,1.4129,0.9755,-0.1527
MP_064,MP,Jabalpur,GFS ENSEMBLE,temperature_c,24,2026-08-30,2026-09-28,30,0.7535,0.8628,0.7824,-0.0142
MP_064,MP,Jabalpur,GFS ENSEMBLE,wind_speed_kmh,24,2026-08-30,2026-09-28,30,1.4961,1.8508,0.7896,-0.2097
MP_064,MP,Jabalpur,AIFS,rainfall_mm,24,2026-08-30,2026-09-28,30,0.5514,1.2568,0.9776,0.1273
MP_064,MP,Jabalpur,AIFS,temperature_c,24,2026-08-30,2026-09-28,30,0.6816,0.7842,0.8511,-0.3542
MP_064,MP,Jabalpur,AIFS,wind_speed_kmh,24,2026-08-30,2026-09-28,30,1.2841,1.5933,0.8291,0.2836
MP_064,MP,Jabalpur,IFS,rainfall_mm,24,2026-08-30,2026-09-28,30,0.7879,1.484,0.9638,0.032
MP_064,MP,Jabalpur,IFS,temperature_c,24,2026-08-30,2026-09-28,30,0.7307,0.8633,0.7863,-0.0645
MP_064,MP,Jabalpur,IFS,wind_speed_kmh,24,2026-08-30,2026-09-28,30,1.2134,1.4272,0.876,0.5593
MP_064,MP,Jabalpur,NCEP GFS,rainfall_mm,48,2026-08-30,2026-09-28,30,0.9201,1.8129,0.9698,0.1946
MP_064,MP,Jabalpur,NCEP GFS,temperature_c,48,2026-08-30,2026-09-28,30,1.4461,1.8396,0.4627,0.3418
MP_064,MP,Jabalpur,NCEP GFS,wind_speed_kmh,48,2026-08-30,2026-09-28,30,2.3812,3.0194,0.4779,0.806
MP_064,MP,Jabalpur,GFS ENSEMBLE,rainfall_mm,48,2026-08-30,2026-09-28,30,0.4898,1.0088,0.9888,-0.174
MP_064,MP,Jabalpur,GFS ENSEMBLE,temperature_c,48,2026-08-30,2026-09-28,30,0.9615,1.2011,0.4577,0.1685
MP_064,MP,Jabalpur,GFS ENSEMBLE,wind_speed_kmh,48,2026-08-30,2026-09-28,30,1.6453,1.9015,0.8206,0.0816
MP_064,MP,Jabalpur,AIFS,rainfall_mm,48,2026-08-30,2026-09-28,30,0.646,1.2143,0.9807,0.3716
MP_064,MP,Jabalpur,AIFS,temperature_c,48,2026-08-30,2026-09-28,30,0.8473,1.042,0.7383,-0.3229
MP_064,MP,Jabalpur,AIFS,wind_speed_kmh,48,2026-08-30,2026-09-28,30,1.3774,1.8042,0.7717,-0.307
MP_064,MP,Jabalpur,IFS,rainfall_mm,48,2026-08-30,2026-09-28,30,0.6176,1.7013,0.9856,0.373
MP_064,MP,Jabalpur,IFS,temperature_c,48,2026-08-30,2026-09-28,30,0.8444,1.0195,0.7762,0.2355
MP_064,MP,Jabalpur,IFS,wind_speed_kmh,48,2026-08-30,2026-09-28,30,1.571,1.8923,0.7821,-0.0547
MP_064,MP,Jabalpur,NCEP GFS,rainfall_mm,72,2026-08-30,2026-09-28,30,0.707,1.4609,0.965,-0.0057
MP_064,MP,Jabalpur,NCEP GFS,temperature_c,72,2026-08-30,2026-09-28,30,1.4406,1.8972,0.627,0.9781
MP_064,MP,Jabalpur,NCEP GFS,wind_speed_kmh,72,2026-08-30,2026-09-28,30,2.6224,3.4805,0.5459,0.5796
MP_064,MP,Jabalpur,GFS ENSEMBLE,rainfall_mm,72,2026-08-30,2026-09-28,30,0.5134,0.9081,0.9906,-0.445
MP_064,MP,Jabalpur,GFS ENSEMBLE,temperature_c,72,2026-08-30,2026-09-28,30,1.1718,1.4281,0.5384,0.3071
MP_064,MP,Jabalpur,GFS ENSEMBLE,wind_speed_kmh,72,2026-08-30,2026-09-28,30,2.041,2.3983,0.7692,-0.0624
MP_064,MP,Jabalpur,AIFS,rainfall_mm,72,2026-08-30,2026-09-28,30,0.8373,1.498,0.9635,0.0853
MP_064,MP,Jabalpur,AIFS,temperature_c,72,2026-08-30,2026-09-28,30,0.9059,1.0442,0.7433,-0.0232
MP_064,MP,Jabalpur,AIFS,wind_speed_kmh,72,2026-08-30,2026-09-28,30,1.9096,2.218,0.7677,0.5256
MP_064,MP,Jabalpur,IFS,rainfall_mm,72,2026-08-30,2026-09-28,30,0.9561,1.8539,0.9665,0.3996
MP_064,MP,Jabalpur,IFS,temperature_c,72,2026-08-30,2026-09-28,30,0.8625,1.0732,0.7416,0.2758
MP_064,MP,Jabalpur,IFS,wind_speed_kmh,72,2026-08-30,2026-09-28,30,2.0137,2.3203,0.7536,-0.1457
MP_065,MP,Ujjain,NCEP GFS,rainfall_mm,24,2026-08-30,2026-09-28,30,0.6914,1.3442,0.9658,0.1405
MP_065,MP,Ujjain,NCEP GFS,temperature_c,24,2026-08-30,2026-09-28,30,1.021,1.2421,0.6151,-0.3493
MP_065,MP,Ujjain,NCEP GFS,wind_speed_kmh,24,2026-08-30,2026-09-28,30,1.5754,1.9819,0.8375,0.7314
MP_065,MP,Ujjain,GFS ENSEMBLE,rainfall_mm,24,2026-08-30,2026-09-28,30,0.5733,1.0387,0.9798,-0.2078
MP_065,MP,Ujjain,GFS ENSEMBLE,temperature_c,24,2026-08-30,2026-09-28,30,0.8251,1.0187,0.6126,0.322
MP_065,MP,Ujjain,GFS ENSEMBLE,wind_speed_kmh,24,2026-08-30,2026-09-28,30,1.435,1.7651,0.9008,0.1691
MP_065,MP,Ujjain,AIFS,rainfall_mm,24,2026-08-30,2026-09-28,30,0.5858,1.217,0.9727,0.2509
MP_065,MP,Ujjain,AIFS,temperature_c,24,2026-08-30,2026-09-28,30,0.4751,0.5884,0.8457,-0.1
MP_065,MP,Ujjain,AIFS,wind_speed_kmh,24,2026-08-30,2026-09-28,30,1.3484,1.6101,0.9043,-0.3196
MP_065,MP,Ujjain,IFS,rainfall_mm,24,2026-08-30,2026-09-28,30,0.6155,1.1709,0.9738,0.0449
MP_065,MP,Ujjain,IFS,temperature_c,24,2026-08-30,2026-09-28,30,0.6275,0.7449,0.8107,0.0717
MP_065,MP,Ujjain,IFS,wind_speed_kmh,24,2026-08-30,2026-09-28,30,1.2379,1.5477,0.9172,-0.5373
MP_065,MP,Ujjain,NCEP GFS,rainfall_mm,48,2026-08-30,2026-09-28,30,0.7388,1.7767,0.962,-0.5851
MP_065,MP,Ujjain,NCEP GFS,temperature_c,48,2026-08-30,2026-09-28,30,1.012,1.4004,0.6688,-0.0556
MP_065,MP,Ujjain,NCEP GFS,wind_speed_kmh,48,2026-08-30,2026-09-28,30,2.4146,2.7296,0.7686,0.9614
MP_065,MP,Ujjain,GFS ENSEMBLE,rainfall_mm,48,2026-08-30,2026-09-28,30,0.8577,1.9055,0.9284,-0.2375
MP_065,MP,Ujjain,GFS ENSEMBLE,temperature_c,48,2026-08-30,2026-09-28,30,0.9069,1.1732,0.6431,0.1607
MP_065,MP,Ujjain,GFS ENSEMBLE,wind_speed_kmh,48,2026-08-30,2026-09-28,30,1.6999,2.0514,0.8594,0.5927
MP_065,MP,Ujjain,AIFS,rainfall_mm,48,2026-08-30,2026-09-28,30,0.7615,1.3564,0.9779,0.4802
MP_065,MP,Ujjain,AIFS,temperature_c,48,2026-08-30,2026-09-28,30,0.8768,1.1434,0.4781,0.04
MP_065,MP,Ujjain,AIFS,wind_speed_kmh,48,2026-08-30,2026-09-28,30,1.5992,1.9548,0.8195,-0.3839
MP_065,MP,Ujjain,IFS,rainfall_mm,48,2026-08-30,2026-09-28,30,0.6496,1.5958,0.9542,-0.3151
MP_065,MP,Ujjain,IFS,temperature_c,48,2026-08-30,2026-09-28,30,0.7776,0.92,0.6342,0.0917
MP_065,MP,Ujjain,IFS,wind_speed_kmh,48,2026-08-30,2026-09-28,30,1.6048,2.054,0.8503,-0.1096
MP_065,MP,Ujjain,NCEP GFS,rainfall_mm,72,2026-08-30,2026-09-28,30,0.9235,1.7121,0.9712,0.5989
MP_065,MP,Ujjain,NCEP GFS,temperature_c,72,2026-08-30,2026-09-28,30,1.7845,2.1841,0.3517,0.39
MP_065,MP,Ujjain,NCEP GFS,wind_speed_kmh,72,2026-08-30,2026-09-28,30,2.2916,3.0881,0.7924,1.5781
MP_065,MP,Ujjain,GFS ENSEMBLE,rainfall_mm,72,2026-08-30,2026-09-28,30,0.9051,1.8495,0.9434,-0.3755
MP_065,MP,Ujjain,GFS ENSEMBLE,temperature_c,72,2026-08-30,2026-09-28,30,0.9607,1.2141,0.6368,0.063
MP_065,MP,Ujjain,GFS ENSEMBLE,wind_speed_kmh,72,2026-08-30,2026-09-28,30,2.3994,2.8148,0.6656,0.8294
MP_065,MP,Ujjain,AIFS,rainfall_mm,72,2026-08-30,2026-09-28,30,0.7097,1.3666,0.9637,0.1062
MP_065,MP,Ujjain,AIFS,temperature_c,72,2026-08-30,2026-09-28,30,0.8301,1.0249,0.6376,0.06
MP_065,MP,Ujjain,AIFS,wind_speed_kmh,72,2026-08-30,2026-09-28,30,1.5189,1.9138,0.827,0.2641
MP_065,MP,Ujjain,IFS,rainfall_mm,72,2026-08-30,2026-09-28,30,0.8021,1.6859,0.9753,-0.6715
MP_065,MP,Ujjain,IFS,temperature_c,72,2026-08-30,2026-09-28,30,1.0892,1.3303,0.5873,-0.1096
MP_065,MP,Ujjain,IFS,wind_speed_kmh,72,2026-08-30,2026-09-28,30,1.8433,2.4577,0.796,-0.5273
MH_066,MH,Mumbai,NCEP GFS,rainfall_mm,24,2026-08-30,2026-09-28,30,1.4092,3.3843,0.9615,0.3306
MH_066,MH,Mumbai,NCEP GFS,temperature_c,24,2026-08-30,2026-09-28,30,0.8845,1.1779,0.5995,0.3135
MH_066,MH,Mumbai,NCEP GFS,wind_speed_kmh,24,2026-08-30,2026-09-28,30,1.3915,1.7163,0.9105,0.1241
MH_066,MH,Mumbai,GFS ENSEMBLE,rainfall_mm,24,2026-08-30,2026-09-28,30,1.4126,2.4907,0.9846,-1.1211
MH_066,MH,Mumbai,GFS ENSEMBLE,temperature_c,24,2026-08-30,2026-09-28,30,0.6403,0.847,0.7243,0.0519
MH_066,MH,Mumbai,GFS ENSEMBLE,wind_speed_kmh,24,2026-08-30,2026-09-28,30,1.224,1.5563,0.9206,0.1458
MH_066,MH,Mumbai,AIFS,rainfall_mm,24,2026-08-30,2026-09-28,30,0.8911,1.5634,0.9906,-0.1291
MH_066,MH,Mumbai,AIFS,temperature_c,24,2026-08-30,2026-09-28,30,0.7228,0.8481,0.7008,-0.0175
MH_066,MH,Mumbai,AIFS,wind_speed_kmh,24,2026-08-30,2026-09-28,30,1.5296,1.717,0.901,0.1788
MH_066,MH,Mumbai,IFS,rainfall_mm,24,2026-08-30,2026-09-28,30,1.4573,2.3658,0.9911,0.8079
MH_066,MH,Mumbai,IFS,temperature_c,24,2026-08-30,2026-09-28,30,0.7153,0.9003,0.7315,-0.1151
MH_066,MH,Mumbai,IFS,wind_speed_kmh,24,2026-08-30,2026-09-28,30,1.2408,1.6399,0.9128,0.1991
MH_066,MH,Mumbai,NCEP GFS,rainfall_mm,48,2026-08-30,2026-09-28,30,2.1524,4.3066,0.9187,-1.3124
MH_066,MH,Mumbai,NCEP GFS,temperature_c,48,2026-08-30,2026-09-28,30,1.1061,1.2813,0.6685,0.3369
MH_066,MH,Mumbai,NCEP GFS,wind_speed_kmh,48,2026-08-30,2026-09-28,30,2.0513,2.4239,0.8855,0.0118
MH_066,MH,Mumbai,GFS ENSEMBLE,rainfall_mm,48,2026-08-30,2026-09-28,30,1.1919,1.7825,0.9851,0.0159
MH_066,MH,Mumbai,GFS ENSEMBLE,temperature_c,48,2026-08-30,2026-09-28,30,0.9241,1.0984,0.613,-0.2678
MH_066,MH,Mumbai,GFS ENSEMBLE,wind_speed_kmh,48,2026-08-30,2026-09-28,30,1.9685,2.4838,0.7492,0.4555
MH_066,MH,Mumbai,AIFS,rainfall_mm,48,2026-08-30,2026-09-28,30,1.3595,2.6872,0.9787,0.7402
MH_066,MH,Mumbai,AIFS,temperature_c,48,2026-08-30,2026-09-28,30,0.6584,0.8206,0.728,0.1242
MH_066,MH,Mumbai,AIFS,wind_speed_kmh,48,2026-08-30,2026-09-28,30,1.2691,1.667,0.921,0.5228
MH_066,MH,Mumbai,IFS,rainfall_mm,48,2026-08-30,2026-09-28,30,2.2252,3.9239,0.9902,1.6916
MH_066,MH,Mumbai,IFS,temperature_c,48,2026-08-30,2026-09-28,30,0.7953,0.9111,0.7821,-0.2931
MH_066,MH,Mumbai,IFS,wind_speed_kmh,48,2026-08-30,2026-09-28,30,1.6557,2.0991,0.8844,0.2441
MH_066,MH,Mumbai,NCEP GFS,rainfall_mm,72,2026-08-30,2026-09-28,30,1.7699,3.6425,0.9385,-0.3554
MH_066,MH,Mumbai,NCEP GFS,temperature_c,72,2026-08-30,2026-09-28,30,1.0255,1.4474,0.7552,-0.2595
MH_066,MH,Mumbai,NCEP GFS,wind_speed_kmh,72,2026-08-30,2026-09-28,30,2.8284,3.5264,0.7493,0.2078
MH_066,MH,Mumbai,GFS ENSEMBLE,rainfall_mm,72,2026-08-30,2026-09-28,30,2.2698,4.9842,0.8867,-0.6121
MH_066,MH,Mumbai,GFS ENSEMBLE,temperature_c,72,2026-08-30,2026-09-28,30,0.8753,1.1258,0.6158,0.5339
MH_066,MH,Mumbai,GFS ENSEMBLE,wind_speed_kmh,72,2026-08-30,2026-09-28,30,2.4191,2.8731,0.7879,-0.1969
MH_066,MH,Mumbai,AIFS,rainfall_mm,72,2026-08-30,2026-09-28,30,2.233,4.1067,0.9189,0.0832
MH_066,MH,Mumbai,AIFS,temperature_c,72,2026-08-30,2026-09-28,30,1.1879,1.4772,0.527,0.3362
MH_066,MH,Mumbai,AIFS,wind_speed_kmh,72,2026-08-30,2026-09-28,30,1.6689,2.0031,0.8726,0.1818
MH_066,MH,Mumbai,IFS,rainfall_mm,72,2026-08-30,2026-09-28,30,1.8392,3.5581,0.9534,-1.2091
MH_066,MH,Mumbai,IFS,temperature_c,72,2026-08-30,2026-09-28,30,0.9105,1.0978,0.5489,0.2609
MH_066,MH,Mumbai,IFS,wind_speed_kmh,72,2026-08-30,2026-09-28,30,2.326,3.117,0.7335,-0.4795
MH_067,MH,Pune,NCEP GFS,rainfall_mm,24,2026-08-30,2026-09-28,30,3.117,7.3755,0.9169,-2.7354
MH_067,MH,Pune,NCEP GFS,temperature_c,24,2026-08-30,2026-09-28,30,0.8779,1.1176,0.6852,0.3255
MH_067,MH,Pune,NCEP GFS,wind_speed_kmh,24,2026-08-30,2026-09-28,30,1.2557,1.6663,0.8663,0.0406
MH_067,MH,Pune,GFS ENSEMBLE,rainfall_mm,24,2026-08-30,2026-09-28,30,3.0807,6.9193,0.9047,-1.571
MH_067,MH,Pune,GFS ENSEMBLE,temperature_c,24,2026-08-30,2026-09-28,30,0.7865,0.9476,0.7368,-0.0051
MH_067,MH,Pune,GFS ENSEMBLE,wind_speed_kmh,24,2026-08-30,2026-09-28,30,1.2648,1.4755,0.8826,-0.0341
MH_067,MH,Pune,AIFS,rainfall_mm,24,2026-08-30,2026-09-28,30,1.3871,2.8542,0.9822,0.044
MH_067,MH,Pune,AIFS,temperature_c,24,2026-08-30,2026-09-28,30,0.7629,0.9465,0.6738,0.0749
MH_067,MH,Pune,AIFS,wind_speed_kmh,24,2026-08-30,2026-09-28,30,0.7583,0.954,0.9379,0.0136
MH_067,MH,Pune,IFS,rainfall_mm,24,2026-08-30,2026-09-28,30,1.1126,1.747,0.9946,0.0493
MH_067,MH,Pune,IFS,temperature_c,24,2026-08-30,2026-09-28,30,0.7652,0.9376,0.7982,-0.1365
MH_067,MH,Pune,IFS,wind_speed_kmh,24,2026-08-30,2026-09-28,30,1.4248,1.6833,0.8401,0.3369
MH_067,MH,Pune,NCEP GFS,rainfall_mm,48,2026-08-30,2026-09-28,30,2.2026,4.4291,0.9567,-0.643
MH_067,MH,Pune,NCEP GFS,temperature_c,48,2026-08-30,2026-09-28,30,1.1947,1.5573,0.5328,0.3505
MH_067,MH,Pune,NCEP GFS,wind_speed_kmh,48,2026-08-30,2026-09-28,30,1.9808,2.6015,0.7407,0.1083
MH_067,MH,Pune,GFS ENSEMBLE,rainfall_mm,48,2026-08-30,2026-09-28,30,2.1549,4.5881,0.9688,-1.1927
MH_067,MH,Pune,GFS ENSEMBLE,temperature_c,48,2026-08-30,2026-09-28,30,0.7796,1.0092,0.7693,-0.1021
MH_067,MH,Pune,GFS ENSEMBLE,wind_speed_kmh,48,2026-08-30,2026-09-28,30,1.5736,1.946,0.8027,0.2599
MH_067,MH,Pune,AIFS,rainfall_mm,48,2026-08-30,2026-09-28,30,2.4147,5.8576,0.9217,0.038
MH_067,MH,Pune,AIFS,temperature_c,48,2026-08-30,2026-09-28,30,0.7331,1.0254,0.8466,-0.1601
MH_067,MH,Pune,AIFS,wind_speed_kmh,48,2026-08-30,2026-09-28,30,1.7392,2.1225,0.8149,0.2233
MH_067,MH,Pune,IFS,rainfall_mm,48,2026-08-30,2026-09-28,30,1.4645,3.3018,0.9764,-0.3537
MH_067,MH,Pune,IFS,temperature_c,48,2026-08-30,2026-09-28,30,0.8523,1.0189,0.6567,0.1765
MH_067,MH,Pune,IFS,wind_speed_kmh,48,2026-08-30,2026-09-28,30,1.8063,2.0665,0.7763,0.1309
MH_067,MH,Pune,NCEP GFS,rainfall_mm,72,2026-08-30,2026-09-28,30,3.3309,8.0278,0.8548,-1.744
MH_067,MH,Pune,NCEP GFS,temperature_c,72,2026-08-30,2026-09-28,30,1.4491,1.7914,0.5665,0.4822
MH_067,MH,Pune,NCEP GFS,wind_speed_kmh,72,2026-08-30,2026-09-28,30,2.9657,3.6406,0.73,-0.0637
MH_067,MH,Pune,GFS ENSEMBLE,rainfall_mm,72,2026-08-30,2026-09-28,30,3.0332,7.6924,0.9141,-2.6757
MH_067,MH,Pune,GFS ENSEMBLE,temperature_c,72,2026-08-30,2026-09-28,30,1.0719,1.3541,0.6574,0.3195
MH_067,MH,Pune,GFS ENSEMBLE,wind_speed_kmh,72,2026-08-30,2026-09-28,30,1.5518,2.0335,0.7849,0.2963
MH_067,MH,Pune,AIFS,rainfall_mm,72,2026-08-30,2026-09-28,30,2.0996,4.125,0.9635,-0.4494
MH_067,MH,Pune,AIFS,temperature_c,72,2026-08-30,2026-09-28,30,0.9515,1.182,0.669,-0.1658
MH_067,MH,Pune,AIFS,wind_speed_kmh,72,2026-08-30,2026-09-28,30,2.1932,2.7446,0.7434,-0.5474
MH_067,MH,Pune,IFS,rainfall_mm,72,2026-08-30,2026-09-28,30,3.2455,6.8317,0.8937,-0.7077
MH_067,MH,Pune,IFS,temperature_c,72,2026-08-30,2026-09-28,30,0.767,0.9406,0.8274,-0.4535
MH_067,MH,Pune,IFS,wind_speed_kmh,72,2026-08-30,2026-09-28,30,2.2206,2.6182,0.5911,0.3876
MH_068,MH,Nagpur,NCEP GFS,rainfall_mm,24,2026-08-30,2026-09-28,30,1.0847,1.8119,0.978,0.032
MH_068,MH,Nagpur,NCEP GFS,temperature_c,24,2026-08-30,2026-09-28,30,0.9244,1.197,0.7595,0.3933
MH_068,MH,Nagpur,NCEP GFS,wind_speed_kmh,24,2026-08-30,2026-09-28,30,2.1674,2.6713,0.8254,-0.601
MH_068,MH,Nagpur,GFS ENSEMBLE,rainfall_mm,24,2026-08-30,2026-09-28,30,1.1724,2.1196,0.9722,-0.5746
MH_068,MH,Nagpur,GFS ENSEMBLE,temperature_c,24,2026-08-30,2026-09-28,30,0.6824,0.8472,0.7979,0.0323
MH_068,MH,Nagpur,GFS ENSEMBLE,wind_speed_kmh,24,2026-08-30,2026-09-28,30,1.2272,1.5626,0.8838,-0.1647
MH_068,MH,Nagpur,AIFS,rainfall_mm,24,2026-08-30,2026-09-28,30,1.0735,1.6463,0.9819,0.0274
MH_068,MH,Nagpur,AIFS,temperature_c,24,2026-08-30,2026-09-28,30,0.6133,0.7038,0.8547,-0.0827
MH_068,MH,Nagpur,AIFS,wind_speed_kmh,24,2026-08-30,2026-09-28,30,1.2144,1.5066,0.9039,-0.064
MH_068,MH,Nagpur,IFS,rainfall_mm,24,2026-08-30,2026-09-28,30,1.0799,1.8284,0.9776,-0.092
MH_068,MH,Nagpur,IFS,temperature_c,24,2026-08-30,2026-09-28,30,0.8578,1.0149,0.7662,0.2733
MH_068,MH,Nagpur,IFS,wind_speed_kmh,24,2026-08-30,2026-09-28,30,1.5503,1.8111,0.8499,-0.306
MH_068,MH,Nagpur,NCEP GFS,rainfall_mm,48,2026-08-30,2026-09-28,30,1.8375,3.1458,0.934,-0.0603
MH_068,MH,Nagpur,NCEP GFS,temperature_c,48,2026-08-30,2026-09-28,30,0.9436,1.1947,0.6538,0.1703
MH_068,MH,Nagpur,NCEP GFS,wind_speed_kmh,48,2026-08-30,2026-09-28,30,2.4124,2.8503,0.8068,1.2346
MH_068,MH,Nagpur,GFS ENSEMBLE,rainfall_mm,48,2026-08-30,2026-09-28,30,0.8752,1.4562,0.9925,-0.7136
MH_068,MH,Nagpur,GFS ENSEMBLE,temperature_c,48,2026-08-30,2026-09-28,30,0.9182,1.1535,0.5826,-0.0377
MH_068,MH,Nagpur,GFS ENSEMBLE,wind_speed_kmh,48,2026-08-30,2026-09-28,30,1.5559,2.0174,0.8625,0.407
MH_068,MH,Nagpur,AIFS,rainfall_mm,48,2026-08-30,2026-09-28,30,1.5,2.1876,0.9689,0.3984
MH_068,MH,Nagpur,AIFS,temperature_c,48,2026-08-30,2026-09-28,30,0.6836,0.8681,0.8111,0.035
MH_068,MH,Nagpur,AIFS,wind_speed_kmh,48,2026-08-30,2026-09-28,30,1.3343,1.6197,0.9403,0.0266
MH_068,MH,Nagpur,IFS,rainfall_mm,48,2026-08-30,2026-09-28,30,1.4751,2.5314,0.9627,0.4017
MH_068,MH,Nagpur,IFS,temperature_c,48,2026-08-30,2026-09-28,30,0.7155,0.9342,0.8881,-0.0444
MH_068,MH,Nagpur,IFS,wind_speed_kmh,48,2026-08-30,2026-09-28,30,1.3389,1.6379,0.8821,-0.1607
MH_068,MH,Nagpur,NCEP GFS,rainfall_mm,72,2026-08-30,2026-09-28,30,1.641,2.675,0.957,0.0787
MH_068,MH,Nagpur,NCEP GFS,temperature_c,72,2026-08-30,2026-09-28,30,1.4499,1.777,0.6459,0.3273
MH_068,MH,Nagpur,NCEP GFS,wind_speed_kmh,72,2026-08-30,2026-09-28,30,2.8616,3.6254,0.7113,0.8783
MH_068,MH,Nagpur,GFS ENSEMBLE,rainfall_mm,72,2026-08-30,2026-09-28,30,1.7183,2.9589,0.9493,-1.0623
MH_068,MH,Nagpur,GFS ENSEMBLE,temperature_c,72,2026-08-30,2026-09-28,30,1.3386,1.6258,0.4313,0.4453
MH_068,MH,Nagpur,GFS ENSEMBLE,wind_speed_kmh,72,2026-08-30,2026-09-28,30,1.6192,2.1029,0.8602,-0.1947
MH_068,MH,Nagpur,AIFS,rainfall_mm,72,2026-08-30,2026-09-28,30,1.2857,2.6276,0.9549,-0.5726
MH_068,MH,Nagpur,AIFS,temperature_c,72,2026-08-30,2026-09-28,30,0.8567,1.0252,0.8183,-0.1214
MH_068,MH,Nagpur,AIFS,wind_speed_kmh,72,2026-08-30,2026-09-28,30,1.6203,2.0286,0.8568,0.2413
MH_068,MH,Nagpur,IFS,rainfall_mm,72,2026-08-30,2026-09-28,30,1.6801,3.8932,0.8932,-0.4196
MH_068,MH,Nagpur,IFS,temperature_c,72,2026-08-30,2026-09-28,30,1.0139,1.2103,0.7236,-0.2547
MH_068,MH,Nagpur,IFS,wind_speed_kmh,72,2026-08-30,2026-09-28,30,2.2023,2.7231,0.7872,1.1926
MH_069,MH,Nashik,NCEP GFS,rainfall_mm,24,2026-08-30,2026-09-28,30,0.9719,1.7061,0.9669,0.0775
MH_069,MH,Nashik,NCEP GFS,temperature_c,24,2026-08-30,2026-09-28,30,1.0992,1.3057,0.6708,0.1741
MH_069,MH,Nashik,NCEP GFS,wind_speed_kmh,24,2026-08-30,2026-09-28,30,1.5924,1.976,0.8536,0.6122
MH_069,MH,Nashik,GFS ENSEMBLE,rainfall_mm,24,2026-08-30,2026-09-28,30,0.6434,1.2371,0.9815,-0.4012
MH_069,MH,Nashik,GFS ENSEMBLE,temperature_c,24,2026-08-30,2026-09-28,30,0.8351,1.0303,0.6834,-0.1192
MH_069,MH,Nashik,GFS ENSEMBLE,wind_speed_kmh,24,2026-08-30,2026-09-28,30,1.5406,1.8855,0.883,0.1439
MH_069,MH,Nashik,AIFS,rainfall_mm,24,2026-08-30,2026-09-28,30,0.8349,1.5357,0.9644,-0.0612
MH_069,MH,Nashik,AIFS,temperature_c,24,2026-08-30,2026-09-28,30,0.5064,0.6247,0.8715,-0.1465
MH_069,MH,Nashik,AIFS,wind_speed_kmh,24,2026-08-30,2026-09-28,30,1.0232,1.37,0.938,-0.4884
MH_069,MH,Nashik,IFS,rainfall_mm,24,2026-08-30,2026-09-28,30,0.7219,1.3137,0.9735,0.1685
MH_069,MH,Nashik,IFS,temperature_c,24,2026-08-30,2026-09-28,30,0.5764,0.7041,0.8519,0.0198
MH_069,MH,Nashik,IFS,wind_speed_kmh,24,2026-08-30,2026-09-28,30,1.2784,1.4892,0.8873,-0.3534
MH_069,MH,Nashik,NCEP GFS,rainfall_mm,48,2026-08-30,2026-09-28,30,1.5899,2.6631,0.8951,-0.8345
MH_069,MH,Nashik,NCEP GFS,temperature_c,48,2026-08-30,2026-09-28,30,1.22,1.4643,0.7231,0.0035
MH_069,MH,Nashik,NCEP GFS,wind_speed_kmh,48,2026-08-30,2026-09-28,30,2.1755,2.5363,0.7509,-0.3818
MH_069,MH,Nashik,GFS ENSEMBLE,rainfall_mm,48,2026-08-30,2026-09-28,30,1.033,1.9186,0.9476,-0.0692
MH_069,MH,Nashik,GFS ENSEMBLE,temperature_c,48,2026-08-30,2026-09-28,30,0.7789,0.9237,0.8019,0.0965
MH_069,MH,Nashik,GFS ENSEMBLE,wind_speed_kmh,48,2026-08-30,2026-09-28,30,1.9589,2.3596,0.7603,0.7056
MH_069,MH,Nashik,AIFS,rainfall_mm,48,2026-08-30,2026-09-28,30,0.8113,1.52,0.9663,0.1752
MH_069,MH,Nashik,AIFS,temperature_c,48,2026-08-30,2026-09-28,30,0.8252,1.0406,0.7773,0.0301
MH_069,MH,Nashik,AIFS,wind_speed_kmh,48,2026-08-30,2026-09-28,30,1.5855,2.0724,0.8037,0.1929
MH_069,MH,Nashik,IFS,rainfall_mm,48,2026-08-30,2026-09-28,30,0.7432,1.6816,0.9665,0.1392
MH_069,MH,Nashik,IFS,temperature_c,48,2026-08-30,2026-09-28,30,1.1086,1.2835,0.5959,-0.1795
MH_069,MH,Nashik,IFS,wind_speed_kmh,48,2026-08-30,2026-09-28,30,1.3083,1.5654,0.8906,0.0819
MH_069,MH,Nashik,NCEP GFS,rainfall_mm,72,2026-08-30,2026-09-28,30,1.488,3.1097,0.8976,-1.1188
MH_069,MH,Nashik,NCEP GFS,temperature_c,72,2026-08-30,2026-09-28,30,2.0099,2.4204,0.2039,1.2421
MH_069,MH,Nashik,NCEP GFS,wind_speed_kmh,72,2026-08-30,2026-09-28,30,2.2141,2.9132,0.8155,0.6766
MH_069,MH,Nashik,GFS ENSEMBLE,rainfall_mm,72,2026-08-30,2026-09-28,30,1.3085,2.5819,0.8948,-0.2022
MH_069,MH,Nashik,GFS ENSEMBLE,temperature_c,72,2026-08-30,2026-09-28,30,1.0886,1.3586,0.594,0.2411
MH_069,MH,Nashik,GFS ENSEMBLE,wind_speed_kmh,72,2026-08-30,2026-09-28,30,1.7847,2.2152,0.7661,0.4336
MH_069,MH,Nashik,AIFS,rainfall_mm,72,2026-08-30,2026-09-28,30,1.2137,1.9054,0.9444,0.2185
MH_069,MH,Nashik,AIFS,temperature_c,72,2026-08-30,2026-09-28,30,0.9693,1.2668,0.7097,0.2368
MH_069,MH,Nashik,AIFS,wind_speed_kmh,72,2026-08-30,2026-09-28,30,1.6032,2.0068,0.8236,0.2409
MH_069,MH,Nashik,IFS,rainfall_mm,72,2026-08-30,2026-09-28,30,1.3118,2.3541,0.9347,0.0068
MH_069,MH,Nashik,IFS,temperature_c,72,2026-08-30,2026-09-28,30,0.9811,1.2356,0.7348,0.1358
MH_069,MH,Nashik,IFS,wind_speed_kmh,72,2026-08-30,2026-09-28,30,2.0734,2.6066,0.7543,0.0879
MH_070,MH,Chhatrapati Sambhajinagar,NCEP GFS,rainfall_mm,24,2026-08-30,2026-09-28,30,1.3199,2.761,0.966,-0.9389
MH_070,MH,Chhatrapati Sambhajinagar,NCEP GFS,temperature_c,24,2026-08-30,2026-09-28,30,1.0169,1.3572,0.5005,0.2132
MH_070,MH,Chhatrapati Sambhajinagar,NCEP GFS,wind_speed_kmh,24,2026-08-30,2026-09-28,30,1.9562,2.5508,0.7378,0.6908
MH_070,MH,Chhatrapati Sambhajinagar,GFS ENSEMBLE,rainfall_mm,24,2026-08-30,2026-09-28,30,0.734,1.6143,0.9826,0.1024
MH_070,MH,Chhatrapati Sambhajinagar,GFS ENSEMBLE,temperature_c,24,2026-08-30,2026-09-28,30,0.6158,0.7441,0.8313,0.1512
MH_070,MH,Chhatrapati Sambhajinagar,GFS ENSEMBLE,wind_speed_kmh,24,2026-08-30,2026-09-28,30,1.5461,1.8945,0.851,0.1321
MH_070,MH,Chhatrapati Sambhajinagar,AIFS,rainfall_mm,24,2026-08-30,2026-09-28,30,0.6106,1.2682,0.9904,0.3094
MH_070,MH,Chhatrapati Sambhajinagar,AIFS,temperature_c,24,2026-08-30,2026-09-28,30,0.8546,1.028,0.805,-0.0478
MH_070,MH,Chhatrapati Sambhajinagar,AIFS,wind_speed_kmh,24,2026-08-30,2026-09-28,30,1.1542,1.3761,0.8969,-0.1945
MH_070,MH,Chhatrapati Sambhajinagar,IFS,rainfall_mm,24,2026-08-30,2026-09-28,30,0.793,1.5699,0.9843,-0.0319
MH_070,MH,Chhatrapati Sambhajinagar,IFS,temperature_c,24,2026-08-30,2026-09-28,30,0.8501,1.0145,0.7154,0.1935
MH_070,MH,Chhatrapati Sambhajinagar,IFS,wind_speed_kmh,24,2026-08-30,2026-09-28,30,1.2466,1.6467,0.8993,0.4021
MH_070,MH,Chhatrapati Sambhajinagar,NCEP GFS,rainfall_mm,48,2026-08-30,2026-09-28,30,1.9497,4.1286,0.8842,-0.8613
MH_070,MH,Chhatrapati Sambhajinagar,NCEP GFS,temperature_c,48,2026-08-30,2026-09-28,30,1.1751,1.5488,0.6201,0.4319
MH_070,MH,Chhatrapati Sambhajinagar,NCEP GFS,wind_speed_kmh,48,2026-08-30,2026-09-28,30,1.6122,2.0667,0.863,-0.2015
MH_070,MH,Chhatrapati Sambhajinagar,GFS ENSEMBLE,rainfall_mm,48,2026-08-30,2026-09-28,30,0.9061,1.8106,0.9793,-0.1923
MH_070,MH,Chhatrapati Sambhajinagar,GFS ENSEMBLE,temperature_c,48,2026-08-30,2026-09-28,30,0.7531,0.9151,0.7876,0.2049
MH_070,MH,Chhatrapati Sambhajinagar,GFS ENSEMBLE,wind_speed_kmh,48,2026-08-30,2026-09-28,30,1.678,2.0038,0.8453,-0.0309
MH_070,MH,Chhatrapati Sambhajinagar,AIFS,rainfall_mm,48,2026-08-30,2026-09-28,30,0.5615,1.157,0.991,0.0114
MH_070,MH,Chhatrapati Sambhajinagar,AIFS,temperature_c,48,2026-08-30,2026-09-28,30,0.8499,1.0249,0.712,-0.1691
MH_070,MH,Chhatrapati Sambhajinagar,AIFS,wind_speed_kmh,48,2026-08-30,2026-09-28,30,1.6706,2.0367,0.7772,0.6125
MH_070,MH,Chhatrapati Sambhajinagar,IFS,rainfall_mm,48,2026-08-30,2026-09-28,30,1.5917,2.6682,0.952,0.3317
MH_070,MH,Chhatrapati Sambhajinagar,IFS,temperature_c,48,2026-08-30,2026-09-28,30,0.6239,0.8269,0.8273,-0.1095
MH_070,MH,Chhatrapati Sambhajinagar,IFS,wind_speed_kmh,48,2026-08-30,2026-09-28,30,1.6677,2.0425,0.8594,0.1891
MH_070,MH,Chhatrapati Sambhajinagar,NCEP GFS,rainfall_mm,72,2026-08-30,2026-09-28,30,1.0991,2.4112,0.9611,-0.1559
MH_070,MH,Chhatrapati Sambhajinagar,NCEP GFS,temperature_c,72,2026-08-30,2026-09-28,30,1.3408,1.8244,0.3339,0.2285
MH_070,MH,Chhatrapati Sambhajinagar,NCEP GFS,wind_speed_kmh,72,2026-08-30,2026-09-28,30,2.3425,3.1543,0.5147,-0.1435
MH_070,MH,Chhatrapati Sambhajinagar,GFS ENSEMBLE,rainfall_mm,72,2026-08-30,2026-09-28,30,2.0419,5.0154,0.8353,-1.2969
MH_070,MH,Chhatrapati Sambhajinagar,GFS ENSEMBLE,temperature_c,72,2026-08-30,2026-09-28,30,0.7055,0.9399,0.8066,0.1585
MH_070,MH,Chhatrapati Sambhajinagar,GFS ENSEMBLE,wind_speed_kmh,72,2026-08-30,2026-09-28,30,1.6674,2.0876,0.7755,0.4191
MH_070,MH,Chhatrapati Sambhajinagar,AIFS,rainfall_mm,72,2026-08-30,2026-09-28,30,1.8001,4.6399,0.8562,-1.1419
MH_070,MH,Chhatrapati Sambhajinagar,AIFS,temperature_c,72,2026-08-30,2026-09-28,30,0.8704,1.2532,0.7113,0.0682
MH_070,MH,Chhatrapati Sambhajinagar,AIFS,wind_speed_kmh,72,2026-08-30,2026-09-28,30,1.8256,2.2835,0.7608,0.7425
MH_070,MH,Chhatrapati Sambhajinagar,IFS,rainfall_mm,72,2026-08-30,2026-09-28,30,1.3109,2.9602,0.9531,0.3967
MH_070,MH,Chhatrapati Sambhajinagar,IFS,temperature_c,72,2026-08-30,2026-09-28,30,0.9399,1.1805,0.7193,-0.2821
MH_070,MH,Chhatrapati Sambhajinagar,IFS,wind_speed_kmh,72,2026-08-30,2026-09-28,30,2.3292,2.7524,0.6324,-0.1215
MN_071,MN,Imphal,NCEP GFS,rainfall_mm,24,2026-08-30,2026-09-28,30,2.4644,7.8572,0.9957,1.455
MN_071,MN,Imphal,NCEP GFS,temperature_c,24,2026-08-30,2026-09-28,30,1.1186,1.3016,0.6897,0.2543
MN_071,MN,Imphal,NCEP GFS,wind_speed_kmh,24,2026-08-30,2026-09-28,30,2.0587,2.5223,0.7502,0.212
MN_071,MN,Imphal,GFS ENSEMBLE,rainfall_mm,24,2026-08-30,2026-09-28,30,1.6881,3.1096,0.9973,0.85
MN_071,MN,Imphal,GFS ENSEMBLE,temperature_c,24,2026-08-30,2026-09-28,30,0.8261,1.0036,0.7632,0.2806
MN_071,MN,Imphal,GFS ENSEMBLE,wind_speed_kmh,24,2026-08-30,2026-09-28,30,1.3772,1.6702,0.8939,-0.1707
MN_071,MN,Imphal,AIFS,rainfall_mm,24,2026-08-30,2026-09-28,30,1.8366,5.4232,0.9973,-1.305
MN_071,MN,Imphal,AIFS,temperature_c,24,2026-08-30,2026-09-28,30,0.5673,0.7088,0.8476,0.0383
MN_071,MN,Imphal,AIFS,wind_speed_kmh,24,2026-08-30,2026-09-28,30,1.2782,1.588,0.891,0.5797
MN_071,MN,Imphal,IFS,rainfall_mm,24,2026-08-30,2026-09-28,30,2.2554,5.6519,0.9844,-0.5197
MN_071,MN,Imphal,IFS,temperature_c,24,2026-08-30,2026-09-28,30,0.7663,0.977,0.8719,0.0156
MN_071,MN,Imphal,IFS,wind_speed_kmh,24,2026-08-30,2026-09-28,30,1.2797,1.5006,0.8956,-0.244
MN_071,MN,Imphal,NCEP GFS,rainfall_mm,48,2026-08-30,2026-09-28,30,3.352,7.8826,0.994,-2.2567
MN_071,MN,Imphal,NCEP GFS,temperature_c,48,2026-08-30,2026-09-28,30,1.1805,1.6013,0.4592,0.5253
MN_071,MN,Imphal,NCEP GFS,wind_speed_kmh,48,2026-08-30,2026-09-28,30,2.3203,2.8202,0.7264,0.775
MN_071,MN,Imphal,GFS ENSEMBLE,rainfall_mm,48,2026-08-30,2026-09-28,30,1.2053,2.2515,0.9987,-0.1843
MN_071,MN,Imphal,GFS ENSEMBLE,temperature_c,48,2026-08-30,2026-09-28,30,1.1106,1.2812,0.703,0.3406
MN_071,MN,Imphal,GFS ENSEMBLE,wind_speed_kmh,48,2026-08-30,2026-09-28,30,1.9506,2.288,0.8237,0.6347
MN_071,MN,Imphal,AIFS,rainfall_mm,48,2026-08-30,2026-09-28,30,1.7089,4.0813,0.9952,0.191
MN_071,MN,Imphal,AIFS,temperature_c,48,2026-08-30,2026-09-28,30,0.8522,1.1372,0.6802,-0.254
MN_071,MN,Imphal,AIFS,wind_speed_kmh,48,2026-08-30,2026-09-28,30,1.5863,2.1266,0.8626,-0.5143
MN_071,MN,Imphal,IFS,rainfall_mm,48,2026-08-30,2026-09-28,30,2.4954,5.3904,0.9885,1.407
MN_071,MN,Imphal,IFS,temperature_c,48,2026-08-30,2026-09-28,30,0.6387,0.8143,0.875,-0.0174
MN_071,MN,Imphal,IFS,wind_speed_kmh,48,2026-08-30,2026-09-28,30,1.8317,2.2532,0.794,0.5373
MN_071,MN,Imphal,NCEP GFS,rainfall_mm,72,2026-08-30,2026-09-28,30,4.1097,9.3316,0.9651,-2.7177
MN_071,MN,Imphal,NCEP GFS,temperature_c,72,2026-08-30,2026-09-28,30,1.2752,1.6637,0.6192,0.202
MN_071,MN,Imphal,NCEP GFS,wind_speed_kmh,72,2026-08-30,2026-09-28,30,3.2017,3.916,0.5756,-0.083
MN_071,MN,Imphal,GFS ENSEMBLE,rainfall_mm,72,2026-08-30,2026-09-28,30,4.7894,18.3151,0.9338,-4.3853
MN_071,MN,Imphal,GFS ENSEMBLE,temperature_c,72,2026-08-30,2026-09-28,30,0.9607,1.2876,0.6131,0.363
MN_071,MN,Imphal,GFS ENSEMBLE,wind_speed_kmh,72,2026-08-30,2026-09-28,30,1.9561,2.2974,0.8799,0.574
MN_071,MN,Imphal,AIFS,rainfall_mm,72,2026-08-30,2026-09-28,30,1.8469,2.9744,0.9975,0.9217
MN_071,MN,Imphal,AIFS,temperature_c,72,2026-08-30,2026-09-28,30,1.1657,1.5215,0.6967,-0.2114
MN_071,MN,Imphal,AIFS,wind_speed_kmh,72,2026-08-30,2026-09-28,30,1.477,1.8474,0.8867,-0.0627
MN_071,MN,Imphal,IFS,rainfall_mm,72,2026-08-30,2026-09-28,30,5.0861,19.78,0.8431,-3.6337
MN_071,MN,Imphal,IFS,temperature_c,72,2026-08-30,2026-09-28,30,0.8759,1.1675,0.6837,-0.1084
MN_071,MN,Imphal,IFS,wind_speed_kmh,72,2026-08-30,2026-09-28,30,1.6974,2.2748,0.8392,0.4663
MN_072,MN,Churachandpur,NCEP GFS,rainfall_mm,24,2026-08-30,2026-09-28,30,2.1274,4.15,0.9937,-0.6496
MN_072,MN,Churachandpur,NCEP GFS,temperature_c,24,2026-08-30,2026-09-28,30,1.1186,1.3493,0.7907,0.2485
MN_072,MN,Churachandpur,NCEP GFS,wind_speed_kmh,24,2026-08-30,2026-09-28,30,1.763,2.1933,0.8471,-0.2609
MN_072,MN,Churachandpur,GFS ENSEMBLE,rainfall_mm,24,2026-08-30,2026-09-28,30,1.382,2.7073,0.9986,-0.4732
MN_072,MN,Churachandpur,GFS ENSEMBLE,temperature_c,24,2026-08-30,2026-09-28,30,0.6372,0.7985,0.8876,-0.1745
MN_072,MN,Churachandpur,GFS ENSEMBLE,wind_speed_kmh,24,2026-08-30,2026-09-28,30,1.6611,2.1428,0.8766,0.4997
MN_072,MN,Churachandpur,AIFS,rainfall_mm,24,2026-08-30,2026-09-28,30,1.227,2.9824,0.9982,-0.7966
MN_072,MN,Churachandpur,AIFS,temperature_c,24,2026-08-30,2026-09-28,30,0.9204,1.1046,0.7079,-0.2792
MN_072,MN,Churachandpur,AIFS,wind_speed_kmh,24,2026-08-30,2026-09-28,30,1.3999,1.714,0.8905,-0.5236
MN_072,MN,Churachandpur,IFS,rainfall_mm,24,2026-08-30,2026-09-28,30,2.4639,9.205,0.9973,1.6444
MN_072,MN,Churachandpur,IFS,temperature_c,24,2026-08-30,2026-09-28,30,0.5445,0.6547,0.9202,0.0092
MN_072,MN,Churachandpur,IFS,wind_speed_kmh,24,2026-08-30,2026-09-28,30,1.1509,1.4145,0.9228,0.3131
MN_072,MN,Churachandpur,NCEP GFS,rainfall_mm,48,2026-08-30,2026-09-28,30,3.8874,10.9377,0.9893,-2.4946
MN_072,MN,Churachandpur,NCEP GFS,temperature_c,48,2026-08-30,2026-09-28,30,1.2836,1.5825,0.6456,0.6018
MN_072,MN,Churachandpur,NCEP GFS,wind_speed_kmh,48,2026-08-30,2026-09-28,30,2.1651,2.7224,0.7823,1.3074
MN_072,MN,Churachandpur,GFS ENSEMBLE,rainfall_mm,48,2026-08-30,2026-09-28,30,2.0927,4.9691,0.9975,-1.5926
MN_072,MN,Churachandpur,GFS ENSEMBLE,temperature_c,48,2026-08-30,2026-09-28,30,1.0106,1.114,0.7683,0.0982
MN_072,MN,Churachandpur,GFS ENSEMBLE,wind_speed_kmh,48,2026-08-30,2026-09-28,30,1.4554,1.8568,0.8351,-0.0216
MN_072,MN,Churachandpur,AIFS,rainfall_mm,48,2026-08-30,2026-09-28,30,1.8867,6.0236,0.9988,1.2398
MN_072,MN,Churachandpur,AIFS,temperature_c,48,2026-08-30,2026-09-28,30,0.7852,0.9085,0.8403,-0.1455
MN_072,MN,Churachandpur,AIFS,wind_speed_kmh,48,2026-08-30,2026-09-28,30,1.3923,1.7533,0.8794,-0.0853
MN_072,MN,Churachandpur,IFS,rainfall_mm,48,2026-08-30,2026-09-28,30,3.0449,8.8856,0.9978,2.1284
MN_072,MN,Churachandpur,IFS,temperature_c,48,2026-08-30,2026-09-28,30,0.92,1.0928,0.7922,-0.1675
MN_072,MN,Churachandpur,IFS,wind_speed_kmh,48,2026-08-30,2026-09-28,30,1.8854,2.2209,0.7842,-0.4366
MN_072,MN,Churachandpur,NCEP GFS,rainfall_mm,72,2026-08-30,2026-09-28,30,1.9279,3.137,0.9961,-0.7572
MN_072,MN,Churachandpur,NCEP GFS,temperature_c,72,2026-08-30,2026-09-28,30,0.9973,1.2884,0.6914,0.2975
MN_072,MN,Churachandpur,NCEP GFS,wind_speed_kmh,72,2026-08-30,2026-09-28,30,2.1706,2.7443,0.6822,0.3777
MN_072,MN,Churachandpur,GFS ENSEMBLE,rainfall_mm,72,2026-08-30,2026-09-28,30,4.0925,17.8247,0.9749,-3.9082
MN_072,MN,Churachandpur,GFS ENSEMBLE,temperature_c,72,2026-08-30,2026-09-28,30,1.2705,1.5725,0.5765,-0.0262
MN_072,MN,Churachandpur,GFS ENSEMBLE,wind_speed_kmh,72,2026-08-30,2026-09-28,30,2.1452,2.7409,0.766,0.6951
MN_072,MN,Churachandpur,AIFS,rainfall_mm,72,2026-08-30,2026-09-28,30,2.3121,6.4612,0.9929,-0.5146
MN_072,MN,Churachandpur,AIFS,temperature_c,72,2026-08-30,2026-09-28,30,0.7925,1.1069,0.807,0.0952
MN_072,MN,Churachandpur,AIFS,wind_speed_kmh,72,2026-08-30,2026-09-28,30,2.2822,2.7414,0.8573,0.1371
MN_072,MN,Churachandpur,IFS,rainfall_mm,72,2026-08-30,2026-09-28,30,3.604,14.6984,0.9756,-2.8229
MN_072,MN,Churachandpur,IFS,temperature_c,72,2026-08-30,2026-09-28,30,1.0248,1.3603,0.751,0.2672
MN_072,MN,Churachandpur,IFS,wind_speed_kmh,72,2026-08-30,2026-09-28,30,1.8393,2.2866,0.8749,1.0641
MN_073,MN,Thoubal,NCEP GFS,rainfall_mm,24,2026-08-30,2026-09-28,30,3.3525,6.669,0.9542,-0.9145
MN_073,MN,Thoubal,NCEP GFS,temperature_c,24,2026-08-30,2026-09-28,30,0.9485,1.246,0.6036,0.3022
MN_073,MN,Thoubal,NCEP GFS,wind_speed_kmh,24,2026-08-30,2026-09-28,30,1.7555,2.2898,0.8705,0.542
MN_073,MN,Thoubal,GFS ENSEMBLE,rainfall_mm,24,2026-08-30,2026-09-28,30,2.5478,5.5511,0.9695,-1.5152
MN_073,MN,Thoubal,GFS ENSEMBLE,temperature_c,24,2026-08-30,2026-09-28,30,0.6709,0.866,0.8317,0.0568
MN_073,MN,Thoubal,GFS ENSEMBLE,wind_speed_kmh,24,2026-08-30,2026-09-28,30,1.2774,1.6305,0.9143,-0.458
MN_073,MN,Thoubal,AIFS,rainfall_mm,24,2026-08-30,2026-09-28,30,1.8184,4.8027,0.9763,-0.2555
MN_073,MN,Thoubal,AIFS,temperature_c,24,2026-08-30,2026-09-28,30,0.5245,0.679,0.9189,-0.0438
MN_073,MN,Thoubal,AIFS,wind_speed_kmh,24,2026-08-30,2026-09-28,30,1.1975,1.5647,0.9326,-0.2547
MN_073,MN,Thoubal,IFS,rainfall_mm,24,2026-08-30,2026-09-28,30,1.4801,2.5453,0.9934,0.2398
MN_073,MN,Thoubal,IFS,temperature_c,24,2026-08-30,2026-09-28,30,0.6924,0.8471,0.8193,-0.1645
MN_073,MN,Thoubal,IFS,wind_speed_kmh,24,2026-08-30,2026-09-28,30,1.3982,1.7089,0.9038,0.1553
MN_073,MN,Thoubal,NCEP GFS,rainfall_mm,48,2026-08-30,2026-09-28,30,4.0212,7.6081,0.9523,-2.8015
MN_073,MN,Thoubal,NCEP GFS,temperature_c,48,2026-08-30,2026-09-28,30,0.9785,1.3215,0.685,0.3862
MN_073,MN,Thoubal,NCEP GFS,wind_speed_kmh,48,2026-08-30,2026-09-28,30,2.1076,2.8024,0.7573,0.1723
MN_073,MN,Thoubal,GFS ENSEMBLE,rainfall_mm,48,2026-08-30,2026-09-28,30,3.9105,8.9893,0.9437,-3.4832
MN_073,MN,Thoubal,GFS ENSEMBLE,temperature_c,48,2026-08-30,2026-09-28,30,0.9525,1.2096,0.7499,-0.2832
MN_073,MN,Thoubal,GFS ENSEMBLE,wind_speed_kmh,48,2026-08-30,2026-09-28,30,1.4412,1.8517,0.8698,0.11
MN_073,MN,Thoubal,AIFS,rainfall_mm,48,2026-08-30,2026-09-28,30,3.8133,9.0723,0.9241,-2.4022
MN_073,MN,Thoubal,AIFS,temperature_c,48,2026-08-30,2026-09-28,30,0.812,1.0131,0.8151,-0.2332
MN_073,MN,Thoubal,AIFS,wind_speed_kmh,48,2026-08-30,2026-09-28,30,1.3179,1.5504,0.9311,0.3463
MN_073,MN,Thoubal,IFS,rainfall_mm,48,2026-08-30,2026-09-28,30,3.9767,9.785,0.9106,-2.7515
MN_073,MN,Thoubal,IFS,temperature_c,48,2026-08-30,2026-09-28,30,0.7347,0.9473,0.7578,0.0522
MN_073,MN,Thoubal,IFS,wind_speed_kmh,48,2026-08-30,2026-09-28,30,1.7576,1.9533,0.8794,0.6507
MN_073,MN,Thoubal,NCEP GFS,rainfall_mm,72,2026-08-30,2026-09-28,30,5.375,10.498,0.9759,-4.7388
MN_073,MN,Thoubal,NCEP GFS,temperature_c,72,2026-08-30,2026-09-28,30,1.9255,2.2167,0.6525,0.9455
MN_073,MN,Thoubal,NCEP GFS,wind_speed_kmh,72,2026-08-30,2026-09-28,30,3.0738,3.84,0.6778,1.371
MN_073,MN,Thoubal,GFS ENSEMBLE,rainfall_mm,72,2026-08-30,2026-09-28,30,6.0557,13.013,0.8274,-4.1748
MN_073,MN,Thoubal,GFS ENSEMBLE,temperature_c,72,2026-08-30,2026-09-28,30,1.0095,1.2331,0.7554,-0.5322
MN_073,MN,Thoubal,GFS ENSEMBLE,wind_speed_kmh,72,2026-08-30,2026-09-28,30,2.1025,2.639,0.7779,0.8103
MN_073,MN,Thoubal,AIFS,rainfall_mm,72,2026-08-30,2026-09-28,30,4.4286,9.9839,0.8939,-2.0318
MN_073,MN,Thoubal,AIFS,temperature_c,72,2026-08-30,2026-09-28,30,1.1832,1.4684,0.5878,-0.0765
MN_073,MN,Thoubal,AIFS,wind_speed_kmh,72,2026-08-30,2026-09-28,30,1.8845,2.3742,0.8153,0.823
MN_073,MN,Thoubal,IFS,rainfall_mm,72,2026-08-30,2026-09-28,30,3.2295,7.314,0.955,-2.3415
MN_073,MN,Thoubal,IFS,temperature_c,72,2026-08-30,2026-09-28,30,0.791,1.0143,0.8046,0.1682
MN_073,MN,Thoubal,IFS,wind_speed_kmh,72,2026-08-30,2026-09-28,30,1.9848,2.4807,0.8238,0.476
MN_074,MN,Bishnupur,NCEP GFS,rainfall_mm,24,2026-08-30,2026-09-28,30,1.6183,2.692,0.9538,-0.6302
MN_074,MN,Bishnupur,NCEP GFS,temperature_c,24,2026-08-30,2026-09-28,30,1.1271,1.3719,0.6978,0.4543
MN_074,MN,Bishnupur,NCEP GFS,wind_speed_kmh,24,2026-08-30,2026-09-28,30,1.5615,1.9785,0.8337,0.0719
MN_074,MN,Bishnupur,GFS ENSEMBLE,rainfall_mm,24,2026-08-30,2026-09-28,30,1.8423,3.0553,0.9429,-0.9792
MN_074,MN,Bishnupur,GFS ENSEMBLE,temperature_c,24,2026-08-30,2026-09-28,30,0.8254,0.9995,0.8477,0.0707
MN_074,MN,Bishnupur,GFS ENSEMBLE,wind_speed_kmh,24,2026-08-30,2026-09-28,30,1.2416,1.6653,0.897,0.4922
MN_074,MN,Bishnupur,AIFS,rainfall_mm,24,2026-08-30,2026-09-28,30,0.8641,1.3986,0.989,-0.3529
MN_074,MN,Bishnupur,AIFS,temperature_c,24,2026-08-30,2026-09-28,30,0.7287,0.864,0.8294,-0.2013
MN_074,MN,Bishnupur,AIFS,wind_speed_kmh,24,2026-08-30,2026-09-28,30,1.2436,1.6558,0.9054,-0.4858
MN_074,MN,Bishnupur,IFS,rainfall_mm,24,2026-08-30,2026-09-28,30,1.4054,2.6089,0.9533,-0.0189
MN_074,MN,Bishnupur,IFS,temperature_c,24,2026-08-30,2026-09-28,30,0.7717,0.913,0.7928,-0.0383
MN_074,MN,Bishnupur,IFS,wind_speed_kmh,24,2026-08-30,2026-09-28,30,1.592,1.9736,0.8618,-0.2388
MN_074,MN,Bishnupur,NCEP GFS,rainfall_mm,48,2026-08-30,2026-09-28,30,2.0714,4.0808,0.9215,0.4305
MN_074,MN,Bishnupur,NCEP GFS,temperature_c,48,2026-08-30,2026-09-28,30,1.1463,1.5603,0.6767,0.244
MN_074,MN,Bishnupur,NCEP GFS,wind_speed_kmh,48,2026-08-30,2026-09-28,30,2.0693,2.6728,0.7023,0.9365
MN_074,MN,Bishnupur,GFS ENSEMBLE,rainfall_mm,48,2026-08-30,2026-09-28,30,1.8049,3.0152,0.9391,-0.3822
MN_074,MN,Bishnupur,GFS ENSEMBLE,temperature_c,48,2026-08-30,2026-09-28,30,0.7636,0.9932,0.7892,-0.1103
MN_074,MN,Bishnupur,GFS ENSEMBLE,wind_speed_kmh,48,2026-08-30,2026-09-28,30,1.5087,1.8761,0.8643,0.0372
MN_074,MN,Bishnupur,AIFS,rainfall_mm,48,2026-08-30,2026-09-28,30,1.5658,2.3192,0.9677,0.1961
MN_074,MN,Bishnupur,AIFS,temperature_c,48,2026-08-30,2026-09-28,30,0.7088,0.8271,0.8304,-0.0537
MN_074,MN,Bishnupur,AIFS,wind_speed_kmh,48,2026-08-30,2026-09-28,30,1.6611,2.1656,0.8178,-0.6045
MN_074,MN,Bishnupur,IFS,rainfall_mm,48,2026-08-30,2026-09-28,30,1.6615,2.4823,0.9592,-0.3779
MN_074,MN,Bishnupur,IFS,temperature_c,48,2026-08-30,2026-09-28,30,0.8063,0.965,0.8103,-0.154
MN_074,MN,Bishnupur,IFS,wind_speed_kmh,48,2026-08-30,2026-09-28,30,1.1747,1.4662,0.9354,-0.1558
MN_074,MN,Bishnupur,NCEP GFS,rainfall_mm,72,2026-08-30,2026-09-28,30,2.4901,3.9205,0.9132,-0.1372
MN_074,MN,Bishnupur,NCEP GFS,temperature_c,72,2026-08-30,2026-09-28,30,1.0977,1.4228,0.5785,-0.2127
MN_074,MN,Bishnupur,NCEP GFS,wind_speed_kmh,72,2026-08-30,2026-09-28,30,2.9079,3.5425,0.4867,0.5572
MN_074,MN,Bishnupur,GFS ENSEMBLE,rainfall_mm,72,2026-08-30,2026-09-28,30,1.9957,3.0749,0.9494,-1.4482
MN_074,MN,Bishnupur,GFS ENSEMBLE,temperature_c,72,2026-08-30,2026-09-28,30,0.8098,0.9596,0.7362,0.0357
MN_074,MN,Bishnupur,GFS ENSEMBLE,wind_speed_kmh,72,2026-08-30,2026-09-28,30,1.6693,2.0773,0.8784,0.6092
MN_074,MN,Bishnupur,AIFS,rainfall_mm,72,2026-08-30,2026-09-28,30,1.7905,2.5949,0.9549,0.3621
MN_074,MN,Bishnupur,AIFS,temperature_c,72,2026-08-30,2026-09-28,30,1.2387,1.3955,0.6195,0.3687
MN_074,MN,Bishnupur,AIFS,wind_speed_kmh,72,2026-08-30,2026-09-28,30,1.8104,2.2036,0.8352,0.5142
MN_074,MN,Bishnupur,IFS,rainfall_mm,72,2026-08-30,2026-09-28,30,1.7911,2.866,0.9688,-1.2189
MN_074,MN,Bishnupur,IFS,temperature_c,72,2026-08-30,2026-09-28,30,1.0062,1.1722,0.755,0.0053
MN_074,MN,Bishnupur,IFS,wind_speed_kmh,72,2026-08-30,2026-09-28,30,2.1386,2.539,0.803,-0.0485
MN_075,MN,Ukhrul,NCEP GFS,rainfall_mm,24,2026-08-30,2026-09-28,30,1.667,4.2197,0.9652,-1.2615
MN_075,MN,Ukhrul,NCEP GFS,temperature_c,24,2026-08-30,2026-09-28,30,1.1103,1.3284,0.5984,0.2302
MN_075,MN,Ukhrul,NCEP GFS,wind_speed_kmh,24,2026-08-30,2026-09-28,30,1.8694,2.4894,0.7304,0.5526
MN_075,MN,Ukhrul,GFS ENSEMBLE,rainfall_mm,24,2026-08-30,2026-09-28,30,1.8613,4.7756,0.9506,-1.2448
MN_075,MN,Ukhrul,GFS ENSEMBLE,temperature_c,24,2026-08-30,2026-09-28,30,0.7096,0.8643,0.8511,-0.0384
MN_075,MN,Ukhrul,GFS ENSEMBLE,wind_speed_kmh,24,2026-08-30,2026-09-28,30,1.4862,1.8411,0.8685,-0.1474
MN_075,MN,Ukhrul,AIFS,rainfall_mm,24,2026-08-30,2026-09-28,30,1.6746,3.1443,0.9776,0.2115
MN_075,MN,Ukhrul,AIFS,temperature_c,24,2026-08-30,2026-09-28,30,0.7927,0.9823,0.8296,-0.3354
MN_075,MN,Ukhrul,AIFS,wind_speed_kmh,24,2026-08-30,2026-09-28,30,1.3457,1.5933,0.8954,-0.0521
MN_075,MN,Ukhrul,IFS,rainfall_mm,24,2026-08-30,2026-09-28,30,1.7795,2.9989,0.9874,1.0209
MN_075,MN,Ukhrul,IFS,temperature_c,24,2026-08-30,2026-09-28,30,0.7265,0.8277,0.7607,-0.1704
MN_075,MN,Ukhrul,IFS,wind_speed_kmh,24,2026-08-30,2026-09-28,30,1.2252,1.4944,0.8936,0.1336
MN_075,MN,Ukhrul,NCEP GFS,rainfall_mm,48,2026-08-30,2026-09-28,30,2.8472,6.6089,0.9214,-0.1575
MN_075,MN,Ukhrul,NCEP GFS,temperature_c,48,2026-08-30,2026-09-28,30,1.4028,1.7915,0.6736,0.1169
MN_075,MN,Ukhrul,NCEP GFS,wind_speed_kmh,48,2026-08-30,2026-09-28,30,2.0819,2.5024,0.7972,0.4569
MN_075,MN,Ukhrul,GFS ENSEMBLE,rainfall_mm,48,2026-08-30,2026-09-28,30,2.1429,4.2364,0.9668,-1.4011
MN_075,MN,Ukhrul,GFS ENSEMBLE,temperature_c,48,2026-08-30,2026-09-28,30,0.6115,0.7728,0.7833,0.2876
MN_075,MN,Ukhrul,GFS ENSEMBLE,wind_speed_kmh,48,2026-08-30,2026-09-28,30,1.4692,1.8722,0.8545,0.1586
MN_075,MN,Ukhrul,AIFS,rainfall_mm,48,2026-08-30,2026-09-28,30,2.4044,4.4978,0.9653,1.1385
MN_075,MN,Ukhrul,AIFS,temperature_c,48,2026-08-30,2026-09-28,30,1.0075,1.1589,0.6559,-0.2008
MN_075,MN,Ukhrul,AIFS,wind_speed_kmh,48,2026-08-30,2026-09-28,30,1.2669,1.5807,0.914,-0.3197
MN_075,MN,Ukhrul,IFS,rainfall_mm,48,2026-08-30,2026-09-28,30,2.1901,4.3082,0.9586,-0.3961
MN_075,MN,Ukhrul,IFS,temperature_c,48,2026-08-30,2026-09-28,30,0.8931,1.2084,0.7761,-0.0708
MN_075,MN,Ukhrul,IFS,wind_speed_kmh,48,2026-08-30,2026-09-28,30,1.7767,2.1802,0.8409,-0.0807
MN_075,MN,Ukhrul,NCEP GFS,rainfall_mm,72,2026-08-30,2026-09-28,30,2.1608,3.697,0.9693,-0.2418
MN_075,MN,Ukhrul,NCEP GFS,temperature_c,72,2026-08-30,2026-09-28,30,1.306,1.6246,0.449,0.1419
MN_075,MN,Ukhrul,NCEP GFS,wind_speed_kmh,72,2026-08-30,2026-09-28,30,2.7752,3.3264,0.6914,0.7166
MN_075,MN,Ukhrul,GFS ENSEMBLE,rainfall_mm,72,2026-08-30,2026-09-28,30,4.0583,7.1679,0.8929,-0.1798
MN_075,MN,Ukhrul,GFS ENSEMBLE,temperature_c,72,2026-08-30,2026-09-28,30,1.0602,1.2397,0.6881,0.1986
MN_075,MN,Ukhrul,GFS ENSEMBLE,wind_speed_kmh,72,2026-08-30,2026-09-28,30,1.7174,2.2032,0.8538,0.4376
MN_075,MN,Ukhrul,AIFS,rainfall_mm,72,2026-08-30,2026-09-28,30,1.304,2.6364,0.9838,-0.1301
MN_075,MN,Ukhrul,AIFS,temperature_c,72,2026-08-30,2026-09-28,30,0.9061,1.2089,0.6365,-0.3681
MN_075,MN,Ukhrul,AIFS,wind_speed_kmh,72,2026-08-30,2026-09-28,30,1.7326,2.0792,0.8704,0.7053
MN_075,MN,Ukhrul,IFS,rainfall_mm,72,2026-08-30,2026-09-28,30,2.5993,5.6026,0.9324,-1.2298
MN_075,MN,Ukhrul,IFS,temperature_c,72,2026-08-30,2026-09-28,30,0.8723,1.1766,0.7423,0.1299
MN_075,MN,Ukhrul,IFS,wind_speed_kmh,72,2026-08-30,2026-09-28,30,1.618,2.0752,0.8305,0.3789
ML_076,ML,Shillong,NCEP GFS,rainfall_mm,24,2026-08-30,2026-09-28,30,2.2937,4.6521,0.9794,-0.5168
ML_076,ML,Shillong,NCEP GFS,temperature_c,24,2026-08-30,2026-09-28,30,1.0487,1.2853,0.6298,0.5121
ML_076,ML,Shillong,NCEP GFS,wind_speed_kmh,24,2026-08-30,2026-09-28,30,1.4885,1.8857,0.8207,0.4899
ML_076,ML,Shillong,GFS ENSEMBLE,rainfall_mm,24,2026-08-30,2026-09-28,30,2.5779,4.5245,0.9844,-1.8938
ML_076,ML,Shillong,GFS ENSEMBLE,temperature_c,24,2026-08-30,2026-09-28,30,0.8012,0.9687,0.7587,-0.0309
ML_076,ML,Shillong,GFS ENSEMBLE,wind_speed_kmh,24,2026-08-30,2026-09-28,30,1.4227,1.8324,0.845,-0.2581
ML_076,ML,Shillong,AIFS,rainfall_mm,24,2026-08-30,2026-09-28,30,1.6456,3.5797,0.993,-0.7394
ML_076,ML,Shillong,AIFS,temperature_c,24,2026-08-30,2026-09-28,30,0.6438,0.7922,0.7594,-0.1699
ML_076,ML,Shillong,AIFS,wind_speed_kmh,24,2026-08-30,2026-09-28,30,1.259,1.4676,0.9129,-0.3214
ML_076,ML,Shillong,IFS,rainfall_mm,24,2026-08-30,2026-09-28,30,2.4365,5.6947,0.9659,0.3139
ML_076,ML,Shillong,IFS,temperature_c,24,2026-08-30,2026-09-28,30,0.7213,0.9636,0.7671,0.0811
ML_076,ML,Shillong,IFS,wind_speed_kmh,24,2026-08-30,2026-09-28,30,1.4149,1.6762,0.9231,0.3153
ML_076,ML,Shillong,NCEP GFS,rainfall_mm,48,2026-08-30,2026-09-28,30,4.3974,7.769,0.9738,-3.8754
ML_076,ML,Shillong,NCEP GFS,temperature_c,48,2026-08-30,2026-09-28,30,1.0836,1.3321,0.6411,0.3258
ML_076,ML,Shillong,NCEP GFS,wind_speed_kmh,48,2026-08-30,2026-09-28,30,1.8821,2.3206,0.7886,0.8483
ML_076,ML,Shillong,GFS ENSEMBLE,rainfall_mm,48,2026-08-30,2026-09-28,30,2.8881,5.6031,0.9886,-2.3688
ML_076,ML,Shillong,GFS ENSEMBLE,temperature_c,48,2026-08-30,2026-09-28,30,0.7862,1.0218,0.8726,0.0568
ML_076,ML,Shillong,GFS ENSEMBLE,wind_speed_kmh,48,2026-08-30,2026-09-28,30,1.7361,2.2143,0.7505,-0.2237
ML_076,ML,Shillong,AIFS,rainfall_mm,48,2026-08-30,2026-09-28,30,2.5229,5.872,0.9859,-1.4974
ML_076,ML,Shillong,AIFS,temperature_c,48,2026-08-30,2026-09-28,30,0.72,0.9108,0.8547,-0.0432
ML_076,ML,Shillong,AIFS,wind_speed_kmh,48,2026-08-30,2026-09-28,30,1.579,1.8754,0.8809,0.2086
ML_076,ML,Shillong,IFS,rainfall_mm,48,2026-08-30,2026-09-28,30,2.3866,4.0027,0.985,0.8049
ML_076,ML,Shillong,IFS,temperature_c,48,2026-08-30,2026-09-28,30,1.0084,1.2275,0.5819,0.0051
ML_076,ML,Shillong,IFS,wind_speed_kmh,48,2026-08-30,2026-09-28,30,1.6301,1.9432,0.8285,-0.2634
ML_076,ML,Shillong,NCEP GFS,rainfall_mm,72,2026-08-30,2026-09-28,30,5.3735,11.9131,0.8946,-3.3618
ML_076,ML,Shillong,NCEP GFS,temperature_c,72,2026-08-30,2026-09-28,30,1.2054,1.4896,0.5474,0.5545
ML_076,ML,Shillong,NCEP GFS,wind_speed_kmh,72,2026-08-30,2026-09-28,30,2.3263,2.8229,0.8319,1.3776
ML_076,ML,Shillong,GFS ENSEMBLE,rainfall_mm,72,2026-08-30,2026-09-28,30,3.9312,6.8032,0.959,-1.2194
ML_076,ML,Shillong,GFS ENSEMBLE,temperature_c,72,2026-08-30,2026-09-28,30,1.3404,1.6325,0.6361,0.7465
ML_076,ML,Shillong,GFS ENSEMBLE,wind_speed_kmh,72,2026-08-30,2026-09-28,30,1.3483,1.6986,0.8576,0.2189
ML_076,ML,Shillong,AIFS,rainfall_mm,72,2026-08-30,2026-09-28,30,3.7788,9.7055,0.9029,-1.7254
ML_076,ML,Shillong,AIFS,temperature_c,72,2026-08-30,2026-09-28,30,1.0769,1.2633,0.6859,0.1031
ML_076,ML,Shillong,AIFS,wind_speed_kmh,72,2026-08-30,2026-09-28,30,1.2499,1.5675,0.8873,-0.0557
ML_076,ML,Shillong,IFS,rainfall_mm,72,2026-08-30,2026-09-28,30,4.6214,10.1623,0.9164,-2.1618
ML_076,ML,Shillong,IFS,temperature_c,72,2026-08-30,2026-09-28,30,0.9154,1.126,0.7009,-0.0285
ML_076,ML,Shillong,IFS,wind_speed_kmh,72,2026-08-30,2026-09-28,30,1.7302,2.2667,0.7694,0.4743
ML_077,ML,Tura,NCEP GFS,rainfall_mm,24,2026-08-30,2026-09-28,30,2.2431,4.297,0.9671,-0.129
ML_077,ML,Tura,NCEP GFS,temperature_c,24,2026-08-30,2026-09-28,30,1.2244,1.5316,0.7011,0.2637
ML_077,ML,Tura,NCEP GFS,wind_speed_kmh,24,2026-08-30,2026-09-28,30,2.2866,2.7741,0.8103,0.1451
ML_077,ML,Tura,GFS ENSEMBLE,rainfall_mm,24,2026-08-30,2026-09-28,30,2.5794,4.0234,0.9723,-1.5643
ML_077,ML,Tura,GFS ENSEMBLE,temperature_c,24,2026-08-30,2026-09-28,30,0.8318,1.079,0.6906,-0.0183
ML_077,ML,Tura,GFS ENSEMBLE,wind_speed_kmh,24,2026-08-30,2026-09-28,30,1.6113,1.984,0.851,0.4614
ML_077,ML,Tura,AIFS,rainfall_mm,24,2026-08-30,2026-09-28,30,2.2848,4.181,0.9652,-0.6453
ML_077,ML,Tura,AIFS,temperature_c,24,2026-08-30,2026-09-28,30,0.5046,0.6171,0.9022,0.0381
ML_077,ML,Tura,AIFS,wind_speed_kmh,24,2026-08-30,2026-09-28,30,1.0998,1.3154,0.9282,-0.1536
ML_077,ML,Tura,IFS,rainfall_mm,24,2026-08-30,2026-09-28,30,2.2124,3.878,0.9716,0.8827
ML_077,ML,Tura,IFS,temperature_c,24,2026-08-30,2026-09-28,30,0.7104,0.8636,0.8889,0.1001
ML_077,ML,Tura,IFS,wind_speed_kmh,24,2026-08-30,2026-09-28,30,1.2045,1.4832,0.9006,0.1444
ML_077,ML,Tura,NCEP GFS,rainfall_mm,48,2026-08-30,2026-09-28,30,3.701,6.7017,0.9511,-3.2473
ML_077,ML,Tura,NCEP GFS,temperature_c,48,2026-08-30,2026-09-28,30,1.1318,1.4381,0.675,0.0511
ML_077,ML,Tura,NCEP GFS,wind_speed_kmh,48,2026-08-30,2026-09-28,30,2.1756,2.7055,0.7374,0.2944
ML_077,ML,Tura,GFS ENSEMBLE,rainfall_mm,48,2026-08-30,2026-09-28,30,3.1022,5.8019,0.9645,-2.91
ML_077,ML,Tura,GFS ENSEMBLE,temperature_c,48,2026-08-30,2026-09-28,30,0.743,0.8755,0.8218,0.1491
ML_077,ML,Tura,GFS ENSEMBLE,wind_speed_kmh,48,2026-08-30,2026-09-28,30,1.6047,1.9817,0.8597,0.3001
ML_077,ML,Tura,AIFS,rainfall_mm,48,2026-08-30,2026-09-28,30,2.4274,5.0477,0.9491,-0.861
ML_077,ML,Tura,AIFS,temperature_c,48,2026-08-30,2026-09-28,30,0.8813,1.0928,0.7677,-0.1939
ML_077,ML,Tura,AIFS,wind_speed_kmh,48,2026-08-30,2026-09-28,30,1.4471,1.7404,0.8882,0.3368
ML_077,ML,Tura,IFS,rainfall_mm,48,2026-08-30,2026-09-28,30,2.7283,5.6354,0.9376,-1.2597
ML_077,ML,Tura,IFS,temperature_c,48,2026-08-30,2026-09-28,30,0.8043,0.9628,0.8283,0.1681
ML_077,ML,Tura,IFS,wind_speed_kmh,48,2026-08-30,2026-09-28,30,1.3754,1.6687,0.8819,-0.2112
ML_077,ML,Tura,NCEP GFS,rainfall_mm,72,2026-08-30,2026-09-28,30,4.4617,9.7363,0.7959,-1.81
ML_077,ML,Tura,NCEP GFS,temperature_c,72,2026-08-30,2026-09-28,30,1.4828,1.7681,0.4914,0.6464
ML_077,ML,Tura,NCEP GFS,wind_speed_kmh,72,2026-08-30,2026-09-28,30,2.6966,3.2265,0.8432,1.1431
ML_077,ML,Tura,GFS ENSEMBLE,rainfall_mm,72,2026-08-30,2026-09-28,30,3.9258,6.9537,0.9234,-3.0907
ML_077,ML,Tura,GFS ENSEMBLE,temperature_c,72,2026-08-30,2026-09-28,30,0.8756,1.1309,0.6227,0.1557
ML_077,ML,Tura,GFS ENSEMBLE,wind_speed_kmh,72,2026-08-30,2026-09-28,30,2.3621,2.952,0.7147,-0.4926
ML_077,ML,Tura,AIFS,rainfall_mm,72,2026-08-30,2026-09-28,30,3.3477,6.1923,0.9208,-0.7663
ML_077,ML,Tura,AIFS,temperature_c,72,2026-08-30,2026-09-28,30,1.0144,1.2259,0.7141,0.0201
ML_077,ML,Tura,AIFS,wind_speed_kmh,72,2026-08-30,2026-09-28,30,1.7055,2.1558,0.9061,-0.3019
ML_077,ML,Tura,IFS,rainfall_mm,72,2026-08-30,2026-09-28,30,2.4363,4.3714,0.9728,-1.369
ML_077,ML,Tura,IFS,temperature_c,72,2026-08-30,2026-09-28,30,1.0382,1.3897,0.7049,0.1381
ML_077,ML,Tura,IFS,wind_speed_kmh,72,2026-08-30,2026-09-28,30,1.7703,2.1171,0.8156,0.3068
ML_078,ML,Jowai,NCEP GFS,rainfall_mm,24,2026-08-30,2026-09-28,30,0.9514,1.4565,0.9926,0.2169
ML_078,ML,Jowai,NCEP GFS,temperature_c,24,2026-08-30,2026-09-28,30,0.9301,1.1098,0.729,0.4354
ML_078,ML,Jowai,NCEP GFS,wind_speed_kmh,24,2026-08-30,2026-09-28,30,1.7678,2.2258,0.7805,-0.0925
ML_078,ML,Jowai,GFS ENSEMBLE,rainfall_mm,24,2026-08-30,2026-09-28,30,1.1046,1.9034,0.9841,0.2926
ML_078,ML,Jowai,GFS ENSEMBLE,temperature_c,24,2026-08-30,2026-09-28,30,0.6624,0.8285,0.8079,0.2067
ML_078,ML,Jowai,GFS ENSEMBLE,wind_speed_kmh,24,2026-08-30,2026-09-28,30,1.3191,1.6165,0.8483,0.1748
ML_078,ML,Jowai,AIFS,rainfall_mm,24,2026-08-30,2026-09-28,30,0.8412,1.4541,0.9915,0.3329
ML_078,ML,Jowai,AIFS,temperature_c,24,2026-08-30,2026-09-28,30,0.7508,0.8924,0.8499,-0.3559
ML_078,ML,Jowai,AIFS,wind_speed_kmh,24,2026-08-30,2026-09-28,30,1.3585,1.7499,0.8654,0.3008
ML_078,ML,Jowai,IFS,rainfall_mm,24,2026-08-30,2026-09-28,30,1.2246,1.9339,0.9835,0.5719
ML_078,ML,Jowai,IFS,temperature_c,24,2026-08-30,2026-09-28,30,0.8038,0.9684,0.7863,0.1044
ML_078,ML,Jowai,IFS,wind_speed_kmh,24,2026-08-30,2026-09-28,30,1.4213,1.8818,0.8964,-0.0118
ML_078,ML,Jowai,NCEP GFS,rainfall_mm,48,2026-08-30,2026-09-28,30,2.4936,4.8764,0.9291,-2.1284
ML_078,ML,Jowai,NCEP GFS,temperature_c,48,2026-08-30,2026-09-28,30,1.2409,1.4045,0.5768,0.2557
ML_078,ML,Jowai,NCEP GFS,wind_speed_kmh,48,2026-08-30,2026-09-28,30,2.3381,2.8224,0.7293,0.3232
ML_078,ML,Jowai,GFS ENSEMBLE,rainfall_mm,48,2026-08-30,2026-09-28,30,1.6321,3.3103,0.955,-1.0894
ML_078,ML,Jowai,GFS ENSEMBLE,temperature_c,48,2026-08-30,2026-09-28,30,0.9668,1.1927,0.762,-0.2769
ML_078,ML,Jowai,GFS ENSEMBLE,wind_speed_kmh,48,2026-08-30,2026-09-28,30,2.0123,2.3966,0.7231,-0.0438
ML_078,ML,Jowai,AIFS,rainfall_mm,48,2026-08-30,2026-09-28,30,1.0468,1.5944,0.9883,0.2053
ML_078,ML,Jowai,AIFS,temperature_c,48,2026-08-30,2026-09-28,30,0.8116,1.0901,0.7482,-0.2299
ML_078,ML,Jowai,AIFS,wind_speed_kmh,48,2026-08-30,2026-09-28,30,1.4792,1.8219,0.8627,-0.4922
ML_078,ML,Jowai,IFS,rainfall_mm,48,2026-08-30,2026-09-28,30,1.1688,1.9038,0.9828,0.1833
ML_078,ML,Jowai,IFS,temperature_c,48,2026-08-30,2026-09-28,30,0.8351,1.0468,0.6972,-0.2626
ML_078,ML,Jowai,IFS,wind_speed_kmh,48,2026-08-30,2026-09-28,30,1.74,2.182,0.7762,-0.0315
ML_078,ML,Jowai,NCEP GFS,rainfall_mm,72,2026-08-30,2026-09-28,30,1.6724,2.827,0.965,-0.5834
ML_078,ML,Jowai,NCEP GFS,temperature_c,72,2026-08-30,2026-09-28,30,1.3078,1.5869,0.7609,0.5707
ML_078,ML,Jowai,NCEP GFS,wind_speed_kmh,72,2026-08-30,2026-09-28,30,2.5307,3.083,0.5807,-0.0162
ML_078,ML,Jowai,GFS ENSEMBLE,rainfall_mm,72,2026-08-30,2026-09-28,30,1.6084,2.5494,0.9708,-0.5297
ML_078,ML,Jowai,GFS ENSEMBLE,temperature_c,72,2026-08-30,2026-09-28,30,1.0963,1.3597,0.5498,0.0361
ML_078,ML,Jowai,GFS ENSEMBLE,wind_speed_kmh,72,2026-08-30,2026-09-28,30,2.5302,3.1021,0.5389,0.7165
ML_078,ML,Jowai,AIFS,rainfall_mm,72,2026-08-30,2026-09-28,30,1.5306,2.8805,0.9759,0.2639
ML_078,ML,Jowai,AIFS,temperature_c,72,2026-08-30,2026-09-28,30,0.9631,1.2122,0.5712,-0.0789
ML_078,ML,Jowai,AIFS,wind_speed_kmh,72,2026-08-30,2026-09-28,30,1.931,2.3051,0.8274,0.7955
ML_078,ML,Jowai,IFS,rainfall_mm,72,2026-08-30,2026-09-28,30,1.3623,1.994,0.9817,-0.4114
ML_078,ML,Jowai,IFS,temperature_c,72,2026-08-30,2026-09-28,30,0.9062,1.1909,0.7946,-0.1266
ML_078,ML,Jowai,IFS,wind_speed_kmh,72,2026-08-30,2026-09-28,30,2.153,2.6023,0.7076,0.5028
ML_079,ML,Nongpoh,NCEP GFS,rainfall_mm,24,2026-08-30,2026-09-28,30,0.682,1.2957,0.987,-0.3468
ML_079,ML,Nongpoh,NCEP GFS,temperature_c,24,2026-08-30,2026-09-28,30,1.3018,1.6024,0.7767,0.1983
ML_079,ML,Nongpoh,NCEP GFS,wind_speed_kmh,24,2026-08-30,2026-09-28,30,1.9695,2.2574,0.7623,0.3526
ML_079,ML,Nongpoh,GFS ENSEMBLE,rainfall_mm,24,2026-08-30,2026-09-28,30,0.8335,1.4318,0.9833,-0.2071
ML_079,ML,Nongpoh,GFS ENSEMBLE,temperature_c,24,2026-08-30,2026-09-28,30,0.7232,0.8985,0.7508,0.012
ML_079,ML,Nongpoh,GFS ENSEMBLE,wind_speed_kmh,24,2026-08-30,2026-09-28,30,1.4976,1.9768,0.8777,-0.2748
ML_079,ML,Nongpoh,AIFS,rainfall_mm,24,2026-08-30,2026-09-28,30,0.8854,1.3189,0.9867,-0.1498
ML_079,ML,Nongpoh,AIFS,temperature_c,24,2026-08-30,2026-09-28,30,0.8602,1.0925,0.6213,0.056
ML_079,ML,Nongpoh,AIFS,wind_speed_kmh,24,2026-08-30,2026-09-28,30,1.3215,1.6261,0.8786,-0.4308
ML_079,ML,Nongpoh,IFS,rainfall_mm,24,2026-08-30,2026-09-28,30,0.8979,1.5338,0.9811,0.2389
ML_079,ML,Nongpoh,IFS,temperature_c,24,2026-08-30,2026-09-28,30,0.8488,1.0912,0.7387,-0.173
ML_079,ML,Nongpoh,IFS,wind_speed_kmh,24,2026-08-30,2026-09-28,30,1.3411,1.7915,0.821,0.0862
ML_079,ML,Nongpoh,NCEP GFS,rainfall_mm,48,2026-08-30,2026-09-28,30,1.3001,2.2045,0.9617,-0.5731
ML_079,ML,Nongpoh,NCEP GFS,temperature_c,48,2026-08-30,2026-09-28,30,1.1632,1.4907,0.6792,0.471
ML_079,ML,Nongpoh,NCEP GFS,wind_speed_kmh,48,2026-08-30,2026-09-28,30,2.0097,2.7147,0.6341,0.4546
ML_079,ML,Nongpoh,GFS ENSEMBLE,rainfall_mm,48,2026-08-30,2026-09-28,30,0.79,1.2947,0.9868,-0.3114
ML_079,ML,Nongpoh,GFS ENSEMBLE,temperature_c,48,2026-08-30,2026-09-28,30,1.0975,1.3858,0.6709,0.4967
ML_079,ML,Nongpoh,GFS ENSEMBLE,wind_speed_kmh,48,2026-08-30,2026-09-28,30,1.7719,2.193,0.8674,-0.6734
ML_079,ML,Nongpoh,AIFS,rainfall_mm,48,2026-08-30,2026-09-28,30,0.7224,1.1518,0.9906,0.1376
ML_079,ML,Nongpoh,AIFS,temperature_c,48,2026-08-30,2026-09-28,30,0.6621,0.8802,0.8696,-0.0053
ML_079,ML,Nongpoh,AIFS,wind_speed_kmh,48,2026-08-30,2026-09-28,30,2.0581,2.427,0.8601,0.0949
ML_079,ML,Nongpoh,IFS,rainfall_mm,48,2026-08-30,2026-09-28,30,0.8571,1.4447,0.9841,-0.0324
ML_079,ML,Nongpoh,IFS,temperature_c,48,2026-08-30,2026-09-28,30,0.9768,1.1815,0.7992,-0.2943
ML_079,ML,Nongpoh,IFS,wind_speed_kmh,48,2026-08-30,2026-09-28,30,1.3983,1.6708,0.8767,0.0449
ML_079,ML,Nongpoh,NCEP GFS,rainfall_mm,72,2026-08-30,2026-09-28,30,1.8206,3.5934,0.9015,-1.2114
ML_079,ML,Nongpoh,NCEP GFS,temperature_c,72,2026-08-30,2026-09-28,30,1.382,1.7051,0.6494,0.4643
ML_079,ML,Nongpoh,NCEP GFS,wind_speed_kmh,72,2026-08-30,2026-09-28,30,2.1985,3.0093,0.7502,0.9526
ML_079,ML,Nongpoh,GFS ENSEMBLE,rainfall_mm,72,2026-08-30,2026-09-28,30,1.8607,3.3528,0.9281,-0.7994
ML_079,ML,Nongpoh,GFS ENSEMBLE,temperature_c,72,2026-08-30,2026-09-28,30,1.0001,1.1919,0.769,0.3997
ML_079,ML,Nongpoh,GFS ENSEMBLE,wind_speed_kmh,72,2026-08-30,2026-09-28,30,2.1797,2.6672,0.8028,0.8512
ML_079,ML,Nongpoh,AIFS,rainfall_mm,72,2026-08-30,2026-09-28,30,1.493,2.5161,0.9563,0.3172
ML_079,ML,Nongpoh,AIFS,temperature_c,72,2026-08-30,2026-09-28,30,1.2205,1.3886,0.7055,0.4093
ML_079,ML,Nongpoh,AIFS,wind_speed_kmh,72,2026-08-30,2026-09-28,30,1.8118,2.2501,0.8174,-0.3048
ML_079,ML,Nongpoh,IFS,rainfall_mm,72,2026-08-30,2026-09-28,30,1.5392,2.8659,0.9326,-0.4071
ML_079,ML,Nongpoh,IFS,temperature_c,72,2026-08-30,2026-09-28,30,0.7964,1.1042,0.8262,-0.0797
ML_079,ML,Nongpoh,IFS,wind_speed_kmh,72,2026-08-30,2026-09-28,30,2.0283,2.4805,0.7665,-0.1961
ML_080,ML,Baghmara,NCEP GFS,rainfall_mm,24,2026-08-30,2026-09-28,30,2.251,4.8973,0.9818,-1.3881
ML_080,ML,Baghmara,NCEP GFS,temperature_c,24,2026-08-30,2026-09-28,30,1.2159,1.4554,0.6587,0.8401
ML_080,ML,Baghmara,NCEP GFS,wind_speed_kmh,24,2026-08-30,2026-09-28,30,2.1448,2.6,0.8019,0.4964
ML_080,ML,Baghmara,GFS ENSEMBLE,rainfall_mm,24,2026-08-30,2026-09-28,30,2.0568,4.4787,0.9852,-0.2277
ML_080,ML,Baghmara,GFS ENSEMBLE,temperature_c,24,2026-08-30,2026-09-28,30,0.7543,0.8872,0.774,0.1671
ML_080,ML,Baghmara,GFS ENSEMBLE,wind_speed_kmh,24,2026-08-30,2026-09-28,30,1.1518,1.3605,0.9292,0.5141
ML_080,ML,Baghmara,AIFS,rainfall_mm,24,2026-08-30,2026-09-28,30,1.1879,2.8947,0.9963,-0.8967
ML_080,ML,Baghmara,AIFS,temperature_c,24,2026-08-30,2026-09-28,30,0.6192,0.8071,0.8102,-0.2786
ML_080,ML,Baghmara,AIFS,wind_speed_kmh,24,2026-08-30,2026-09-28,30,1.3092,1.7752,0.8635,0.3697
ML_080,ML,Baghmara,IFS,rainfall_mm,24,2026-08-30,2026-09-28,30,1.626,3.2338,0.9897,-0.6417
ML_080,ML,Baghmara,IFS,temperature_c,24,2026-08-30,2026-09-28,30,0.6982,0.9054,0.7484,-0.0349
ML_080,ML,Baghmara,IFS,wind_speed_kmh,24,2026-08-30,2026-09-28,30,1.2345,1.4548,0.9093,0.2614
ML_080,ML,Baghmara,NCEP GFS,rainfall_mm,48,2026-08-30,2026-09-28,30,2.896,6.1367,0.9568,-0.4767
ML_080,ML,Baghmara,NCEP GFS,temperature_c,48,2026-08-30,2026-09-28,30,1.3565,1.5922,0.5974,-0.0289
ML_080,ML,Baghmara,NCEP GFS,wind_speed_kmh,48,2026-08-30,2026-09-28,30,2.108,2.5389,0.8292,0.9797
ML_080,ML,Baghmara,GFS ENSEMBLE,rainfall_mm,48,2026-08-30,2026-09-28,30,1.4733,2.2901,0.9946,-0.0937
ML_080,ML,Baghmara,GFS ENSEMBLE,temperature_c,48,2026-08-30,2026-09-28,30,0.9768,1.1744,0.5035,0.3371
ML_080,ML,Baghmara,GFS ENSEMBLE,wind_speed_kmh,48,2026-08-30,2026-09-28,30,1.9536,2.2726,0.8092,0.6681
ML_080,ML,Baghmara,AIFS,rainfall_mm,48,2026-08-30,2026-09-28,30,2.3031,5.136,0.9771,-0.5044
ML_080,ML,Baghmara,AIFS,temperature_c,48,2026-08-30,2026-09-28,30,0.6573,0.8243,0.8534,0.0221
ML_080,ML,Baghmara,AIFS,wind_speed_kmh,48,2026-08-30,2026-09-28,30,1.3928,1.7696,0.8916,-0.3329
ML_080,ML,Baghmara,IFS,rainfall_mm,48,2026-08-30,2026-09-28,30,2.0872,3.7851,0.985,-0.4207
ML_080,ML,Baghmara,IFS,temperature_c,48,2026-08-30,2026-09-28,30,0.9626,1.1834,0.7059,-0.1339
ML_080,ML,Baghmara,IFS,wind_speed_kmh,48,2026-08-30,2026-09-28,30,1.6157,1.9661,0.7821,-0.0186
ML_080,ML,Baghmara,NCEP GFS,rainfall_mm,72,2026-08-30,2026-09-28,30,5.3724,14.3367,0.9359,0.9343
ML_080,ML,Baghmara,NCEP GFS,temperature_c,72,2026-08-30,2026-09-28,30,1.262,1.5808,0.4811,-0.1596
ML_080,ML,Baghmara,NCEP GFS,wind_speed_kmh,72,2026-08-30,2026-09-28,30,2.7992,3.4407,0.7276,1.3204
ML_080,ML,Baghmara,GFS ENSEMBLE,rainfall_mm,72,2026-08-30,2026-09-28,30,4.16,10.6303,0.9173,-3.3281
ML_080,ML,Baghmara,GFS ENSEMBLE,temperature_c,72,2026-08-30,2026-09-28,30,1.266,1.5446,0.4061,0.3307
ML_080,ML,Baghmara,GFS ENSEMBLE,wind_speed_kmh,72,2026-08-30,2026-09-28,30,2.6797,3.1705,0.8101,0.5941
ML_080,ML,Baghmara,AIFS,rainfall_mm,72,2026-08-30,2026-09-28,30,2.2995,4.327,0.9791,-0.3814
ML_080,ML,Baghmara,AIFS,temperature_c,72,2026-08-30,2026-09-28,30,1.0361,1.2955,0.5712,-0.3233
ML_080,ML,Baghmara,AIFS,wind_speed_kmh,72,2026-08-30,2026-09-28,30,1.5197,1.8617,0.8462,-0.4006
ML_080,ML,Baghmara,IFS,rainfall_mm,72,2026-08-30,2026-09-28,30,1.7744,3.018,0.992,0.7306
ML_080,ML,Baghmara,IFS,temperature_c,72,2026-08-30,2026-09-28,30,1.1507,1.3927,0.5723,0.5821
ML_080,ML,Baghmara,IFS,wind_speed_kmh,72,2026-08-30,2026-09-28,30,1.6683,2.0127,0.8557,0.0397
MZ_081,MZ,Aizawl,NCEP GFS,rainfall_mm,24,2026-08-30,2026-09-28,30,1.4023,3.1441,0.9342,0.0448
MZ_081,MZ,Aizawl,NCEP GFS,temperature_c,24,2026-08-30,2026-09-28,30,1.0445,1.2882,0.7144,0.5681
MZ_081,MZ,Aizawl,NCEP GFS,wind_speed_kmh,24,2026-08-30,2026-09-28,30,1.9493,2.3818,0.795,0.1535
MZ_081,MZ,Aizawl,GFS ENSEMBLE,rainfall_mm,24,2026-08-30,2026-09-28,30,1.3412,2.6806,0.9784,-1.2686
MZ_081,MZ,Aizawl,GFS ENSEMBLE,temperature_c,24,2026-08-30,2026-09-28,30,0.8847,1.0643,0.859,0.4735
MZ_081,MZ,Aizawl,GFS ENSEMBLE,wind_speed_kmh,24,2026-08-30,2026-09-28,30,1.3375,1.5392,0.8601,0.0272
MZ_081,MZ,Aizawl,AIFS,rainfall_mm,24,2026-08-30,2026-09-28,30,1.2919,2.4064,0.9566,0.2821
MZ_081,MZ,Aizawl,AIFS,temperature_c,24,2026-08-30,2026-09-28,30,0.6463,0.7592,0.8807,0.0208
MZ_081,MZ,Aizawl,AIFS,wind_speed_kmh,24,2026-08-30,2026-09-28,30,1.1153,1.3684,0.8903,-0.1885
MZ_081,MZ,Aizawl,IFS,rainfall_mm,24,2026-08-30,2026-09-28,30,1.1673,2.0217,0.9692,-0.1509
MZ_081,MZ,Aizawl,IFS,temperature_c,24,2026-08-30,2026-09-28,30,0.6124,0.7923,0.8716,0.0695
MZ_081,MZ,Aizawl,IFS,wind_speed_kmh,24,2026-08-30,2026-09-28,30,1.1364,1.6021,0.8777,0.1155
MZ_081,MZ,Aizawl,NCEP GFS,rainfall_mm,48,2026-08-30,2026-09-28,30,1.3974,2.5176,0.9513,-0.3649
MZ_081,MZ,Aizawl,NCEP GFS,temperature_c,48,2026-08-30,2026-09-28,30,1.1057,1.4921,0.6344,-0.1712
MZ_081,MZ,Aizawl,NCEP GFS,wind_speed_kmh,48,2026-08-30,2026-09-28,30,2.5551,2.9023,0.7469,0.3682
MZ_081,MZ,Aizawl,GFS ENSEMBLE,rainfall_mm,48,2026-08-30,2026-09-28,30,0.9865,1.3697,0.9855,-0.0299
MZ_081,MZ,Aizawl,GFS ENSEMBLE,temperature_c,48,2026-08-30,2026-09-28,30,0.9154,1.2549,0.7613,0.3878
MZ_081,MZ,Aizawl,GFS ENSEMBLE,wind_speed_kmh,48,2026-08-30,2026-09-28,30,1.4311,1.7036,0.8682,-0.1418
MZ_081,MZ,Aizawl,AIFS,rainfall_mm,48,2026-08-30,2026-09-28,30,1.4315,2.6783,0.9435,0.0561
MZ_081,MZ,Aizawl,AIFS,temperature_c,48,2026-08-30,2026-09-28,30,0.626,0.7531,0.8625,0.0318
MZ_081,MZ,Aizawl,AIFS,wind_speed_kmh,48,2026-08-30,2026-09-28,30,1.5681,1.8964,0.8624,0.2818
MZ_081,MZ,Aizawl,IFS,rainfall_mm,48,2026-08-30,2026-09-28,30,1.2413,2.0413,0.969,-0.0569
MZ_081,MZ,Aizawl,IFS,temperature_c,48,2026-08-30,2026-09-28,30,0.849,0.9755,0.8522,0.1185
MZ_081,MZ,Aizawl,IFS,wind_speed_kmh,48,2026-08-30,2026-09-28,30,1.3245,1.6579,0.8819,-0.1475
MZ_081,MZ,Aizawl,NCEP GFS,rainfall_mm,72,2026-08-30,2026-09-28,30,1.9305,4.0228,0.8775,-0.2186
MZ_081,MZ,Aizawl,NCEP GFS,temperature_c,72,2026-08-30,2026-09-28,30,1.5034,1.9382,0.5014,0.8918
MZ_081,MZ,Aizawl,NCEP GFS,wind_speed_kmh,72,2026-08-30,2026-09-28,30,3.1877,3.8377,0.3816,0.8825
MZ_081,MZ,Aizawl,GFS ENSEMBLE,rainfall_mm,72,2026-08-30,2026-09-28,30,2.0727,4.0225,0.8813,-1.2842
MZ_081,MZ,Aizawl,GFS ENSEMBLE,temperature_c,72,2026-08-30,2026-09-28,30,1.0327,1.3108,0.7147,0.2201
MZ_081,MZ,Aizawl,GFS ENSEMBLE,wind_speed_kmh,72,2026-08-30,2026-09-28,30,1.6585,2.0119,0.8742,0.5342
MZ_081,MZ,Aizawl,AIFS,rainfall_mm,72,2026-08-30,2026-09-28,30,1.74,3.6729,0.9151,-1.1692
MZ_081,MZ,Aizawl,AIFS,temperature_c,72,2026-08-30,2026-09-28,30,1.0221,1.2103,0.5884,-0.1939
MZ_081,MZ,Aizawl,AIFS,wind_speed_kmh,72,2026-08-30,2026-09-28,30,1.831,2.3067,0.7935,-0.0042
MZ_081,MZ,Aizawl,IFS,rainfall_mm,72,2026-08-30,2026-09-28,30,2.024,3.7694,0.8861,-0.4392
MZ_081,MZ,Aizawl,IFS,temperature_c,72,2026-08-30,2026-09-28,30,1.0536,1.2844,0.7521,-0.0119
MZ_081,MZ,Aizawl,IFS,wind_speed_kmh,72,2026-08-30,2026-09-28,30,1.7747,2.2468,0.7656,0.6508
MZ_082,MZ,Lunglei,NCEP GFS,rainfall_mm,24,2026-08-30,2026-09-28,30,1.6264,5.6236,0.9854,-1.1116
MZ_082,MZ,Lunglei,NCEP GFS,temperature_c,24,2026-08-30,2026-09-28,30,0.9345,1.1076,0.7307,0.4893
MZ_082,MZ,Lunglei,NCEP GFS,wind_speed_kmh,24,2026-08-30,2026-09-28,30,1.8441,2.1059,0.8323,0.4133
MZ_082,MZ,Lunglei,GFS ENSEMBLE,rainfall_mm,24,2026-08-30,2026-09-28,30,2.672,9.5191,0.9211,-1.5522
MZ_082,MZ,Lunglei,GFS ENSEMBLE,temperature_c,24,2026-08-30,2026-09-28,30,0.691,0.8279,0.8457,-0.081
MZ_082,MZ,Lunglei,GFS ENSEMBLE,wind_speed_kmh,24,2026-08-30,2026-09-28,30,1.6605,1.9766,0.8001,0.107
MZ_082,MZ,Lunglei,AIFS,rainfall_mm,24,2026-08-30,2026-09-28,30,1.072,2.0275,0.995,0.3031
MZ_082,MZ,Lunglei,AIFS,temperature_c,24,2026-08-30,2026-09-28,30,0.6854,0.7963,0.7627,-0.2697
MZ_082,MZ,Lunglei,AIFS,wind_speed_kmh,24,2026-08-30,2026-09-28,30,1.3882,1.6742,0.9009,0.1003
MZ_082,MZ,Lunglei,IFS,rainfall_mm,24,2026-08-30,2026-09-28,30,0.7552,1.493,0.9961,0.0824
MZ_082,MZ,Lunglei,IFS,temperature_c,24,2026-08-30,2026-09-28,30,0.563,0.7558,0.8853,0.0127
MZ_082,MZ,Lunglei,IFS,wind_speed_kmh,24,2026-08-30,2026-09-28,30,1.4916,1.8257,0.8654,0.0193
MZ_082,MZ,Lunglei,NCEP GFS,rainfall_mm,48,2026-08-30,2026-09-28,30,1.7812,3.926,0.9893,0.4904
MZ_082,MZ,Lunglei,NCEP GFS,temperature_c,48,2026-08-30,2026-09-28,30,1.3245,1.5735,0.6398,0.594
MZ_082,MZ,Lunglei,NCEP GFS,wind_speed_kmh,48,2026-08-30,2026-09-28,30,2.3462,2.9019,0.6547,1.5983
MZ_082,MZ,Lunglei,GFS ENSEMBLE,rainfall_mm,48,2026-08-30,2026-09-28,30,1.3488,2.5668,0.9934,0.7181
MZ_082,MZ,Lunglei,GFS ENSEMBLE,temperature_c,48,2026-08-30,2026-09-28,30,0.7301,0.8824,0.8102,0.1103
MZ_082,MZ,Lunglei,GFS ENSEMBLE,wind_speed_kmh,48,2026-08-30,2026-09-28,30,1.5016,1.7823,0.8662,-0.323
MZ_082,MZ,Lunglei,AIFS,rainfall_mm,48,2026-08-30,2026-09-28,30,0.99,2.0569,0.9967,0.3744
MZ_082,MZ,Lunglei,AIFS,temperature_c,48,2026-08-30,2026-09-28,30,0.6876,0.8339,0.8205,0.0603
MZ_082,MZ,Lunglei,AIFS,wind_speed_kmh,48,2026-08-30,2026-09-28,30,1.4431,1.8819,0.8966,-0.246
MZ_082,MZ,Lunglei,IFS,rainfall_mm,48,2026-08-30,2026-09-28,30,1.1535,2.6016,0.9973,0.5991
MZ_082,MZ,Lunglei,IFS,temperature_c,48,2026-08-30,2026-09-28,30,0.8791,1.0559,0.757,-0.1657
MZ_082,MZ,Lunglei,IFS,wind_speed_kmh,48,2026-08-30,2026-09-28,30,2.0476,2.4476,0.8165,0.8473
MZ_082,MZ,Lunglei,NCEP GFS,rainfall_mm,72,2026-08-30,2026-09-28,30,0.958,1.6552,0.9957,0.1621
MZ_082,MZ,Lunglei,NCEP GFS,temperature_c,72,2026-08-30,2026-09-28,30,1.4304,1.7703,0.7123,0.0423
MZ_082,MZ,Lunglei,NCEP GFS,wind_speed_kmh,72,2026-08-30,2026-09-28,30,2.0211,2.33,0.7966,0.6173
MZ_082,MZ,Lunglei,GFS ENSEMBLE,rainfall_mm,72,2026-08-30,2026-09-28,30,2.3399,5.9901,0.9788,-0.5722
MZ_082,MZ,Lunglei,GFS ENSEMBLE,temperature_c,72,2026-08-30,2026-09-28,30,1.134,1.4274,0.6066,0.4373
MZ_082,MZ,Lunglei,GFS ENSEMBLE,wind_speed_kmh,72,2026-08-30,2026-09-28,30,1.7708,2.4221,0.8019,0.7327
MZ_082,MZ,Lunglei,AIFS,rainfall_mm,72,2026-08-30,2026-09-28,30,1.9117,4.8339,0.9931,1.1164
MZ_082,MZ,Lunglei,AIFS,temperature_c,72,2026-08-30,2026-09-28,30,0.9936,1.2101,0.6747,-0.239
MZ_082,MZ,Lunglei,AIFS,wind_speed_kmh,72,2026-08-30,2026-09-28,30,1.7923,2.3352,0.8475,0.7673
MZ_082,MZ,Lunglei,IFS,rainfall_mm,72,2026-08-30,2026-09-28,30,1.2703,2.1565,0.9924,-0.3692
MZ_082,MZ,Lunglei,IFS,temperature_c,72,2026-08-30,2026-09-28,30,0.98,1.2782,0.4812,-0.0857
MZ_082,MZ,Lunglei,IFS,wind_speed_kmh,72,2026-08-30,2026-09-28,30,1.927,2.4331,0.7925,-0.3627
MZ_083,MZ,Saiha,NCEP GFS,rainfall_mm,24,2026-08-30,2026-09-28,30,0.9037,1.4909,0.9859,0.0245
MZ_083,MZ,Saiha,NCEP GFS,temperature_c,24,2026-08-30,2026-09-28,30,0.8126,1.0705,0.6807,0.3963
MZ_083,MZ,Saiha,NCEP GFS,wind_speed_kmh,24,2026-08-30,2026-09-28,30,2.2805,2.7811,0.7362,0.2263
MZ_083,MZ,Saiha,GFS ENSEMBLE,rainfall_mm,24,2026-08-30,2026-09-28,30,1.11,1.733,0.9799,-0.4842
MZ_083,MZ,Saiha,GFS ENSEMBLE,temperature_c,24,2026-08-30,2026-09-28,30,0.6792,0.8311,0.7377,0.0553
MZ_083,MZ,Saiha,GFS ENSEMBLE,wind_speed_kmh,24,2026-08-30,2026-09-28,30,1.2181,1.4602,0.8971,-0.0867
MZ_083,MZ,Saiha,AIFS,rainfall_mm,24,2026-08-30,2026-09-28,30,1.2169,2.1028,0.9673,0.3158
MZ_083,MZ,Saiha,AIFS,temperature_c,24,2026-08-30,2026-09-28,30,0.6629,0.8126,0.8282,0.0223
MZ_083,MZ,Saiha,AIFS,wind_speed_kmh,24,2026-08-30,2026-09-28,30,1.2062,1.6013,0.8937,-0.3464
MZ_083,MZ,Saiha,IFS,rainfall_mm,24,2026-08-30,2026-09-28,30,1.1409,2.17,0.9637,-0.1375
MZ_083,MZ,Saiha,IFS,temperature_c,24,2026-08-30,2026-09-28,30,0.6013,0.7859,0.8291,0.0633
MZ_083,MZ,Saiha,IFS,wind_speed_kmh,24,2026-08-30,2026-09-28,30,1.1084,1.4342,0.9219,0.0496
MZ_083,MZ,Saiha,NCEP GFS,rainfall_mm,48,2026-08-30,2026-09-28,30,2.2031,4.1041,0.9402,0.3185
MZ_083,MZ,Saiha,NCEP GFS,temperature_c,48,2026-08-30,2026-09-28,30,1.0513,1.3686,0.7607,-0.0494
MZ_083,MZ,Saiha,NCEP GFS,wind_speed_kmh,48,2026-08-30,2026-09-28,30,2.0021,2.4628,0.8741,1.2326
MZ_083,MZ,Saiha,GFS ENSEMBLE,rainfall_mm,48,2026-08-30,2026-09-28,30,1.4849,2.2458,0.9694,-0.9255
MZ_083,MZ,Saiha,GFS ENSEMBLE,temperature_c,48,2026-08-30,2026-09-28,30,0.691,0.8849,0.7873,-0.0044
MZ_083,MZ,Saiha,GFS ENSEMBLE,wind_speed_kmh,48,2026-08-30,2026-09-28,30,1.3957,1.6724,0.8906,0.3053
MZ_083,MZ,Saiha,AIFS,rainfall_mm,48,2026-08-30,2026-09-28,30,1.1853,2.0667,0.9746,0.3055
MZ_083,MZ,Saiha,AIFS,temperature_c,48,2026-08-30,2026-09-28,30,0.7859,1.044,0.7688,-0.452
MZ_083,MZ,Saiha,AIFS,wind_speed_kmh,48,2026-08-30,2026-09-28,30,1.4167,1.7261,0.9075,0.1853
MZ_083,MZ,Saiha,IFS,rainfall_mm,48,2026-08-30,2026-09-28,30,2.0173,3.1696,0.9227,-0.4438
MZ_083,MZ,Saiha,IFS,temperature_c,48,2026-08-30,2026-09-28,30,0.9543,1.2749,0.6172,-0.1247
MZ_083,MZ,Saiha,IFS,wind_speed_kmh,48,2026-08-30,2026-09-28,30,1.633,2.0804,0.8262,-0.1747
MZ_083,MZ,Saiha,NCEP GFS,rainfall_mm,72,2026-08-30,2026-09-28,30,1.9466,2.7393,0.9487,0.6588
MZ_083,MZ,Saiha,NCEP GFS,temperature_c,72,2026-08-30,2026-09-28,30,1.3006,1.5019,0.4989,0.0663
MZ_083,MZ,Saiha,NCEP GFS,wind_speed_kmh,72,2026-08-30,2026-09-28,30,2.086,2.6372,0.8527,0.5376
MZ_083,MZ,Saiha,GFS ENSEMBLE,rainfall_mm,72,2026-08-30,2026-09-28,30,2.2072,3.6095,0.9076,-0.8258
MZ_083,MZ,Saiha,GFS ENSEMBLE,temperature_c,72,2026-08-30,2026-09-28,30,0.8242,1.0146,0.7304,0.1973
MZ_083,MZ,Saiha,GFS ENSEMBLE,wind_speed_kmh,72,2026-08-30,2026-09-28,30,2.4203,2.9521,0.6762,0.5639
MZ_083,MZ,Saiha,AIFS,rainfall_mm,72,2026-08-30,2026-09-28,30,2.1003,4.5541,0.87,-1.1465
MZ_083,MZ,Saiha,AIFS,temperature_c,72,2026-08-30,2026-09-28,30,0.8216,1.0671,0.715,0.0953
MZ_083,MZ,Saiha,AIFS,wind_speed_kmh,72,2026-08-30,2026-09-28,30,1.8355,2.0911,0.8373,0.4303
MZ_083,MZ,Saiha,IFS,rainfall_mm,72,2026-08-30,2026-09-28,30,1.5108,2.278,0.967,0.5918
MZ_083,MZ,Saiha,IFS,temperature_c,72,2026-08-30,2026-09-28,30,0.981,1.2976,0.6496,0.4603
MZ_083,MZ,Saiha,IFS,wind_speed_kmh,72,2026-08-30,2026-09-28,30,1.7419,1.9972,0.8366,0.5159
MZ_084,MZ,Champhai,NCEP GFS,rainfall_mm,24,2026-08-30,2026-09-28,30,1.0379,1.9236,0.9842,0.2528
MZ_084,MZ,Champhai,NCEP GFS,temperature_c,24,2026-08-30,2026-09-28,30,0.9955,1.2407,0.7739,0.1483
MZ_084,MZ,Champhai,NCEP GFS,wind_speed_kmh,24,2026-08-30,2026-09-28,30,1.8101,2.2941,0.8242,0.5214
MZ_084,MZ,Champhai,GFS ENSEMBLE,rainfall_mm,24,2026-08-30,2026-09-28,30,0.5399,0.899,0.9957,-0.1212
MZ_084,MZ,Champhai,GFS ENSEMBLE,temperature_c,24,2026-08-30,2026-09-28,30,0.743,0.8569,0.8337,0.2699
MZ_084,MZ,Champhai,GFS ENSEMBLE,wind_speed_kmh,24,2026-08-30,2026-09-28,30,1.4456,1.908,0.9071,0.5034
MZ_084,MZ,Champhai,AIFS,rainfall_mm,24,2026-08-30,2026-09-28,30,0.712,1.4934,0.9887,-0.1859
MZ_084,MZ,Champhai,AIFS,temperature_c,24,2026-08-30,2026-09-28,30,0.804,0.9959,0.721,0.1549
MZ_084,MZ,Champhai,AIFS,wind_speed_kmh,24,2026-08-30,2026-09-28,30,1.025,1.2712,0.9458,-0.2496
MZ_084,MZ,Champhai,IFS,rainfall_mm,24,2026-08-30,2026-09-28,30,1.212,2.5411,0.9692,-0.6655
MZ_084,MZ,Champhai,IFS,temperature_c,24,2026-08-30,2026-09-28,30,0.4543,0.5684,0.9161,0.1463
MZ_084,MZ,Champhai,IFS,wind_speed_kmh,24,2026-08-30,2026-09-28,30,1.1285,1.4596,0.9238,-0.158
MZ_084,MZ,Champhai,NCEP GFS,rainfall_mm,48,2026-08-30,2026-09-28,30,2.2766,4.9136,0.9662,1.7328
MZ_084,MZ,Champhai,NCEP GFS,temperature_c,48,2026-08-30,2026-09-28,30,1.2212,1.4553,0.738,0.7329
MZ_084,MZ,Champhai,NCEP GFS,wind_speed_kmh,48,2026-08-30,2026-09-28,30,2.0571,2.5703,0.8708,0.7764
MZ_084,MZ,Champhai,GFS ENSEMBLE,rainfall_mm,48,2026-08-30,2026-09-28,30,1.847,3.6063,0.9471,-1.1435
MZ_084,MZ,Champhai,GFS ENSEMBLE,temperature_c,48,2026-08-30,2026-09-28,30,0.745,0.956,0.7207,0.1049
MZ_084,MZ,Champhai,GFS ENSEMBLE,wind_speed_kmh,48,2026-08-30,2026-09-28,30,2.0195,2.5046,0.812,-0.3746
MZ_084,MZ,Champhai,AIFS,rainfall_mm,48,2026-08-30,2026-09-28,30,1.0065,1.8281,0.9814,0.0445
MZ_084,MZ,Champhai,AIFS,temperature_c,48,2026-08-30,2026-09-28,30,0.7765,0.98,0.7731,-0.1647
MZ_084,MZ,Champhai,AIFS,wind_speed_kmh,48,2026-08-30,2026-09-28,30,1.23,1.638,0.9127,0.4894
MZ_084,MZ,Champhai,IFS,rainfall_mm,48,2026-08-30,2026-09-28,30,2.0256,4.4484,0.9007,-0.2172
MZ_084,MZ,Champhai,IFS,temperature_c,48,2026-08-30,2026-09-28,30,0.8248,0.9954,0.8618,0.1269
MZ_084,MZ,Champhai,IFS,wind_speed_kmh,48,2026-08-30,2026-09-28,30,1.7735,2.2229,0.9009,0.6184
MZ_084,MZ,Champhai,NCEP GFS,rainfall_mm,72,2026-08-30,2026-09-28,30,2.5723,4.3541,0.9177,-0.4165
MZ_084,MZ,Champhai,NCEP GFS,temperature_c,72,2026-08-30,2026-09-28,30,1.2616,1.6616,0.6578,0.3473
MZ_084,MZ,Champhai,NCEP GFS,wind_speed_kmh,72,2026-08-30,2026-09-28,30,2.6764,3.4072,0.6958,0.6994
MZ_084,MZ,Champhai,GFS ENSEMBLE,rainfall_mm,72,2026-08-30,2026-09-28,30,0.6208,1.1195,0.9949,-0.4429
MZ_084,MZ,Champhai,GFS ENSEMBLE,temperature_c,72,2026-08-30,2026-09-28,30,1.186,1.5532,0.6147,0.4926
MZ_084,MZ,Champhai,GFS ENSEMBLE,wind_speed_kmh,72,2026-08-30,2026-09-28,30,2.3388,2.7549,0.7755,0.5464
MZ_084,MZ,Champhai,AIFS,rainfall_mm,72,2026-08-30,2026-09-28,30,1.3173,2.5337,0.9645,-0.2955
MZ_084,MZ,Champhai,AIFS,temperature_c,72,2026-08-30,2026-09-28,30,0.7804,0.8932,0.8176,-0.1294
MZ_084,MZ,Champhai,AIFS,wind_speed_kmh,72,2026-08-30,2026-09-28,30,1.7934,2.3164,0.8782,0.931
MZ_084,MZ,Champhai,IFS,rainfall_mm,72,2026-08-30,2026-09-28,30,1.4709,2.7669,0.958,-0.1872
MZ_084,MZ,Champhai,IFS,temperature_c,72,2026-08-30,2026-09-28,30,0.9583,1.1711,0.7112,0.0246
MZ_084,MZ,Champhai,IFS,wind_speed_kmh,72,2026-08-30,2026-09-28,30,1.6269,2.0152,0.9071,0.5964
MZ_085,MZ,Kolasib,NCEP GFS,rainfall_mm,24,2026-08-30,2026-09-28,30,3.6307,9.2476,0.9713,-0.8609
MZ_085,MZ,Kolasib,NCEP GFS,temperature_c,24,2026-08-30,2026-09-28,30,1.1235,1.381,0.7272,0.4215
MZ_085,MZ,Kolasib,NCEP GFS,wind_speed_kmh,24,2026-08-30,2026-09-28,30,1.4349,1.8545,0.9148,-0.1069
MZ_085,MZ,Kolasib,GFS ENSEMBLE,rainfall_mm,24,2026-08-30,2026-09-28,30,2.0004,4.3038,0.9967,-0.2822
MZ_085,MZ,Kolasib,GFS ENSEMBLE,temperature_c,24,2026-08-30,2026-09-28,30,0.638,0.7862,0.8563,0.0288
MZ_085,MZ,Kolasib,GFS ENSEMBLE,wind_speed_kmh,24,2026-08-30,2026-09-28,30,1.2154,1.5648,0.9284,0.2085
MZ_085,MZ,Kolasib,AIFS,rainfall_mm,24,2026-08-30,2026-09-28,30,2.7636,7.7289,0.9978,2.0328
MZ_085,MZ,Kolasib,AIFS,temperature_c,24,2026-08-30,2026-09-28,30,0.6658,0.8649,0.8256,-0.1972
MZ_085,MZ,Kolasib,AIFS,wind_speed_kmh,24,2026-08-30,2026-09-28,30,1.2141,1.5474,0.9388,-0.8299
MZ_085,MZ,Kolasib,IFS,rainfall_mm,24,2026-08-30,2026-09-28,30,0.9193,2.1476,0.9991,-0.3799
MZ_085,MZ,Kolasib,IFS,temperature_c,24,2026-08-30,2026-09-28,30,0.6024,0.7824,0.8633,-0.1179
MZ_085,MZ,Kolasib,IFS,wind_speed_kmh,24,2026-08-30,2026-09-28,30,1.293,1.5175,0.8915,0.0941
MZ_085,MZ,Kolasib,NCEP GFS,rainfall_mm,48,2026-08-30,2026-09-28,30,5.2813,16.328,0.9646,-3.8272
MZ_085,MZ,Kolasib,NCEP GFS,temperature_c,48,2026-08-30,2026-09-28,30,1.4242,1.754,0.7074,1.0338
MZ_085,MZ,Kolasib,NCEP GFS,wind_speed_kmh,48,2026-08-30,2026-09-28,30,3.1548,3.7214,0.8021,1.5865
MZ_085,MZ,Kolasib,GFS ENSEMBLE,rainfall_mm,48,2026-08-30,2026-09-28,30,3.912,10.8226,0.992,-2.2666
MZ_085,MZ,Kolasib,GFS ENSEMBLE,temperature_c,48,2026-08-30,2026-09-28,30,1.0535,1.1643,0.7517,0.2378
MZ_085,MZ,Kolasib,GFS ENSEMBLE,wind_speed_kmh,48,2026-08-30,2026-09-28,30,2.3099,2.6706,0.7981,1.1498
MZ_085,MZ,Kolasib,AIFS,rainfall_mm,48,2026-08-30,2026-09-28,30,3.3182,8.6877,0.9854,0.4558
MZ_085,MZ,Kolasib,AIFS,temperature_c,48,2026-08-30,2026-09-28,30,0.8314,1.0484,0.721,-0.4655
MZ_085,MZ,Kolasib,AIFS,wind_speed_kmh,48,2026-08-30,2026-09-28,30,1.3806,1.6814,0.8875,0.0258
MZ_085,MZ,Kolasib,IFS,rainfall_mm,48,2026-08-30,2026-09-28,30,5.3261,14.9922,0.9229,-1.7766
MZ_085,MZ,Kolasib,IFS,temperature_c,48,2026-08-30,2026-09-28,30,0.8244,1.0086,0.7816,-0.0959
MZ_085,MZ,Kolasib,IFS,wind_speed_kmh,48,2026-08-30,2026-09-28,30,1.4028,1.8742,0.9156,-0.9109
MZ_085,MZ,Kolasib,NCEP GFS,rainfall_mm,72,2026-08-30,2026-09-28,30,8.2938,22.3653,0.8352,-3.0796
MZ_085,MZ,Kolasib,NCEP GFS,temperature_c,72,2026-08-30,2026-09-28,30,1.509,1.8721,0.5787,0.3375
MZ_085,MZ,Kolasib,NCEP GFS,wind_speed_kmh,72,2026-08-30,2026-09-28,30,2.5457,3.0633,0.7401,0.8128
MZ_085,MZ,Kolasib,GFS ENSEMBLE,rainfall_mm,72,2026-08-30,2026-09-28,30,4.3754,12.702,0.9686,-3.0359
MZ_085,MZ,Kolasib,GFS ENSEMBLE,temperature_c,72,2026-08-30,2026-09-28,30,1.0221,1.2844,0.74,0.4088
MZ_085,MZ,Kolasib,GFS ENSEMBLE,wind_speed_kmh,72,2026-08-30,2026-09-28,30,2.4739,2.964,0.8476,0.4518
MZ_085,MZ,Kolasib,AIFS,rainfall_mm,72,2026-08-30,2026-09-28,30,2.2343,5.5058,0.9928,-1.1169
MZ_085,MZ,Kolasib,AIFS,temperature_c,72,2026-08-30,2026-09-28,30,1.1208,1.3191,0.6817,0.0881
MZ_085,MZ,Kolasib,AIFS,wind_speed_kmh,72,2026-08-30,2026-09-28,30,1.9852,2.5197,0.8525,0.3881
MZ_085,MZ,Kolasib,IFS,rainfall_mm,72,2026-08-30,2026-09-28,30,5.9811,18.0706,0.9622,-4.3516
MZ_085,MZ,Kolasib,IFS,temperature_c,72,2026-08-30,2026-09-28,30,0.9939,1.1828,0.8179,0.0521
MZ_085,MZ,Kolasib,IFS,wind_speed_kmh,72,2026-08-30,2026-09-28,30,1.881,2.3546,0.8686,1.2348
NL_086,NL,Kohima,NCEP GFS,rainfall_mm,24,2026-08-30,2026-09-28,30,1.9429,3.5789,0.9415,-0.3809
NL_086,NL,Kohima,NCEP GFS,temperature_c,24,2026-08-30,2026-09-28,30,0.8809,1.0087,0.7618,0.5745
NL_086,NL,Kohima,NCEP GFS,wind_speed_kmh,24,2026-08-30,2026-09-28,30,1.4695,1.8374,0.8243,0.3013
NL_086,NL,Kohima,GFS ENSEMBLE,rainfall_mm,24,2026-08-30,2026-09-28,30,1.5867,2.7739,0.9767,-1.0529
NL_086,NL,Kohima,GFS ENSEMBLE,temperature_c,24,2026-08-30,2026-09-28,30,0.668,0.8579,0.7751,0.0465
NL_086,NL,Kohima,GFS ENSEMBLE,wind_speed_kmh,24,2026-08-30,2026-09-28,30,1.6489,2.0503,0.8083,-0.1317
NL_086,NL,Kohima,AIFS,rainfall_mm,24,2026-08-30,2026-09-28,30,1.32,2.4019,0.9872,1.0481
NL_086,NL,Kohima,AIFS,temperature_c,24,2026-08-30,2026-09-28,30,0.6585,0.8065,0.7997,0.0358
NL_086,NL,Kohima,AIFS,wind_speed_kmh,24,2026-08-30,2026-09-28,30,1.2168,1.522,0.8837,-0.099
NL_086,NL,Kohima,IFS,rainfall_mm,24,2026-08-30,2026-09-28,30,1.0013,1.5639,0.9892,0.0365
NL_086,NL,Kohima,IFS,temperature_c,24,2026-08-30,2026-09-28,30,0.8694,1.0348,0.7923,-0.2889
NL_086,NL,Kohima,IFS,wind_speed_kmh,24,2026-08-30,2026-09-28,30,1.8705,2.2088,0.8417,0.22
NL_086,NL,Kohima,NCEP GFS,rainfall_mm,48,2026-08-30,2026-09-28,30,2.0005,3.7215,0.9512,-1.5979
NL_086,NL,Kohima,NCEP GFS,temperature_c,48,2026-08-30,2026-09-28,30,0.989,1.2876,0.6223,0.0341
NL_086,NL,Kohima,NCEP GFS,wind_speed_kmh,48,2026-08-30,2026-09-28,30,1.6145,1.9212,0.8554,-0.1147
NL_086,NL,Kohima,GFS ENSEMBLE,rainfall_mm,48,2026-08-30,2026-09-28,30,2.6698,4.9478,0.9165,-1.8799
NL_086,NL,Kohima,GFS ENSEMBLE,temperature_c,48,2026-08-30,2026-09-28,30,0.8054,1.016,0.6453,0.2998
NL_086,NL,Kohima,GFS ENSEMBLE,wind_speed_kmh,48,2026-08-30,2026-09-28,30,1.9279,2.3172,0.7923,0.4437
NL_086,NL,Kohima,AIFS,rainfall_mm,48,2026-08-30,2026-09-28,30,1.5768,2.4899,0.9821,0.7835
NL_086,NL,Kohima,AIFS,temperature_c,48,2026-08-30,2026-09-28,30,0.8994,1.111,0.6501,-0.0595
NL_086,NL,Kohima,AIFS,wind_speed_kmh,48,2026-08-30,2026-09-28,30,1.1818,1.4956,0.8869,0.1063
NL_086,NL,Kohima,IFS,rainfall_mm,48,2026-08-30,2026-09-28,30,1.6263,3.3587,0.9608,-0.8935
NL_086,NL,Kohima,IFS,temperature_c,48,2026-08-30,2026-09-28,30,0.7679,0.9539,0.6335,0.0411
NL_086,NL,Kohima,IFS,wind_speed_kmh,48,2026-08-30,2026-09-28,30,1.3441,1.7238,0.8499,-0.12
NL_086,NL,Kohima,NCEP GFS,rainfall_mm,72,2026-08-30,2026-09-28,30,3.2625,7.612,0.9331,1.2765
NL_086,NL,Kohima,NCEP GFS,temperature_c,72,2026-08-30,2026-09-28,30,1.4473,1.7125,0.5059,0.2825
NL_086,NL,Kohima,NCEP GFS,wind_speed_kmh,72,2026-08-30,2026-09-28,30,2.1842,2.7251,0.6554,0.6633
NL_086,NL,Kohima,GFS ENSEMBLE,rainfall_mm,72,2026-08-30,2026-09-28,30,1.7108,3.6423,0.9658,-0.2085
NL_086,NL,Kohima,GFS ENSEMBLE,temperature_c,72,2026-08-30,2026-09-28,30,1.204,1.4798,0.6161,0.2081
NL_086,NL,Kohima,GFS ENSEMBLE,wind_speed_kmh,72,2026-08-30,2026-09-28,30,1.5463,1.977,0.8405,0.498
NL_086,NL,Kohima,AIFS,rainfall_mm,72,2026-08-30,2026-09-28,30,1.7226,3.1998,0.9862,0.9158
NL_086,NL,Kohima,AIFS,temperature_c,72,2026-08-30,2026-09-28,30,1.0329,1.2651,0.6899,0.3831
NL_086,NL,Kohima,AIFS,wind_speed_kmh,72,2026-08-30,2026-09-28,30,1.6337,2.1513,0.8311,0.0977
NL_086,NL,Kohima,IFS,rainfall_mm,72,2026-08-30,2026-09-28,30,2.4374,4.1749,0.9549,0.0165
NL_086,NL,Kohima,IFS,temperature_c,72,2026-08-30,2026-09-28,30,1.0915,1.3526,0.6999,-0.2532
NL_086,NL,Kohima,IFS,wind_speed_kmh,72,2026-08-30,2026-09-28,30,1.8538,2.3786,0.8196,0.8283
NL_087,NL,Dimapur,NCEP GFS,rainfall_mm,24,2026-08-30,2026-09-28,30,3.0893,10.5587,0.8005,-2.0027
NL_087,NL,Dimapur,NCEP GFS,temperature_c,24,2026-08-30,2026-09-28,30,1.0226,1.2601,0.7545,0.1779
NL_087,NL,Dimapur,NCEP GFS,wind_speed_kmh,24,2026-08-30,2026-09-28,30,1.9046,2.3153,0.8437,0.6868
NL_087,NL,Dimapur,GFS ENSEMBLE,rainfall_mm,24,2026-08-30,2026-09-28,30,1.6523,3.5997,0.9823,-0.609
NL_087,NL,Dimapur,GFS ENSEMBLE,temperature_c,24,2026-08-30,2026-09-28,30,0.7736,1.0028,0.7925,0.0936
NL_087,NL,Dimapur,GFS ENSEMBLE,wind_speed_kmh,24,2026-08-30,2026-09-28,30,1.3209,1.6805,0.909,-0.1746
NL_087,NL,Dimapur,AIFS,rainfall_mm,24,2026-08-30,2026-09-28,30,1.7031,4.0002,0.9847,-0.4177
NL_087,NL,Dimapur,AIFS,temperature_c,24,2026-08-30,2026-09-28,30,0.6527,0.8195,0.8315,-0.0314
NL_087,NL,Dimapur,AIFS,wind_speed_kmh,24,2026-08-30,2026-09-28,30,1.0484,1.4353,0.9354,0.1211
NL_087,NL,Dimapur,IFS,rainfall_mm,24,2026-08-30,2026-09-28,30,1.1334,2.2681,0.995,0.4056
NL_087,NL,Dimapur,IFS,temperature_c,24,2026-08-30,2026-09-28,30,0.4442,0.6122,0.8834,0.0359
NL_087,NL,Dimapur,IFS,wind_speed_kmh,24,2026-08-30,2026-09-28,30,1.2739,1.4869,0.9132,-0.2109
NL_087,NL,Dimapur,NCEP GFS,rainfall_mm,48,2026-08-30,2026-09-28,30,1.8313,3.2944,0.9862,-0.459
NL_087,NL,Dimapur,NCEP GFS,temperature_c,48,2026-08-30,2026-09-28,30,1.3355,1.5293,0.6672,0.5849
NL_087,NL,Dimapur,NCEP GFS,wind_speed_kmh,48,2026-08-30,2026-09-28,30,2.0439,2.5993,0.8666,0.6328
NL_087,NL,Dimapur,GFS ENSEMBLE,rainfall_mm,48,2026-08-30,2026-09-28,30,2.063,4.8628,0.9873,-1.4744
NL_087,NL,Dimapur,GFS ENSEMBLE,temperature_c,48,2026-08-30,2026-09-28,30,0.8192,1.037,0.7692,-0.0228
NL_087,NL,Dimapur,GFS ENSEMBLE,wind_speed_kmh,48,2026-08-30,2026-09-28,30,1.7366,2.1755,0.8536,0.6304
NL_087,NL,Dimapur,AIFS,rainfall_mm,48,2026-08-30,2026-09-28,30,1.1663,2.0938,0.9957,0.699
NL_087,NL,Dimapur,AIFS,temperature_c,48,2026-08-30,2026-09-28,30,0.8702,1.0949,0.7934,0.0826
NL_087,NL,Dimapur,AIFS,wind_speed_kmh,48,2026-08-30,2026-09-28,30,1.6419,1.9134,0.8968,-0.6006
NL_087,NL,Dimapur,IFS,rainfall_mm,48,2026-08-30,2026-09-28,30,1.2576,2.666,0.9882,0.388
NL_087,NL,Dimapur,IFS,temperature_c,48,2026-08-30,2026-09-28,30,0.7752,1.0253,0.7109,0.0122
NL_087,NL,Dimapur,IFS,wind_speed_kmh,48,2026-08-30,2026-09-28,30,1.4781,1.7605,0.9178,-0.3569
NL_087,NL,Dimapur,NCEP GFS,rainfall_mm,72,2026-08-30,2026-09-28,30,2.2493,4.4637,0.9667,-1.4524
NL_087,NL,Dimapur,NCEP GFS,temperature_c,72,2026-08-30,2026-09-28,30,1.3983,1.6923,0.5325,0.5392
NL_087,NL,Dimapur,NCEP GFS,wind_speed_kmh,72,2026-08-30,2026-09-28,30,2.666,3.2864,0.749,1.4308
NL_087,NL,Dimapur,GFS ENSEMBLE,rainfall_mm,72,2026-08-30,2026-09-28,30,2.4442,4.3185,0.9663,-0.668
NL_087,NL,Dimapur,GFS ENSEMBLE,temperature_c,72,2026-08-30,2026-09-28,30,0.9858,1.1742,0.6805,0.1496
NL_087,NL,Dimapur,GFS ENSEMBLE,wind_speed_kmh,72,2026-08-30,2026-09-28,30,1.9525,2.3941,0.8134,0.4504
NL_087,NL,Dimapur,AIFS,rainfall_mm,72,2026-08-30,2026-09-28,30,1.6274,3.4447,0.9949,0.569
NL_087,NL,Dimapur,AIFS,temperature_c,72,2026-08-30,2026-09-28,30,0.9454,1.1442,0.558,0.1022
NL_087,NL,Dimapur,AIFS,wind_speed_kmh,72,2026-08-30,2026-09-28,30,1.7538,2.1581,0.8787,1.0788
NL_087,NL,Dimapur,IFS,rainfall_mm,72,2026-08-30,2026-09-28,30,1.5058,3.3274,0.9846,-0.9217
NL_087,NL,Dimapur,IFS,temperature_c,72,2026-08-30,2026-09-28,30,1.1052,1.4289,0.685,0.2482
NL_087,NL,Dimapur,IFS,wind_speed_kmh,72,2026-08-30,2026-09-28,30,1.665,2.114,0.8948,-0.2752
NL_088,NL,Mokokchung,NCEP GFS,rainfall_mm,24,2026-08-30,2026-09-28,30,1.4713,3.342,0.9641,-0.7898
NL_088,NL,Mokokchung,NCEP GFS,temperature_c,24,2026-08-30,2026-09-28,30,0.7619,0.8862,0.7713,-0.0092
NL_088,NL,Mokokchung,NCEP GFS,wind_speed_kmh,24,2026-08-30,2026-09-28,30,2.4279,2.8205,0.7824,1.5438
NL_088,NL,Mokokchung,GFS ENSEMBLE,rainfall_mm,24,2026-08-30,2026-09-28,30,1.0746,2.0742,0.9927,-0.5671
NL_088,NL,Mokokchung,GFS ENSEMBLE,temperature_c,24,2026-08-30,2026-09-28,30,0.7674,0.9581,0.8242,-0.0969
NL_088,NL,Mokokchung,GFS ENSEMBLE,wind_speed_kmh,24,2026-08-30,2026-09-28,30,1.4421,1.8014,0.8955,-0.1979
NL_088,NL,Mokokchung,AIFS,rainfall_mm,24,2026-08-30,2026-09-28,30,1.482,3.4196,0.9596,-0.1518
NL_088,NL,Mokokchung,AIFS,temperature_c,24,2026-08-30,2026-09-28,30,0.675,0.8084,0.8015,-0.0679
NL_088,NL,Mokokchung,AIFS,wind_speed_kmh,24,2026-08-30,2026-09-28,30,1.5377,1.8282,0.9098,-0.0172
NL_088,NL,Mokokchung,IFS,rainfall_mm,24,2026-08-30,2026-09-28,30,0.9307,2.0193,0.9864,-0.3451
NL_088,NL,Mokokchung,IFS,temperature_c,24,2026-08-30,2026-09-28,30,0.7813,1.035,0.7215,0.2694
NL_088,NL,Mokokchung,IFS,wind_speed_kmh,24,2026-08-30,2026-09-28,30,1.2459,1.4755,0.9145,0.0078
NL_088,NL,Mokokchung,NCEP GFS,rainfall_mm,48,2026-08-30,2026-09-28,30,2.1358,3.9786,0.9428,-0.3024
NL_088,NL,Mokokchung,NCEP GFS,temperature_c,48,2026-08-30,2026-09-28,30,1.3082,1.6159,0.6092,0.4214
NL_088,NL,Mokokchung,NCEP GFS,wind_speed_kmh,48,2026-08-30,2026-09-28,30,2.3913,3.0859,0.6738,0.5634
NL_088,NL,Mokokchung,GFS ENSEMBLE,rainfall_mm,48,2026-08-30,2026-09-28,30,1.4914,2.8565,0.9715,-0.0644
NL_088,NL,Mokokchung,GFS ENSEMBLE,temperature_c,48,2026-08-30,2026-09-28,30,0.7989,0.9717,0.6282,-0.0722
NL_088,NL,Mokokchung,GFS ENSEMBLE,wind_speed_kmh,48,2026-08-30,2026-09-28,30,1.6729,2.0057,0.8311,-0.0496
NL_088,NL,Mokokchung,AIFS,rainfall_mm,48,2026-08-30,2026-09-28,30,1.4578,2.7581,0.9746,0.3156
NL_088,NL,Mokokchung,AIFS,temperature_c,48,2026-08-30,2026-09-28,30,0.8339,0.9778,0.666,-0.0862
NL_088,NL,Mokokchung,AIFS,wind_speed_kmh,48,2026-08-30,2026-09-28,30,1.5246,2.0627,0.8288,-0.0362
NL_088,NL,Mokokchung,IFS,rainfall_mm,48,2026-08-30,2026-09-28,30,2.2906,4.2322,0.9465,0.4639
NL_088,NL,Mokokchung,IFS,temperature_c,48,2026-08-30,2026-09-28,30,0.7255,0.9443,0.7852,0.3114
NL_088,NL,Mokokchung,IFS,wind_speed_kmh,48,2026-08-30,2026-09-28,30,1.4444,1.8671,0.831,0.1824
NL_088,NL,Mokokchung,NCEP GFS,rainfall_mm,72,2026-08-30,2026-09-28,30,2.6884,5.5506,0.9071,-1.8251
NL_088,NL,Mokokchung,NCEP GFS,temperature_c,72,2026-08-30,2026-09-28,30,1.4479,1.7954,0.6155,0.7668
NL_088,NL,Mokokchung,NCEP GFS,wind_speed_kmh,72,2026-08-30,2026-09-28,30,3.0105,3.7594,0.6287,0.9478
NL_088,NL,Mokokchung,GFS ENSEMBLE,rainfall_mm,72,2026-08-30,2026-09-28,30,1.6176,2.9661,0.9685,-0.0171
NL_088,NL,Mokokchung,GFS ENSEMBLE,temperature_c,72,2026-08-30,2026-09-28,30,0.8777,1.0542,0.7075,0.0478
NL_088,NL,Mokokchung,GFS ENSEMBLE,wind_speed_kmh,72,2026-08-30,2026-09-28,30,2.0372,2.3528,0.8064,0.8814
NL_088,NL,Mokokchung,AIFS,rainfall_mm,72,2026-08-30,2026-09-28,30,2.7291,6.4024,0.8616,-0.0854
NL_088,NL,Mokokchung,AIFS,temperature_c,72,2026-08-30,2026-09-28,30,0.9295,1.1072,0.7452,0.0144
NL_088,NL,Mokokchung,AIFS,wind_speed_kmh,72,2026-08-30,2026-09-28,30,1.7729,2.1497,0.7882,0.2848
NL_088,NL,Mokokchung,IFS,rainfall_mm,72,2026-08-30,2026-09-28,30,2.3459,4.5147,0.9337,-0.7734
NL_088,NL,Mokokchung,IFS,temperature_c,72,2026-08-30,2026-09-28,30,0.928,1.1647,0.7689,0.3598
NL_088,NL,Mokokchung,IFS,wind_speed_kmh,72,2026-08-30,2026-09-28,30,2.0611,2.4992,0.7833,0.8988
NL_089,NL,Tuensang,NCEP GFS,rainfall_mm,24,2026-08-30,2026-09-28,30,0.7528,1.198,0.9934,-0.3171
NL_089,NL,Tuensang,NCEP GFS,temperature_c,24,2026-08-30,2026-09-28,30,0.991,1.1891,0.6682,0.36
NL_089,NL,Tuensang,NCEP GFS,wind_speed_kmh,24,2026-08-30,2026-09-28,30,2.5876,3.0643,0.654,0.1078
NL_089,NL,Tuensang,GFS ENSEMBLE,rainfall_mm,24,2026-08-30,2026-09-28,30,0.8414,1.7563,0.9915,-0.4481
NL_089,NL,Tuensang,GFS ENSEMBLE,temperature_c,24,2026-08-30,2026-09-28,30,0.774,0.9355,0.8132,-0.0107
NL_089,NL,Tuensang,GFS ENSEMBLE,wind_speed_kmh,24,2026-08-30,2026-09-28,30,1.6826,2.2061,0.8152,0.9641
NL_089,NL,Tuensang,AIFS,rainfall_mm,24,2026-08-30,2026-09-28,30,0.7409,1.1366,0.993,0.1793
NL_089,NL,Tuensang,AIFS,temperature_c,24,2026-08-30,2026-09-28,30,0.5029,0.6424,0.938,-0.1307
NL_089,NL,Tuensang,AIFS,wind_speed_kmh,24,2026-08-30,2026-09-28,30,1.1697,1.3941,0.8806,0.3711
NL_089,NL,Tuensang,IFS,rainfall_mm,24,2026-08-30,2026-09-28,30,0.9061,1.3021,0.9931,-0.2854
NL_089,NL,Tuensang,IFS,temperature_c,24,2026-08-30,2026-09-28,30,0.6634,0.7911,0.8239,0.0013
NL_089,NL,Tuensang,IFS,wind_speed_kmh,24,2026-08-30,2026-09-28,30,1.3498,1.6499,0.8506,0.1331
NL_089,NL,Tuensang,NCEP GFS,rainfall_mm,48,2026-08-30,2026-09-28,30,1.4574,2.6959,0.9584,-0.1461
NL_089,NL,Tuensang,NCEP GFS,temperature_c,48,2026-08-30,2026-09-28,30,0.9408,1.1336,0.8313,0.6023
NL_089,NL,Tuensang,NCEP GFS,wind_speed_kmh,48,2026-08-30,2026-09-28,30,2.4643,2.8816,0.5786,0.6378
NL_089,NL,Tuensang,GFS ENSEMBLE,rainfall_mm,48,2026-08-30,2026-09-28,30,1.1372,1.8356,0.9833,-0.6461
NL_089,NL,Tuensang,GFS ENSEMBLE,temperature_c,48,2026-08-30,2026-09-28,30,0.9806,1.3005,0.7277,0.3203
NL_089,NL,Tuensang,GFS ENSEMBLE,wind_speed_kmh,48,2026-08-30,2026-09-28,30,1.7593,2.1106,0.7269,-0.0299
NL_089,NL,Tuensang,AIFS,rainfall_mm,48,2026-08-30,2026-09-28,30,0.956,2.0635,0.9772,-0.4664
NL_089,NL,Tuensang,AIFS,temperature_c,48,2026-08-30,2026-09-28,30,0.7747,0.908,0.8416,-0.0487
NL_089,NL,Tuensang,AIFS,wind_speed_kmh,48,2026-08-30,2026-09-28,30,1.5157,1.8626,0.8515,-0.1155
NL_089,NL,Tuensang,IFS,rainfall_mm,48,2026-08-30,2026-09-28,30,1.3945,3.2662,0.9398,-0.4267
NL_089,NL,Tuensang,IFS,temperature_c,48,2026-08-30,2026-09-28,30,0.7895,0.9969,0.8555,0.133
NL_089,NL,Tuensang,IFS,wind_speed_kmh,48,2026-08-30,2026-09-28,30,1.4572,1.7935,0.8372,0.1955
NL_089,NL,Tuensang,NCEP GFS,rainfall_mm,72,2026-08-30,2026-09-28,30,1.3472,2.664,0.9638,-0.8804
NL_089,NL,Tuensang,NCEP GFS,temperature_c,72,2026-08-30,2026-09-28,30,1.5551,1.9561,0.493,0.586
NL_089,NL,Tuensang,NCEP GFS,wind_speed_kmh,72,2026-08-30,2026-09-28,30,2.8551,3.4389,0.5859,1.2218
NL_089,NL,Tuensang,GFS ENSEMBLE,rainfall_mm,72,2026-08-30,2026-09-28,30,1.9627,4.2855,0.9584,-1.6907
NL_089,NL,Tuensang,GFS ENSEMBLE,temperature_c,72,2026-08-30,2026-09-28,30,0.9931,1.245,0.5893,-0.006
NL_089,NL,Tuensang,GFS ENSEMBLE,wind_speed_kmh,72,2026-08-30,2026-09-28,30,2.2159,2.7119,0.7862,0.8888
NL_089,NL,Tuensang,AIFS,rainfall_mm,72,2026-08-30,2026-09-28,30,1.0755,2.4448,0.9858,-0.5914
NL_089,NL,Tuensang,AIFS,temperature_c,72,2026-08-30,2026-09-28,30,1.1063,1.2925,0.6216,0.256
NL_089,NL,Tuensang,AIFS,wind_speed_kmh,72,2026-08-30,2026-09-28,30,2.1304,2.5032,0.7011,-0.2349
NL_089,NL,Tuensang,IFS,rainfall_mm,72,2026-08-30,2026-09-28,30,1.5395,5.5544,0.9778,1.2253
NL_089,NL,Tuensang,IFS,temperature_c,72,2026-08-30,2026-09-28,30,0.9945,1.2419,0.7161,0.2046
NL_089,NL,Tuensang,IFS,wind_speed_kmh,72,2026-08-30,2026-09-28,30,2.3679,2.8622,0.7975,0.5408
NL_090,NL,Wokha,NCEP GFS,rainfall_mm,24,2026-08-30,2026-09-28,30,0.9033,1.5243,0.99,0.1351
NL_090,NL,Wokha,NCEP GFS,temperature_c,24,2026-08-30,2026-09-28,30,1.1446,1.4332,0.3286,-0.098
NL_090,NL,Wokha,NCEP GFS,wind_speed_kmh,24,2026-08-30,2026-09-28,30,2.0202,2.5058,0.5793,0.9147
NL_090,NL,Wokha,GFS ENSEMBLE,rainfall_mm,24,2026-08-30,2026-09-28,30,1.3029,2.0038,0.9816,-0.4819
NL_090,NL,Wokha,GFS ENSEMBLE,temperature_c,24,2026-08-30,2026-09-28,30,0.7953,0.9241,0.6785,0.331
NL_090,NL,Wokha,GFS ENSEMBLE,wind_speed_kmh,24,2026-08-30,2026-09-28,30,1.4794,1.7515,0.8178,0.4807
NL_090,NL,Wokha,AIFS,rainfall_mm,24,2026-08-30,2026-09-28,30,1.097,2.1363,0.9757,0.1174
NL_090,NL,Wokha,AIFS,temperature_c,24,2026-08-30,2026-09-28,30,0.6161,0.7323,0.7524,-0.1793
NL_090,NL,Wokha,AIFS,wind_speed_kmh,24,2026-08-30,2026-09-28,30,0.8671,1.196,0.8501,0.0304
NL_090,NL,Wokha,IFS,rainfall_mm,24,2026-08-30,2026-09-28,30,1.5561,3.285,0.9798,0.9067
NL_090,NL,Wokha,IFS,temperature_c,24,2026-08-30,2026-09-28,30,0.5894,0.7113,0.8019,0.138
NL_090,NL,Wokha,IFS,wind_speed_kmh,24,2026-08-30,2026-09-28,30,1.4601,1.7005,0.7238,-0.0963
NL_090,NL,Wokha,NCEP GFS,rainfall_mm,48,2026-08-30,2026-09-28,30,1.5119,2.8116,0.9571,0.0664
NL_090,NL,Wokha,NCEP GFS,temperature_c,48,2026-08-30,2026-09-28,30,0.9468,1.1815,0.5828,0.276
NL_090,NL,Wokha,NCEP GFS,wind_speed_kmh,48,2026-08-30,2026-09-28,30,2.2457,2.6903,0.7394,1.4107
NL_090,NL,Wokha,GFS ENSEMBLE,rainfall_mm,48,2026-08-30,2026-09-28,30,1.7551,3.334,0.9443,-0.8906
NL_090,NL,Wokha,GFS ENSEMBLE,temperature_c,48,2026-08-30,2026-09-28,30,0.9946,1.2154,0.6062,-0.33
NL_090,NL,Wokha,GFS ENSEMBLE,wind_speed_kmh,48,2026-08-30,2026-09-28,30,1.5032,1.8565,0.7707,0.2844
NL_090,NL,Wokha,AIFS,rainfall_mm,48,2026-08-30,2026-09-28,30,1.4117,2.5283,0.9822,0.1964
NL_090,NL,Wokha,AIFS,temperature_c,48,2026-08-30,2026-09-28,30,0.8053,1.0255,0.7813,0.1383
NL_090,NL,Wokha,AIFS,wind_speed_kmh,48,2026-08-30,2026-09-28,30,1.4914,1.86,0.8162,0.5497
NL_090,NL,Wokha,IFS,rainfall_mm,48,2026-08-30,2026-09-28,30,0.8536,1.6764,0.9862,0.2937
NL_090,NL,Wokha,IFS,temperature_c,48,2026-08-30,2026-09-28,30,0.9601,1.1722,0.455,0.127
NL_090,NL,Wokha,IFS,wind_speed_kmh,48,2026-08-30,2026-09-28,30,1.5829,1.95,0.718,0.6764
NL_090,NL,Wokha,NCEP GFS,rainfall_mm,72,2026-08-30,2026-09-28,30,2.3014,3.7969,0.9202,0.0724
NL_090,NL,Wokha,NCEP GFS,temperature_c,72,2026-08-30,2026-09-28,30,1.5931,1.9846,0.1925,0.769
NL_090,NL,Wokha,NCEP GFS,wind_speed_kmh,72,2026-08-30,2026-09-28,30,2.8467,3.2995,0.6257,0.631
NL_090,NL,Wokha,GFS ENSEMBLE,rainfall_mm,72,2026-08-30,2026-09-28,30,1.7758,2.9781,0.9677,-1.1399
NL_090,NL,Wokha,GFS ENSEMBLE,temperature_c,72,2026-08-30,2026-09-28,30,0.9849,1.2794,0.7785,-0.294
NL_090,NL,Wokha,GFS ENSEMBLE,wind_speed_kmh,72,2026-08-30,2026-09-28,30,2.5703,3.1853,0.4517,1.309
NL_090,NL,Wokha,AIFS,rainfall_mm,72,2026-08-30,2026-09-28,30,1.2597,2.5776,0.9894,0.3051
NL_090,NL,Wokha,AIFS,temperature_c,72,2026-08-30,2026-09-28,30,0.7686,1.0305,0.6964,-0.298
NL_090,NL,Wokha,AIFS,wind_speed_kmh,72,2026-08-30,2026-09-28,30,1.9106,2.3921,0.6513,-0.267
NL_090,NL,Wokha,IFS,rainfall_mm,72,2026-08-30,2026-09-28,30,2.1607,5.2482,0.8558,-1.1003
NL_090,NL,Wokha,IFS,temperature_c,72,2026-08-30,2026-09-28,30,1.1205,1.3258,0.6821,0.2993
NL_090,NL,Wokha,IFS,wind_speed_kmh,72,2026-08-30,2026-09-28,30,1.5898,2.0922,0.7884,0.8227
OR_091,OR,Bhubaneswar,NCEP GFS,rainfall_mm,24,2026-08-30,2026-09-28,30,0.8713,1.5321,0.9747,-0.3535
OR_091,OR,Bhubaneswar,NCEP GFS,temperature_c,24,2026-08-30,2026-09-28,30,0.9686,1.134,0.7041,-0.2031
OR_091,OR,Bhubaneswar,NCEP GFS,wind_speed_kmh,24,2026-08-30,2026-09-28,30,1.9113,2.543,0.8412,0.5795
OR_091,OR,Bhubaneswar,GFS ENSEMBLE,rainfall_mm,24,2026-08-30,2026-09-28,30,0.7661,1.4553,0.9761,-0.2598
OR_091,OR,Bhubaneswar,GFS ENSEMBLE,temperature_c,24,2026-08-30,2026-09-28,30,0.6783,0.8637,0.8265,0.0299
OR_091,OR,Bhubaneswar,GFS ENSEMBLE,wind_speed_kmh,24,2026-08-30,2026-09-28,30,1.6581,2.1594,0.7462,0.3755
OR_091,OR,Bhubaneswar,AIFS,rainfall_mm,24,2026-08-30,2026-09-28,30,0.7474,1.4867,0.9936,0.6538
OR_091,OR,Bhubaneswar,AIFS,temperature_c,24,2026-08-30,2026-09-28,30,0.5798,0.754,0.7796,0.0436
OR_091,OR,Bhubaneswar,AIFS,wind_speed_kmh,24,2026-08-30,2026-09-28,30,1.3177,1.6685,0.8691,-0.6649
OR_091,OR,Bhubaneswar,IFS,rainfall_mm,24,2026-08-30,2026-09-28,30,1.2793,2.7653,0.9564,0.6408
OR_091,OR,Bhubaneswar,IFS,temperature_c,24,2026-08-30,2026-09-28,30,0.6999,0.8807,0.8186,-0.2217
OR_091,OR,Bhubaneswar,IFS,wind_speed_kmh,24,2026-08-30,2026-09-28,30,1.2441,1.497,0.8877,0.4231
OR_091,OR,Bhubaneswar,NCEP GFS,rainfall_mm,48,2026-08-30,2026-09-28,30,2.1274,3.963,0.8114,-0.6088
OR_091,OR,Bhubaneswar,NCEP GFS,temperature_c,48,2026-08-30,2026-09-28,30,1.1461,1.5011,0.796,0.1453
OR_091,OR,Bhubaneswar,NCEP GFS,wind_speed_kmh,48,2026-08-30,2026-09-28,30,2.3744,2.765,0.7285,-0.0662
OR_091,OR,Bhubaneswar,GFS ENSEMBLE,rainfall_mm,48,2026-08-30,2026-09-28,30,1.1827,2.3292,0.9401,-0.5835
OR_091,OR,Bhubaneswar,GFS ENSEMBLE,temperature_c,48,2026-08-30,2026-09-28,30,0.9013,1.156,0.527,0.2999
OR_091,OR,Bhubaneswar,GFS ENSEMBLE,wind_speed_kmh,48,2026-08-30,2026-09-28,30,1.486,1.8952,0.8122,0.4718
OR_091,OR,Bhubaneswar,AIFS,rainfall_mm,48,2026-08-30,2026-09-28,30,1.0572,2.646,0.931,-0.0065
OR_091,OR,Bhubaneswar,AIFS,temperature_c,48,2026-08-30,2026-09-28,30,0.8918,1.0728,0.7451,-0.1947
OR_091,OR,Bhubaneswar,AIFS,wind_speed_kmh,48,2026-08-30,2026-09-28,30,1.3528,1.6516,0.8466,-0.0252
OR_091,OR,Bhubaneswar,IFS,rainfall_mm,48,2026-08-30,2026-09-28,30,0.9121,1.6764,0.9686,0.0185
OR_091,OR,Bhubaneswar,IFS,temperature_c,48,2026-08-30,2026-09-28,30,0.8714,1.0052,0.7198,0.1319
OR_091,OR,Bhubaneswar,IFS,wind_speed_kmh,48,2026-08-30,2026-09-28,30,1.6511,2.1019,0.7738,0.4175
OR_091,OR,Bhubaneswar,NCEP GFS,rainfall_mm,72,2026-08-30,2026-09-28,30,1.3618,2.5988,0.9319,0.1058
OR_091,OR,Bhubaneswar,NCEP GFS,temperature_c,72,2026-08-30,2026-09-28,30,1.6403,2.0373,0.555,0.3249
OR_091,OR,Bhubaneswar,NCEP GFS,wind_speed_kmh,72,2026-08-30,2026-09-28,30,2.1816,2.6843,0.6887,1.0238
OR_091,OR,Bhubaneswar,GFS ENSEMBLE,rainfall_mm,72,2026-08-30,2026-09-28,30,1.4393,2.7313,0.9141,-0.4098
OR_091,OR,Bhubaneswar,GFS ENSEMBLE,temperature_c,72,2026-08-30,2026-09-28,30,1.0205,1.1949,0.6577,0.1633
OR_091,OR,Bhubaneswar,GFS ENSEMBLE,wind_speed_kmh,72,2026-08-30,2026-09-28,30,1.9865,2.4748,0.7099,0.5068
OR_091,OR,Bhubaneswar,AIFS,rainfall_mm,72,2026-08-30,2026-09-28,30,1.2495,2.0092,0.9567,0.2875
OR_091,OR,Bhubaneswar,AIFS,temperature_c,72,2026-08-30,2026-09-28,30,0.676,0.8297,0.7978,-0.2137
OR_091,OR,Bhubaneswar,AIFS,wind_speed_kmh,72,2026-08-30,2026-09-28,30,1.5641,1.8224,0.8748,0.0198
OR_091,OR,Bhubaneswar,IFS,rainfall_mm,72,2026-08-30,2026-09-28,30,1.3693,2.8612,0.9215,0.1752
OR_091,OR,Bhubaneswar,IFS,temperature_c,72,2026-08-30,2026-09-28,30,1.272,1.6191,0.5012,0.1039
OR_091,OR,Bhubaneswar,IFS,wind_speed_kmh,72,2026-08-30,2026-09-28,30,1.2621,1.5301,0.862,-0.1119
OR_092,OR,Cuttack,NCEP GFS,rainfall_mm,24,2026-08-30,2026-09-28,30,1.0615,2.1608,0.9788,0.4006
OR_092,OR,Cuttack,NCEP GFS,temperature_c,24,2026-08-30,2026-09-28,30,0.8227,0.9819,0.6769,0.0005
OR_092,OR,Cuttack,NCEP GFS,wind_speed_kmh,24,2026-08-30,2026-09-28,30,1.7665,2.075,0.819,0.3233
OR_092,OR,Cuttack,GFS ENSEMBLE,rainfall_mm,24,2026-08-30,2026-09-28,30,0.9913,2.3391,0.9746,0.1716
OR_092,OR,Cuttack,GFS ENSEMBLE,temperature_c,24,2026-08-30,2026-09-28,30,0.618,0.7862,0.8429,0.3555
OR_092,OR,Cuttack,GFS ENSEMBLE,wind_speed_kmh,24,2026-08-30,2026-09-28,30,1.3295,1.6243,0.9036,0.139
OR_092,OR,Cuttack,AIFS,rainfall_mm,24,2026-08-30,2026-09-28,30,1.062,2.5107,0.9783,0.5033
OR_092,OR,Cuttack,AIFS,temperature_c,24,2026-08-30,2026-09-28,30,0.8212,0.9593,0.7859,-0.2275
OR_092,OR,Cuttack,AIFS,wind_speed_kmh,24,2026-08-30,2026-09-28,30,1.1769,1.5034,0.8911,-0.3523
OR_092,OR,Cuttack,IFS,rainfall_mm,24,2026-08-30,2026-09-28,30,1.1277,2.097,0.9788,0.41
OR_092,OR,Cuttack,IFS,temperature_c,24,2026-08-30,2026-09-28,30,0.6263,0.8001,0.783,0.0038
OR_092,OR,Cuttack,IFS,wind_speed_kmh,24,2026-08-30,2026-09-28,30,1.3509,1.6336,0.9009,0.334
OR_092,OR,Cuttack,NCEP GFS,rainfall_mm,48,2026-08-30,2026-09-28,30,1.2111,2.302,0.9851,0.2923
OR_092,OR,Cuttack,NCEP GFS,temperature_c,48,2026-08-30,2026-09-28,30,0.9886,1.1681,0.8283,0.2595
OR_092,OR,Cuttack,NCEP GFS,wind_speed_kmh,48,2026-08-30,2026-09-28,30,2.364,2.999,0.7657,0.2107
OR_092,OR,Cuttack,GFS ENSEMBLE,rainfall_mm,48,2026-08-30,2026-09-28,30,1.1085,2.0349,0.9808,-0.3014
OR_092,OR,Cuttack,GFS ENSEMBLE,temperature_c,48,2026-08-30,2026-09-28,30,1.0087,1.4105,0.7446,0.2341
OR_092,OR,Cuttack,GFS ENSEMBLE,wind_speed_kmh,48,2026-08-30,2026-09-28,30,1.6415,2.2032,0.8253,0.3163
OR_092,OR,Cuttack,AIFS,rainfall_mm,48,2026-08-30,2026-09-28,30,1.582,3.0391,0.9616,-0.8804
OR_092,OR,Cuttack,AIFS,temperature_c,48,2026-08-30,2026-09-28,30,1.0717,1.3576,0.5134,-0.2822
OR_092,OR,Cuttack,AIFS,wind_speed_kmh,48,2026-08-30,2026-09-28,30,1.7965,2.2572,0.8449,-0.546
OR_092,OR,Cuttack,IFS,rainfall_mm,48,2026-08-30,2026-09-28,30,2.1185,4.0114,0.9172,0.1966
OR_092,OR,Cuttack,IFS,temperature_c,48,2026-08-30,2026-09-28,30,0.7921,0.9563,0.8227,-0.0199
OR_092,OR,Cuttack,IFS,wind_speed_kmh,48,2026-08-30,2026-09-28,30,1.1845,1.6299,0.8975,0.3007
OR_092,OR,Cuttack,NCEP GFS,rainfall_mm,72,2026-08-30,2026-09-28,30,2.0677,3.6586,0.9507,0.6946
OR_092,OR,Cuttack,NCEP GFS,temperature_c,72,2026-08-30,2026-09-28,30,1.2998,1.4839,0.3814,-0.1899
OR_092,OR,Cuttack,NCEP GFS,wind_speed_kmh,72,2026-08-30,2026-09-28,30,2.8121,3.5413,0.7551,1.9503
OR_092,OR,Cuttack,GFS ENSEMBLE,rainfall_mm,72,2026-08-30,2026-09-28,30,1.6459,3.0686,0.9556,-0.7147
OR_092,OR,Cuttack,GFS ENSEMBLE,temperature_c,72,2026-08-30,2026-09-28,30,0.8589,1.1219,0.6737,0.2905
OR_092,OR,Cuttack,GFS ENSEMBLE,wind_speed_kmh,72,2026-08-30,2026-09-28,30,1.868,2.3124,0.7354,0.086
OR_092,OR,Cuttack,AIFS,rainfall_mm,72,2026-08-30,2026-09-28,30,1.5888,3.2573,0.9543,0.4206
OR_092,OR,Cuttack,AIFS,temperature_c,72,2026-08-30,2026-09-28,30,1.1666,1.4067,0.5588,-0.2535
OR_092,OR,Cuttack,AIFS,wind_speed_kmh,72,2026-08-30,2026-09-28,30,1.7457,2.0764,0.8633,0.3393
OR_092,OR,Cuttack,IFS,rainfall_mm,72,2026-08-30,2026-09-28,30,1.7724,4.4193,0.9055,-1.0857
OR_092,OR,Cuttack,IFS,temperature_c,72,2026-08-30,2026-09-28,30,1.0407,1.2398,0.657,-0.1489
OR_092,OR,Cuttack,IFS,wind_speed_kmh,72,2026-08-30,2026-09-28,30,2.2626,2.9573,0.5803,1.046
OR_093,OR,Puri,NCEP GFS,rainfall_mm,24,2026-08-30,2026-09-28,30,1.8516,3.5984,0.9685,-0.207
OR_093,OR,Puri,NCEP GFS,temperature_c,24,2026-08-30,2026-09-28,30,1.1874,1.4894,0.6658,0.4942
OR_093,OR,Puri,NCEP GFS,wind_speed_kmh,24,2026-08-30,2026-09-28,30,1.8266,2.2244,0.7477,0.3212
OR_093,OR,Puri,GFS ENSEMBLE,rainfall_mm,24,2026-08-30,2026-09-28,30,1.407,2.6813,0.9877,-1.0537
OR_093,OR,Puri,GFS ENSEMBLE,temperature_c,24,2026-08-30,2026-09-28,30,0.6505,0.8439,0.8669,-0.3324
OR_093,OR,Puri,GFS ENSEMBLE,wind_speed_kmh,24,2026-08-30,2026-09-28,30,1.4678,1.8993,0.8193,0.4925
OR_093,OR,Puri,AIFS,rainfall_mm,24,2026-08-30,2026-09-28,30,1.7458,3.0221,0.9837,0.9023
OR_093,OR,Puri,AIFS,temperature_c,24,2026-08-30,2026-09-28,30,0.811,0.9773,0.7526,-0.0374
OR_093,OR,Puri,AIFS,wind_speed_kmh,24,2026-08-30,2026-09-28,30,1.3452,1.57,0.8542,-0.0621
OR_093,OR,Puri,IFS,rainfall_mm,24,2026-08-30,2026-09-28,30,1.991,4.9182,0.9576,0.6477
OR_093,OR,Puri,IFS,temperature_c,24,2026-08-30,2026-09-28,30,0.6431,0.8315,0.8025,0.0832
OR_093,OR,Puri,IFS,wind_speed_kmh,24,2026-08-30,2026-09-28,30,1.2862,1.6434,0.8257,0.1322
OR_093,OR,Puri,NCEP GFS,rainfall_mm,48,2026-08-30,2026-09-28,30,2.6025,5.6387,0.9404,-1.5613
OR_093,OR,Puri,NCEP GFS,temperature_c,48,2026-08-30,2026-09-28,30,1.1337,1.5127,0.6374,0.2482
OR_093,OR,Puri,NCEP GFS,wind_speed_kmh,48,2026-08-30,2026-09-28,30,2.0478,2.5396,0.687,-0.9228
OR_093,OR,Puri,GFS ENSEMBLE,rainfall_mm,48,2026-08-30,2026-09-28,30,2.7048,5.8035,0.9671,-1.762
OR_093,OR,Puri,GFS ENSEMBLE,temperature_c,48,2026-08-30,2026-09-28,30,0.9826,1.1872,0.6744,0.0809
OR_093,OR,Puri,GFS ENSEMBLE,wind_speed_kmh,48,2026-08-30,2026-09-28,30,1.5674,2.0235,0.7872,-0.3661
OR_093,OR,Puri,AIFS,rainfall_mm,48,2026-08-30,2026-09-28,30,1.7202,3.2742,0.9756,-0.8487
OR_093,OR,Puri,AIFS,temperature_c,48,2026-08-30,2026-09-28,30,0.6231,0.7986,0.8186,-0.0694
OR_093,OR,Puri,AIFS,wind_speed_kmh,48,2026-08-30,2026-09-28,30,1.6668,2.1539,0.811,0.3832
OR_093,OR,Puri,IFS,rainfall_mm,48,2026-08-30,2026-09-28,30,2.8027,8.1901,0.8528,-2.093
OR_093,OR,Puri,IFS,temperature_c,48,2026-08-30,2026-09-28,30,0.8472,1.043,0.6792,-0.0441
OR_093,OR,Puri,IFS,wind_speed_kmh,48,2026-08-30,2026-09-28,30,1.2487,1.4165,0.8759,-0.3821
OR_093,OR,Puri,NCEP GFS,rainfall_mm,72,2026-08-30,2026-09-28,30,2.5681,5.142,0.9699,-1.8707
OR_093,OR,Puri,NCEP GFS,temperature_c,72,2026-08-30,2026-09-28,30,1.4115,1.708,0.5258,0.2589
OR_093,OR,Puri,NCEP GFS,wind_speed_kmh,72,2026-08-30,2026-09-28,30,2.2838,2.8423,0.7256,0.6859
OR_093,OR,Puri,GFS ENSEMBLE,rainfall_mm,72,2026-08-30,2026-09-28,30,3.7782,8.9307,0.7908,-1.3167
OR_093,OR,Puri,GFS ENSEMBLE,temperature_c,72,2026-08-30,2026-09-28,30,0.9781,1.1741,0.7842,-0.0214
OR_093,OR,Puri,GFS ENSEMBLE,wind_speed_kmh,72,2026-08-30,2026-09-28,30,2.2193,2.6889,0.7041,0.4082
OR_093,OR,Puri,AIFS,rainfall_mm,72,2026-08-30,2026-09-28,30,1.8767,4.0981,0.9623,-0.8613
OR_093,OR,Puri,AIFS,temperature_c,72,2026-08-30,2026-09-28,30,1.0541,1.2418,0.6481,-0.1141
OR_093,OR,Puri,AIFS,wind_speed_kmh,72,2026-08-30,2026-09-28,30,1.3162,1.7623,0.8282,0.3925
OR_093,OR,Puri,IFS,rainfall_mm,72,2026-08-30,2026-09-28,30,3.0951,6.5531,0.8965,-0.9933
OR_093,OR,Puri,IFS,temperature_c,72,2026-08-30,2026-09-28,30,1.1605,1.4281,0.51,-0.2634
OR_093,OR,Puri,IFS,wind_speed_kmh,72,2026-08-30,2026-09-28,30,1.7209,2.2367,0.7575,0.8485
OR_094,OR,Rourkela,NCEP GFS,rainfall_mm,24,2026-08-30,2026-09-28,30,1.9247,7.128,0.9595,-1.3729
OR_094,OR,Rourkela,NCEP GFS,temperature_c,24,2026-08-30,2026-09-28,30,1.0149,1.1825,0.7857,0.374
OR_094,OR,Rourkela,NCEP GFS,wind_speed_kmh,24,2026-08-30,2026-09-28,30,2.1158,2.4748,0.6911,0.69
OR_094,OR,Rourkela,GFS ENSEMBLE,rainfall_mm,24,2026-08-30,2026-09-28,30,1.4954,5.2849,0.9937,-1.1772
OR_094,OR,Rourkela,GFS ENSEMBLE,temperature_c,24,2026-08-30,2026-09-28,30,0.7201,0.9091,0.751,-0.117
OR_094,OR,Rourkela,GFS ENSEMBLE,wind_speed_kmh,24,2026-08-30,2026-09-28,30,1.5828,1.9965,0.7708,-0.036
OR_094,OR,Rourkela,AIFS,rainfall_mm,24,2026-08-30,2026-09-28,30,0.9395,1.9736,0.9967,-0.4672
OR_094,OR,Rourkela,AIFS,temperature_c,24,2026-08-30,2026-09-28,30,0.5869,0.7424,0.8876,-0.0274
OR_094,OR,Rourkela,AIFS,wind_speed_kmh,24,2026-08-30,2026-09-28,30,1.4782,1.8119,0.8065,0.185
OR_094,OR,Rourkela,IFS,rainfall_mm,24,2026-08-30,2026-09-28,30,0.6328,1.3288,0.9985,-0.0162
OR_094,OR,Rourkela,IFS,temperature_c,24,2026-08-30,2026-09-28,30,0.739,0.9187,0.8157,-0.061
OR_094,OR,Rourkela,IFS,wind_speed_kmh,24,2026-08-30,2026-09-28,30,1.5294,1.9302,0.8259,0.4754
OR_094,OR,Rourkela,NCEP GFS,rainfall_mm,48,2026-08-30,2026-09-28,30,2.5353,11.7373,0.8214,-2.0162
OR_094,OR,Rourkela,NCEP GFS,temperature_c,48,2026-08-30,2026-09-28,30,1.3095,1.6115,0.7173,0.2173
OR_094,OR,Rourkela,NCEP GFS,wind_speed_kmh,48,2026-08-30,2026-09-28,30,2.1599,2.6299,0.5556,0.3064
OR_094,OR,Rourkela,GFS ENSEMBLE,rainfall_mm,48,2026-08-30,2026-09-28,30,2.8717,10.0303,0.9296,-2.2955
OR_094,OR,Rourkela,GFS ENSEMBLE,temperature_c,48,2026-08-30,2026-09-28,30,0.8889,1.1689,0.7821,0.2486
OR_094,OR,Rourkela,GFS ENSEMBLE,wind_speed_kmh,48,2026-08-30,2026-09-28,30,2.0975,2.6189,0.8203,0.5464
OR_094,OR,Rourkela,AIFS,rainfall_mm,48,2026-08-30,2026-09-28,30,0.7857,1.6719,0.996,0.5721
OR_094,OR,Rourkela,AIFS,temperature_c,48,2026-08-30,2026-09-28,30,0.729,1.0361,0.7099,-0.2877
OR_094,OR,Rourkela,AIFS,wind_speed_kmh,48,2026-08-30,2026-09-28,30,1.3899,1.788,0.8033,0.0667
OR_094,OR,Rourkela,IFS,rainfall_mm,48,2026-08-30,2026-09-28,30,1.8467,4.9557,0.9847,-0.8695
OR_094,OR,Rourkela,IFS,temperature_c,48,2026-08-30,2026-09-28,30,1.0161,1.229,0.6974,0.028
OR_094,OR,Rourkela,IFS,wind_speed_kmh,48,2026-08-30,2026-09-28,30,1.6944,2.1832,0.6978,0.5627
OR_094,OR,Rourkela,NCEP GFS,rainfall_mm,72,2026-08-30,2026-09-28,30,2.5926,5.7571,0.9491,-0.1272
OR_094,OR,Rourkela,NCEP GFS,temperature_c,72,2026-08-30,2026-09-28,30,1.5773,1.8692,0.552,0.7476
OR_094,OR,Rourkela,NCEP GFS,wind_speed_kmh,72,2026-08-30,2026-09-28,30,2.8199,3.4498,0.4774,-0.3573
OR_094,OR,Rourkela,GFS ENSEMBLE,rainfall_mm,72,2026-08-30,2026-09-28,30,2.8948,10.122,0.9174,-2.1902
OR_094,OR,Rourkela,GFS ENSEMBLE,temperature_c,72,2026-08-30,2026-09-28,30,0.9129,1.1138,0.7083,0.105
OR_094,OR,Rourkela,GFS ENSEMBLE,wind_speed_kmh,72,2026-08-30,2026-09-28,30,2.0535,2.5966,0.6436,0.0704
OR_094,OR,Rourkela,AIFS,rainfall_mm,72,2026-08-30,2026-09-28,30,1.7255,4.2439,0.9923,0.8338
OR_094,OR,Rourkela,AIFS,temperature_c,72,2026-08-30,2026-09-28,30,1.0999,1.4457,0.5997,-0.0464
OR_094,OR,Rourkela,AIFS,wind_speed_kmh,72,2026-08-30,2026-09-28,30,1.7981,2.2349,0.7513,0.3517
OR_094,OR,Rourkela,IFS,rainfall_mm,72,2026-08-30,2026-09-28,30,2.3357,5.1235,0.969,-0.1309
OR_094,OR,Rourkela,IFS,temperature_c,72,2026-08-30,2026-09-28,30,1.0509,1.2402,0.682,-0.383
OR_094,OR,Rourkela,IFS,wind_speed_kmh,72,2026-08-30,2026-09-28,30,2.0791,2.4781,0.6909,1.2954
OR_095,OR,Berhampur,NCEP GFS,rainfall_mm,24,2026-08-30,2026-09-28,30,2.2004,3.7775,0.9878,1.181
OR_095,OR,Berhampur,NCEP GFS,temperature_c,24,2026-08-30,2026-09-28,30,0.7196,0.8928,0.8468,0.4636
OR_095,OR,Berhampur,NCEP GFS,wind_speed_kmh,24,2026-08-30,2026-09-28,30,1.9858,2.4819,0.776,-0.348
OR_095,OR,Berhampur,GFS ENSEMBLE,rainfall_mm,24,2026-08-30,2026-09-28,30,2.4239,4.3674,0.9703,-1.7046
OR_095,OR,Berhampur,GFS ENSEMBLE,temperature_c,24,2026-08-30,2026-09-28,30,0.856,1.0522,0.8331,0.5312
OR_095,OR,Berhampur,GFS ENSEMBLE,wind_speed_kmh,24,2026-08-30,2026-09-28,30,1.2636,1.5377,0.9001,0.2564
OR_095,OR,Berhampur,AIFS,rainfall_mm,24,2026-08-30,2026-09-28,30,2.3495,3.6563,0.9776,0.8354
OR_095,OR,Berhampur,AIFS,temperature_c,24,2026-08-30,2026-09-28,30,0.7106,0.8789,0.8547,0.1729
OR_095,OR,Berhampur,AIFS,wind_speed_kmh,24,2026-08-30,2026-09-28,30,1.0186,1.3037,0.9262,-0.1396
OR_095,OR,Berhampur,IFS,rainfall_mm,24,2026-08-30,2026-09-28,30,1.3932,2.3689,0.99,-0.067
OR_095,OR,Berhampur,IFS,temperature_c,24,2026-08-30,2026-09-28,30,0.6821,0.8644,0.8391,-0.2301
OR_095,OR,Berhampur,IFS,wind_speed_kmh,24,2026-08-30,2026-09-28,30,1.358,1.6679,0.8774,0.5104
OR_095,OR,Berhampur,NCEP GFS,rainfall_mm,48,2026-08-30,2026-09-28,30,3.5033,8.2713,0.8736,-1.793
OR_095,OR,Berhampur,NCEP GFS,temperature_c,48,2026-08-30,2026-09-28,30,1.091,1.3776,0.6604,0.2409
OR_095,OR,Berhampur,NCEP GFS,wind_speed_kmh,48,2026-08-30,2026-09-28,30,1.7057,2.0412,0.8144,-0.0323
OR_095,OR,Berhampur,GFS ENSEMBLE,rainfall_mm,48,2026-08-30,2026-09-28,30,3.3957,6.4048,0.9291,-1.1303
OR_095,OR,Berhampur,GFS ENSEMBLE,temperature_c,48,2026-08-30,2026-09-28,30,0.7404,0.9137,0.877,-0.2224
OR_095,OR,Berhampur,GFS ENSEMBLE,wind_speed_kmh,48,2026-08-30,2026-09-28,30,1.9118,2.2532,0.8688,0.1177
OR_095,OR,Berhampur,AIFS,rainfall_mm,48,2026-08-30,2026-09-28,30,1.8093,3.848,0.9732,-0.3226
OR_095,OR,Berhampur,AIFS,temperature_c,48,2026-08-30,2026-09-28,30,0.7443,0.9771,0.8925,-0.0834
OR_095,OR,Berhampur,AIFS,wind_speed_kmh,48,2026-08-30,2026-09-28,30,1.5772,1.8728,0.8583,0.4547
OR_095,OR,Berhampur,IFS,rainfall_mm,48,2026-08-30,2026-09-28,30,2.4962,4.2592,0.9687,0.3424
OR_095,OR,Berhampur,IFS,temperature_c,48,2026-08-30,2026-09-28,30,0.7574,0.976,0.8036,0.2726
OR_095,OR,Berhampur,IFS,wind_speed_kmh,48,2026-08-30,2026-09-28,30,1.4259,1.6953,0.9047,0.4474
OR_095,OR,Berhampur,NCEP GFS,rainfall_mm,72,2026-08-30,2026-09-28,30,3.6387,7.8409,0.9166,-2.7086
OR_095,OR,Berhampur,NCEP GFS,temperature_c,72,2026-08-30,2026-09-28,30,1.5544,2.132,0.6237,0.2826
OR_095,OR,Berhampur,NCEP GFS,wind_speed_kmh,72,2026-08-30,2026-09-28,30,3.2018,4.0306,0.5119,0.9404
OR_095,OR,Berhampur,GFS ENSEMBLE,rainfall_mm,72,2026-08-30,2026-09-28,30,3.1256,5.3766,0.9534,-1.6043
OR_095,OR,Berhampur,GFS ENSEMBLE,temperature_c,72,2026-08-30,2026-09-28,30,0.9896,1.2111,0.7324,0.2079
OR_095,OR,Berhampur,GFS ENSEMBLE,wind_speed_kmh,72,2026-08-30,2026-09-28,30,1.8089,2.0899,0.8402,0.185
OR_095,OR,Berhampur,AIFS,rainfall_mm,72,2026-08-30,2026-09-28,30,2.7309,5.3572,0.9607,-1.206
OR_095,OR,Berhampur,AIFS,temperature_c,72,2026-08-30,2026-09-28,30,0.8683,1.108,0.792,-0.2378
OR_095,OR,Berhampur,AIFS,wind_speed_kmh,72,2026-08-30,2026-09-28,30,1.4955,1.7261,0.894,0.076
OR_095,OR,Berhampur,IFS,rainfall_mm,72,2026-08-30,2026-09-28,30,2.4831,3.9916,0.9792,0.5127
OR_095,OR,Berhampur,IFS,temperature_c,72,2026-08-30,2026-09-28,30,1.1011,1.4424,0.7546,-0.1318
OR_095,OR,Berhampur,IFS,wind_speed_kmh,72,2026-08-30,2026-09-28,30,1.6418,2.0227,0.8714,0.848
PB_096,PB,Ludhiana,NCEP GFS,rainfall_mm,24,2026-08-30,2026-09-28,30,0.3177,0.6131,0.984,0.2014
PB_096,PB,Ludhiana,NCEP GFS,temperature_c,24,2026-08-30,2026-09-28,30,0.9743,1.1607,0.7379,0.4735
PB_096,PB,Ludhiana,NCEP GFS,wind_speed_kmh,24,2026-08-30,2026-09-28,30,1.9575,2.447,0.8044,0.7502
PB_096,PB,Ludhiana,GFS ENSEMBLE,rainfall_mm,24,2026-08-30,2026-09-28,30,0.4268,0.919,0.9374,0.1218
PB_096,PB,Ludhiana,GFS ENSEMBLE,temperature_c,24,2026-08-30,2026-09-28,30,0.8953,1.0808,0.7924,0.2695
PB_096,PB,Ludhiana,GFS ENSEMBLE,wind_speed_kmh,24,2026-08-30,2026-09-28,30,1.4883,1.8674,0.8085,0.1305
PB_096,PB,Ludhiana,AIFS,rainfall_mm,24,2026-08-30,2026-09-28,30,0.4199,0.9249,0.9411,0.2778
PB_096,PB,Ludhiana,AIFS,temperature_c,24,2026-08-30,2026-09-28,30,0.5233,0.7353,0.8892,0.1462
PB_096,PB,Ludhiana,AIFS,wind_speed_kmh,24,2026-08-30,2026-09-28,30,1.2132,1.6387,0.8647,0.0958
PB_096,PB,Ludhiana,IFS,rainfall_mm,24,2026-08-30,2026-09-28,30,0.3291,0.6794,0.9912,0.2178
PB_096,PB,Ludhiana,IFS,temperature_c,24,2026-08-30,2026-09-28,30,0.6376,0.8541,0.8123,-0.2665
PB_096,PB,Ludhiana,IFS,wind_speed_kmh,24,2026-08-30,2026-09-28,30,1.313,1.5687,0.8909,0.4945
PB_096,PB,Ludhiana,NCEP GFS,rainfall_mm,48,2026-08-30,2026-09-28,30,0.9028,1.6664,0.7569,-0.0269
PB_096,PB,Ludhiana,NCEP GFS,temperature_c,48,2026-08-30,2026-09-28,30,1.1608,1.4735,0.5881,0.3629
PB_096,PB,Ludhiana,NCEP GFS,wind_speed_kmh,48,2026-08-30,2026-09-28,30,1.714,2.0603,0.8587,0.3715
PB_096,PB,Ludhiana,GFS ENSEMBLE,rainfall_mm,48,2026-08-30,2026-09-28,30,0.493,1.1429,0.9276,0.2051
PB_096,PB,Ludhiana,GFS ENSEMBLE,temperature_c,48,2026-08-30,2026-09-28,30,0.7875,1.0306,0.6567,0.1625
PB_096,PB,Ludhiana,GFS ENSEMBLE,wind_speed_kmh,48,2026-08-30,2026-09-28,30,2.1989,2.5811,0.8059,-0.0778
PB_096,PB,Ludhiana,AIFS,rainfall_mm,48,2026-08-30,2026-09-28,30,0.4551,0.7975,0.9742,0.2584
PB_096,PB,Ludhiana,AIFS,temperature_c,48,2026-08-30,2026-09-28,30,0.88,1.0189,0.8212,-0.2871
PB_096,PB,Ludhiana,AIFS,wind_speed_kmh,48,2026-08-30,2026-09-28,30,1.2915,1.5997,0.8751,0.0302
PB_096,PB,Ludhiana,IFS,rainfall_mm,48,2026-08-30,2026-09-28,30,0.3984,1.1168,0.9232,-0.1312
PB_096,PB,Ludhiana,IFS,temperature_c,48,2026-08-30,2026-09-28,30,0.9217,1.101,0.6719,0.0185
PB_096,PB,Ludhiana,IFS,wind_speed_kmh,48,2026-08-30,2026-09-28,30,1.6428,2.0227,0.8238,-0.1808
PB_096,PB,Ludhiana,NCEP GFS,rainfall_mm,72,2026-08-30,2026-09-28,30,0.5817,1.242,0.9089,0.2974
PB_096,PB,Ludhiana,NCEP GFS,temperature_c,72,2026-08-30,2026-09-28,30,1.6268,1.8822,0.4918,0.4549
PB_096,PB,Ludhiana,NCEP GFS,wind_speed_kmh,72,2026-08-30,2026-09-28,30,2.7834,3.2951,0.7247,0.9872
PB_096,PB,Ludhiana,GFS ENSEMBLE,rainfall_mm,72,2026-08-30,2026-09-28,30,0.6509,1.3964,0.8497,0.1511
PB_096,PB,Ludhiana,GFS ENSEMBLE,temperature_c,72,2026-08-30,2026-09-28,30,0.698,0.8622,0.804,0.1435
PB_096,PB,Ludhiana,GFS ENSEMBLE,wind_speed_kmh,72,2026-08-30,2026-09-28,30,1.8173,2.2048,0.8563,1.0358
PB_096,PB,Ludhiana,AIFS,rainfall_mm,72,2026-08-30,2026-09-28,30,0.7952,1.5916,0.8905,0.6684
PB_096,PB,Ludhiana,AIFS,temperature_c,72,2026-08-30,2026-09-28,30,1.0939,1.3422,0.7375,0.2172
PB_096,PB,Ludhiana,AIFS,wind_speed_kmh,72,2026-08-30,2026-09-28,30,1.8977,2.4148,0.7229,0.0342
PB_096,PB,Ludhiana,IFS,rainfall_mm,72,2026-08-30,2026-09-28,30,0.3483,0.9498,0.9356,0.2431
PB_096,PB,Ludhiana,IFS,temperature_c,72,2026-08-30,2026-09-28,30,0.9696,1.2458,0.5546,0.1402
PB_096,PB,Ludhiana,IFS,wind_speed_kmh,72,2026-08-30,2026-09-28,30,2.0359,2.6338,0.6789,0.2562
PB_097,PB,Amritsar,NCEP GFS,rainfall_mm,24,2026-08-30,2026-09-28,30,0.4715,0.9708,0.9681,-0.1023
PB_097,PB,Amritsar,NCEP GFS,temperature_c,24,2026-08-30,2026-09-28,30,0.849,1.1269,0.5082,0.263
PB_097,PB,Amritsar,NCEP GFS,wind_speed_kmh,24,2026-08-30,2026-09-28,30,1.8176,2.1979,0.7431,0.4
PB_097,PB,Amritsar,GFS ENSEMBLE,rainfall_mm,24,2026-08-30,2026-09-28,30,0.4823,0.8021,0.9783,-0.1393
PB_097,PB,Amritsar,GFS ENSEMBLE,temperature_c,24,2026-08-30,2026-09-28,30,0.6621,0.8613,0.7632,0.0987
PB_097,PB,Amritsar,GFS ENSEMBLE,wind_speed_kmh,24,2026-08-30,2026-09-28,30,1.5179,1.6861,0.8353,-0.5893
PB_097,PB,Amritsar,AIFS,rainfall_mm,24,2026-08-30,2026-09-28,30,0.6145,1.3295,0.9404,0.2467
PB_097,PB,Amritsar,AIFS,temperature_c,24,2026-08-30,2026-09-28,30,0.6873,0.7816,0.671,0.1207
PB_097,PB,Amritsar,AIFS,wind_speed_kmh,24,2026-08-30,2026-09-28,30,1.1931,1.4615,0.8907,-0.367
PB_097,PB,Amritsar,IFS,rainfall_mm,24,2026-08-30,2026-09-28,30,0.2351,0.3678,0.996,0.1297
PB_097,PB,Amritsar,IFS,temperature_c,24,2026-08-30,2026-09-28,30,0.9046,1.1184,0.6324,-0.0087
PB_097,PB,Amritsar,IFS,wind_speed_kmh,24,2026-08-30,2026-09-28,30,1.4244,1.7968,0.8412,0.309
PB_097,PB,Amritsar,NCEP GFS,rainfall_mm,48,2026-08-30,2026-09-28,30,0.6662,1.2343,0.948,0.207
PB_097,PB,Amritsar,NCEP GFS,temperature_c,48,2026-08-30,2026-09-28,30,1.2035,1.4806,0.4727,0.422
PB_097,PB,Amritsar,NCEP GFS,wind_speed_kmh,48,2026-08-30,2026-09-28,30,2.3587,2.6426,0.7939,0.805
PB_097,PB,Amritsar,GFS ENSEMBLE,rainfall_mm,48,2026-08-30,2026-09-28,30,0.6103,1.0852,0.9657,-0.1657
PB_097,PB,Amritsar,GFS ENSEMBLE,temperature_c,48,2026-08-30,2026-09-28,30,0.8197,1.1012,0.6438,0.341
PB_097,PB,Amritsar,GFS ENSEMBLE,wind_speed_kmh,48,2026-08-30,2026-09-28,30,1.6037,1.9729,0.812,-0.011
PB_097,PB,Amritsar,AIFS,rainfall_mm,48,2026-08-30,2026-09-28,30,0.5128,1.1118,0.9681,0.1913
PB_097,PB,Amritsar,AIFS,temperature_c,48,2026-08-30,2026-09-28,30,0.7756,0.9127,0.7019,0.0173
PB_097,PB,Amritsar,AIFS,wind_speed_kmh,48,2026-08-30,2026-09-28,30,1.2751,1.5525,0.8613,0.0507
PB_097,PB,Amritsar,IFS,rainfall_mm,48,2026-08-30,2026-09-28,30,0.4736,0.8887,0.9732,-0.0553
PB_097,PB,Amritsar,IFS,temperature_c,48,2026-08-30,2026-09-28,30,0.9799,1.2156,0.5052,-0.2893
PB_097,PB,Amritsar,IFS,wind_speed_kmh,48,2026-08-30,2026-09-28,30,1.8515,2.3365,0.7664,-0.1976
PB_097,PB,Amritsar,NCEP GFS,rainfall_mm,72,2026-08-30,2026-09-28,30,0.8045,1.5131,0.9268,-0.264
PB_097,PB,Amritsar,NCEP GFS,temperature_c,72,2026-08-30,2026-09-28,30,1.4476,1.8329,0.4348,0.51
PB_097,PB,Amritsar,NCEP GFS,wind_speed_kmh,72,2026-08-30,2026-09-28,30,2.365,3.0966,0.6591,1.064
PB_097,PB,Amritsar,GFS ENSEMBLE,rainfall_mm,72,2026-08-30,2026-09-28,30,1.164,2.0098,0.8534,-0.2557
PB_097,PB,Amritsar,GFS ENSEMBLE,temperature_c,72,2026-08-30,2026-09-28,30,1.0854,1.4605,0.596,-0.034
PB_097,PB,Amritsar,GFS ENSEMBLE,wind_speed_kmh,72,2026-08-30,2026-09-28,30,1.7372,2.225,0.7542,0.6827
PB_097,PB,Amritsar,AIFS,rainfall_mm,72,2026-08-30,2026-09-28,30,0.8031,1.5262,0.93,0.291
PB_097,PB,Amritsar,AIFS,temperature_c,72,2026-08-30,2026-09-28,30,0.7782,0.9378,0.6189,0.0787
PB_097,PB,Amritsar,AIFS,wind_speed_kmh,72,2026-08-30,2026-09-28,30,1.7691,2.5767,0.7594,0.2244
PB_097,PB,Amritsar,IFS,rainfall_mm,72,2026-08-30,2026-09-28,30,0.9197,1.5739,0.9266,0.1727
PB_097,PB,Amritsar,IFS,temperature_c,72,2026-08-30,2026-09-28,30,0.878,1.0923,0.5798,0.0223
PB_097,PB,Amritsar,IFS,wind_speed_kmh,72,2026-08-30,2026-09-28,30,2.2246,2.9367,0.7636,1.324
PB_098,PB,Jalandhar,NCEP GFS,rainfall_mm,24,2026-08-30,2026-09-28,30,0.5588,1.2098,0.9931,0.2466
PB_098,PB,Jalandhar,NCEP GFS,temperature_c,24,2026-08-30,2026-09-28,30,1.2043,1.4854,0.7335,0.1279
PB_098,PB,Jalandhar,NCEP GFS,wind_speed_kmh,24,2026-08-30,2026-09-28,30,2.0687,2.5336,0.6729,0.1703
PB_098,PB,Jalandhar,GFS ENSEMBLE,rainfall_mm,24,2026-08-30,2026-09-28,30,0.5267,1.2427,0.9974,-0.0171
PB_098,PB,Jalandhar,GFS ENSEMBLE,temperature_c,24,2026-08-30,2026-09-28,30,0.7711,0.9285,0.859,0.0356
PB_098,PB,Jalandhar,GFS ENSEMBLE,wind_speed_kmh,24,2026-08-30,2026-09-28,30,1.5828,1.9162,0.8327,0.0023
PB_098,PB,Jalandhar,AIFS,rainfall_mm,24,2026-08-30,2026-09-28,30,0.5131,1.4929,0.9963,-0.1364
PB_098,PB,Jalandhar,AIFS,temperature_c,24,2026-08-30,2026-09-28,30,0.7917,1.0342,0.7568,-0.3544
PB_098,PB,Jalandhar,AIFS,wind_speed_kmh,24,2026-08-30,2026-09-28,30,1.49,1.7649,0.8531,0.0809
PB_098,PB,Jalandhar,IFS,rainfall_mm,24,2026-08-30,2026-09-28,30,0.4881,1.1391,0.9948,0.2889
PB_098,PB,Jalandhar,IFS,temperature_c,24,2026-08-30,2026-09-28,30,0.7189,0.8823,0.8029,-0.0671
PB_098,PB,Jalandhar,IFS,wind_speed_kmh,24,2026-08-30,2026-09-28,30,1.188,1.4589,0.8961,-0.0274
PB_098,PB,Jalandhar,NCEP GFS,rainfall_mm,48,2026-08-30,2026-09-28,30,0.7956,2.0058,0.996,-0.5821
PB_098,PB,Jalandhar,NCEP GFS,temperature_c,48,2026-08-30,2026-09-28,30,1.4525,1.8358,0.194,0.4509
PB_098,PB,Jalandhar,NCEP GFS,wind_speed_kmh,48,2026-08-30,2026-09-28,30,1.6403,2.1605,0.8183,0.0453
PB_098,PB,Jalandhar,GFS ENSEMBLE,rainfall_mm,48,2026-08-30,2026-09-28,30,0.7719,1.8818,0.9948,-0.4164
PB_098,PB,Jalandhar,GFS ENSEMBLE,temperature_c,48,2026-08-30,2026-09-28,30,0.8924,1.1586,0.7657,0.1599
PB_098,PB,Jalandhar,GFS ENSEMBLE,wind_speed_kmh,48,2026-08-30,2026-09-28,30,1.7457,2.0528,0.7906,0.0486
PB_098,PB,Jalandhar,AIFS,rainfall_mm,48,2026-08-30,2026-09-28,30,1.3876,4.7063,0.9634,-0.5234
PB_098,PB,Jalandhar,AIFS,temperature_c,48,2026-08-30,2026-09-28,30,0.793,1.0647,0.7114,-0.2001
PB_098,PB,Jalandhar,AIFS,wind_speed_kmh,48,2026-08-30,2026-09-28,30,1.6482,2.0588,0.8129,0.4709
PB_098,PB,Jalandhar,IFS,rainfall_mm,48,2026-08-30,2026-09-28,30,0.6653,1.968,0.9958,0.3126
PB_098,PB,Jalandhar,IFS,temperature_c,48,2026-08-30,2026-09-28,30,0.9924,1.3357,0.7837,0.3963
PB_098,PB,Jalandhar,IFS,wind_speed_kmh,48,2026-08-30,2026-09-28,30,1.4129,1.781,0.8322,-0.2394
PB_098,PB,Jalandhar,NCEP GFS,rainfall_mm,72,2026-08-30,2026-09-28,30,0.6751,1.3993,0.9905,-0.1834
PB_098,PB,Jalandhar,NCEP GFS,temperature_c,72,2026-08-30,2026-09-28,30,1.4526,1.7076,0.6979,-0.1174
PB_098,PB,Jalandhar,NCEP GFS,wind_speed_kmh,72,2026-08-30,2026-09-28,30,2.3467,3.0476,0.6472,0.5703
PB_098,PB,Jalandhar,GFS ENSEMBLE,rainfall_mm,72,2026-08-30,2026-09-28,30,0.5367,1.2654,0.9963,-0.1594
PB_098,PB,Jalandhar,GFS ENSEMBLE,temperature_c,72,2026-08-30,2026-09-28,30,1.1257,1.3182,0.6664,0.0199
PB_098,PB,Jalandhar,GFS ENSEMBLE,wind_speed_kmh,72,2026-08-30,2026-09-28,30,2.0205,2.5782,0.7977,-0.1121
PB_098,PB,Jalandhar,AIFS,rainfall_mm,72,2026-08-30,2026-09-28,30,1.0674,3.5104,0.9944,0.6999
PB_098,PB,Jalandhar,AIFS,temperature_c,72,2026-08-30,2026-09-28,30,0.9316,1.1032,0.6704,-0.0881
PB_098,PB,Jalandhar,AIFS,wind_speed_kmh,72,2026-08-30,2026-09-28,30,2.2736,2.7626,0.787,0.6779
PB_098,PB,Jalandhar,IFS,rainfall_mm,72,2026-08-30,2026-09-28,30,1.0225,2.7413,0.9942,0.7289
PB_098,PB,Jalandhar,IFS,temperature_c,72,2026-08-30,2026-09-28,30,1.1008,1.3316,0.572,0.3146
PB_098,PB,Jalandhar,IFS,wind_speed_kmh,72,2026-08-30,2026-09-28,30,1.6181,2.1726,0.8234,-0.2487
PB_099,PB,Patiala,NCEP GFS,rainfall_mm,24,2026-08-30,2026-09-28,30,1.0875,2.8242,0.9553,-0.4899
PB_099,PB,Patiala,NCEP GFS,temperature_c,24,2026-08-30,2026-09-28,30,1.0224,1.2446,0.5573,-0.1191
PB_099,PB,Patiala,NCEP GFS,wind_speed_kmh,24,2026-08-30,2026-09-28,30,2.3878,2.9635,0.7349,0.3475
PB_099,PB,Patiala,GFS ENSEMBLE,rainfall_mm,24,2026-08-30,2026-09-28,30,0.9517,1.9164,0.9831,-0.4902
PB_099,PB,Patiala,GFS ENSEMBLE,temperature_c,24,2026-08-30,2026-09-28,30,0.826,0.9997,0.7567,0.1112
PB_099,PB,Patiala,GFS ENSEMBLE,wind_speed_kmh,24,2026-08-30,2026-09-28,30,1.3665,1.637,0.8977,0.5992
PB_099,PB,Patiala,AIFS,rainfall_mm,24,2026-08-30,2026-09-28,30,0.3666,0.6423,0.9968,0.0414
PB_099,PB,Patiala,AIFS,temperature_c,24,2026-08-30,2026-09-28,30,0.5714,0.6954,0.8574,-0.2571
PB_099,PB,Patiala,AIFS,wind_speed_kmh,24,2026-08-30,2026-09-28,30,1.4023,1.6636,0.8957,-0.4622
PB_099,PB,Patiala,IFS,rainfall_mm,24,2026-08-30,2026-09-28,30,0.6221,1.6154,0.9926,-0.2982
PB_099,PB,Patiala,IFS,temperature_c,24,2026-08-30,2026-09-28,30,0.8277,0.9639,0.7914,-0.0081
PB_099,PB,Patiala,IFS,wind_speed_kmh,24,2026-08-30,2026-09-28,30,1.3417,1.586,0.9348,-0.0128
PB_099,PB,Patiala,NCEP GFS,rainfall_mm,48,2026-08-30,2026-09-28,30,1.0167,1.9114,0.9685,-0.3666
PB_099,PB,Patiala,NCEP GFS,temperature_c,48,2026-08-30,2026-09-28,30,1.307,1.6052,0.7072,0.8336
PB_099,PB,Patiala,NCEP GFS,wind_speed_kmh,48,2026-08-30,2026-09-28,30,2.5639,3.057,0.732,0.8882
PB_099,PB,Patiala,GFS ENSEMBLE,rainfall_mm,48,2026-08-30,2026-09-28,30,1.2669,4.5276,0.808,-0.7369
PB_099,PB,Patiala,GFS ENSEMBLE,temperature_c,48,2026-08-30,2026-09-28,30,0.8624,1.1144,0.7316,0.4896
PB_099,PB,Patiala,GFS ENSEMBLE,wind_speed_kmh,48,2026-08-30,2026-09-28,30,1.8755,2.1896,0.844,0.5908
PB_099,PB,Patiala,AIFS,rainfall_mm,48,2026-08-30,2026-09-28,30,0.7336,1.324,0.9853,-0.0089
PB_099,PB,Patiala,AIFS,temperature_c,48,2026-08-30,2026-09-28,30,0.739,0.9237,0.8365,0.2942
PB_099,PB,Patiala,AIFS,wind_speed_kmh,48,2026-08-30,2026-09-28,30,1.3597,1.7709,0.8933,0.5195
PB_099,PB,Patiala,IFS,rainfall_mm,48,2026-08-30,2026-09-28,30,0.5636,1.1492,0.9914,0.2818
PB_099,PB,Patiala,IFS,temperature_c,48,2026-08-30,2026-09-28,30,0.7304,0.8667,0.7771,0.3042
PB_099,PB,Patiala,IFS,wind_speed_kmh,48,2026-08-30,2026-09-28,30,1.5777,1.9599,0.8646,-0.1795
PB_099,PB,Patiala,NCEP GFS,rainfall_mm,72,2026-08-30,2026-09-28,30,1.024,1.8701,0.9729,0.2054
PB_099,PB,Patiala,NCEP GFS,temperature_c,72,2026-08-30,2026-09-28,30,1.5757,1.9927,0.3832,-0.0174
PB_099,PB,Patiala,NCEP GFS,wind_speed_kmh,72,2026-08-30,2026-09-28,30,2.6161,3.2081,0.714,1.1045
PB_099,PB,Patiala,GFS ENSEMBLE,rainfall_mm,72,2026-08-30,2026-09-28,30,1.248,3.8225,0.9656,0.6948
PB_099,PB,Patiala,GFS ENSEMBLE,temperature_c,72,2026-08-30,2026-09-28,30,0.8839,1.1965,0.4378,0.1476
PB_099,PB,Patiala,GFS ENSEMBLE,wind_speed_kmh,72,2026-08-30,2026-09-28,30,2.2187,2.6449,0.7736,0.7338
PB_099,PB,Patiala,AIFS,rainfall_mm,72,2026-08-30,2026-09-28,30,1.2551,3.4323,0.9533,-0.7959
PB_099,PB,Patiala,AIFS,temperature_c,72,2026-08-30,2026-09-28,30,0.8499,0.9586,0.6516,-0.0498
PB_099,PB,Patiala,AIFS,wind_speed_kmh,72,2026-08-30,2026-09-28,30,1.6058,1.9385,0.9171,-0.1965
PB_099,PB,Patiala,IFS,rainfall_mm,72,2026-08-30,2026-09-28,30,0.6319,1.2299,0.9955,0.2684
PB_099,PB,Patiala,IFS,temperature_c,72,2026-08-30,2026-09-28,30,1.1584,1.4456,0.7705,0.0862
PB_099,PB,Patiala,IFS,wind_speed_kmh,72,2026-08-30,2026-09-28,30,2.2778,2.733,0.738,0.6552
PB_100,PB,Bathinda,NCEP GFS,rainfall_mm,24,2026-08-30,2026-09-28,30,0.5276,1.1056,0.9667,0.2163
PB_100,PB,Bathinda,NCEP GFS,temperature_c,24,2026-08-30,2026-09-28,30,1.1,1.4664,0.7536,0.5842
PB_100,PB,Bathinda,NCEP GFS,wind_speed_kmh,24,2026-08-30,2026-09-28,30,2.512,3.1186,0.6995,1.6808
PB_100,PB,Bathinda,GFS ENSEMBLE,rainfall_mm,24,2026-08-30,2026-09-28,30,0.4221,0.8165,0.9836,-0.3477
PB_100,PB,Bathinda,GFS ENSEMBLE,temperature_c,24,2026-08-30,2026-09-28,30,0.6899,0.9782,0.7316,-0.2208
PB_100,PB,Bathinda,GFS ENSEMBLE,wind_speed_kmh,24,2026-08-30,2026-09-28,30,1.6376,1.8919,0.8422,-0.4328
PB_100,PB,Bathinda,AIFS,rainfall_mm,24,2026-08-30,2026-09-28,30,0.8175,1.5639,0.9213,0.1543
PB_100,PB,Bathinda,AIFS,temperature_c,24,2026-08-30,2026-09-28,30,0.5706,0.7277,0.7838,-0.0775
PB_100,PB,Bathinda,AIFS,wind_speed_kmh,24,2026-08-30,2026-09-28,30,1.2051,1.497,0.8751,0.1715
PB_100,PB,Bathinda,IFS,rainfall_mm,24,2026-08-30,2026-09-28,30,0.4832,0.8913,0.9758,0.086
PB_100,PB,Bathinda,IFS,temperature_c,24,2026-08-30,2026-09-28,30,0.8263,1.0425,0.787,-0.0891
PB_100,PB,Bathinda,IFS,wind_speed_kmh,24,2026-08-30,2026-09-28,30,1.2048,1.4848,0.8802,-0.3565
PB_100,PB,Bathinda,NCEP GFS,rainfall_mm,48,2026-08-30,2026-09-28,30,0.7909,1.4937,0.9303,-0.3047
PB_100,PB,Bathinda,NCEP GFS,temperature_c,48,2026-08-30,2026-09-28,30,1.2126,1.4877,0.4907,0.0825
PB_100,PB,Bathinda,NCEP GFS,wind_speed_kmh,48,2026-08-30,2026-09-28,30,2.2643,2.6075,0.7591,0.4475
PB_100,PB,Bathinda,GFS ENSEMBLE,rainfall_mm,48,2026-08-30,2026-09-28,30,0.9379,1.5073,0.9311,-0.2453
PB_100,PB,Bathinda,GFS ENSEMBLE,temperature_c,48,2026-08-30,2026-09-28,30,0.9215,1.117,0.7083,-0.0155
PB_100,PB,Bathinda,GFS ENSEMBLE,wind_speed_kmh,48,2026-08-30,2026-09-28,30,1.4495,2.0232,0.7995,-0.6445
PB_100,PB,Bathinda,AIFS,rainfall_mm,48,2026-08-30,2026-09-28,30,0.688,1.2698,0.9542,-0.0393
PB_100,PB,Bathinda,AIFS,temperature_c,48,2026-08-30,2026-09-28,30,0.9258,1.0797,0.692,-0.1931
PB_100,PB,Bathinda,AIFS,wind_speed_kmh,48,2026-08-30,2026-09-28,30,1.7821,2.0853,0.799,-0.1572
PB_100,PB,Bathinda,IFS,rainfall_mm,48,2026-08-30,2026-09-28,30,0.619,1.0224,0.9694,-0.067
PB_100,PB,Bathinda,IFS,temperature_c,48,2026-08-30,2026-09-28,30,0.8783,1.0301,0.7588,0.1942
PB_100,PB,Bathinda,IFS,wind_speed_kmh,48,2026-08-30,2026-09-28,30,1.4395,1.6879,0.8908,0.3755
PB_100,PB,Bathinda,NCEP GFS,rainfall_mm,72,2026-08-30,2026-09-28,30,0.9997,1.717,0.9104,-0.1823
PB_100,PB,Bathinda,NCEP GFS,temperature_c,72,2026-08-30,2026-09-28,30,1.1493,1.52,0.7099,0.6099
PB_100,PB,Bathinda,NCEP GFS,wind_speed_kmh,72,2026-08-30,2026-09-28,30,2.9155,3.6596,0.7048,0.9168
PB_100,PB,Bathinda,GFS ENSEMBLE,rainfall_mm,72,2026-08-30,2026-09-28,30,0.8207,1.3718,0.9416,-0.0627
PB_100,PB,Bathinda,GFS ENSEMBLE,temperature_c,72,2026-08-30,2026-09-28,30,0.8884,1.1757,0.5927,0.2125
PB_100,PB,Bathinda,GFS ENSEMBLE,wind_speed_kmh,72,2026-08-30,2026-09-28,30,2.1372,2.5976,0.7501,0.8265
PB_100,PB,Bathinda,AIFS,rainfall_mm,72,2026-08-30,2026-09-28,30,0.8753,1.7,0.9211,0.5803
PB_100,PB,Bathinda,AIFS,temperature_c,72,2026-08-30,2026-09-28,30,1.2545,1.461,0.5512,0.0029
PB_100,PB,Bathinda,AIFS,wind_speed_kmh,72,2026-08-30,2026-09-28,30,1.5503,1.8381,0.8238,0.3265
PB_100,PB,Bathinda,IFS,rainfall_mm,72,2026-08-30,2026-09-28,30,0.9791,1.6215,0.9138,0.105
PB_100,PB,Bathinda,IFS,temperature_c,72,2026-08-30,2026-09-28,30,1.0461,1.271,0.6571,0.1365
PB_100,PB,Bathinda,IFS,wind_speed_kmh,72,2026-08-30,2026-09-28,30,1.5378,2.0363,0.8777,-0.0678
RJ_101,RJ,Jaipur,NCEP GFS,rainfall_mm,24,2026-08-30,2026-09-28,30,0.3052,0.5843,0.9789,0.0995
RJ_101,RJ,Jaipur,NCEP GFS,temperature_c,24,2026-08-30,2026-09-28,30,1.0972,1.3788,0.6148,0.4404
RJ_101,RJ,Jaipur,NCEP GFS,wind_speed_kmh,24,2026-08-30,2026-09-28,30,2.1118,2.5254,0.6179,0.9446
RJ_101,RJ,Jaipur,GFS ENSEMBLE,rainfall_mm,24,2026-08-30,2026-09-28,30,0.3609,0.7351,0.9693,-0.0435
RJ_101,RJ,Jaipur,GFS ENSEMBLE,temperature_c,24,2026-08-30,2026-09-28,30,0.5411,0.6281,0.8766,-0.099
RJ_101,RJ,Jaipur,GFS ENSEMBLE,wind_speed_kmh,24,2026-08-30,2026-09-28,30,1.1524,1.5143,0.8642,0.213
RJ_101,RJ,Jaipur,AIFS,rainfall_mm,24,2026-08-30,2026-09-28,30,0.7601,1.5355,0.903,0.6885
RJ_101,RJ,Jaipur,AIFS,temperature_c,24,2026-08-30,2026-09-28,30,0.4551,0.5526,0.8415,-0.049
RJ_101,RJ,Jaipur,AIFS,wind_speed_kmh,24,2026-08-30,2026-09-28,30,1.0339,1.2501,0.9042,-0.293
RJ_101,RJ,Jaipur,IFS,rainfall_mm,24,2026-08-30,2026-09-28,30,0.4109,0.885,0.9697,0.3258
RJ_101,RJ,Jaipur,IFS,temperature_c,24,2026-08-30,2026-09-28,30,0.6317,0.7762,0.8054,-0.016
RJ_101,RJ,Jaipur,IFS,wind_speed_kmh,24,2026-08-30,2026-09-28,30,1.2592,1.5891,0.8378,0.0743
RJ_101,RJ,Jaipur,NCEP GFS,rainfall_mm,48,2026-08-30,2026-09-28,30,0.3923,0.779,0.9561,0.0111
RJ_101,RJ,Jaipur,NCEP GFS,temperature_c,48,2026-08-30,2026-09-28,30,1.2649,1.4674,0.7494,0.6074
RJ_101,RJ,Jaipur,NCEP GFS,wind_speed_kmh,48,2026-08-30,2026-09-28,30,2.2272,2.9086,0.6032,1.276
RJ_101,RJ,Jaipur,GFS ENSEMBLE,rainfall_mm,48,2026-08-30,2026-09-28,30,0.4413,0.9464,0.9466,0.1451
RJ_101,RJ,Jaipur,GFS ENSEMBLE,temperature_c,48,2026-08-30,2026-09-28,30,0.7919,1.1054,0.7018,0.1294
RJ_101,RJ,Jaipur,GFS ENSEMBLE,wind_speed_kmh,48,2026-08-30,2026-09-28,30,1.7214,2.1516,0.6947,0.2223
RJ_101,RJ,Jaipur,AIFS,rainfall_mm,48,2026-08-30,2026-09-28,30,0.4318,0.9102,0.9467,-0.0315
RJ_101,RJ,Jaipur,AIFS,temperature_c,48,2026-08-30,2026-09-28,30,0.8654,0.991,0.558,0.0504
RJ_101,RJ,Jaipur,AIFS,wind_speed_kmh,48,2026-08-30,2026-09-28,30,1.311,1.6925,0.8216,0.3763
RJ_101,RJ,Jaipur,IFS,rainfall_mm,48,2026-08-30,2026-09-28,30,0.379,0.7703,0.957,0.0451
RJ_101,RJ,Jaipur,IFS,temperature_c,48,2026-08-30,2026-09-28,30,0.7727,1.0183,0.7729,0.091
RJ_101,RJ,Jaipur,IFS,wind_speed_kmh,48,2026-08-30,2026-09-28,30,1.4316,1.9705,0.7275,0.5113
RJ_101,RJ,Jaipur,NCEP GFS,rainfall_mm,72,2026-08-30,2026-09-28,30,0.9897,1.9161,0.8928,0.9205
RJ_101,RJ,Jaipur,NCEP GFS,temperature_c,72,2026-08-30,2026-09-28,30,1.2503,1.6457,0.5163,0.3657
RJ_101,RJ,Jaipur,NCEP GFS,wind_speed_kmh,72,2026-08-30,2026-09-28,30,2.5192,3.1333,0.4895,-0.2164
RJ_101,RJ,Jaipur,GFS ENSEMBLE,rainfall_mm,72,2026-08-30,2026-09-28,30,0.5434,1.2545,0.8856,0.1608
RJ_101,RJ,Jaipur,GFS ENSEMBLE,temperature_c,72,2026-08-30,2026-09-28,30,0.9216,1.1078,0.6023,-0.4063
RJ_101,RJ,Jaipur,GFS ENSEMBLE,wind_speed_kmh,72,2026-08-30,2026-09-28,30,2.0196,2.6822,0.781,0.6773
RJ_101,RJ,Jaipur,AIFS,rainfall_mm,72,2026-08-30,2026-09-28,30,0.5839,1.3215,0.8745,0.3038
RJ_101,RJ,Jaipur,AIFS,temperature_c,72,2026-08-30,2026-09-28,30,0.9923,1.245,0.6541,-0.1313
RJ_101,RJ,Jaipur,AIFS,wind_speed_kmh,72,2026-08-30,2026-09-28,30,1.7908,2.1459,0.8099,0.236
RJ_101,RJ,Jaipur,IFS,rainfall_mm,72,2026-08-30,2026-09-28,30,0.4519,0.9454,0.9534,0.2881
RJ_101,RJ,Jaipur,IFS,temperature_c,72,2026-08-30,2026-09-28,30,0.7438,0.9878,0.6584,0.0427
RJ_101,RJ,Jaipur,IFS,wind_speed_kmh,72,2026-08-30,2026-09-28,30,2.0486,2.4221,0.5557,-0.529
RJ_102,RJ,Jodhpur,NCEP GFS,rainfall_mm,24,2026-08-30,2026-09-28,30,0.196,0.4226,0.9839,0.1044
RJ_102,RJ,Jodhpur,NCEP GFS,temperature_c,24,2026-08-30,2026-09-28,30,1.1717,1.3407,0.692,0.5412
RJ_102,RJ,Jodhpur,NCEP GFS,wind_speed_kmh,24,2026-08-30,2026-09-28,30,1.4995,1.9487,0.8597,0.2263
RJ_102,RJ,Jodhpur,GFS ENSEMBLE,rainfall_mm,24,2026-08-30,2026-09-28,30,0.3616,0.7472,0.941,0.0701
RJ_102,RJ,Jodhpur,GFS ENSEMBLE,temperature_c,24,2026-08-30,2026-09-28,30,1.0335,1.265,0.7188,0.1352
RJ_102,RJ,Jodhpur,GFS ENSEMBLE,wind_speed_kmh,24,2026-08-30,2026-09-28,30,1.2619,1.5746,0.9201,0.158
RJ_102,RJ,Jodhpur,AIFS,rainfall_mm,24,2026-08-30,2026-09-28,30,0.398,1.09,0.8919,0.2718
RJ_102,RJ,Jodhpur,AIFS,temperature_c,24,2026-08-30,2026-09-28,30,0.5141,0.6252,0.8634,-0.0075
RJ_102,RJ,Jodhpur,AIFS,wind_speed_kmh,24,2026-08-30,2026-09-28,30,1.1784,1.4729,0.9105,0.1383
RJ_102,RJ,Jodhpur,IFS,rainfall_mm,24,2026-08-30,2026-09-28,30,0.1907,0.4259,0.9921,0.1051
RJ_102,RJ,Jodhpur,IFS,temperature_c,24,2026-08-30,2026-09-28,30,0.6469,0.7815,0.8087,-0.0301
RJ_102,RJ,Jodhpur,IFS,wind_speed_kmh,24,2026-08-30,2026-09-28,30,1.5235,1.8613,0.9238,0.0337
RJ_102,RJ,Jodhpur,NCEP GFS,rainfall_mm,48,2026-08-30,2026-09-28,30,0.4694,1.1032,0.9477,0.3754
RJ_102,RJ,Jodhpur,NCEP GFS,temperature_c,48,2026-08-30,2026-09-28,30,1.0072,1.2661,0.8641,0.0049
RJ_102,RJ,Jodhpur,NCEP GFS,wind_speed_kmh,48,2026-08-30,2026-09-28,30,2.1293,2.6006,0.871,1.2377
RJ_102,RJ,Jodhpur,GFS ENSEMBLE,rainfall_mm,48,2026-08-30,2026-09-28,30,0.5933,1.2737,0.818,0.0794
RJ_102,RJ,Jodhpur,GFS ENSEMBLE,temperature_c,48,2026-08-30,2026-09-28,30,0.9385,1.1535,0.7316,0.5812
RJ_102,RJ,Jodhpur,GFS ENSEMBLE,wind_speed_kmh,48,2026-08-30,2026-09-28,30,1.5198,2.2013,0.8689,0.9603
RJ_102,RJ,Jodhpur,AIFS,rainfall_mm,48,2026-08-30,2026-09-28,30,0.4838,1.2185,0.8849,0.3304
RJ_102,RJ,Jodhpur,AIFS,temperature_c,48,2026-08-30,2026-09-28,30,0.7814,0.9787,0.803,-0.0358
RJ_102,RJ,Jodhpur,AIFS,wind_speed_kmh,48,2026-08-30,2026-09-28,30,1.3617,1.6672,0.8914,0.2647
RJ_102,RJ,Jodhpur,IFS,rainfall_mm,48,2026-08-30,2026-09-28,30,0.3497,0.9605,0.9289,0.3078
RJ_102,RJ,Jodhpur,IFS,temperature_c,48,2026-08-30,2026-09-28,30,1.0216,1.1736,0.6923,0.1135
RJ_102,RJ,Jodhpur,IFS,wind_speed_kmh,48,2026-08-30,2026-09-28,30,1.9545,2.3974,0.8494,0.1483
RJ_102,RJ,Jodhpur,NCEP GFS,rainfall_mm,72,2026-08-30,2026-09-28,30,0.3309,0.6285,0.9637,-0.0162
RJ_102,RJ,Jodhpur,NCEP GFS,temperature_c,72,2026-08-30,2026-09-28,30,1.0924,1.445,0.712,-0.0275
RJ_102,RJ,Jodhpur,NCEP GFS,wind_speed_kmh,72,2026-08-30,2026-09-28,30,2.3646,2.9177,0.805,1.082
RJ_102,RJ,Jodhpur,GFS ENSEMBLE,rainfall_mm,72,2026-08-30,2026-09-28,30,0.4952,1.1181,0.8627,0.1044
RJ_102,RJ,Jodhpur,GFS ENSEMBLE,temperature_c,72,2026-08-30,2026-09-28,30,1.0416,1.3309,0.4235,0.0622
RJ_102,RJ,Jodhpur,GFS ENSEMBLE,wind_speed_kmh,72,2026-08-30,2026-09-28,30,1.9332,2.3257,0.8156,0.4213
RJ_102,RJ,Jodhpur,AIFS,rainfall_mm,72,2026-08-30,2026-09-28,30,0.1665,0.3482,0.9875,0.0034
RJ_102,RJ,Jodhpur,AIFS,temperature_c,72,2026-08-30,2026-09-28,30,1.1332,1.4074,0.5465,0.1375
RJ_102,RJ,Jodhpur,AIFS,wind_speed_kmh,72,2026-08-30,2026-09-28,30,2.1955,2.6344,0.7388,0.3433
RJ_102,RJ,Jodhpur,IFS,rainfall_mm,72,2026-08-30,2026-09-28,30,0.7228,1.3759,0.7827,0.0521
RJ_102,RJ,Jodhpur,IFS,temperature_c,72,2026-08-30,2026-09-28,30,1.0594,1.3352,0.5024,0.1179
RJ_102,RJ,Jodhpur,IFS,wind_speed_kmh,72,2026-08-30,2026-09-28,30,1.5537,1.8653,0.8878,-0.5433
RJ_103,RJ,Udaipur,NCEP GFS,rainfall_mm,24,2026-08-30,2026-09-28,30,0.3058,0.5396,0.9534,0.0095
RJ_103,RJ,Udaipur,NCEP GFS,temperature_c,24,2026-08-30,2026-09-28,30,1.0542,1.5511,0.7464,0.3962
RJ_103,RJ,Udaipur,NCEP GFS,wind_speed_kmh,24,2026-08-30,2026-09-28,30,1.8339,2.4481,0.772,0.7078
RJ_103,RJ,Udaipur,GFS ENSEMBLE,rainfall_mm,24,2026-08-30,2026-09-28,30,0.3834,0.8104,0.8938,-0.0252
RJ_103,RJ,Udaipur,GFS ENSEMBLE,temperature_c,24,2026-08-30,2026-09-28,30,0.6411,0.8254,0.8135,0.0868
RJ_103,RJ,Udaipur,GFS ENSEMBLE,wind_speed_kmh,24,2026-08-30,2026-09-28,30,1.4189,1.7274,0.8335,0.1028
RJ_103,RJ,Udaipur,AIFS,rainfall_mm,24,2026-08-30,2026-09-28,30,0.3779,0.5922,0.948,0.1431
RJ_103,RJ,Udaipur,AIFS,temperature_c,24,2026-08-30,2026-09-28,30,0.6217,0.6824,0.8587,0.0648
RJ_103,RJ,Udaipur,AIFS,wind_speed_kmh,24,2026-08-30,2026-09-28,30,0.8679,1.0382,0.905,-0.0982
RJ_103,RJ,Udaipur,IFS,rainfall_mm,24,2026-08-30,2026-09-28,30,0.1278,0.1929,0.9943,0.0315
RJ_103,RJ,Udaipur,IFS,temperature_c,24,2026-08-30,2026-09-28,30,0.726,0.9215,0.7644,-0.1572
RJ_103,RJ,Udaipur,IFS,wind_speed_kmh,24,2026-08-30,2026-09-28,30,1.2701,1.6263,0.8827,0.3328
RJ_103,RJ,Udaipur,NCEP GFS,rainfall_mm,48,2026-08-30,2026-09-28,30,0.3755,0.7302,0.9122,0.0245
RJ_103,RJ,Udaipur,NCEP GFS,temperature_c,48,2026-08-30,2026-09-28,30,1.3061,1.6269,0.5011,0.2962
RJ_103,RJ,Udaipur,NCEP GFS,wind_speed_kmh,48,2026-08-30,2026-09-28,30,2.7764,3.2597,0.5507,1.1295
RJ_103,RJ,Udaipur,GFS ENSEMBLE,rainfall_mm,48,2026-08-30,2026-09-28,30,0.6363,1.3159,0.7027,-0.0299
RJ_103,RJ,Udaipur,GFS ENSEMBLE,temperature_c,48,2026-08-30,2026-09-28,30,0.8642,1.1255,0.8019,0.1345
RJ_103,RJ,Udaipur,GFS ENSEMBLE,wind_speed_kmh,48,2026-08-30,2026-09-28,30,1.787,2.1885,0.6933,0.5312
RJ_103,RJ,Udaipur,AIFS,rainfall_mm,48,2026-08-30,2026-09-28,30,0.354,0.9926,0.8679,0.2261
RJ_103,RJ,Udaipur,AIFS,temperature_c,48,2026-08-30,2026-09-28,30,0.6575,0.8074,0.8984,-0.1538
RJ_103,RJ,Udaipur,AIFS,wind_speed_kmh,48,2026-08-30,2026-09-28,30,1.8922,2.1975,0.7296,-0.1155
RJ_103,RJ,Udaipur,IFS,rainfall_mm,48,2026-08-30,2026-09-28,30,0.3245,0.6063,0.9538,0.1605
RJ_103,RJ,Udaipur,IFS,temperature_c,48,2026-08-30,2026-09-28,30,0.9261,1.0445,0.7687,0.0432
RJ_103,RJ,Udaipur,IFS,wind_speed_kmh,48,2026-08-30,2026-09-28,30,1.4556,1.69,0.799,-0.0995
RJ_103,RJ,Udaipur,NCEP GFS,rainfall_mm,72,2026-08-30,2026-09-28,30,0.4484,0.739,0.91,0.0475
RJ_103,RJ,Udaipur,NCEP GFS,temperature_c,72,2026-08-30,2026-09-28,30,1.4628,1.8492,0.6113,0.0998
RJ_103,RJ,Udaipur,NCEP GFS,wind_speed_kmh,72,2026-08-30,2026-09-28,30,2.8978,3.2468,0.5712,1.7865
RJ_103,RJ,Udaipur,GFS ENSEMBLE,rainfall_mm,72,2026-08-30,2026-09-28,30,0.6285,1.0892,0.8153,0.1338
RJ_103,RJ,Udaipur,GFS ENSEMBLE,temperature_c,72,2026-08-30,2026-09-28,30,0.8667,1.0273,0.8197,0.3522
RJ_103,RJ,Udaipur,GFS ENSEMBLE,wind_speed_kmh,72,2026-08-30,2026-09-28,30,1.9193,2.3765,0.7948,0.8902
RJ_103,RJ,Udaipur,AIFS,rainfall_mm,72,2026-08-30,2026-09-28,30,0.702,1.4777,0.7173,0.2451
RJ_103,RJ,Udaipur,AIFS,temperature_c,72,2026-08-30,2026-09-28,30,0.8371,1.0742,0.6882,0.0905
RJ_103,RJ,Udaipur,AIFS,wind_speed_kmh,72,2026-08-30,2026-09-28,30,1.4737,1.818,0.8418,-0.1852
RJ_103,RJ,Udaipur,IFS,rainfall_mm,72,2026-08-30,2026-09-28,30,0.618,1.3002,0.8397,0.3571
RJ_103,RJ,Udaipur,IFS,temperature_c,72,2026-08-30,2026-09-28,30,1.0297,1.3386,0.7042,-0.1028
RJ_103,RJ,Udaipur,IFS,wind_speed_kmh,72,2026-08-30,2026-09-28,30,2.1789,2.7434,0.7154,1.4022
RJ_104,RJ,Kota,NCEP GFS,rainfall_mm,24,2026-08-30,2026-09-28,30,0.2835,0.6547,0.9894,0.026
RJ_104,RJ,Kota,NCEP GFS,temperature_c,24,2026-08-30,2026-09-28,30,1.1151,1.3219,0.6767,0.1901
RJ_104,RJ,Kota,NCEP GFS,wind_speed_kmh,24,2026-08-30,2026-09-28,30,2.1763,2.5809,0.7524,0.1285
RJ_104,RJ,Kota,GFS ENSEMBLE,rainfall_mm,24,2026-08-30,2026-09-28,30,0.324,0.6019,0.9944,-0.1456
RJ_104,RJ,Kota,GFS ENSEMBLE,temperature_c,24,2026-08-30,2026-09-28,30,0.7346,0.9281,0.7616,0.0128
RJ_104,RJ,Kota,GFS ENSEMBLE,wind_speed_kmh,24,2026-08-30,2026-09-28,30,1.4589,1.7027,0.8674,-0.4539
RJ_104,RJ,Kota,AIFS,rainfall_mm,24,2026-08-30,2026-09-28,30,0.223,0.6741,0.9942,0.148
RJ_104,RJ,Kota,AIFS,temperature_c,24,2026-08-30,2026-09-28,30,0.7918,0.9585,0.61,-0.0352
RJ_104,RJ,Kota,AIFS,wind_speed_kmh,24,2026-08-30,2026-09-28,30,1.1998,1.5176,0.8828,-0.1159
RJ_104,RJ,Kota,IFS,rainfall_mm,24,2026-08-30,2026-09-28,30,0.2475,0.6913,0.9881,-0.0593
RJ_104,RJ,Kota,IFS,temperature_c,24,2026-08-30,2026-09-28,30,0.6612,0.786,0.8014,0.0918
RJ_104,RJ,Kota,IFS,wind_speed_kmh,24,2026-08-30,2026-09-28,30,0.9997,1.3106,0.8957,-0.2335
RJ_104,RJ,Kota,NCEP GFS,rainfall_mm,48,2026-08-30,2026-09-28,30,0.702,1.5277,0.9382,0.0734
RJ_104,RJ,Kota,NCEP GFS,temperature_c,48,2026-08-30,2026-09-28,30,1.3786,1.6285,0.394,0.1691
RJ_104,RJ,Kota,NCEP GFS,wind_speed_kmh,48,2026-08-30,2026-09-28,30,2.3055,2.8114,0.7966,1.1925
RJ_104,RJ,Kota,GFS ENSEMBLE,rainfall_mm,48,2026-08-30,2026-09-28,30,0.4597,1.0755,0.9716,0.0107
RJ_104,RJ,Kota,GFS ENSEMBLE,temperature_c,48,2026-08-30,2026-09-28,30,0.9216,1.2252,0.4838,0.2844
RJ_104,RJ,Kota,GFS ENSEMBLE,wind_speed_kmh,48,2026-08-30,2026-09-28,30,2.3323,2.6698,0.8409,1.1291
RJ_104,RJ,Kota,AIFS,rainfall_mm,48,2026-08-30,2026-09-28,30,0.5511,1.2468,0.9669,0.309
RJ_104,RJ,Kota,AIFS,temperature_c,48,2026-08-30,2026-09-28,30,0.9333,1.1236,0.7186,0.1298
RJ_104,RJ,Kota,AIFS,wind_speed_kmh,48,2026-08-30,2026-09-28,30,1.3853,1.7244,0.8256,-0.0552
RJ_104,RJ,Kota,IFS,rainfall_mm,48,2026-08-30,2026-09-28,30,0.225,0.3692,0.9972,0.0404
RJ_104,RJ,Kota,IFS,temperature_c,48,2026-08-30,2026-09-28,30,0.8435,0.9889,0.6015,0.0621
RJ_104,RJ,Kota,IFS,wind_speed_kmh,48,2026-08-30,2026-09-28,30,2.0164,2.4503,0.7393,0.1085
RJ_104,RJ,Kota,NCEP GFS,rainfall_mm,72,2026-08-30,2026-09-28,30,0.7067,1.3269,0.9754,0.279
RJ_104,RJ,Kota,NCEP GFS,temperature_c,72,2026-08-30,2026-09-28,30,1.5427,1.864,0.3365,0.3201
RJ_104,RJ,Kota,NCEP GFS,wind_speed_kmh,72,2026-08-30,2026-09-28,30,2.2248,2.9136,0.7507,0.7625
RJ_104,RJ,Kota,GFS ENSEMBLE,rainfall_mm,72,2026-08-30,2026-09-28,30,0.4212,1.0572,0.9851,-0.334
RJ_104,RJ,Kota,GFS ENSEMBLE,temperature_c,72,2026-08-30,2026-09-28,30,1.0316,1.3299,0.6208,0.2471
RJ_104,RJ,Kota,GFS ENSEMBLE,wind_speed_kmh,72,2026-08-30,2026-09-28,30,2.1653,2.673,0.7602,0.4388
RJ_104,RJ,Kota,AIFS,rainfall_mm,72,2026-08-30,2026-09-28,30,0.7602,1.8085,0.9442,0.3894
RJ_104,RJ,Kota,AIFS,temperature_c,72,2026-08-30,2026-09-28,30,1.1311,1.3303,0.708,0.0058
RJ_104,RJ,Kota,AIFS,wind_speed_kmh,72,2026-08-30,2026-09-28,30,1.5784,1.9147,0.8659,-0.9245
RJ_104,RJ,Kota,IFS,rainfall_mm,72,2026-08-30,2026-09-28,30,0.991,1.9819,0.9497,0.733
RJ_104,RJ,Kota,IFS,temperature_c,72,2026-08-30,2026-09-28,30,1.1405,1.4594,0.266,0.2248
RJ_104,RJ,Kota,IFS,wind_speed_kmh,72,2026-08-30,2026-09-28,30,1.668,2.0092,0.794,0.3268
RJ_105,RJ,Bikaner,NCEP GFS,rainfall_mm,24,2026-08-30,2026-09-28,30,0.4811,1.0648,0.9418,0.1495
RJ_105,RJ,Bikaner,NCEP GFS,temperature_c,24,2026-08-30,2026-09-28,30,0.7814,0.989,0.7112,0.1235
RJ_105,RJ,Bikaner,NCEP GFS,wind_speed_kmh,24,2026-08-30,2026-09-28,30,1.8785,2.3108,0.7847,0.3117
RJ_105,RJ,Bikaner,GFS ENSEMBLE,rainfall_mm,24,2026-08-30,2026-09-28,30,0.3243,0.7443,0.9728,0.0305
RJ_105,RJ,Bikaner,GFS ENSEMBLE,temperature_c,24,2026-08-30,2026-09-28,30,0.7279,0.9176,0.6854,-0.0471
RJ_105,RJ,Bikaner,GFS ENSEMBLE,wind_speed_kmh,24,2026-08-30,2026-09-28,30,1.624,1.9097,0.8223,0.0397
RJ_105,RJ,Bikaner,AIFS,rainfall_mm,24,2026-08-30,2026-09-28,30,0.5085,1.1806,0.9571,0.4065
RJ_105,RJ,Bikaner,AIFS,temperature_c,24,2026-08-30,2026-09-28,30,0.6651,0.8535,0.7824,-0.1351
RJ_105,RJ,Bikaner,AIFS,wind_speed_kmh,24,2026-08-30,2026-09-28,30,1.1594,1.4378,0.9101,-0.151
RJ_105,RJ,Bikaner,IFS,rainfall_mm,24,2026-08-30,2026-09-28,30,0.3581,0.7248,0.9831,0.1978
RJ_105,RJ,Bikaner,IFS,temperature_c,24,2026-08-30,2026-09-28,30,0.5943,0.7341,0.8082,0.1249
RJ_105,RJ,Bikaner,IFS,wind_speed_kmh,24,2026-08-30,2026-09-28,30,1.1948,1.47,0.9116,0.1687
RJ_105,RJ,Bikaner,NCEP GFS,rainfall_mm,48,2026-08-30,2026-09-28,30,0.5179,1.0259,0.9491,0.1541
RJ_105,RJ,Bikaner,NCEP GFS,temperature_c,48,2026-08-30,2026-09-28,30,1.2209,1.5424,0.4523,0.3282
RJ_105,RJ,Bikaner,NCEP GFS,wind_speed_kmh,48,2026-08-30,2026-09-28,30,1.9293,2.5513,0.7654,0.9417
RJ_105,RJ,Bikaner,GFS ENSEMBLE,rainfall_mm,48,2026-08-30,2026-09-28,30,0.4251,1.0331,0.9738,0.3381
RJ_105,RJ,Bikaner,GFS ENSEMBLE,temperature_c,48,2026-08-30,2026-09-28,30,0.7701,0.8835,0.6447,-0.0258
RJ_105,RJ,Bikaner,GFS ENSEMBLE,wind_speed_kmh,48,2026-08-30,2026-09-28,30,1.9217,2.3318,0.8301,0.723
RJ_105,RJ,Bikaner,AIFS,rainfall_mm,48,2026-08-30,2026-09-28,30,0.3619,0.7601,0.9741,0.0685
RJ_105,RJ,Bikaner,AIFS,temperature_c,48,2026-08-30,2026-09-28,30,0.8885,1.1692,0.5376,-0.1765
RJ_105,RJ,Bikaner,AIFS,wind_speed_kmh,48,2026-08-30,2026-09-28,30,1.4757,1.7391,0.8791,0.1087
RJ_105,RJ,Bikaner,IFS,rainfall_mm,48,2026-08-30,2026-09-28,30,0.2278,0.434,0.9954,0.1245
RJ_105,RJ,Bikaner,IFS,temperature_c,48,2026-08-30,2026-09-28,30,0.983,1.2269,0.8639,0.3752
RJ_105,RJ,Bikaner,IFS,wind_speed_kmh,48,2026-08-30,2026-09-28,30,1.5894,1.9858,0.8442,0.47
RJ_105,RJ,Bikaner,NCEP GFS,rainfall_mm,72,2026-08-30,2026-09-28,30,0.7704,1.5293,0.8998,0.3595
RJ_105,RJ,Bikaner,NCEP GFS,temperature_c,72,2026-08-30,2026-09-28,30,1.4763,1.7623,0.4273,0.6829
RJ_105,RJ,Bikaner,NCEP GFS,wind_speed_kmh,72,2026-08-30,2026-09-28,30,2.8065,3.4905,0.5396,0.6837
RJ_105,RJ,Bikaner,GFS ENSEMBLE,rainfall_mm,72,2026-08-30,2026-09-28,30,0.827,1.617,0.8591,0.1505
RJ_105,RJ,Bikaner,GFS ENSEMBLE,temperature_c,72,2026-08-30,2026-09-28,30,0.927,1.0582,0.6188,0.2559
RJ_105,RJ,Bikaner,GFS ENSEMBLE,wind_speed_kmh,72,2026-08-30,2026-09-28,30,1.9879,2.4318,0.7793,0.7664
RJ_105,RJ,Bikaner,AIFS,rainfall_mm,72,2026-08-30,2026-09-28,30,0.6946,1.424,0.8982,0.2501
RJ_105,RJ,Bikaner,AIFS,temperature_c,72,2026-08-30,2026-09-28,30,1.0171,1.2724,0.5235,-0.0635
RJ_105,RJ,Bikaner,AIFS,wind_speed_kmh,72,2026-08-30,2026-09-28,30,1.7621,2.2513,0.7447,-0.0233
RJ_105,RJ,Bikaner,IFS,rainfall_mm,72,2026-08-30,2026-09-28,30,0.6247,1.3569,0.9172,0.1641
RJ_105,RJ,Bikaner,IFS,temperature_c,72,2026-08-30,2026-09-28,30,1.1285,1.3461,0.3279,0.0255
RJ_105,RJ,Bikaner,IFS,wind_speed_kmh,72,2026-08-30,2026-09-28,30,2.0938,2.3277,0.824,-0.0683
SK_106,SK,Gangtok,NCEP GFS,rainfall_mm,24,2026-08-30,2026-09-28,30,1.1971,2.7758,0.9927,-0.4597
SK_106,SK,Gangtok,NCEP GFS,temperature_c,24,2026-08-30,2026-09-28,30,0.9851,1.3166,0.6553,0.3317
SK_106,SK,Gangtok,NCEP GFS,wind_speed_kmh,24,2026-08-30,2026-09-28,30,2.6651,3.0642,0.8511,1.5769
SK_106,SK,Gangtok,GFS ENSEMBLE,rainfall_mm,24,2026-08-30,2026-09-28,30,1.4557,4.3194,0.9767,-0.6517
SK_106,SK,Gangtok,GFS ENSEMBLE,temperature_c,24,2026-08-30,2026-09-28,30,0.7456,0.869,0.7531,0.0027
SK_106,SK,Gangtok,GFS ENSEMBLE,wind_speed_kmh,24,2026-08-30,2026-09-28,30,1.5458,1.8402,0.8389,0.0169
SK_106,SK,Gangtok,AIFS,rainfall_mm,24,2026-08-30,2026-09-28,30,0.8126,1.5018,0.9972,0.5973
SK_106,SK,Gangtok,AIFS,temperature_c,24,2026-08-30,2026-09-28,30,0.7163,0.861,0.7929,-0.0987
SK_106,SK,Gangtok,AIFS,wind_speed_kmh,24,2026-08-30,2026-09-28,30,1.3875,1.7529,0.8592,-0.2951
SK_106,SK,Gangtok,IFS,rainfall_mm,24,2026-08-30,2026-09-28,30,1.2201,3.6106,0.9831,-0.358
SK_106,SK,Gangtok,IFS,temperature_c,24,2026-08-30,2026-09-28,30,0.7042,0.8832,0.8203,0.4037
SK_106,SK,Gangtok,IFS,wind_speed_kmh,24,2026-08-30,2026-09-28,30,1.4871,1.777,0.8871,0.3196
SK_106,SK,Gangtok,NCEP GFS,rainfall_mm,48,2026-08-30,2026-09-28,30,1.7493,4.9277,0.9673,-0.8703
SK_106,SK,Gangtok,NCEP GFS,temperature_c,48,2026-08-30,2026-09-28,30,0.9341,1.1263,0.6688,0.271
SK_106,SK,Gangtok,NCEP GFS,wind_speed_kmh,48,2026-08-30,2026-09-28,30,2.2768,2.6517,0.7514,0.1132
SK_106,SK,Gangtok,GFS ENSEMBLE,rainfall_mm,48,2026-08-30,2026-09-28,30,2.0767,7.5723,0.9336,-1.499
SK_106,SK,Gangtok,GFS ENSEMBLE,temperature_c,48,2026-08-30,2026-09-28,30,0.7952,1.0155,0.8466,0.0683
SK_106,SK,Gangtok,GFS ENSEMBLE,wind_speed_kmh,48,2026-08-30,2026-09-28,30,1.8277,2.3703,0.8094,1.0992
SK_106,SK,Gangtok,AIFS,rainfall_mm,48,2026-08-30,2026-09-28,30,1.0209,2.6233,0.9917,-0.139
SK_106,SK,Gangtok,AIFS,temperature_c,48,2026-08-30,2026-09-28,30,0.7449,0.9349,0.8792,0.008
SK_106,SK,Gangtok,AIFS,wind_speed_kmh,48,2026-08-30,2026-09-28,30,1.6211,2.0565,0.8493,-0.1778
SK_106,SK,Gangtok,IFS,rainfall_mm,48,2026-08-30,2026-09-28,30,0.8733,1.8159,0.9941,0.5333
SK_106,SK,Gangtok,IFS,temperature_c,48,2026-08-30,2026-09-28,30,0.8389,0.9667,0.7894,0.0953
SK_106,SK,Gangtok,IFS,wind_speed_kmh,48,2026-08-30,2026-09-28,30,1.5681,2.053,0.8127,0.6719
SK_106,SK,Gangtok,NCEP GFS,rainfall_mm,72,2026-08-30,2026-09-28,30,1.1633,2.7075,0.9925,0.576
SK_106,SK,Gangtok,NCEP GFS,temperature_c,72,2026-08-30,2026-09-28,30,1.24,1.5804,0.7016,0.0257
SK_106,SK,Gangtok,NCEP GFS,wind_speed_kmh,72,2026-08-30,2026-09-28,30,3.1831,3.9606,0.6116,1.9632
SK_106,SK,Gangtok,GFS ENSEMBLE,rainfall_mm,72,2026-08-30,2026-09-28,30,1.1699,2.4004,0.9852,0.199
SK_106,SK,Gangtok,GFS ENSEMBLE,temperature_c,72,2026-08-30,2026-09-28,30,0.989,1.2477,0.6988,0.31
SK_106,SK,Gangtok,GFS ENSEMBLE,wind_speed_kmh,72,2026-08-30,2026-09-28,30,2.0261,2.4422,0.8265,0.4282
SK_106,SK,Gangtok,AIFS,rainfall_mm,72,2026-08-30,2026-09-28,30,0.766,1.4723,0.9965,-0.1997
SK_106,SK,Gangtok,AIFS,temperature_c,72,2026-08-30,2026-09-28,30,0.9726,1.2464,0.6489,0.5257
SK_106,SK,Gangtok,AIFS,wind_speed_kmh,72,2026-08-30,2026-09-28,30,1.949,2.3041,0.7787,0.1326
SK_106,SK,Gangtok,IFS,rainfall_mm,72,2026-08-30,2026-09-28,30,1.8951,6.7066,0.9745,-1.544
SK_106,SK,Gangtok,IFS,temperature_c,72,2026-08-30,2026-09-28,30,1.0143,1.2451,0.6987,-0.1333
SK_106,SK,Gangtok,IFS,wind_speed_kmh,72,2026-08-30,2026-09-28,30,1.8821,2.3589,0.7047,-0.1191
SK_107,SK,Namchi,NCEP GFS,rainfall_mm,24,2026-08-30,2026-09-28,30,0.9696,2.023,0.9987,-0.0063
SK_107,SK,Namchi,NCEP GFS,temperature_c,24,2026-08-30,2026-09-28,30,0.8118,1.0326,0.6413,0.0743
SK_107,SK,Namchi,NCEP GFS,wind_speed_kmh,24,2026-08-30,2026-09-28,30,1.6971,2.0192,0.7912,0.6021
SK_107,SK,Namchi,GFS ENSEMBLE,rainfall_mm,24,2026-08-30,2026-09-28,30,1.2471,3.6695,0.9989,-1.1453
SK_107,SK,Namchi,GFS ENSEMBLE,temperature_c,24,2026-08-30,2026-09-28,30,0.5691,0.7644,0.8305,-0.0144
SK_107,SK,Namchi,GFS ENSEMBLE,wind_speed_kmh,24,2026-08-30,2026-09-28,30,1.4121,1.8144,0.8079,0.5158
SK_107,SK,Namchi,AIFS,rainfall_mm,24,2026-08-30,2026-09-28,30,0.6948,1.3056,0.9988,0.2217
SK_107,SK,Namchi,AIFS,temperature_c,24,2026-08-30,2026-09-28,30,0.5757,0.73,0.8685,0.0749
SK_107,SK,Namchi,AIFS,wind_speed_kmh,24,2026-08-30,2026-09-28,30,1.3799,1.6313,0.8656,0.1818
SK_107,SK,Namchi,IFS,rainfall_mm,24,2026-08-30,2026-09-28,30,1.3751,5.511,0.9981,-0.7373
SK_107,SK,Namchi,IFS,temperature_c,24,2026-08-30,2026-09-28,30,0.5526,0.6833,0.8869,-0.0601
SK_107,SK,Namchi,IFS,wind_speed_kmh,24,2026-08-30,2026-09-28,30,1.7451,2.099,0.8471,0.1144
SK_107,SK,Namchi,NCEP GFS,rainfall_mm,48,2026-08-30,2026-09-28,30,4.304,19.5584,0.8661,-3.4693
SK_107,SK,Namchi,NCEP GFS,temperature_c,48,2026-08-30,2026-09-28,30,1.4619,1.7789,0.5704,0.5223
SK_107,SK,Namchi,NCEP GFS,wind_speed_kmh,48,2026-08-30,2026-09-28,30,2.246,2.7799,0.7453,0.5178
SK_107,SK,Namchi,GFS ENSEMBLE,rainfall_mm,48,2026-08-30,2026-09-28,30,1.4246,4.9948,0.9988,-1.1159
SK_107,SK,Namchi,GFS ENSEMBLE,temperature_c,48,2026-08-30,2026-09-28,30,0.8903,1.1431,0.6693,0.3356
SK_107,SK,Namchi,GFS ENSEMBLE,wind_speed_kmh,48,2026-08-30,2026-09-28,30,1.9086,2.5201,0.6445,-0.2536
SK_107,SK,Namchi,AIFS,rainfall_mm,48,2026-08-30,2026-09-28,30,1.2158,2.2564,0.9973,0.2327
SK_107,SK,Namchi,AIFS,temperature_c,48,2026-08-30,2026-09-28,30,0.8234,1.057,0.7028,0.0913
SK_107,SK,Namchi,AIFS,wind_speed_kmh,48,2026-08-30,2026-09-28,30,1.6565,2.2026,0.7394,0.4308
SK_107,SK,Namchi,IFS,rainfall_mm,48,2026-08-30,2026-09-28,30,0.7548,1.2411,0.9989,-0.0556
SK_107,SK,Namchi,IFS,temperature_c,48,2026-08-30,2026-09-28,30,0.8838,1.0465,0.7462,0.0639
SK_107,SK,Namchi,IFS,wind_speed_kmh,48,2026-08-30,2026-09-28,30,1.4155,1.8093,0.8147,0.4234
SK_107,SK,Namchi,NCEP GFS,rainfall_mm,72,2026-08-30,2026-09-28,30,2.8375,11.4078,0.9931,-2.6343
SK_107,SK,Namchi,NCEP GFS,temperature_c,72,2026-08-30,2026-09-28,30,1.4285,1.7709,0.6909,0.2109
SK_107,SK,Namchi,NCEP GFS,wind_speed_kmh,72,2026-08-30,2026-09-28,30,2.6325,3.2084,0.7497,-0.0932
SK_107,SK,Namchi,GFS ENSEMBLE,rainfall_mm,72,2026-08-30,2026-09-28,30,3.7176,16.5323,0.9713,-3.6343
SK_107,SK,Namchi,GFS ENSEMBLE,temperature_c,72,2026-08-30,2026-09-28,30,0.9589,1.1561,0.8224,0.0559
SK_107,SK,Namchi,GFS ENSEMBLE,wind_speed_kmh,72,2026-08-30,2026-09-28,30,1.884,2.2695,0.7715,0.6954
SK_107,SK,Namchi,AIFS,rainfall_mm,72,2026-08-30,2026-09-28,30,2.1901,6.8117,0.9942,-0.6913
SK_107,SK,Namchi,AIFS,temperature_c,72,2026-08-30,2026-09-28,30,1.0485,1.2623,0.7535,0.1123
SK_107,SK,Namchi,AIFS,wind_speed_kmh,72,2026-08-30,2026-09-28,30,1.8974,2.4463,0.8059,0.5611
SK_107,SK,Namchi,IFS,rainfall_mm,72,2026-08-30,2026-09-28,30,0.6394,1.2713,0.9993,0.1324
SK_107,SK,Namchi,IFS,temperature_c,72,2026-08-30,2026-09-28,30,0.5585,0.6896,0.8936,0.1413
SK_107,SK,Namchi,IFS,wind_speed_kmh,72,2026-08-30,2026-09-28,30,2.4147,2.7641,0.7594,-0.6796
SK_108,SK,Pelling,NCEP GFS,rainfall_mm,24,2026-08-30,2026-09-28,30,0.9761,2.0717,0.9888,0.2634
SK_108,SK,Pelling,NCEP GFS,temperature_c,24,2026-08-30,2026-09-28,30,0.8517,1.0822,0.6904,0.1932
SK_108,SK,Pelling,NCEP GFS,wind_speed_kmh,24,2026-08-30,2026-09-28,30,2.1947,2.6022,0.7792,0.8468
SK_108,SK,Pelling,GFS ENSEMBLE,rainfall_mm,24,2026-08-30,2026-09-28,30,0.5768,1.2845,0.9849,0.0184
SK_108,SK,Pelling,GFS ENSEMBLE,temperature_c,24,2026-08-30,2026-09-28,30,0.8159,1.029,0.8063,0.3822
SK_108,SK,Pelling,GFS ENSEMBLE,wind_speed_kmh,24,2026-08-30,2026-09-28,30,1.7383,2.1764,0.8762,0.4972
SK_108,SK,Pelling,AIFS,rainfall_mm,24,2026-08-30,2026-09-28,30,0.6732,1.8965,0.9856,0.2897
SK_108,SK,Pelling,AIFS,temperature_c,24,2026-08-30,2026-09-28,30,0.6407,0.7779,0.813,-0.0855
SK_108,SK,Pelling,AIFS,wind_speed_kmh,24,2026-08-30,2026-09-28,30,1.0892,1.3669,0.9241,0.2622
SK_108,SK,Pelling,IFS,rainfall_mm,24,2026-08-30,2026-09-28,30,0.5737,1.0884,0.9892,-0.0566
SK_108,SK,Pelling,IFS,temperature_c,24,2026-08-30,2026-09-28,30,0.8001,0.9756,0.7188,-0.1372
SK_108,SK,Pelling,IFS,wind_speed_kmh,24,2026-08-30,2026-09-28,30,1.4583,1.9481,0.8862,0.5535
SK_108,SK,Pelling,NCEP GFS,rainfall_mm,48,2026-08-30,2026-09-28,30,1.0994,2.9626,0.944,-0.501
SK_108,SK,Pelling,NCEP GFS,temperature_c,48,2026-08-30,2026-09-28,30,1.3037,1.5783,0.6433,0.2775
SK_108,SK,Pelling,NCEP GFS,wind_speed_kmh,48,2026-08-30,2026-09-28,30,2.121,2.8265,0.7591,1.6168
SK_108,SK,Pelling,GFS ENSEMBLE,rainfall_mm,48,2026-08-30,2026-09-28,30,1.0593,2.0805,0.9737,-0.0003
SK_108,SK,Pelling,GFS ENSEMBLE,temperature_c,48,2026-08-30,2026-09-28,30,0.7904,0.9539,0.7594,-0.0208
SK_108,SK,Pelling,GFS ENSEMBLE,wind_speed_kmh,48,2026-08-30,2026-09-28,30,1.7571,2.1668,0.8264,0.1408
SK_108,SK,Pelling,AIFS,rainfall_mm,48,2026-08-30,2026-09-28,30,0.8688,2.5136,0.9813,0.1494
SK_108,SK,Pelling,AIFS,temperature_c,48,2026-08-30,2026-09-28,30,0.8799,1.1247,0.758,-0.0712
SK_108,SK,Pelling,AIFS,wind_speed_kmh,48,2026-08-30,2026-09-28,30,1.5773,2.0458,0.8792,-0.0872
SK_108,SK,Pelling,IFS,rainfall_mm,48,2026-08-30,2026-09-28,30,0.595,1.3165,0.9887,0.489
SK_108,SK,Pelling,IFS,temperature_c,48,2026-08-30,2026-09-28,30,0.8007,0.9898,0.8314,-0.0445
SK_108,SK,Pelling,IFS,wind_speed_kmh,48,2026-08-30,2026-09-28,30,1.5329,1.8095,0.8586,-0.0018
SK_108,SK,Pelling,NCEP GFS,rainfall_mm,72,2026-08-30,2026-09-28,30,0.8562,1.3839,0.9839,0.0004
SK_108,SK,Pelling,NCEP GFS,temperature_c,72,2026-08-30,2026-09-28,30,1.1574,1.409,0.6713,0.6758
SK_108,SK,Pelling,NCEP GFS,wind_speed_kmh,72,2026-08-30,2026-09-28,30,3.1088,3.797,0.6967,0.6145
SK_108,SK,Pelling,GFS ENSEMBLE,rainfall_mm,72,2026-08-30,2026-09-28,30,1.2562,3.741,0.9459,-1.1183
SK_108,SK,Pelling,GFS ENSEMBLE,temperature_c,72,2026-08-30,2026-09-28,30,0.9031,1.071,0.7048,0.3038
SK_108,SK,Pelling,GFS ENSEMBLE,wind_speed_kmh,72,2026-08-30,2026-09-28,30,1.676,2.0584,0.8223,0.2962
SK_108,SK,Pelling,AIFS,rainfall_mm,72,2026-08-30,2026-09-28,30,1.0842,2.0768,0.9923,0.962
SK_108,SK,Pelling,AIFS,temperature_c,72,2026-08-30,2026-09-28,30,0.8944,1.0966,0.671,-0.1152
SK_108,SK,Pelling,AIFS,wind_speed_kmh,72,2026-08-30,2026-09-28,30,1.9979,2.7625,0.7455,0.1918
SK_108,SK,Pelling,IFS,rainfall_mm,72,2026-08-30,2026-09-28,30,1.3097,2.6705,0.9843,0.7004
SK_108,SK,Pelling,IFS,temperature_c,72,2026-08-30,2026-09-28,30,1.0078,1.1872,0.8,0.1585
SK_108,SK,Pelling,IFS,wind_speed_kmh,72,2026-08-30,2026-09-28,30,2.1585,2.5355,0.8971,-0.1075
SK_109,SK,Mangan,NCEP GFS,rainfall_mm,24,2026-08-30,2026-09-28,30,1.9186,3.4823,0.9586,-0.103
SK_109,SK,Mangan,NCEP GFS,temperature_c,24,2026-08-30,2026-09-28,30,0.9214,1.1601,0.6656,0.2627
SK_109,SK,Mangan,NCEP GFS,wind_speed_kmh,24,2026-08-30,2026-09-28,30,1.8864,2.3662,0.7097,-0.1162
SK_109,SK,Mangan,GFS ENSEMBLE,rainfall_mm,24,2026-08-30,2026-09-28,30,1.1703,2.5817,0.9778,-0.9483
SK_109,SK,Mangan,GFS ENSEMBLE,temperature_c,24,2026-08-30,2026-09-28,30,0.7791,0.9236,0.8624,0.5304
SK_109,SK,Mangan,GFS ENSEMBLE,wind_speed_kmh,24,2026-08-30,2026-09-28,30,1.2711,1.5708,0.8719,-0.3472
SK_109,SK,Mangan,AIFS,rainfall_mm,24,2026-08-30,2026-09-28,30,0.9834,1.7889,0.9926,0.2167
SK_109,SK,Mangan,AIFS,temperature_c,24,2026-08-30,2026-09-28,30,0.6088,0.7925,0.8485,-0.2633
SK_109,SK,Mangan,AIFS,wind_speed_kmh,24,2026-08-30,2026-09-28,30,1.4577,1.6672,0.8291,-0.0898
SK_109,SK,Mangan,IFS,rainfall_mm,24,2026-08-30,2026-09-28,30,0.908,1.4177,0.9947,0.289
SK_109,SK,Mangan,IFS,temperature_c,24,2026-08-30,2026-09-28,30,0.5787,0.746,0.8147,0.0087
SK_109,SK,Mangan,IFS,wind_speed_kmh,24,2026-08-30,2026-09-28,30,1.319,1.6544,0.8097,0.4658
SK_109,SK,Mangan,NCEP GFS,rainfall_mm,48,2026-08-30,2026-09-28,30,1.6558,3.4385,0.9562,-0.5117
SK_109,SK,Mangan,NCEP GFS,temperature_c,48,2026-08-30,2026-09-28,30,1.2418,1.5886,0.5635,-0.1079
SK_109,SK,Mangan,NCEP GFS,wind_speed_kmh,48,2026-08-30,2026-09-28,30,1.9793,2.5575,0.8075,1.2075
SK_109,SK,Mangan,GFS ENSEMBLE,rainfall_mm,48,2026-08-30,2026-09-28,30,1.5889,3.0742,0.9818,-1.3653
SK_109,SK,Mangan,GFS ENSEMBLE,temperature_c,48,2026-08-30,2026-09-28,30,0.9651,1.3851,0.821,0.1587
SK_109,SK,Mangan,GFS ENSEMBLE,wind_speed_kmh,48,2026-08-30,2026-09-28,30,2.1948,2.6424,0.8267,0.2972
SK_109,SK,Mangan,AIFS,rainfall_mm,48,2026-08-30,2026-09-28,30,1.1664,2.1784,0.984,0.033
SK_109,SK,Mangan,AIFS,temperature_c,48,2026-08-30,2026-09-28,30,0.8323,1.0141,0.7533,-0.1036
SK_109,SK,Mangan,AIFS,wind_speed_kmh,48,2026-08-30,2026-09-28,30,1.5243,2.002,0.8087,-0.1002
SK_109,SK,Mangan,IFS,rainfall_mm,48,2026-08-30,2026-09-28,30,1.4462,2.3755,0.9782,-0.337
SK_109,SK,Mangan,IFS,temperature_c,48,2026-08-30,2026-09-28,30,0.7278,0.9806,0.7483,0.2637
SK_109,SK,Mangan,IFS,wind_speed_kmh,48,2026-08-30,2026-09-28,30,1.6335,1.9387,0.7139,-0.5765
SK_109,SK,Mangan,NCEP GFS,rainfall_mm,72,2026-08-30,2026-09-28,30,2.365,4.2211,0.9521,-0.034
SK_109,SK,Mangan,NCEP GFS,temperature_c,72,2026-08-30,2026-09-28,30,1.3363,1.6142,0.5398,0.5131
SK_109,SK,Mangan,NCEP GFS,wind_speed_kmh,72,2026-08-30,2026-09-28,30,2.1121,2.6874,0.7263,0.2008
SK_109,SK,Mangan,GFS ENSEMBLE,rainfall_mm,72,2026-08-30,2026-09-28,30,1.5611,2.6245,0.973,0.1613
SK_109,SK,Mangan,GFS ENSEMBLE,temperature_c,72,2026-08-30,2026-09-28,30,1.118,1.5162,0.6887,0.0444
SK_109,SK,Mangan,GFS ENSEMBLE,wind_speed_kmh,72,2026-08-30,2026-09-28,30,1.8305,2.3169,0.7185,-0.0342
SK_109,SK,Mangan,AIFS,rainfall_mm,72,2026-08-30,2026-09-28,30,1.6553,4.1713,0.9515,-0.7617
SK_109,SK,Mangan,AIFS,temperature_c,72,2026-08-30,2026-09-28,30,0.7957,1.0324,0.7913,-0.0176
SK_109,SK,Mangan,AIFS,wind_speed_kmh,72,2026-08-30,2026-09-28,30,1.7971,2.1899,0.7034,0.4762
SK_109,SK,Mangan,IFS,rainfall_mm,72,2026-08-30,2026-09-28,30,1.386,2.0591,0.986,-0.3533
SK_109,SK,Mangan,IFS,temperature_c,72,2026-08-30,2026-09-28,30,0.9737,1.186,0.6518,0.1904
SK_109,SK,Mangan,IFS,wind_speed_kmh,72,2026-08-30,2026-09-28,30,2.0268,2.579,0.746,0.5188
SK_110,SK,Gyalshing,NCEP GFS,rainfall_mm,24,2026-08-30,2026-09-28,30,1.4662,3.8084,0.997,-0.5548
SK_110,SK,Gyalshing,NCEP GFS,temperature_c,24,2026-08-30,2026-09-28,30,1.0606,1.2277,0.7488,0.2687
SK_110,SK,Gyalshing,NCEP GFS,wind_speed_kmh,24,2026-08-30,2026-09-28,30,1.6335,1.9186,0.7679,0.0565
SK_110,SK,Gyalshing,GFS ENSEMBLE,rainfall_mm,24,2026-08-30,2026-09-28,30,2.4449,9.8609,0.9972,-2.2821
SK_110,SK,Gyalshing,GFS ENSEMBLE,temperature_c,24,2026-08-30,2026-09-28,30,0.6612,0.8884,0.8073,0.2707
SK_110,SK,Gyalshing,GFS ENSEMBLE,wind_speed_kmh,24,2026-08-30,2026-09-28,30,1.7013,2.0043,0.8081,0.7475
SK_110,SK,Gyalshing,AIFS,rainfall_mm,24,2026-08-30,2026-09-28,30,1.4485,5.3426,0.9989,0.8936
SK_110,SK,Gyalshing,AIFS,temperature_c,24,2026-08-30,2026-09-28,30,0.6482,0.791,0.8656,-0.0006
SK_110,SK,Gyalshing,AIFS,wind_speed_kmh,24,2026-08-30,2026-09-28,30,0.8411,1.0681,0.9252,0.1295
SK_110,SK,Gyalshing,IFS,rainfall_mm,24,2026-08-30,2026-09-28,30,1.5413,4.7456,0.9993,1.1602
SK_110,SK,Gyalshing,IFS,temperature_c,24,2026-08-30,2026-09-28,30,0.6627,0.8384,0.8305,0.0524
SK_110,SK,Gyalshing,IFS,wind_speed_kmh,24,2026-08-30,2026-09-28,30,1.0472,1.4022,0.8815,-0.2925
SK_110,SK,Gyalshing,NCEP GFS,rainfall_mm,48,2026-08-30,2026-09-28,30,1.5635,3.6343,0.9938,-0.0191
SK_110,SK,Gyalshing,NCEP GFS,temperature_c,48,2026-08-30,2026-09-28,30,1.2136,1.4487,0.854,0.1274
SK_110,SK,Gyalshing,NCEP GFS,wind_speed_kmh,48,2026-08-30,2026-09-28,30,2.441,3.0704,0.6919,1.2055
SK_110,SK,Gyalshing,GFS ENSEMBLE,rainfall_mm,48,2026-08-30,2026-09-28,30,1.3384,2.9085,0.9967,-0.9508
SK_110,SK,Gyalshing,GFS ENSEMBLE,temperature_c,48,2026-08-30,2026-09-28,30,0.9014,1.0682,0.7899,0.2387
SK_110,SK,Gyalshing,GFS ENSEMBLE,wind_speed_kmh,48,2026-08-30,2026-09-28,30,1.9281,2.2009,0.786,0.4862
SK_110,SK,Gyalshing,AIFS,rainfall_mm,48,2026-08-30,2026-09-28,30,1.6753,6.299,0.9965,-1.0118
SK_110,SK,Gyalshing,AIFS,temperature_c,48,2026-08-30,2026-09-28,30,0.7165,0.9064,0.8852,-0.5176
SK_110,SK,Gyalshing,AIFS,wind_speed_kmh,48,2026-08-30,2026-09-28,30,1.8496,2.2995,0.7853,-1.2218
SK_110,SK,Gyalshing,IFS,rainfall_mm,48,2026-08-30,2026-09-28,30,1.45,3.112,0.9957,0.4022
SK_110,SK,Gyalshing,IFS,temperature_c,48,2026-08-30,2026-09-28,30,0.9466,1.1817,0.7282,-0.0616
SK_110,SK,Gyalshing,IFS,wind_speed_kmh,48,2026-08-30,2026-09-28,30,1.456,1.8762,0.8174,0.4269
SK_110,SK,Gyalshing,NCEP GFS,rainfall_mm,72,2026-08-30,2026-09-28,30,4.4955,15.5092,0.9533,-3.1554
SK_110,SK,Gyalshing,NCEP GFS,temperature_c,72,2026-08-30,2026-09-28,30,1.8874,2.2782,0.5229,1.2221
SK_110,SK,Gyalshing,NCEP GFS,wind_speed_kmh,72,2026-08-30,2026-09-28,30,3.6124,4.2422,0.351,1.3999
SK_110,SK,Gyalshing,GFS ENSEMBLE,rainfall_mm,72,2026-08-30,2026-09-28,30,3.5345,12.677,0.9906,-2.6188
SK_110,SK,Gyalshing,GFS ENSEMBLE,temperature_c,72,2026-08-30,2026-09-28,30,1.1825,1.3847,0.6717,0.1187
SK_110,SK,Gyalshing,GFS ENSEMBLE,wind_speed_kmh,72,2026-08-30,2026-09-28,30,1.8176,2.2518,0.7734,0.7695
SK_110,SK,Gyalshing,AIFS,rainfall_mm,72,2026-08-30,2026-09-28,30,2.7524,9.2042,0.9974,1.7892
SK_110,SK,Gyalshing,AIFS,temperature_c,72,2026-08-30,2026-09-28,30,0.9614,1.2793,0.7456,0.4967
SK_110,SK,Gyalshing,AIFS,wind_speed_kmh,72,2026-08-30,2026-09-28,30,1.7221,2.1979,0.7854,-0.4575
SK_110,SK,Gyalshing,IFS,rainfall_mm,72,2026-08-30,2026-09-28,30,1.5538,3.4257,0.9971,-0.3904
SK_110,SK,Gyalshing,IFS,temperature_c,72,2026-08-30,2026-09-28,30,0.8563,1.1203,0.8291,-0.1786
SK_110,SK,Gyalshing,IFS,wind_speed_kmh,72,2026-08-30,2026-09-28,30,1.9267,2.4634,0.7736,0.5465
TN_111,TN,Chennai,NCEP GFS,rainfall_mm,24,2026-08-30,2026-09-28,30,3.517,11.2125,0.9838,-2.7286
TN_111,TN,Chennai,NCEP GFS,temperature_c,24,2026-08-30,2026-09-28,30,1.1115,1.3608,0.7826,0.1034
TN_111,TN,Chennai,NCEP GFS,wind_speed_kmh,24,2026-08-30,2026-09-28,30,1.6679,2.1495,0.8625,0.6853
TN_111,TN,Chennai,GFS ENSEMBLE,rainfall_mm,24,2026-08-30,2026-09-28,30,1.3817,1.9348,0.9987,-0.7362
TN_111,TN,Chennai,GFS ENSEMBLE,temperature_c,24,2026-08-30,2026-09-28,30,0.8746,1.0808,0.5704,0.2551
TN_111,TN,Chennai,GFS ENSEMBLE,wind_speed_kmh,24,2026-08-30,2026-09-28,30,1.1759,1.4706,0.8861,0.4913
TN_111,TN,Chennai,AIFS,rainfall_mm,24,2026-08-30,2026-09-28,30,1.9191,4.039,0.9943,0.7838
TN_111,TN,Chennai,AIFS,temperature_c,24,2026-08-30,2026-09-28,30,0.4225,0.5589,0.8261,0.0984
TN_111,TN,Chennai,AIFS,wind_speed_kmh,24,2026-08-30,2026-09-28,30,1.4957,1.9379,0.8793,0.034
TN_111,TN,Chennai,IFS,rainfall_mm,24,2026-08-30,2026-09-28,30,3.1252,11.6774,0.9597,-1.7939
TN_111,TN,Chennai,IFS,temperature_c,24,2026-08-30,2026-09-28,30,0.8214,0.9957,0.6675,0.0901
TN_111,TN,Chennai,IFS,wind_speed_kmh,24,2026-08-30,2026-09-28,30,1.3352,1.5202,0.8761,0.1943
TN_111,TN,Chennai,NCEP GFS,rainfall_mm,48,2026-08-30,2026-09-28,30,2.3979,4.8805,0.9967,-1.1622
TN_111,TN,Chennai,NCEP GFS,temperature_c,48,2026-08-30,2026-09-28,30,1.3811,1.6916,0.4441,0.2184
TN_111,TN,Chennai,NCEP GFS,wind_speed_kmh,48,2026-08-30,2026-09-28,30,2.2801,3.006,0.6274,0.0493
TN_111,TN,Chennai,GFS ENSEMBLE,rainfall_mm,48,2026-08-30,2026-09-28,30,2.6133,5.1693,0.9958,-1.4779
TN_111,TN,Chennai,GFS ENSEMBLE,temperature_c,48,2026-08-30,2026-09-28,30,0.8286,1.07,0.6421,-0.0512
TN_111,TN,Chennai,GFS ENSEMBLE,wind_speed_kmh,48,2026-08-30,2026-09-28,30,1.6532,2.1172,0.8151,0.6557
TN_111,TN,Chennai,AIFS,rainfall_mm,48,2026-08-30,2026-09-28,30,1.2116,2.2092,0.9981,0.3494
TN_111,TN,Chennai,AIFS,temperature_c,48,2026-08-30,2026-09-28,30,0.756,0.9296,0.746,0.0821
TN_111,TN,Chennai,AIFS,wind_speed_kmh,48,2026-08-30,2026-09-28,30,1.3846,1.7973,0.8314,-0.1333
TN_111,TN,Chennai,IFS,rainfall_mm,48,2026-08-30,2026-09-28,30,2.3466,5.6268,0.9919,-0.9532
TN_111,TN,Chennai,IFS,temperature_c,48,2026-08-30,2026-09-28,30,0.8967,1.1152,0.7129,-0.2929
TN_111,TN,Chennai,IFS,wind_speed_kmh,48,2026-08-30,2026-09-28,30,1.6275,2.0617,0.7726,-0.3113
TN_111,TN,Chennai,NCEP GFS,rainfall_mm,72,2026-08-30,2026-09-28,30,2.4909,5.8412,0.9859,-0.9109
TN_111,TN,Chennai,NCEP GFS,temperature_c,72,2026-08-30,2026-09-28,30,1.3475,1.6935,0.4763,0.7041
TN_111,TN,Chennai,NCEP GFS,wind_speed_kmh,72,2026-08-30,2026-09-28,30,2.6921,3.5538,0.5901,-0.099
TN_111,TN,Chennai,GFS ENSEMBLE,rainfall_mm,72,2026-08-30,2026-09-28,30,5.5483,15.9528,0.9843,-4.6972
TN_111,TN,Chennai,GFS ENSEMBLE,temperature_c,72,2026-08-30,2026-09-28,30,1.1403,1.4321,0.4557,0.2104
TN_111,TN,Chennai,GFS ENSEMBLE,wind_speed_kmh,72,2026-08-30,2026-09-28,30,1.7503,2.4937,0.8163,0.4043
TN_111,TN,Chennai,AIFS,rainfall_mm,72,2026-08-30,2026-09-28,30,2.6407,6.9317,0.9971,-1.7102
TN_111,TN,Chennai,AIFS,temperature_c,72,2026-08-30,2026-09-28,30,1.0232,1.2266,0.4731,-0.1986
TN_111,TN,Chennai,AIFS,wind_speed_kmh,72,2026-08-30,2026-09-28,30,1.6373,1.8962,0.8628,0.0547
TN_111,TN,Chennai,IFS,rainfall_mm,72,2026-08-30,2026-09-28,30,2.7788,9.1878,0.9816,-1.5726
TN_111,TN,Chennai,IFS,temperature_c,72,2026-08-30,2026-09-28,30,1.0231,1.3156,0.5571,-0.2122
TN_111,TN,Chennai,IFS,wind_speed_kmh,72,2026-08-30,2026-09-28,30,2.362,2.8712,0.8017,0.0933
TN_112,TN,Coimbatore,NCEP GFS,rainfall_mm,24,2026-08-30,2026-09-28,30,0.3661,0.7672,0.9775,0.1907
TN_112,TN,Coimbatore,NCEP GFS,temperature_c,24,2026-08-30,2026-09-28,30,0.889,1.0599,0.7203,0.2773
TN_112,TN,Coimbatore,NCEP GFS,wind_speed_kmh,24,2026-08-30,2026-09-28,30,1.9908,2.5729,0.7172,-0.7401
TN_112,TN,Coimbatore,GFS ENSEMBLE,rainfall_mm,24,2026-08-30,2026-09-28,30,0.4631,0.7468,0.9683,-0.0223
TN_112,TN,Coimbatore,GFS ENSEMBLE,temperature_c,24,2026-08-30,2026-09-28,30,0.7369,0.9455,0.7205,0.3359
TN_112,TN,Coimbatore,GFS ENSEMBLE,wind_speed_kmh,24,2026-08-30,2026-09-28,30,1.2652,1.7311,0.7994,0.1409
TN_112,TN,Coimbatore,AIFS,rainfall_mm,24,2026-08-30,2026-09-28,30,0.4617,0.7847,0.9742,0.2183
TN_112,TN,Coimbatore,AIFS,temperature_c,24,2026-08-30,2026-09-28,30,0.5465,0.6883,0.9065,-0.1704
TN_112,TN,Coimbatore,AIFS,wind_speed_kmh,24,2026-08-30,2026-09-28,30,1.2344,1.5278,0.8855,0.1089
TN_112,TN,Coimbatore,IFS,rainfall_mm,24,2026-08-30,2026-09-28,30,0.5579,0.9518,0.9505,0.1063
TN_112,TN,Coimbatore,IFS,temperature_c,24,2026-08-30,2026-09-28,30,0.6151,0.7452,0.8434,0.0276
TN_112,TN,Coimbatore,IFS,wind_speed_kmh,24,2026-08-30,2026-09-28,30,0.9617,1.25,0.9156,-0.0151
TN_112,TN,Coimbatore,NCEP GFS,rainfall_mm,48,2026-08-30,2026-09-28,30,0.78,1.3727,0.8921,-0.2657
TN_112,TN,Coimbatore,NCEP GFS,temperature_c,48,2026-08-30,2026-09-28,30,1.4173,1.6798,0.7422,0.6553
TN_112,TN,Coimbatore,NCEP GFS,wind_speed_kmh,48,2026-08-30,2026-09-28,30,1.4674,1.8357,0.8048,0.1129
TN_112,TN,Coimbatore,GFS ENSEMBLE,rainfall_mm,48,2026-08-30,2026-09-28,30,0.7747,1.3673,0.8888,-0.0047
TN_112,TN,Coimbatore,GFS ENSEMBLE,temperature_c,48,2026-08-30,2026-09-28,30,1.0346,1.245,0.7418,-0.3751
TN_112,TN,Coimbatore,GFS ENSEMBLE,wind_speed_kmh,48,2026-08-30,2026-09-28,30,1.6962,2.0137,0.785,0.7089
TN_112,TN,Coimbatore,AIFS,rainfall_mm,48,2026-08-30,2026-09-28,30,0.6283,1.3373,0.8959,0.1493
TN_112,TN,Coimbatore,AIFS,temperature_c,48,2026-08-30,2026-09-28,30,0.8425,1.0862,0.7249,-0.0381
TN_112,TN,Coimbatore,AIFS,wind_speed_kmh,48,2026-08-30,2026-09-28,30,1.1738,1.4355,0.8652,-0.0831
TN_112,TN,Coimbatore,IFS,rainfall_mm,48,2026-08-30,2026-09-28,30,0.5595,0.9846,0.9644,0.2403
TN_112,TN,Coimbatore,IFS,temperature_c,48,2026-08-30,2026-09-28,30,0.5221,0.6769,0.8845,-0.0561
TN_112,TN,Coimbatore,IFS,wind_speed_kmh,48,2026-08-30,2026-09-28,30,1.7083,2.0246,0.8927,0.8436
TN_112,TN,Coimbatore,NCEP GFS,rainfall_mm,72,2026-08-30,2026-09-28,30,0.7811,1.3117,0.9096,-0.351
TN_112,TN,Coimbatore,NCEP GFS,temperature_c,72,2026-08-30,2026-09-28,30,1.5864,2.026,0.6011,0.9443
TN_112,TN,Coimbatore,NCEP GFS,wind_speed_kmh,72,2026-08-30,2026-09-28,30,2.2626,2.7552,0.7641,0.3203
TN_112,TN,Coimbatore,GFS ENSEMBLE,rainfall_mm,72,2026-08-30,2026-09-28,30,1.1261,1.8213,0.8211,0.188
TN_112,TN,Coimbatore,GFS ENSEMBLE,temperature_c,72,2026-08-30,2026-09-28,30,1.3082,1.5604,0.6328,0.2096
TN_112,TN,Coimbatore,GFS ENSEMBLE,wind_speed_kmh,72,2026-08-30,2026-09-28,30,2.0997,2.4574,0.6981,0.0473
TN_112,TN,Coimbatore,AIFS,rainfall_mm,72,2026-08-30,2026-09-28,30,0.8723,1.6245,0.8679,0.3187
TN_112,TN,Coimbatore,AIFS,temperature_c,72,2026-08-30,2026-09-28,30,0.8785,1.1041,0.7051,-0.1497
TN_112,TN,Coimbatore,AIFS,wind_speed_kmh,72,2026-08-30,2026-09-28,30,1.6869,2.0478,0.7653,-0.7907
TN_112,TN,Coimbatore,IFS,rainfall_mm,72,2026-08-30,2026-09-28,30,0.613,1.1162,0.9299,0.0337
TN_112,TN,Coimbatore,IFS,temperature_c,72,2026-08-30,2026-09-28,30,0.992,1.257,0.729,0.4826
TN_112,TN,Coimbatore,IFS,wind_speed_kmh,72,2026-08-30,2026-09-28,30,2.345,2.7414,0.5763,0.8109
TN_113,TN,Madurai,NCEP GFS,rainfall_mm,24,2026-08-30,2026-09-28,30,1.3149,2.8448,0.9757,-0.9356
TN_113,TN,Madurai,NCEP GFS,temperature_c,24,2026-08-30,2026-09-28,30,1.0666,1.2868,0.6859,0.24
TN_113,TN,Madurai,NCEP GFS,wind_speed_kmh,24,2026-08-30,2026-09-28,30,1.8471,2.4244,0.8228,0.7916
TN_113,TN,Madurai,GFS ENSEMBLE,rainfall_mm,24,2026-08-30,2026-09-28,30,0.6254,1.4181,0.9905,-0.3212
TN_113,TN,Madurai,GFS ENSEMBLE,temperature_c,24,2026-08-30,2026-09-28,30,0.7519,0.9115,0.7057,-0.1363
TN_113,TN,Madurai,GFS ENSEMBLE,wind_speed_kmh,24,2026-08-30,2026-09-28,30,1.4998,1.882,0.7766,0.1063
TN_113,TN,Madurai,AIFS,rainfall_mm,24,2026-08-30,2026-09-28,30,0.8121,1.8953,0.9856,0.1524
TN_113,TN,Madurai,AIFS,temperature_c,24,2026-08-30,2026-09-28,30,0.8036,0.9443,0.7821,-0.019
TN_113,TN,Madurai,AIFS,wind_speed_kmh,24,2026-08-30,2026-09-28,30,1.0456,1.3089,0.9255,0.0533
TN_113,TN,Madurai,IFS,rainfall_mm,24,2026-08-30,2026-09-28,30,0.6893,1.5881,0.9893,-0.2672
TN_113,TN,Madurai,IFS,temperature_c,24,2026-08-30,2026-09-28,30,0.5731,0.6779,0.8677,0.035
TN_113,TN,Madurai,IFS,wind_speed_kmh,24,2026-08-30,2026-09-28,30,1.5416,1.8592,0.817,0.1893
TN_113,TN,Madurai,NCEP GFS,rainfall_mm,48,2026-08-30,2026-09-28,30,1.525,3.7366,0.9331,-0.1056
TN_113,TN,Madurai,NCEP GFS,temperature_c,48,2026-08-30,2026-09-28,30,0.9546,1.1799,0.7809,0.1244
TN_113,TN,Madurai,NCEP GFS,wind_speed_kmh,48,2026-08-30,2026-09-28,30,2.2294,2.6896,0.6897,0.9203
TN_113,TN,Madurai,GFS ENSEMBLE,rainfall_mm,48,2026-08-30,2026-09-28,30,1.5907,5.1779,0.8593,-0.9569
TN_113,TN,Madurai,GFS ENSEMBLE,temperature_c,48,2026-08-30,2026-09-28,30,0.8256,1.0385,0.8143,-0.01
TN_113,TN,Madurai,GFS ENSEMBLE,wind_speed_kmh,48,2026-08-30,2026-09-28,30,1.5917,2.0212,0.8471,-0.1477
TN_113,TN,Madurai,AIFS,rainfall_mm,48,2026-08-30,2026-09-28,30,1.0919,2.674,0.9665,-0.4762
TN_113,TN,Madurai,AIFS,temperature_c,48,2026-08-30,2026-09-28,30,0.6578,0.8209,0.8104,-0.0456
TN_113,TN,Madurai,AIFS,wind_speed_kmh,48,2026-08-30,2026-09-28,30,1.2955,1.712,0.8897,-0.1641
TN_113,TN,Madurai,IFS,rainfall_mm,48,2026-08-30,2026-09-28,30,1.4066,2.9299,0.9581,-0.4186
TN_113,TN,Madurai,IFS,temperature_c,48,2026-08-30,2026-09-28,30,0.7927,0.9924,0.8104,0.5144
TN_113,TN,Madurai,IFS,wind_speed_kmh,48,2026-08-30,2026-09-28,30,1.3089,1.6425,0.8827,0.3746
TN_113,TN,Madurai,NCEP GFS,rainfall_mm,72,2026-08-30,2026-09-28,30,2.357,4.9116,0.869,-0.6489
TN_113,TN,Madurai,NCEP GFS,temperature_c,72,2026-08-30,2026-09-28,30,1.5073,1.8942,0.1656,0.2257
TN_113,TN,Madurai,NCEP GFS,wind_speed_kmh,72,2026-08-30,2026-09-28,30,2.867,3.5356,0.7088,0.6829
TN_113,TN,Madurai,GFS ENSEMBLE,rainfall_mm,72,2026-08-30,2026-09-28,30,1.2994,3.1378,0.9555,-0.7269
TN_113,TN,Madurai,GFS ENSEMBLE,temperature_c,72,2026-08-30,2026-09-28,30,1.0876,1.2564,0.7384,0.7217
TN_113,TN,Madurai,GFS ENSEMBLE,wind_speed_kmh,72,2026-08-30,2026-09-28,30,1.9757,2.5918,0.7168,-0.0247
TN_113,TN,Madurai,AIFS,rainfall_mm,72,2026-08-30,2026-09-28,30,1.5924,3.4222,0.9523,0.4804
TN_113,TN,Madurai,AIFS,temperature_c,72,2026-08-30,2026-09-28,30,0.8912,1.0173,0.731,-0.0266
TN_113,TN,Madurai,AIFS,wind_speed_kmh,72,2026-08-30,2026-09-28,30,2.0059,2.4079,0.8241,-0.1294
TN_113,TN,Madurai,IFS,rainfall_mm,72,2026-08-30,2026-09-28,30,1.1995,2.7233,0.9723,0.2061
TN_113,TN,Madurai,IFS,temperature_c,72,2026-08-30,2026-09-28,30,0.8758,1.0668,0.8328,0.1644
TN_113,TN,Madurai,IFS,wind_speed_kmh,72,2026-08-30,2026-09-28,30,2.1317,2.5624,0.7811,0.8266
TN_114,TN,Tiruchirappalli,NCEP GFS,rainfall_mm,24,2026-08-30,2026-09-28,30,0.4136,0.8251,0.9951,0.0345
TN_114,TN,Tiruchirappalli,NCEP GFS,temperature_c,24,2026-08-30,2026-09-28,30,1.2614,1.4772,0.7282,0.568
TN_114,TN,Tiruchirappalli,NCEP GFS,wind_speed_kmh,24,2026-08-30,2026-09-28,30,2.5266,3.1402,0.6469,0.7708
TN_114,TN,Tiruchirappalli,GFS ENSEMBLE,rainfall_mm,24,2026-08-30,2026-09-28,30,0.4267,0.8984,0.9976,0.0925
TN_114,TN,Tiruchirappalli,GFS ENSEMBLE,temperature_c,24,2026-08-30,2026-09-28,30,0.761,0.8482,0.7061,0.0557
TN_114,TN,Tiruchirappalli,GFS ENSEMBLE,wind_speed_kmh,24,2026-08-30,2026-09-28,30,1.2377,1.6112,0.9062,0.0391
TN_114,TN,Tiruchirappalli,AIFS,rainfall_mm,24,2026-08-30,2026-09-28,30,0.5889,1.1528,0.9929,0.3852
TN_114,TN,Tiruchirappalli,AIFS,temperature_c,24,2026-08-30,2026-09-28,30,0.6951,0.7929,0.8148,-0.0783
TN_114,TN,Tiruchirappalli,AIFS,wind_speed_kmh,24,2026-08-30,2026-09-28,30,1.421,1.813,0.8565,-0.3142
TN_114,TN,Tiruchirappalli,IFS,rainfall_mm,24,2026-08-30,2026-09-28,30,0.6117,1.951,0.9923,-0.1758
TN_114,TN,Tiruchirappalli,IFS,temperature_c,24,2026-08-30,2026-09-28,30,0.588,0.7528,0.859,-0.173
TN_114,TN,Tiruchirappalli,IFS,wind_speed_kmh,24,2026-08-30,2026-09-28,30,1.4282,1.8086,0.894,0.0925
TN_114,TN,Tiruchirappalli,NCEP GFS,rainfall_mm,48,2026-08-30,2026-09-28,30,0.9343,2.8555,0.9721,-0.4408
TN_114,TN,Tiruchirappalli,NCEP GFS,temperature_c,48,2026-08-30,2026-09-28,30,1.2618,1.6437,0.5361,-0.4146
TN_114,TN,Tiruchirappalli,NCEP GFS,wind_speed_kmh,48,2026-08-30,2026-09-28,30,2.5372,3.2348,0.6549,0.3095
TN_114,TN,Tiruchirappalli,GFS ENSEMBLE,rainfall_mm,48,2026-08-30,2026-09-28,30,1.2302,5.1942,0.8472,-0.8912
TN_114,TN,Tiruchirappalli,GFS ENSEMBLE,temperature_c,48,2026-08-30,2026-09-28,30,0.8665,1.0898,0.735,0.128
TN_114,TN,Tiruchirappalli,GFS ENSEMBLE,wind_speed_kmh,48,2026-08-30,2026-09-28,30,1.9526,2.4874,0.8101,0.8075
TN_114,TN,Tiruchirappalli,AIFS,rainfall_mm,48,2026-08-30,2026-09-28,30,0.8787,2.2837,0.9794,-0.0775
TN_114,TN,Tiruchirappalli,AIFS,temperature_c,48,2026-08-30,2026-09-28,30,0.7177,0.8748,0.8096,-0.0623
TN_114,TN,Tiruchirappalli,AIFS,wind_speed_kmh,48,2026-08-30,2026-09-28,30,1.6475,1.9042,0.9028,0.0555
TN_114,TN,Tiruchirappalli,IFS,rainfall_mm,48,2026-08-30,2026-09-28,30,1.0978,3.5628,0.9472,-0.3148
TN_114,TN,Tiruchirappalli,IFS,temperature_c,48,2026-08-30,2026-09-28,30,0.7432,0.9192,0.8372,0.3334
TN_114,TN,Tiruchirappalli,IFS,wind_speed_kmh,48,2026-08-30,2026-09-28,30,1.5042,1.7993,0.8606,0.2811
TN_114,TN,Tiruchirappalli,NCEP GFS,rainfall_mm,72,2026-08-30,2026-09-28,30,1.4622,3.8319,0.9759,0.4832
TN_114,TN,Tiruchirappalli,NCEP GFS,temperature_c,72,2026-08-30,2026-09-28,30,1.3966,1.7952,0.424,0.0127
TN_114,TN,Tiruchirappalli,NCEP GFS,wind_speed_kmh,72,2026-08-30,2026-09-28,30,2.7585,3.2467,0.6621,0.8778
TN_114,TN,Tiruchirappalli,GFS ENSEMBLE,rainfall_mm,72,2026-08-30,2026-09-28,30,1.2739,3.6683,0.9372,-0.6128
TN_114,TN,Tiruchirappalli,GFS ENSEMBLE,temperature_c,72,2026-08-30,2026-09-28,30,1.0785,1.3238,0.6639,0.0464
TN_114,TN,Tiruchirappalli,GFS ENSEMBLE,wind_speed_kmh,72,2026-08-30,2026-09-28,30,1.6987,2.2163,0.8748,0.2645
TN_114,TN,Tiruchirappalli,AIFS,rainfall_mm,72,2026-08-30,2026-09-28,30,1.0487,2.7095,0.9905,0.6165
TN_114,TN,Tiruchirappalli,AIFS,temperature_c,72,2026-08-30,2026-09-28,30,0.9262,1.2209,0.5813,0.0524
TN_114,TN,Tiruchirappalli,AIFS,wind_speed_kmh,72,2026-08-30,2026-09-28,30,1.5638,1.8933,0.9013,-0.5972
TN_114,TN,Tiruchirappalli,IFS,rainfall_mm,72,2026-08-30,2026-09-28,30,1.6828,5.4427,0.8193,-0.5438
TN_114,TN,Tiruchirappalli,IFS,temperature_c,72,2026-08-30,2026-09-28,30,0.8613,1.0932,0.7371,0.3357
TN_114,TN,Tiruchirappalli,IFS,wind_speed_kmh,72,2026-08-30,2026-09-28,30,2.157,2.6245,0.8324,0.0091
TN_115,TN,Salem,NCEP GFS,rainfall_mm,24,2026-08-30,2026-09-28,30,0.2969,0.6234,0.9932,-0.148
TN_115,TN,Salem,NCEP GFS,temperature_c,24,2026-08-30,2026-09-28,30,1.0045,1.2622,0.6408,0.0474
TN_115,TN,Salem,NCEP GFS,wind_speed_kmh,24,2026-08-30,2026-09-28,30,2.0245,2.4123,0.8071,0.3723
TN_115,TN,Salem,GFS ENSEMBLE,rainfall_mm,24,2026-08-30,2026-09-28,30,0.5446,1.1133,0.9696,-0.1683
TN_115,TN,Salem,GFS ENSEMBLE,temperature_c,24,2026-08-30,2026-09-28,30,0.7123,0.8862,0.8086,0.0117
TN_115,TN,Salem,GFS ENSEMBLE,wind_speed_kmh,24,2026-08-30,2026-09-28,30,1.4605,1.7421,0.8648,0.5573
TN_115,TN,Salem,AIFS,rainfall_mm,24,2026-08-30,2026-09-28,30,0.3278,0.5087,0.9927,0.1847
TN_115,TN,Salem,AIFS,temperature_c,24,2026-08-30,2026-09-28,30,0.5905,0.745,0.8871,-0.335
TN_115,TN,Salem,AIFS,wind_speed_kmh,24,2026-08-30,2026-09-28,30,1.5176,1.9214,0.8364,0.2736
TN_115,TN,Salem,IFS,rainfall_mm,24,2026-08-30,2026-09-28,30,0.3929,0.7606,0.9867,0.112
TN_115,TN,Salem,IFS,temperature_c,24,2026-08-30,2026-09-28,30,0.7166,0.9077,0.828,0.0407
TN_115,TN,Salem,IFS,wind_speed_kmh,24,2026-08-30,2026-09-28,30,1.1431,1.3754,0.8979,-0.2137
TN_115,TN,Salem,NCEP GFS,rainfall_mm,48,2026-08-30,2026-09-28,30,0.5872,1.0168,0.9702,0.061
TN_115,TN,Salem,NCEP GFS,temperature_c,48,2026-08-30,2026-09-28,30,1.4001,1.6896,0.566,0.468
TN_115,TN,Salem,NCEP GFS,wind_speed_kmh,48,2026-08-30,2026-09-28,30,2.5283,3.0838,0.7567,1.0493
TN_115,TN,Salem,GFS ENSEMBLE,rainfall_mm,48,2026-08-30,2026-09-28,30,0.5804,0.9647,0.9717,-0.0696
TN_115,TN,Salem,GFS ENSEMBLE,temperature_c,48,2026-08-30,2026-09-28,30,0.8121,0.9692,0.7857,0.2587
TN_115,TN,Salem,GFS ENSEMBLE,wind_speed_kmh,48,2026-08-30,2026-09-28,30,1.4696,1.8823,0.8493,0.0573
TN_115,TN,Salem,AIFS,rainfall_mm,48,2026-08-30,2026-09-28,30,0.309,0.6169,0.991,-0.1033
TN_115,TN,Salem,AIFS,temperature_c,48,2026-08-30,2026-09-28,30,0.7681,0.935,0.7935,-0.059
TN_115,TN,Salem,AIFS,wind_speed_kmh,48,2026-08-30,2026-09-28,30,1.5141,2.0032,0.8041,-0.3027
TN_115,TN,Salem,IFS,rainfall_mm,48,2026-08-30,2026-09-28,30,0.3933,0.6784,0.9926,0.1807
TN_115,TN,Salem,IFS,temperature_c,48,2026-08-30,2026-09-28,30,1.0072,1.2067,0.7152,-0.0176
TN_115,TN,Salem,IFS,wind_speed_kmh,48,2026-08-30,2026-09-28,30,2.0577,2.4609,0.8139,0.1083
TN_115,TN,Salem,NCEP GFS,rainfall_mm,72,2026-08-30,2026-09-28,30,0.734,1.4157,0.9334,0.0747
TN_115,TN,Salem,NCEP GFS,temperature_c,72,2026-08-30,2026-09-28,30,1.5342,1.75,0.5855,0.7457
TN_115,TN,Salem,NCEP GFS,wind_speed_kmh,72,2026-08-30,2026-09-28,30,2.2899,2.679,0.7434,0.8353
TN_115,TN,Salem,GFS ENSEMBLE,rainfall_mm,72,2026-08-30,2026-09-28,30,0.7999,1.4342,0.938,-0.0706
TN_115,TN,Salem,GFS ENSEMBLE,temperature_c,72,2026-08-30,2026-09-28,30,0.9359,1.166,0.6947,0.12
TN_115,TN,Salem,GFS ENSEMBLE,wind_speed_kmh,72,2026-08-30,2026-09-28,30,1.558,2.0776,0.8429,0.6373
TN_115,TN,Salem,AIFS,rainfall_mm,72,2026-08-30,2026-09-28,30,0.6418,1.2388,0.9594,-0.2576
TN_115,TN,Salem,AIFS,temperature_c,72,2026-08-30,2026-09-28,30,0.9757,1.2009,0.5796,0.2157
TN_115,TN,Salem,AIFS,wind_speed_kmh,72,2026-08-30,2026-09-28,30,1.6062,1.9816,0.8646,0.98
TN_115,TN,Salem,IFS,rainfall_mm,72,2026-08-30,2026-09-28,30,0.2336,0.3696,0.9959,-0.0163
TN_115,TN,Salem,IFS,temperature_c,72,2026-08-30,2026-09-28,30,1.0387,1.2306,0.7826,-0.1966
TN_115,TN,Salem,IFS,wind_speed_kmh,72,2026-08-30,2026-09-28,30,1.602,1.9833,0.8258,0.6926
TG_116,TG,Hyderabad,NCEP GFS,rainfall_mm,24,2026-08-30,2026-09-28,30,0.9036,2.0599,0.9923,-0.3848
TG_116,TG,Hyderabad,NCEP GFS,temperature_c,24,2026-08-30,2026-09-28,30,0.761,1.0466,0.8291,0.4418
TG_116,TG,Hyderabad,NCEP GFS,wind_speed_kmh,24,2026-08-30,2026-09-28,30,1.7627,2.1184,0.834,-0.2966
TG_116,TG,Hyderabad,GFS ENSEMBLE,rainfall_mm,24,2026-08-30,2026-09-28,30,0.4159,0.816,0.9996,-0.2564
TG_116,TG,Hyderabad,GFS ENSEMBLE,temperature_c,24,2026-08-30,2026-09-28,30,0.7308,0.868,0.8141,0.0638
TG_116,TG,Hyderabad,GFS ENSEMBLE,wind_speed_kmh,24,2026-08-30,2026-09-28,30,1.7132,2.1366,0.7979,-0.1432
TG_116,TG,Hyderabad,AIFS,rainfall_mm,24,2026-08-30,2026-09-28,30,0.9222,2.8948,0.9988,0.6716
TG_116,TG,Hyderabad,AIFS,temperature_c,24,2026-08-30,2026-09-28,30,0.6892,0.8895,0.7718,-0.0598
TG_116,TG,Hyderabad,AIFS,wind_speed_kmh,24,2026-08-30,2026-09-28,30,1.1458,1.4887,0.8857,-0.1366
TG_116,TG,Hyderabad,IFS,rainfall_mm,24,2026-08-30,2026-09-28,30,1.1526,3.0861,0.9901,0.1272
TG_116,TG,Hyderabad,IFS,temperature_c,24,2026-08-30,2026-09-28,30,0.6432,0.8827,0.7895,0.1445
TG_116,TG,Hyderabad,IFS,wind_speed_kmh,24,2026-08-30,2026-09-28,30,1.6755,1.962,0.8138,0.1261
TG_116,TG,Hyderabad,NCEP GFS,rainfall_mm,48,2026-08-30,2026-09-28,30,0.9123,1.5327,0.9959,-0.1331
TG_116,TG,Hyderabad,NCEP GFS,temperature_c,48,2026-08-30,2026-09-28,30,1.2397,1.4759,0.6443,0.4895
TG_116,TG,Hyderabad,NCEP GFS,wind_speed_kmh,48,2026-08-30,2026-09-28,30,1.7166,2.1817,0.8354,0.9608
TG_116,TG,Hyderabad,GFS ENSEMBLE,rainfall_mm,48,2026-08-30,2026-09-28,30,1.1038,2.4253,0.9934,-0.8738
TG_116,TG,Hyderabad,GFS ENSEMBLE,temperature_c,48,2026-08-30,2026-09-28,30,0.7728,0.9604,0.8472,0.3002
TG_116,TG,Hyderabad,GFS ENSEMBLE,wind_speed_kmh,48,2026-08-30,2026-09-28,30,1.7029,2.158,0.802,0.7071
TG_116,TG,Hyderabad,AIFS,rainfall_mm,48,2026-08-30,2026-09-28,30,0.887,2.3178,0.9971,-0.2398
TG_116,TG,Hyderabad,AIFS,temperature_c,48,2026-08-30,2026-09-28,30,0.7693,0.9712,0.7883,-0.2378
TG_116,TG,Hyderabad,AIFS,wind_speed_kmh,48,2026-08-30,2026-09-28,30,1.3032,1.6622,0.8941,0.0861
TG_116,TG,Hyderabad,IFS,rainfall_mm,48,2026-08-30,2026-09-28,30,1.4088,4.3873,0.9904,-0.6008
TG_116,TG,Hyderabad,IFS,temperature_c,48,2026-08-30,2026-09-28,30,0.8244,1.0594,0.6795,0.0298
TG_116,TG,Hyderabad,IFS,wind_speed_kmh,48,2026-08-30,2026-09-28,30,1.2028,1.8048,0.8892,0.0534
TG_116,TG,Hyderabad,NCEP GFS,rainfall_mm,72,2026-08-30,2026-09-28,30,2.4771,7.2625,0.9735,-1.2618
TG_116,TG,Hyderabad,NCEP GFS,temperature_c,72,2026-08-30,2026-09-28,30,1.0429,1.4056,0.5913,0.1898
TG_116,TG,Hyderabad,NCEP GFS,wind_speed_kmh,72,2026-08-30,2026-09-28,30,3.3649,3.8659,0.6258,-0.1546
TG_116,TG,Hyderabad,GFS ENSEMBLE,rainfall_mm,72,2026-08-30,2026-09-28,30,0.9554,2.2424,0.9959,-0.5888
TG_116,TG,Hyderabad,GFS ENSEMBLE,temperature_c,72,2026-08-30,2026-09-28,30,0.9401,1.2303,0.7209,0.3758
TG_116,TG,Hyderabad,GFS ENSEMBLE,wind_speed_kmh,72,2026-08-30,2026-09-28,30,2.1024,2.665,0.8119,-0.0062
TG_116,TG,Hyderabad,AIFS,rainfall_mm,72,2026-08-30,2026-09-28,30,1.8247,5.2993,0.9873,0.4472
TG_116,TG,Hyderabad,AIFS,temperature_c,72,2026-08-30,2026-09-28,30,0.9432,1.0784,0.6811,0.0658
TG_116,TG,Hyderabad,AIFS,wind_speed_kmh,72,2026-08-30,2026-09-28,30,1.7609,2.2883,0.765,0.5451
TG_116,TG,Hyderabad,IFS,rainfall_mm,72,2026-08-30,2026-09-28,30,1.6428,4.4574,0.9928,0.8332
TG_116,TG,Hyderabad,IFS,temperature_c,72,2026-08-30,2026-09-28,30,1.0419,1.1845,0.5681,0.3055
TG_116,TG,Hyderabad,IFS,wind_speed_kmh,72,2026-08-30,2026-09-28,30,1.0632,1.3947,0.8855,0.0834
TG_117,TG,Warangal,NCEP GFS,rainfall_mm,24,2026-08-30,2026-09-28,30,0.6128,1.0129,0.967,0.0573
TG_117,TG,Warangal,NCEP GFS,temperature_c,24,2026-08-30,2026-09-28,30,1.0858,1.3656,0.5844,0.2413
TG_117,TG,Warangal,NCEP GFS,wind_speed_kmh,24,2026-08-30,2026-09-28,30,2.0283,2.4905,0.7012,-0.2931
TG_117,TG,Warangal,GFS ENSEMBLE,rainfall_mm,24,2026-08-30,2026-09-28,30,0.4612,0.7862,0.9826,-0.1233
TG_117,TG,Warangal,GFS ENSEMBLE,temperature_c,24,2026-08-30,2026-09-28,30,0.7129,0.8863,0.7924,0.1606
TG_117,TG,Warangal,GFS ENSEMBLE,wind_speed_kmh,24,2026-08-30,2026-09-28,30,1.4102,1.7926,0.8562,0.2236
TG_117,TG,Warangal,AIFS,rainfall_mm,24,2026-08-30,2026-09-28,30,0.4214,0.9354,0.9866,0.3023
TG_117,TG,Warangal,AIFS,temperature_c,24,2026-08-30,2026-09-28,30,0.6159,0.7437,0.8899,-0.0464
TG_117,TG,Warangal,AIFS,wind_speed_kmh,24,2026-08-30,2026-09-28,30,0.943,1.2499,0.9234,-0.0301
TG_117,TG,Warangal,IFS,rainfall_mm,24,2026-08-30,2026-09-28,30,0.6232,1.3365,0.946,-0.0637
TG_117,TG,Warangal,IFS,temperature_c,24,2026-08-30,2026-09-28,30,0.8978,1.023,0.798,0.429
TG_117,TG,Warangal,IFS,wind_speed_kmh,24,2026-08-30,2026-09-28,30,1.5713,1.9945,0.8308,0.7079
TG_117,TG,Warangal,NCEP GFS,rainfall_mm,48,2026-08-30,2026-09-28,30,0.6457,1.1239,0.9634,0.1333
TG_117,TG,Warangal,NCEP GFS,temperature_c,48,2026-08-30,2026-09-28,30,1.3983,1.6053,0.6616,1.012
TG_117,TG,Warangal,NCEP GFS,wind_speed_kmh,48,2026-08-30,2026-09-28,30,2.7309,3.2518,0.6818,0.6176
TG_117,TG,Warangal,GFS ENSEMBLE,rainfall_mm,48,2026-08-30,2026-09-28,30,0.5932,1.0305,0.9661,-0.1467
TG_117,TG,Warangal,GFS ENSEMBLE,temperature_c,48,2026-08-30,2026-09-28,30,0.878,0.986,0.8228,-0.015
TG_117,TG,Warangal,GFS ENSEMBLE,wind_speed_kmh,48,2026-08-30,2026-09-28,30,1.4147,1.711,0.8787,0.0089
TG_117,TG,Warangal,AIFS,rainfall_mm,48,2026-08-30,2026-09-28,30,0.4034,0.5953,0.9886,0.0413
TG_117,TG,Warangal,AIFS,temperature_c,48,2026-08-30,2026-09-28,30,0.7089,0.9526,0.7637,0.057
TG_117,TG,Warangal,AIFS,wind_speed_kmh,48,2026-08-30,2026-09-28,30,1.9459,2.3695,0.7763,-0.0814
TG_117,TG,Warangal,IFS,rainfall_mm,48,2026-08-30,2026-09-28,30,0.4475,0.7578,0.9835,-0.133
TG_117,TG,Warangal,IFS,temperature_c,48,2026-08-30,2026-09-28,30,0.6709,0.7906,0.8533,0.2676
TG_117,TG,Warangal,IFS,wind_speed_kmh,48,2026-08-30,2026-09-28,30,1.4174,1.7649,0.8596,0.3976
TG_117,TG,Warangal,NCEP GFS,rainfall_mm,72,2026-08-30,2026-09-28,30,1.114,2.1123,0.859,-0.3477
TG_117,TG,Warangal,NCEP GFS,temperature_c,72,2026-08-30,2026-09-28,30,1.3365,1.5491,0.6488,0.3063
TG_117,TG,Warangal,NCEP GFS,wind_speed_kmh,72,2026-08-30,2026-09-28,30,2.9553,3.5877,0.6772,1.5993
TG_117,TG,Warangal,GFS ENSEMBLE,rainfall_mm,72,2026-08-30,2026-09-28,30,1.168,2.2578,0.8603,-0.0503
TG_117,TG,Warangal,GFS ENSEMBLE,temperature_c,72,2026-08-30,2026-09-28,30,1.1413,1.381,0.5722,0.333
TG_117,TG,Warangal,GFS ENSEMBLE,wind_speed_kmh,72,2026-08-30,2026-09-28,30,2.3115,3.0003,0.6099,0.5739
TG_117,TG,Warangal,AIFS,rainfall_mm,72,2026-08-30,2026-09-28,30,0.8574,1.8865,0.8925,0.2223
TG_117,TG,Warangal,AIFS,temperature_c,72,2026-08-30,2026-09-28,30,0.8571,1.0686,0.7397,-0.3277
TG_117,TG,Warangal,AIFS,wind_speed_kmh,72,2026-08-30,2026-09-28,30,1.6616,1.9963,0.7887,-0.2517
TG_117,TG,Warangal,IFS,rainfall_mm,72,2026-08-30,2026-09-28,30,0.7683,1.3605,0.9496,0.163
TG_117,TG,Warangal,IFS,temperature_c,72,2026-08-30,2026-09-28,30,0.7604,1.0247,0.6833,-0.047
TG_117,TG,Warangal,IFS,wind_speed_kmh,72,2026-08-30,2026-09-28,30,1.4064,1.6857,0.8763,-0.0344
TG_118,TG,Nizamabad,NCEP GFS,rainfall_mm,24,2026-08-30,2026-09-28,30,0.5401,0.9414,0.9917,0.24
TG_118,TG,Nizamabad,NCEP GFS,temperature_c,24,2026-08-30,2026-09-28,30,1.2144,1.4294,0.7246,0.1809
TG_118,TG,Nizamabad,NCEP GFS,wind_speed_kmh,24,2026-08-30,2026-09-28,30,2.0648,2.5608,0.8285,0.2259
TG_118,TG,Nizamabad,GFS ENSEMBLE,rainfall_mm,24,2026-08-30,2026-09-28,30,0.5847,1.17,0.9668,-0.002
TG_118,TG,Nizamabad,GFS ENSEMBLE,temperature_c,24,2026-08-30,2026-09-28,30,0.7535,0.936,0.7573,0.1529
TG_118,TG,Nizamabad,GFS ENSEMBLE,wind_speed_kmh,24,2026-08-30,2026-09-28,30,1.5886,1.8575,0.8937,0.4106
TG_118,TG,Nizamabad,AIFS,rainfall_mm,24,2026-08-30,2026-09-28,30,0.3425,0.6194,0.9916,0.169
TG_118,TG,Nizamabad,AIFS,temperature_c,24,2026-08-30,2026-09-28,30,0.6944,0.8776,0.7229,-0.1941
TG_118,TG,Nizamabad,AIFS,wind_speed_kmh,24,2026-08-30,2026-09-28,30,1.0911,1.4402,0.9285,0.3012
TG_118,TG,Nizamabad,IFS,rainfall_mm,24,2026-08-30,2026-09-28,30,0.4038,0.8636,0.9871,0.324
TG_118,TG,Nizamabad,IFS,temperature_c,24,2026-08-30,2026-09-28,30,0.7032,0.8801,0.7211,0.1829
TG_118,TG,Nizamabad,IFS,wind_speed_kmh,24,2026-08-30,2026-09-28,30,1.3085,1.6116,0.9114,-0.2004
TG_118,TG,Nizamabad,NCEP GFS,rainfall_mm,48,2026-08-30,2026-09-28,30,0.6101,1.0286,0.9826,0.2043
TG_118,TG,Nizamabad,NCEP GFS,temperature_c,48,2026-08-30,2026-09-28,30,1.1943,1.4843,0.6831,0.0686
TG_118,TG,Nizamabad,NCEP GFS,wind_speed_kmh,48,2026-08-30,2026-09-28,30,2.8227,3.4971,0.744,0.8029
TG_118,TG,Nizamabad,GFS ENSEMBLE,rainfall_mm,48,2026-08-30,2026-09-28,30,0.6745,1.3012,0.9945,-0.489
TG_118,TG,Nizamabad,GFS ENSEMBLE,temperature_c,48,2026-08-30,2026-09-28,30,0.6836,0.8852,0.7318,-0.0671
TG_118,TG,Nizamabad,GFS ENSEMBLE,wind_speed_kmh,48,2026-08-30,2026-09-28,30,1.6127,1.9191,0.8682,0.3926
TG_118,TG,Nizamabad,AIFS,rainfall_mm,48,2026-08-30,2026-09-28,30,0.5517,1.1958,0.9772,0.124
TG_118,TG,Nizamabad,AIFS,temperature_c,48,2026-08-30,2026-09-28,30,0.7112,0.8714,0.8567,0.0719
TG_118,TG,Nizamabad,AIFS,wind_speed_kmh,48,2026-08-30,2026-09-28,30,1.8552,2.3815,0.789,0.0392
TG_118,TG,Nizamabad,IFS,rainfall_mm,48,2026-08-30,2026-09-28,30,0.8645,1.6203,0.9343,0.1897
TG_118,TG,Nizamabad,IFS,temperature_c,48,2026-08-30,2026-09-28,30,0.7557,0.9722,0.7461,-0.2184
TG_118,TG,Nizamabad,IFS,wind_speed_kmh,48,2026-08-30,2026-09-28,30,1.6093,2.1172,0.8861,1.1469
TG_118,TG,Nizamabad,NCEP GFS,rainfall_mm,72,2026-08-30,2026-09-28,30,1.4379,2.799,0.9578,1.16
TG_118,TG,Nizamabad,NCEP GFS,temperature_c,72,2026-08-30,2026-09-28,30,1.0868,1.583,0.6813,0.3762
TG_118,TG,Nizamabad,NCEP GFS,wind_speed_kmh,72,2026-08-30,2026-09-28,30,2.073,2.7745,0.8377,0.7469
TG_118,TG,Nizamabad,GFS ENSEMBLE,rainfall_mm,72,2026-08-30,2026-09-28,30,1.1411,2.3436,0.857,-0.24
TG_118,TG,Nizamabad,GFS ENSEMBLE,temperature_c,72,2026-08-30,2026-09-28,30,1.0763,1.2853,0.8203,0.2872
TG_118,TG,Nizamabad,GFS ENSEMBLE,wind_speed_kmh,72,2026-08-30,2026-09-28,30,1.623,1.9914,0.8642,0.1372
TG_118,TG,Nizamabad,AIFS,rainfall_mm,72,2026-08-30,2026-09-28,30,0.983,1.9273,0.9037,-0.12
TG_118,TG,Nizamabad,AIFS,temperature_c,72,2026-08-30,2026-09-28,30,1.0069,1.1641,0.7247,0.0569
TG_118,TG,Nizamabad,AIFS,wind_speed_kmh,72,2026-08-30,2026-09-28,30,1.4458,1.7679,0.9047,-0.4418
TG_118,TG,Nizamabad,IFS,rainfall_mm,72,2026-08-30,2026-09-28,30,0.57,1.0755,0.9818,0.119
TG_118,TG,Nizamabad,IFS,temperature_c,72,2026-08-30,2026-09-28,30,1.1762,1.3867,0.6296,-0.2734
TG_118,TG,Nizamabad,IFS,wind_speed_kmh,72,2026-08-30,2026-09-28,30,1.8692,2.4039,0.8812,1.1442
TG_119,TG,Karimnagar,NCEP GFS,rainfall_mm,24,2026-08-30,2026-09-28,30,1.2019,4.101,0.9589,-0.7464
TG_119,TG,Karimnagar,NCEP GFS,temperature_c,24,2026-08-30,2026-09-28,30,1.024,1.3207,0.7704,0.2631
TG_119,TG,Karimnagar,NCEP GFS,wind_speed_kmh,24,2026-08-30,2026-09-28,30,1.9805,2.559,0.7857,0.7967
TG_119,TG,Karimnagar,GFS ENSEMBLE,rainfall_mm,24,2026-08-30,2026-09-28,30,0.9402,2.6731,0.9662,-0.2897
TG_119,TG,Karimnagar,GFS ENSEMBLE,temperature_c,24,2026-08-30,2026-09-28,30,0.9764,1.1989,0.6772,0.2918
TG_119,TG,Karimnagar,GFS ENSEMBLE,wind_speed_kmh,24,2026-08-30,2026-09-28,30,1.1555,1.6086,0.9289,0.6613
TG_119,TG,Karimnagar,AIFS,rainfall_mm,24,2026-08-30,2026-09-28,30,1.1649,4.1909,0.9513,-0.6081
TG_119,TG,Karimnagar,AIFS,temperature_c,24,2026-08-30,2026-09-28,30,0.697,0.8685,0.8533,-0.0432
TG_119,TG,Karimnagar,AIFS,wind_speed_kmh,24,2026-08-30,2026-09-28,30,1.23,1.6688,0.8942,0.5877
TG_119,TG,Karimnagar,IFS,rainfall_mm,24,2026-08-30,2026-09-28,30,1.3985,4.2905,0.987,1.3436
TG_119,TG,Karimnagar,IFS,temperature_c,24,2026-08-30,2026-09-28,30,0.6381,0.7775,0.8345,-0.1089
TG_119,TG,Karimnagar,IFS,wind_speed_kmh,24,2026-08-30,2026-09-28,30,0.9866,1.2792,0.9441,-0.091
TG_119,TG,Karimnagar,NCEP GFS,rainfall_mm,48,2026-08-30,2026-09-28,30,0.7908,1.4306,0.989,0.4066
TG_119,TG,Karimnagar,NCEP GFS,temperature_c,48,2026-08-30,2026-09-28,30,1.2912,1.6887,0.5038,0.3605
TG_119,TG,Karimnagar,NCEP GFS,wind_speed_kmh,48,2026-08-30,2026-09-28,30,2.1929,2.8302,0.8415,0.8737
TG_119,TG,Karimnagar,GFS ENSEMBLE,rainfall_mm,48,2026-08-30,2026-09-28,30,0.6635,1.3124,0.9919,-0.2987
TG_119,TG,Karimnagar,GFS ENSEMBLE,temperature_c,48,2026-08-30,2026-09-28,30,1.0994,1.3559,0.6955,-0.2545
TG_119,TG,Karimnagar,GFS ENSEMBLE,wind_speed_kmh,48,2026-08-30,2026-09-28,30,1.7059,2.162,0.8674,0.1643
TG_119,TG,Karimnagar,AIFS,rainfall_mm,48,2026-08-30,2026-09-28,30,0.7511,1.7595,0.993,0.4426
TG_119,TG,Karimnagar,AIFS,temperature_c,48,2026-08-30,2026-09-28,30,0.9458,1.1599,0.7068,0.0465
TG_119,TG,Karimnagar,AIFS,wind_speed_kmh,48,2026-08-30,2026-09-28,30,1.6162,2.1638,0.8169,0.204
TG_119,TG,Karimnagar,IFS,rainfall_mm,48,2026-08-30,2026-09-28,30,0.6665,1.6674,0.9915,0.3693
TG_119,TG,Karimnagar,IFS,temperature_c,48,2026-08-30,2026-09-28,30,0.7617,0.8979,0.838,-0.2529
TG_119,TG,Karimnagar,IFS,wind_speed_kmh,48,2026-08-30,2026-09-28,30,1.4075,1.761,0.8753,-0.0017
TG_119,TG,Karimnagar,NCEP GFS,rainfall_mm,72,2026-08-30,2026-09-28,30,1.1229,2.3514,0.9761,-0.3627
TG_119,TG,Karimnagar,NCEP GFS,temperature_c,72,2026-08-30,2026-09-28,30,1.8535,2.1797,0.3249,0.8945
TG_119,TG,Karimnagar,NCEP GFS,wind_speed_kmh,72,2026-08-30,2026-09-28,30,2.0468,2.5217,0.7124,0.176
TG_119,TG,Karimnagar,GFS ENSEMBLE,rainfall_mm,72,2026-08-30,2026-09-28,30,1.7351,4.7049,0.9204,-0.5314
TG_119,TG,Karimnagar,GFS ENSEMBLE,temperature_c,72,2026-08-30,2026-09-28,30,0.9664,1.1852,0.8166,0.0621
TG_119,TG,Karimnagar,GFS ENSEMBLE,wind_speed_kmh,72,2026-08-30,2026-09-28,30,1.9817,2.4641,0.8547,1.1477
TG_119,TG,Karimnagar,AIFS,rainfall_mm,72,2026-08-30,2026-09-28,30,0.3439,0.6495,0.9988,0.2466
TG_119,TG,Karimnagar,AIFS,temperature_c,72,2026-08-30,2026-09-28,30,0.9085,1.07,0.7444,-0.0685
TG_119,TG,Karimnagar,AIFS,wind_speed_kmh,72,2026-08-30,2026-09-28,30,1.6827,1.9261,0.8326,-0.0257
TG_119,TG,Karimnagar,IFS,rainfall_mm,72,2026-08-30,2026-09-28,30,1.052,2.1425,0.9844,-0.0631
TG_119,TG,Karimnagar,IFS,temperature_c,72,2026-08-30,2026-09-28,30,1.1963,1.4317,0.5938,-0.2655
TG_119,TG,Karimnagar,IFS,wind_speed_kmh,72,2026-08-30,2026-09-28,30,2.0479,2.4228,0.848,-0.4523
TG_120,TG,Khammam,NCEP GFS,rainfall_mm,24,2026-08-30,2026-09-28,30,1.4102,5.0447,0.7913,-0.956
TG_120,TG,Khammam,NCEP GFS,temperature_c,24,2026-08-30,2026-09-28,30,0.8474,1.0261,0.7287,0.5329
TG_120,TG,Khammam,NCEP GFS,wind_speed_kmh,24,2026-08-30,2026-09-28,30,1.642,1.9625,0.8548,0.1283
TG_120,TG,Khammam,GFS ENSEMBLE,rainfall_mm,24,2026-08-30,2026-09-28,30,0.6208,1.6237,0.9906,0.1777
TG_120,TG,Khammam,GFS ENSEMBLE,temperature_c,24,2026-08-30,2026-09-28,30,0.6787,0.8644,0.7511,-0.0828
TG_120,TG,Khammam,GFS ENSEMBLE,wind_speed_kmh,24,2026-08-30,2026-09-28,30,1.1704,1.5857,0.9039,0.0933
TG_120,TG,Khammam,AIFS,rainfall_mm,24,2026-08-30,2026-09-28,30,0.7623,1.8509,0.9742,0.167
TG_120,TG,Khammam,AIFS,temperature_c,24,2026-08-30,2026-09-28,30,0.7756,0.9404,0.8202,-0.2541
TG_120,TG,Khammam,AIFS,wind_speed_kmh,24,2026-08-30,2026-09-28,30,1.2349,1.5061,0.9184,0.1223
TG_120,TG,Khammam,IFS,rainfall_mm,24,2026-08-30,2026-09-28,30,0.5838,1.2439,0.9952,0.431
TG_120,TG,Khammam,IFS,temperature_c,24,2026-08-30,2026-09-28,30,0.6136,0.7878,0.8217,-0.2191
TG_120,TG,Khammam,IFS,wind_speed_kmh,24,2026-08-30,2026-09-28,30,1.3628,1.6699,0.8997,0.1053
TG_120,TG,Khammam,NCEP GFS,rainfall_mm,48,2026-08-30,2026-09-28,30,1.0738,2.8575,0.958,0.4207
TG_120,TG,Khammam,NCEP GFS,temperature_c,48,2026-08-30,2026-09-28,30,1.2088,1.44,0.664,-0.1485
TG_120,TG,Khammam,NCEP GFS,wind_speed_kmh,48,2026-08-30,2026-09-28,30,2.4179,2.9171,0.7254,0.518
TG_120,TG,Khammam,GFS ENSEMBLE,rainfall_mm,48,2026-08-30,2026-09-28,30,1.339,3.8893,0.8895,-0.7947
TG_120,TG,Khammam,GFS ENSEMBLE,temperature_c,48,2026-08-30,2026-09-28,30,0.7323,0.9631,0.7325,0.0242
TG_120,TG,Khammam,GFS ENSEMBLE,wind_speed_kmh,48,2026-08-30,2026-09-28,30,1.8482,2.1444,0.846,0.83
TG_120,TG,Khammam,AIFS,rainfall_mm,48,2026-08-30,2026-09-28,30,1.0414,3.1341,0.9342,-0.4383
TG_120,TG,Khammam,AIFS,temperature_c,48,2026-08-30,2026-09-28,30,0.5619,0.7575,0.7978,0.0002
TG_120,TG,Khammam,AIFS,wind_speed_kmh,48,2026-08-30,2026-09-28,30,1.3367,1.7316,0.89,-0.0307
TG_120,TG,Khammam,IFS,rainfall_mm,48,2026-08-30,2026-09-28,30,1.2107,3.3209,0.917,-0.0073
TG_120,TG,Khammam,IFS,temperature_c,48,2026-08-30,2026-09-28,30,1.0316,1.2558,0.6471,0.0722
TG_120,TG,Khammam,IFS,wind_speed_kmh,48,2026-08-30,2026-09-28,30,1.7889,2.2198,0.8362,0.081
TG_120,TG,Khammam,NCEP GFS,rainfall_mm,72,2026-08-30,2026-09-28,30,1.2533,2.925,0.9352,-0.1643
TG_120,TG,Khammam,NCEP GFS,temperature_c,72,2026-08-30,2026-09-28,30,1.6831,2.1269,0.4543,0.2455
TG_120,TG,Khammam,NCEP GFS,wind_speed_kmh,72,2026-08-30,2026-09-28,30,2.7818,3.4075,0.5905,0.208
TG_120,TG,Khammam,GFS ENSEMBLE,rainfall_mm,72,2026-08-30,2026-09-28,30,1.1771,3.5398,0.9058,-0.6437
TG_120,TG,Khammam,GFS ENSEMBLE,temperature_c,72,2026-08-30,2026-09-28,30,1.0178,1.2293,0.5818,-0.0751
TG_120,TG,Khammam,GFS ENSEMBLE,wind_speed_kmh,72,2026-08-30,2026-09-28,30,1.8219,2.2015,0.8664,0.2883
TG_120,TG,Khammam,AIFS,rainfall_mm,72,2026-08-30,2026-09-28,30,1.05,2.6246,0.9641,-0.681
TG_120,TG,Khammam,AIFS,temperature_c,72,2026-08-30,2026-09-28,30,0.7609,0.9243,0.7537,0.2005
TG_120,TG,Khammam,AIFS,wind_speed_kmh,72,2026-08-30,2026-09-28,30,1.7632,2.0728,0.8683,-0.025
TG_120,TG,Khammam,IFS,rainfall_mm,72,2026-08-30,2026-09-28,30,0.9075,2.1096,0.9958,0.7597
TG_120,TG,Khammam,IFS,temperature_c,72,2026-08-30,2026-09-28,30,0.9049,1.12,0.7456,-0.0501
TG_120,TG,Khammam,IFS,wind_speed_kmh,72,2026-08-30,2026-09-28,30,1.7662,2.3257,0.9206,0.037
TR_121,TR,Agartala,NCEP GFS,rainfall_mm,24,2026-08-30,2026-09-28,30,1.1932,2.3721,0.9917,0.0619
TR_121,TR,Agartala,NCEP GFS,temperature_c,24,2026-08-30,2026-09-28,30,1.0923,1.3454,0.708,0.3394
TR_121,TR,Agartala,NCEP GFS,wind_speed_kmh,24,2026-08-30,2026-09-28,30,1.8452,2.3916,0.7777,0.0511
TR_121,TR,Agartala,GFS ENSEMBLE,rainfall_mm,24,2026-08-30,2026-09-28,30,1.9196,5.7883,0.9877,-1.8267
TR_121,TR,Agartala,GFS ENSEMBLE,temperature_c,24,2026-08-30,2026-09-28,30,0.7205,0.9335,0.7,-0.0156
TR_121,TR,Agartala,GFS ENSEMBLE,wind_speed_kmh,24,2026-08-30,2026-09-28,30,1.3039,1.533,0.8424,0.1565
TR_121,TR,Agartala,AIFS,rainfall_mm,24,2026-08-30,2026-09-28,30,0.9468,2.5707,0.9992,0.7886
TR_121,TR,Agartala,AIFS,temperature_c,24,2026-08-30,2026-09-28,30,0.7308,0.8843,0.8224,0.0861
TR_121,TR,Agartala,AIFS,wind_speed_kmh,24,2026-08-30,2026-09-28,30,0.8833,1.2636,0.8958,-0.1302
TR_121,TR,Agartala,IFS,rainfall_mm,24,2026-08-30,2026-09-28,30,1.1249,3.6308,0.9923,0.9256
TR_121,TR,Agartala,IFS,temperature_c,24,2026-08-30,2026-09-28,30,0.7734,0.9762,0.7673,-0.1322
TR_121,TR,Agartala,IFS,wind_speed_kmh,24,2026-08-30,2026-09-28,30,1.1146,1.4275,0.8631,0.2715
TR_121,TR,Agartala,NCEP GFS,rainfall_mm,48,2026-08-30,2026-09-28,30,1.7398,5.0101,0.9625,-0.4811
TR_121,TR,Agartala,NCEP GFS,temperature_c,48,2026-08-30,2026-09-28,30,1.201,1.5301,0.3963,0.2621
TR_121,TR,Agartala,NCEP GFS,wind_speed_kmh,48,2026-08-30,2026-09-28,30,2.4282,3.1223,0.6842,0.2491
TR_121,TR,Agartala,GFS ENSEMBLE,rainfall_mm,48,2026-08-30,2026-09-28,30,1.6362,3.4867,0.9928,-0.8537
TR_121,TR,Agartala,GFS ENSEMBLE,temperature_c,48,2026-08-30,2026-09-28,30,0.7527,0.9964,0.7809,-0.0172
TR_121,TR,Agartala,GFS ENSEMBLE,wind_speed_kmh,48,2026-08-30,2026-09-28,30,1.3932,1.6947,0.8575,0.0515
TR_121,TR,Agartala,AIFS,rainfall_mm,48,2026-08-30,2026-09-28,30,1.0712,1.8908,0.9954,0.5076
TR_121,TR,Agartala,AIFS,temperature_c,48,2026-08-30,2026-09-28,30,0.7777,0.9332,0.7979,-0.2132
TR_121,TR,Agartala,AIFS,wind_speed_kmh,48,2026-08-30,2026-09-28,30,1.859,2.3195,0.7864,0.8898
TR_121,TR,Agartala,IFS,rainfall_mm,48,2026-08-30,2026-09-28,30,1.0325,2.6103,0.9902,0.0706
TR_121,TR,Agartala,IFS,temperature_c,48,2026-08-30,2026-09-28,30,1.0936,1.3477,0.6206,0.3664
TR_121,TR,Agartala,IFS,wind_speed_kmh,48,2026-08-30,2026-09-28,30,1.4014,1.823,0.8053,0.1915
TR_121,TR,Agartala,NCEP GFS,rainfall_mm,72,2026-08-30,2026-09-28,30,3.6078,10.8924,0.9425,-3.0037
TR_121,TR,Agartala,NCEP GFS,temperature_c,72,2026-08-30,2026-09-28,30,1.5593,1.8514,0.4333,0.4861
TR_121,TR,Agartala,NCEP GFS,wind_speed_kmh,72,2026-08-30,2026-09-28,30,2.9097,3.6289,0.5128,2.1081
TR_121,TR,Agartala,GFS ENSEMBLE,rainfall_mm,72,2026-08-30,2026-09-28,30,2.376,7.2549,0.9225,-1.2574
TR_121,TR,Agartala,GFS ENSEMBLE,temperature_c,72,2026-08-30,2026-09-28,30,1.0017,1.2619,0.5624,0.2828
TR_121,TR,Agartala,GFS ENSEMBLE,wind_speed_kmh,72,2026-08-30,2026-09-28,30,2.5542,3.1903,0.4829,0.3825
TR_121,TR,Agartala,AIFS,rainfall_mm,72,2026-08-30,2026-09-28,30,2.2317,6.48,0.9375,-0.6187
TR_121,TR,Agartala,AIFS,temperature_c,72,2026-08-30,2026-09-28,30,0.9072,1.1212,0.8293,-0.4026
TR_121,TR,Agartala,AIFS,wind_speed_kmh,72,2026-08-30,2026-09-28,30,1.9038,2.4568,0.7577,0.0505
TR_121,TR,Agartala,IFS,rainfall_mm,72,2026-08-30,2026-09-28,30,1.8938,4.5231,0.9857,-1.0441
TR_121,TR,Agartala,IFS,temperature_c,72,2026-08-30,2026-09-28,30,1.0168,1.2128,0.6913,0.2034
TR_121,TR,Agartala,IFS,wind_speed_kmh,72,2026-08-30,2026-09-28,30,1.7635,2.2417,0.7692,0.3161
TR_122,TR,Dharmanagar,NCEP GFS,rainfall_mm,24,2026-08-30,2026-09-28,30,0.8277,2.5453,0.9845,0.3428
TR_122,TR,Dharmanagar,NCEP GFS,temperature_c,24,2026-08-30,2026-09-28,30,0.9966,1.2031,0.8032,0.2305
TR_122,TR,Dharmanagar,NCEP GFS,wind_speed_kmh,24,2026-08-30,2026-09-28,30,2.1559,2.4598,0.8056,0.4262
TR_122,TR,Dharmanagar,GFS ENSEMBLE,rainfall_mm,24,2026-08-30,2026-09-28,30,1.4052,4.1053,0.9488,-1.2328
TR_122,TR,Dharmanagar,GFS ENSEMBLE,temperature_c,24,2026-08-30,2026-09-28,30,0.7256,0.8687,0.8032,-0.1792
TR_122,TR,Dharmanagar,GFS ENSEMBLE,wind_speed_kmh,24,2026-08-30,2026-09-28,30,1.2394,1.6626,0.8758,0.2562
TR_122,TR,Dharmanagar,AIFS,rainfall_mm,24,2026-08-30,2026-09-28,30,0.73,1.7536,0.9921,-0.4698
TR_122,TR,Dharmanagar,AIFS,temperature_c,24,2026-08-30,2026-09-28,30,0.7119,0.8736,0.7592,-0.0585
TR_122,TR,Dharmanagar,AIFS,wind_speed_kmh,24,2026-08-30,2026-09-28,30,1.2291,1.5698,0.8707,0.1962
TR_122,TR,Dharmanagar,IFS,rainfall_mm,24,2026-08-30,2026-09-28,30,1.3153,3.7588,0.9371,-0.5108
TR_122,TR,Dharmanagar,IFS,temperature_c,24,2026-08-30,2026-09-28,30,0.6754,0.8844,0.7943,0.0298
TR_122,TR,Dharmanagar,IFS,wind_speed_kmh,24,2026-08-30,2026-09-28,30,1.4796,1.7863,0.8427,0.3132
TR_122,TR,Dharmanagar,NCEP GFS,rainfall_mm,48,2026-08-30,2026-09-28,30,0.7066,1.5075,0.9885,-0.1692
TR_122,TR,Dharmanagar,NCEP GFS,temperature_c,48,2026-08-30,2026-09-28,30,1.705,2.0515,0.6369,0.8748
TR_122,TR,Dharmanagar,NCEP GFS,wind_speed_kmh,48,2026-08-30,2026-09-28,30,2.1933,2.7836,0.8795,1.2945
TR_122,TR,Dharmanagar,GFS ENSEMBLE,rainfall_mm,48,2026-08-30,2026-09-28,30,1.1344,1.8857,0.9839,0.1468
TR_122,TR,Dharmanagar,GFS ENSEMBLE,temperature_c,48,2026-08-30,2026-09-28,30,0.8405,1.086,0.6662,-0.0358
TR_122,TR,Dharmanagar,GFS ENSEMBLE,wind_speed_kmh,48,2026-08-30,2026-09-28,30,1.7421,2.065,0.8134,0.1458
TR_122,TR,Dharmanagar,AIFS,rainfall_mm,48,2026-08-30,2026-09-28,30,1.2295,2.3121,0.972,0.1665
TR_122,TR,Dharmanagar,AIFS,temperature_c,48,2026-08-30,2026-09-28,30,0.9468,1.11,0.677,0.1398
TR_122,TR,Dharmanagar,AIFS,wind_speed_kmh,48,2026-08-30,2026-09-28,30,1.6654,1.924,0.8634,-0.4742
TR_122,TR,Dharmanagar,IFS,rainfall_mm,48,2026-08-30,2026-09-28,30,1.0037,1.6388,0.9872,0.3532
TR_122,TR,Dharmanagar,IFS,temperature_c,48,2026-08-30,2026-09-28,30,0.7833,0.9989,0.8195,-0.2958
TR_122,TR,Dharmanagar,IFS,wind_speed_kmh,48,2026-08-30,2026-09-28,30,1.5225,1.8506,0.8673,-0.0672
TR_122,TR,Dharmanagar,NCEP GFS,rainfall_mm,72,2026-08-30,2026-09-28,30,1.4542,2.7428,0.9692,-0.5675
TR_122,TR,Dharmanagar,NCEP GFS,temperature_c,72,2026-08-30,2026-09-28,30,1.7305,2.084,0.5713,0.9382
TR_122,TR,Dharmanagar,NCEP GFS,wind_speed_kmh,72,2026-08-30,2026-09-28,30,2.2893,2.8064,0.6252,0.5202
TR_122,TR,Dharmanagar,GFS ENSEMBLE,rainfall_mm,72,2026-08-30,2026-09-28,30,0.8923,1.7045,0.9882,-0.3978
TR_122,TR,Dharmanagar,GFS ENSEMBLE,temperature_c,72,2026-08-30,2026-09-28,30,1.1497,1.3976,0.6849,-0.1205
TR_122,TR,Dharmanagar,GFS ENSEMBLE,wind_speed_kmh,72,2026-08-30,2026-09-28,30,2.0712,2.8961,0.807,-0.3622
TR_122,TR,Dharmanagar,AIFS,rainfall_mm,72,2026-08-30,2026-09-28,30,0.9794,2.0824,0.9924,0.4615
TR_122,TR,Dharmanagar,AIFS,temperature_c,72,2026-08-30,2026-09-28,30,0.7249,1.1105,0.633,0.2988
TR_122,TR,Dharmanagar,AIFS,wind_speed_kmh,72,2026-08-30,2026-09-28,30,1.601,1.8764,0.8675,0.4405
TR_122,TR,Dharmanagar,IFS,rainfall_mm,72,2026-08-30,2026-09-28,30,0.7514,1.2384,0.9932,-0.2668
TR_122,TR,Dharmanagar,IFS,temperature_c,72,2026-08-30,2026-09-28,30,1.1142,1.4308,0.6788,0.2448
TR_122,TR,Dharmanagar,IFS,wind_speed_kmh,72,2026-08-30,2026-09-28,30,2.0231,2.5543,0.8343,-0.0232
TR_123,TR,Udaipur (Tripura),NCEP GFS,rainfall_mm,24,2026-08-30,2026-09-28,30,0.7999,1.8425,0.9651,-0.2215
TR_123,TR,Udaipur (Tripura),NCEP GFS,temperature_c,24,2026-08-30,2026-09-28,30,0.8997,1.13,0.6534,0.4457
TR_123,TR,Udaipur (Tripura),NCEP GFS,wind_speed_kmh,24,2026-08-30,2026-09-28,30,1.5748,2.0142,0.8081,0.1116
TR_123,TR,Udaipur (Tripura),GFS ENSEMBLE,rainfall_mm,24,2026-08-30,2026-09-28,30,0.9917,1.8451,0.9654,0.1599
TR_123,TR,Udaipur (Tripura),GFS ENSEMBLE,temperature_c,24,2026-08-30,2026-09-28,30,0.6729,0.8142,0.7619,-0.1443
TR_123,TR,Udaipur (Tripura),GFS ENSEMBLE,wind_speed_kmh,24,2026-08-30,2026-09-28,30,2.0314,2.5028,0.7997,0.4072
TR_123,TR,Udaipur (Tripura),AIFS,rainfall_mm,24,2026-08-30,2026-09-28,30,0.5447,1.3827,0.9848,-0.1128
TR_123,TR,Udaipur (Tripura),AIFS,temperature_c,24,2026-08-30,2026-09-28,30,0.6711,0.8538,0.7639,-0.1399
TR_123,TR,Udaipur (Tripura),AIFS,wind_speed_kmh,24,2026-08-30,2026-09-28,30,1.0465,1.4895,0.9118,-0.1584
TR_123,TR,Udaipur (Tripura),IFS,rainfall_mm,24,2026-08-30,2026-09-28,30,0.6982,1.4217,0.9934,0.5282
TR_123,TR,Udaipur (Tripura),IFS,temperature_c,24,2026-08-30,2026-09-28,30,0.7124,0.841,0.7865,0.0981
TR_123,TR,Udaipur (Tripura),IFS,wind_speed_kmh,24,2026-08-30,2026-09-28,30,1.3839,1.6439,0.8565,0.3212
TR_123,TR,Udaipur (Tripura),NCEP GFS,rainfall_mm,48,2026-08-30,2026-09-28,30,0.8021,1.785,0.9649,-0.1231
TR_123,TR,Udaipur (Tripura),NCEP GFS,temperature_c,48,2026-08-30,2026-09-28,30,1.5756,1.9867,0.4727,0.8937
TR_123,TR,Udaipur (Tripura),NCEP GFS,wind_speed_kmh,48,2026-08-30,2026-09-28,30,2.0698,2.4939,0.7762,0.4056
TR_123,TR,Udaipur (Tripura),GFS ENSEMBLE,rainfall_mm,48,2026-08-30,2026-09-28,30,0.7028,1.5576,0.9798,0.0639
TR_123,TR,Udaipur (Tripura),GFS ENSEMBLE,temperature_c,48,2026-08-30,2026-09-28,30,1.0134,1.1737,0.6659,0.2531
TR_123,TR,Udaipur (Tripura),GFS ENSEMBLE,wind_speed_kmh,48,2026-08-30,2026-09-28,30,1.6166,1.9504,0.8759,0.5049
TR_123,TR,Udaipur (Tripura),AIFS,rainfall_mm,48,2026-08-30,2026-09-28,30,0.7088,1.4623,0.9914,0.3105
TR_123,TR,Udaipur (Tripura),AIFS,temperature_c,48,2026-08-30,2026-09-28,30,0.7214,0.8795,0.7623,0.1331
TR_123,TR,Udaipur (Tripura),AIFS,wind_speed_kmh,48,2026-08-30,2026-09-28,30,1.5093,1.9329,0.8606,-0.1008
TR_123,TR,Udaipur (Tripura),IFS,rainfall_mm,48,2026-08-30,2026-09-28,30,0.8036,1.6771,0.97,0.0035
TR_123,TR,Udaipur (Tripura),IFS,temperature_c,48,2026-08-30,2026-09-28,30,0.9216,1.1232,0.8139,-0.2589
TR_123,TR,Udaipur (Tripura),IFS,wind_speed_kmh,48,2026-08-30,2026-09-28,30,1.913,2.2872,0.8013,-0.0728
TR_123,TR,Udaipur (Tripura),NCEP GFS,rainfall_mm,72,2026-08-30,2026-09-28,30,0.7885,1.4591,0.989,0.3102
TR_123,TR,Udaipur (Tripura),NCEP GFS,temperature_c,72,2026-08-30,2026-09-28,30,1.3742,1.6886,0.5816,0.3251
TR_123,TR,Udaipur (Tripura),NCEP GFS,wind_speed_kmh,72,2026-08-30,2026-09-28,30,2.1864,2.6801,0.8348,1.0579
TR_123,TR,Udaipur (Tripura),GFS ENSEMBLE,rainfall_mm,72,2026-08-30,2026-09-28,30,1.2619,3.2024,0.9212,-0.3905
TR_123,TR,Udaipur (Tripura),GFS ENSEMBLE,temperature_c,72,2026-08-30,2026-09-28,30,0.834,1.0086,0.7595,0.0054
TR_123,TR,Udaipur (Tripura),GFS ENSEMBLE,wind_speed_kmh,72,2026-08-30,2026-09-28,30,1.8377,2.1671,0.7647,0.1429
TR_123,TR,Udaipur (Tripura),AIFS,rainfall_mm,72,2026-08-30,2026-09-28,30,1.0913,2.1602,0.9553,0.0415
TR_123,TR,Udaipur (Tripura),AIFS,temperature_c,72,2026-08-30,2026-09-28,30,0.9463,1.251,0.7556,0.0574
TR_123,TR,Udaipur (Tripura),AIFS,wind_speed_kmh,72,2026-08-30,2026-09-28,30,1.3461,1.7631,0.8814,-0.5354
TR_123,TR,Udaipur (Tripura),IFS,rainfall_mm,72,2026-08-30,2026-09-28,30,1.2994,2.7281,0.9203,-0.0118
TR_123,TR,Udaipur (Tripura),IFS,temperature_c,72,2026-08-30,2026-09-28,30,1.1373,1.3848,0.6873,0.1227
TR_123,TR,Udaipur (Tripura),IFS,wind_speed_kmh,72,2026-08-30,2026-09-28,30,1.3864,1.7843,0.8475,-0.3524
TR_124,TR,Kailashahar,NCEP GFS,rainfall_mm,24,2026-08-30,2026-09-28,30,0.9622,1.7113,0.9503,-0.1515
TR_124,TR,Kailashahar,NCEP GFS,temperature_c,24,2026-08-30,2026-09-28,30,0.8718,1.1996,0.7501,0.363
TR_124,TR,Kailashahar,NCEP GFS,wind_speed_kmh,24,2026-08-30,2026-09-28,30,1.7853,2.0898,0.8124,0.7822
TR_124,TR,Kailashahar,GFS ENSEMBLE,rainfall_mm,24,2026-08-30,2026-09-28,30,0.5331,1.029,0.983,-0.1275
TR_124,TR,Kailashahar,GFS ENSEMBLE,temperature_c,24,2026-08-30,2026-09-28,30,0.7943,0.9613,0.8479,0.065
TR_124,TR,Kailashahar,GFS ENSEMBLE,wind_speed_kmh,24,2026-08-30,2026-09-28,30,1.1191,1.4419,0.8905,0.3126
TR_124,TR,Kailashahar,AIFS,rainfall_mm,24,2026-08-30,2026-09-28,30,0.5884,1.0911,0.9821,0.2642
TR_124,TR,Kailashahar,AIFS,temperature_c,24,2026-08-30,2026-09-28,30,0.7,0.8551,0.8162,-0.1004
TR_124,TR,Kailashahar,AIFS,wind_speed_kmh,24,2026-08-30,2026-09-28,30,1.1062,1.3656,0.9218,-0.2908
TR_124,TR,Kailashahar,IFS,rainfall_mm,24,2026-08-30,2026-09-28,30,0.654,1.1414,0.9829,0.2105
TR_124,TR,Kailashahar,IFS,temperature_c,24,2026-08-30,2026-09-28,30,0.6304,0.7788,0.8799,0.108
TR_124,TR,Kailashahar,IFS,wind_speed_kmh,24,2026-08-30,2026-09-28,30,1.0034,1.2366,0.9308,-0.1104
TR_124,TR,Kailashahar,NCEP GFS,rainfall_mm,48,2026-08-30,2026-09-28,30,1.1398,2.1357,0.9268,0.0062
TR_124,TR,Kailashahar,NCEP GFS,temperature_c,48,2026-08-30,2026-09-28,30,1.177,1.5068,0.636,0.7533
TR_124,TR,Kailashahar,NCEP GFS,wind_speed_kmh,48,2026-08-30,2026-09-28,30,2.4944,2.998,0.6954,0.6952
TR_124,TR,Kailashahar,GFS ENSEMBLE,rainfall_mm,48,2026-08-30,2026-09-28,30,0.9494,1.7319,0.9522,-0.3552
TR_124,TR,Kailashahar,GFS ENSEMBLE,temperature_c,48,2026-08-30,2026-09-28,30,0.653,0.8247,0.8822,0.083
TR_124,TR,Kailashahar,GFS ENSEMBLE,wind_speed_kmh,48,2026-08-30,2026-09-28,30,1.7755,2.2124,0.7169,0.0972
TR_124,TR,Kailashahar,AIFS,rainfall_mm,48,2026-08-30,2026-09-28,30,0.6873,1.2717,0.9818,0.3415
TR_124,TR,Kailashahar,AIFS,temperature_c,48,2026-08-30,2026-09-28,30,0.9204,1.0815,0.7857,0.0226
TR_124,TR,Kailashahar,AIFS,wind_speed_kmh,48,2026-08-30,2026-09-28,30,1.4869,1.8136,0.8608,-0.0941
TR_124,TR,Kailashahar,IFS,rainfall_mm,48,2026-08-30,2026-09-28,30,0.9174,1.6798,0.9604,0.0625
TR_124,TR,Kailashahar,IFS,temperature_c,48,2026-08-30,2026-09-28,30,0.8033,0.9799,0.7492,0.0836
TR_124,TR,Kailashahar,IFS,wind_speed_kmh,48,2026-08-30,2026-09-28,30,1.656,2.0054,0.7906,0.5962
TR_124,TR,Kailashahar,NCEP GFS,rainfall_mm,72,2026-08-30,2026-09-28,30,1.501,2.721,0.8796,-0.0248
TR_124,TR,Kailashahar,NCEP GFS,temperature_c,72,2026-08-30,2026-09-28,30,1.768,2.0415,0.6375,0.8483
TR_124,TR,Kailashahar,NCEP GFS,wind_speed_kmh,72,2026-08-30,2026-09-28,30,2.7922,3.2366,0.7324,0.9292
TR_124,TR,Kailashahar,GFS ENSEMBLE,rainfall_mm,72,2026-08-30,2026-09-28,30,1.0775,1.8046,0.9465,-0.3262
TR_124,TR,Kailashahar,GFS ENSEMBLE,temperature_c,72,2026-08-30,2026-09-28,30,0.9032,1.1624,0.7246,0.4016
TR_124,TR,Kailashahar,GFS ENSEMBLE,wind_speed_kmh,72,2026-08-30,2026-09-28,30,2.3571,2.765,0.6991,-0.0111
TR_124,TR,Kailashahar,AIFS,rainfall_mm,72,2026-08-30,2026-09-28,30,0.6445,1.1205,0.9789,0.0632
TR_124,TR,Kailashahar,AIFS,temperature_c,72,2026-08-30,2026-09-28,30,0.6621,0.8492,0.8769,0.3703
TR_124,TR,Kailashahar,AIFS,wind_speed_kmh,72,2026-08-30,2026-09-28,30,1.9804,2.5174,0.8331,-0.6561
TR_124,TR,Kailashahar,IFS,rainfall_mm,72,2026-08-30,2026-09-28,30,1.0333,1.8546,0.9592,0.1582
TR_124,TR,Kailashahar,IFS,temperature_c,72,2026-08-30,2026-09-28,30,0.769,0.9783,0.7556,-0.114
TR_124,TR,Kailashahar,IFS,wind_speed_kmh,72,2026-08-30,2026-09-28,30,2.1652,2.64,0.7601,-0.0584
TR_125,TR,Belonia,NCEP GFS,rainfall_mm,24,2026-08-30,2026-09-28,30,0.8592,1.4361,0.9737,-0.3209
TR_125,TR,Belonia,NCEP GFS,temperature_c,24,2026-08-30,2026-09-28,30,1.0536,1.2716,0.7433,0.1745
TR_125,TR,Belonia,NCEP GFS,wind_speed_kmh,24,2026-08-30,2026-09-28,30,1.4777,1.8781,0.7697,-0.1832
TR_125,TR,Belonia,GFS ENSEMBLE,rainfall_mm,24,2026-08-30,2026-09-28,30,0.9184,1.687,0.9658,-0.5599
TR_125,TR,Belonia,GFS ENSEMBLE,temperature_c,24,2026-08-30,2026-09-28,30,0.7411,0.8911,0.7225,-0.0642
TR_125,TR,Belonia,GFS ENSEMBLE,wind_speed_kmh,24,2026-08-30,2026-09-28,30,1.2808,1.659,0.8484,0.3135
TR_125,TR,Belonia,AIFS,rainfall_mm,24,2026-08-30,2026-09-28,30,0.6198,1.0227,0.9857,0.0841
TR_125,TR,Belonia,AIFS,temperature_c,24,2026-08-30,2026-09-28,30,0.7341,0.8905,0.8213,-0.1938
TR_125,TR,Belonia,AIFS,wind_speed_kmh,24,2026-08-30,2026-09-28,30,1.1284,1.4847,0.8875,-0.4162
TR_125,TR,Belonia,IFS,rainfall_mm,24,2026-08-30,2026-09-28,30,0.8202,1.4687,0.9851,0.5434
TR_125,TR,Belonia,IFS,temperature_c,24,2026-08-30,2026-09-28,30,0.6289,0.7518,0.7777,-0.0412
TR_125,TR,Belonia,IFS,wind_speed_kmh,24,2026-08-30,2026-09-28,30,1.338,1.6773,0.8818,-0.0119
TR_125,TR,Belonia,NCEP GFS,rainfall_mm,48,2026-08-30,2026-09-28,30,1.4274,2.5463,0.9276,0.6791
TR_125,TR,Belonia,NCEP GFS,temperature_c,48,2026-08-30,2026-09-28,30,0.9622,1.1998,0.7398,0.1918
TR_125,TR,Belonia,NCEP GFS,wind_speed_kmh,48,2026-08-30,2026-09-28,30,2.345,2.8305,0.7081,0.5158
TR_125,TR,Belonia,GFS ENSEMBLE,rainfall_mm,48,2026-08-30,2026-09-28,30,1.0423,1.6469,0.9625,-0.1289
TR_125,TR,Belonia,GFS ENSEMBLE,temperature_c,48,2026-08-30,2026-09-28,30,0.9031,1.1268,0.6555,0.0868
TR_125,TR,Belonia,GFS ENSEMBLE,wind_speed_kmh,48,2026-08-30,2026-09-28,30,1.8667,2.1849,0.834,0.1068
TR_125,TR,Belonia,AIFS,rainfall_mm,48,2026-08-30,2026-09-28,30,0.9737,1.5355,0.9684,-0.1949
TR_125,TR,Belonia,AIFS,temperature_c,48,2026-08-30,2026-09-28,30,0.7525,0.9392,0.7927,-0.3005
TR_125,TR,Belonia,AIFS,wind_speed_kmh,48,2026-08-30,2026-09-28,30,1.2946,1.7119,0.8093,-0.0029
TR_125,TR,Belonia,IFS,rainfall_mm,48,2026-08-30,2026-09-28,30,0.9518,1.7881,0.9606,-0.4929
TR_125,TR,Belonia,IFS,temperature_c,48,2026-08-30,2026-09-28,30,0.8908,1.025,0.6197,0.3515
TR_125,TR,Belonia,IFS,wind_speed_kmh,48,2026-08-30,2026-09-28,30,1.8297,2.3384,0.7682,0.8758
TR_125,TR,Belonia,NCEP GFS,rainfall_mm,72,2026-08-30,2026-09-28,30,1.1014,1.9207,0.9572,-0.7196
TR_125,TR,Belonia,NCEP GFS,temperature_c,72,2026-08-30,2026-09-28,30,1.5195,1.7885,0.4351,0.8575
TR_125,TR,Belonia,NCEP GFS,wind_speed_kmh,72,2026-08-30,2026-09-28,30,2.6599,3.3041,0.6782,1.5208
TR_125,TR,Belonia,GFS ENSEMBLE,rainfall_mm,72,2026-08-30,2026-09-28,30,1.4886,2.4882,0.9153,-0.3733
TR_125,TR,Belonia,GFS ENSEMBLE,temperature_c,72,2026-08-30,2026-09-28,30,0.9981,1.2584,0.5174,-0.1515
TR_125,TR,Belonia,GFS ENSEMBLE,wind_speed_kmh,72,2026-08-30,2026-09-28,30,1.5998,2.2099,0.8024,0.9068
TR_125,TR,Belonia,AIFS,rainfall_mm,72,2026-08-30,2026-09-28,30,1.2344,2.4206,0.9235,-0.3483
TR_125,TR,Belonia,AIFS,temperature_c,72,2026-08-30,2026-09-28,30,0.7923,1.015,0.8434,0.0445
TR_125,TR,Belonia,AIFS,wind_speed_kmh,72,2026-08-30,2026-09-28,30,2.0092,2.4881,0.8395,0.3515
TR_125,TR,Belonia,IFS,rainfall_mm,72,2026-08-30,2026-09-28,30,1.1729,2.1237,0.9391,-0.3019
TR_125,TR,Belonia,IFS,temperature_c,72,2026-08-30,2026-09-28,30,1.1624,1.4513,0.6216,-0.0078
TR_125,TR,Belonia,IFS,wind_speed_kmh,72,2026-08-30,2026-09-28,30,2.0336,2.4762,0.7308,-0.5715
UP_126,UP,Lucknow,NCEP GFS,rainfall_mm,24,2026-08-30,2026-09-28,30,1.4163,3.7568,0.9912,-0.9294
UP_126,UP,Lucknow,NCEP GFS,temperature_c,24,2026-08-30,2026-09-28,30,0.8282,1.1327,0.7464,-0.1137
UP_126,UP,Lucknow,NCEP GFS,wind_speed_kmh,24,2026-08-30,2026-09-28,30,1.9028,2.4174,0.8049,0.6105
UP_126,UP,Lucknow,GFS ENSEMBLE,rainfall_mm,24,2026-08-30,2026-09-28,30,1.3595,3.0863,0.9848,0.1149
UP_126,UP,Lucknow,GFS ENSEMBLE,temperature_c,24,2026-08-30,2026-09-28,30,0.7425,0.9433,0.8254,0.1243
UP_126,UP,Lucknow,GFS ENSEMBLE,wind_speed_kmh,24,2026-08-30,2026-09-28,30,1.374,1.8656,0.8512,0.5995
UP_126,UP,Lucknow,AIFS,rainfall_mm,24,2026-08-30,2026-09-28,30,1.1607,2.6341,0.9916,-0.2734
UP_126,UP,Lucknow,AIFS,temperature_c,24,2026-08-30,2026-09-28,30,0.6743,0.8377,0.8748,0.027
UP_126,UP,Lucknow,AIFS,wind_speed_kmh,24,2026-08-30,2026-09-28,30,1.2198,1.502,0.9085,-0.4565
UP_126,UP,Lucknow,IFS,rainfall_mm,24,2026-08-30,2026-09-28,30,0.7019,1.3821,0.9961,-0.2744
UP_126,UP,Lucknow,IFS,temperature_c,24,2026-08-30,2026-09-28,30,0.6385,0.7813,0.8692,0.1426
UP_126,UP,Lucknow,IFS,wind_speed_kmh,24,2026-08-30,2026-09-28,30,1.3101,1.5631,0.9214,0.4792
UP_126,UP,Lucknow,NCEP GFS,rainfall_mm,48,2026-08-30,2026-09-28,30,2.3751,6.2744,0.9499,-1.1141
UP_126,UP,Lucknow,NCEP GFS,temperature_c,48,2026-08-30,2026-09-28,30,1.0116,1.2948,0.6972,0.1633
UP_126,UP,Lucknow,NCEP GFS,wind_speed_kmh,48,2026-08-30,2026-09-28,30,2.722,3.3404,0.7422,0.7009
UP_126,UP,Lucknow,GFS ENSEMBLE,rainfall_mm,48,2026-08-30,2026-09-28,30,1.8966,6.5536,0.9619,-1.5341
UP_126,UP,Lucknow,GFS ENSEMBLE,temperature_c,48,2026-08-30,2026-09-28,30,1.0078,1.2897,0.6417,0.579
UP_126,UP,Lucknow,GFS ENSEMBLE,wind_speed_kmh,48,2026-08-30,2026-09-28,30,1.9465,2.4908,0.8384,-0.3631
UP_126,UP,Lucknow,AIFS,rainfall_mm,48,2026-08-30,2026-09-28,30,1.3605,3.7601,0.9875,-0.7598
UP_126,UP,Lucknow,AIFS,temperature_c,48,2026-08-30,2026-09-28,30,0.5728,0.7621,0.8228,0.159
UP_126,UP,Lucknow,AIFS,wind_speed_kmh,48,2026-08-30,2026-09-28,30,1.1671,1.4777,0.9027,-0.1768
UP_126,UP,Lucknow,IFS,rainfall_mm,48,2026-08-30,2026-09-28,30,1.3125,3.6836,0.9953,0.7692
UP_126,UP,Lucknow,IFS,temperature_c,48,2026-08-30,2026-09-28,30,0.7379,0.992,0.7653,0.3313
UP_126,UP,Lucknow,IFS,wind_speed_kmh,48,2026-08-30,2026-09-28,30,1.7264,2.3221,0.7928,0.1272
UP_126,UP,Lucknow,NCEP GFS,rainfall_mm,72,2026-08-30,2026-09-28,30,3.4336,8.844,0.9343,-2.4818
UP_126,UP,Lucknow,NCEP GFS,temperature_c,72,2026-08-30,2026-09-28,30,1.3468,1.6534,0.7376,0.7303
UP_126,UP,Lucknow,NCEP GFS,wind_speed_kmh,72,2026-08-30,2026-09-28,30,3.0076,3.7319,0.6846,1.9419
UP_126,UP,Lucknow,GFS ENSEMBLE,rainfall_mm,72,2026-08-30,2026-09-28,30,1.6094,2.9681,0.9839,-0.2528
UP_126,UP,Lucknow,GFS ENSEMBLE,temperature_c,72,2026-08-30,2026-09-28,30,1.0616,1.2861,0.7215,-0.073
UP_126,UP,Lucknow,GFS ENSEMBLE,wind_speed_kmh,72,2026-08-30,2026-09-28,30,1.4928,1.9022,0.8869,0.8629
UP_126,UP,Lucknow,AIFS,rainfall_mm,72,2026-08-30,2026-09-28,30,1.5754,3.7426,0.9882,-0.7438
UP_126,UP,Lucknow,AIFS,temperature_c,72,2026-08-30,2026-09-28,30,0.8551,1.08,0.7027,-0.0654
UP_126,UP,Lucknow,AIFS,wind_speed_kmh,72,2026-08-30,2026-09-28,30,1.8182,2.1847,0.7866,0.0112
UP_126,UP,Lucknow,IFS,rainfall_mm,72,2026-08-30,2026-09-28,30,1.3028,3.3698,0.9969,-1.2134
UP_126,UP,Lucknow,IFS,temperature_c,72,2026-08-30,2026-09-28,30,0.9041,1.0936,0.8257,-0.4504
UP_126,UP,Lucknow,IFS,wind_speed_kmh,72,2026-08-30,2026-09-28,30,1.5601,1.973,0.8485,0.3572
UP_127,UP,Kanpur,NCEP GFS,rainfall_mm,24,2026-08-30,2026-09-28,30,0.6465,1.3059,0.9461,-0.1018
UP_127,UP,Kanpur,NCEP GFS,temperature_c,24,2026-08-30,2026-09-28,30,0.74,0.9676,0.8531,0.3934
UP_127,UP,Kanpur,NCEP GFS,wind_speed_kmh,24,2026-08-30,2026-09-28,30,1.5123,1.9503,0.7702,-0.113
UP_127,UP,Kanpur,GFS ENSEMBLE,rainfall_mm,24,2026-08-30,2026-09-28,30,0.6281,0.9467,0.9721,-0.1458
UP_127,UP,Kanpur,GFS ENSEMBLE,temperature_c,24,2026-08-30,2026-09-28,30,0.8023,1.0459,0.7041,0.1418
UP_127,UP,Kanpur,GFS ENSEMBLE,wind_speed_kmh,24,2026-08-30,2026-09-28,30,1.4352,1.717,0.8384,0.5443
UP_127,UP,Kanpur,AIFS,rainfall_mm,24,2026-08-30,2026-09-28,30,0.4459,0.848,0.9839,0.2082
UP_127,UP,Kanpur,AIFS,temperature_c,24,2026-08-30,2026-09-28,30,0.703,0.9336,0.825,-0.4772
UP_127,UP,Kanpur,AIFS,wind_speed_kmh,24,2026-08-30,2026-09-28,30,1.1568,1.506,0.9199,-0.676
UP_127,UP,Kanpur,IFS,rainfall_mm,24,2026-08-30,2026-09-28,30,0.3662,0.5427,0.9912,0.0889
UP_127,UP,Kanpur,IFS,temperature_c,24,2026-08-30,2026-09-28,30,0.6063,0.7618,0.8189,0.0284
UP_127,UP,Kanpur,IFS,wind_speed_kmh,24,2026-08-30,2026-09-28,30,1.195,1.5795,0.8609,0.3357
UP_127,UP,Kanpur,NCEP GFS,rainfall_mm,48,2026-08-30,2026-09-28,30,0.9347,1.7267,0.9047,-0.3184
UP_127,UP,Kanpur,NCEP GFS,temperature_c,48,2026-08-30,2026-09-28,30,1.1029,1.2835,0.8164,0.6341
UP_127,UP,Kanpur,NCEP GFS,wind_speed_kmh,48,2026-08-30,2026-09-28,30,2.9208,3.2571,0.5265,0.8033
UP_127,UP,Kanpur,GFS ENSEMBLE,rainfall_mm,48,2026-08-30,2026-09-28,30,0.7819,1.4376,0.9405,-0.2694
UP_127,UP,Kanpur,GFS ENSEMBLE,temperature_c,48,2026-08-30,2026-09-28,30,0.9124,1.1863,0.7841,0.1234
UP_127,UP,Kanpur,GFS ENSEMBLE,wind_speed_kmh,48,2026-08-30,2026-09-28,30,1.9749,2.287,0.8067,0.406
UP_127,UP,Kanpur,AIFS,rainfall_mm,48,2026-08-30,2026-09-28,30,0.9358,1.7169,0.9091,-0.0244
UP_127,UP,Kanpur,AIFS,temperature_c,48,2026-08-30,2026-09-28,30,0.7524,0.8919,0.8034,-0.0029
UP_127,UP,Kanpur,AIFS,wind_speed_kmh,48,2026-08-30,2026-09-28,30,1.4216,1.7221,0.8783,-0.053
UP_127,UP,Kanpur,IFS,rainfall_mm,48,2026-08-30,2026-09-28,30,0.5485,0.8658,0.9776,-0.0108
UP_127,UP,Kanpur,IFS,temperature_c,48,2026-08-30,2026-09-28,30,0.7919,0.951,0.7975,-0.0499
UP_127,UP,Kanpur,IFS,wind_speed_kmh,48,2026-08-30,2026-09-28,30,1.5284,1.881,0.8783,0.0327
UP_127,UP,Kanpur,NCEP GFS,rainfall_mm,72,2026-08-30,2026-09-28,30,1.1346,1.9055,0.8814,-0.3091
UP_127,UP,Kanpur,NCEP GFS,temperature_c,72,2026-08-30,2026-09-28,30,1.289,1.4885,0.5239,0.0534
UP_127,UP,Kanpur,NCEP GFS,wind_speed_kmh,72,2026-08-30,2026-09-28,30,2.4233,3.3808,0.7411,1.4177
UP_127,UP,Kanpur,GFS ENSEMBLE,rainfall_mm,72,2026-08-30,2026-09-28,30,0.8393,1.3784,0.9385,-0.1054
UP_127,UP,Kanpur,GFS ENSEMBLE,temperature_c,72,2026-08-30,2026-09-28,30,1.0225,1.3046,0.8054,0.5071
UP_127,UP,Kanpur,GFS ENSEMBLE,wind_speed_kmh,72,2026-08-30,2026-09-28,30,1.5387,1.9614,0.8259,-0.3447
UP_127,UP,Kanpur,AIFS,rainfall_mm,72,2026-08-30,2026-09-28,30,0.6568,1.16,0.9605,-0.2851
UP_127,UP,Kanpur,AIFS,temperature_c,72,2026-08-30,2026-09-28,30,0.9389,1.2798,0.622,0.1801
UP_127,UP,Kanpur,AIFS,wind_speed_kmh,72,2026-08-30,2026-09-28,30,1.4773,1.8508,0.86,0.2193
UP_127,UP,Kanpur,IFS,rainfall_mm,72,2026-08-30,2026-09-28,30,0.8628,1.5468,0.9455,0.6006
UP_127,UP,Kanpur,IFS,temperature_c,72,2026-08-30,2026-09-28,30,1.1205,1.3707,0.5381,0.2641
UP_127,UP,Kanpur,IFS,wind_speed_kmh,72,2026-08-30,2026-09-28,30,2.1019,2.4772,0.6932,0.0197
UP_128,UP,Varanasi,NCEP GFS,rainfall_mm,24,2026-08-30,2026-09-28,30,0.568,0.8674,0.9724,-0.0412
UP_128,UP,Varanasi,NCEP GFS,temperature_c,24,2026-08-30,2026-09-28,30,0.955,1.2337,0.5877,0.5325
UP_128,UP,Varanasi,NCEP GFS,wind_speed_kmh,24,2026-08-30,2026-09-28,30,1.65,2.204,0.8716,0.8003
UP_128,UP,Varanasi,GFS ENSEMBLE,rainfall_mm,24,2026-08-30,2026-09-28,30,0.5846,1.0144,0.9662,-0.2818
UP_128,UP,Varanasi,GFS ENSEMBLE,temperature_c,24,2026-08-30,2026-09-28,30,0.6738,0.7925,0.8174,0.3251
UP_128,UP,Varanasi,GFS ENSEMBLE,wind_speed_kmh,24,2026-08-30,2026-09-28,30,1.2871,1.7403,0.8745,0.2507
UP_128,UP,Varanasi,AIFS,rainfall_mm,24,2026-08-30,2026-09-28,30,0.3703,0.5945,0.987,-0.0788
UP_128,UP,Varanasi,AIFS,temperature_c,24,2026-08-30,2026-09-28,30,0.8231,1.006,0.6748,-0.0202
UP_128,UP,Varanasi,AIFS,wind_speed_kmh,24,2026-08-30,2026-09-28,30,1.4818,1.8557,0.8939,-0.4247
UP_128,UP,Varanasi,IFS,rainfall_mm,24,2026-08-30,2026-09-28,30,0.5137,0.8738,0.9718,-0.1115
UP_128,UP,Varanasi,IFS,temperature_c,24,2026-08-30,2026-09-28,30,0.6194,0.7374,0.7652,-0.2149
UP_128,UP,Varanasi,IFS,wind_speed_kmh,24,2026-08-30,2026-09-28,30,1.1156,1.3053,0.9299,-0.0727
UP_128,UP,Varanasi,NCEP GFS,rainfall_mm,48,2026-08-30,2026-09-28,30,0.9267,1.7027,0.9262,0.2242
UP_128,UP,Varanasi,NCEP GFS,temperature_c,48,2026-08-30,2026-09-28,30,1.407,1.6944,0.6094,0.3585
UP_128,UP,Varanasi,NCEP GFS,wind_speed_kmh,48,2026-08-30,2026-09-28,30,2.243,3.0218,0.724,0.3693
UP_128,UP,Varanasi,GFS ENSEMBLE,rainfall_mm,48,2026-08-30,2026-09-28,30,0.7068,1.1878,0.9512,-0.0578
UP_128,UP,Varanasi,GFS ENSEMBLE,temperature_c,48,2026-08-30,2026-09-28,30,0.7784,1.0018,0.6597,-0.0929
UP_128,UP,Varanasi,GFS ENSEMBLE,wind_speed_kmh,48,2026-08-30,2026-09-28,30,1.5941,2.0339,0.8985,0.2737
UP_128,UP,Varanasi,AIFS,rainfall_mm,48,2026-08-30,2026-09-28,30,0.8509,1.4764,0.9259,0.2212
UP_128,UP,Varanasi,AIFS,temperature_c,48,2026-08-30,2026-09-28,30,0.856,1.099,0.6315,0.0948
UP_128,UP,Varanasi,AIFS,wind_speed_kmh,48,2026-08-30,2026-09-28,30,1.4588,1.9586,0.846,-0.1533
UP_128,UP,Varanasi,IFS,rainfall_mm,48,2026-08-30,2026-09-28,30,0.6193,1.0902,0.9644,-0.3828
UP_128,UP,Varanasi,IFS,temperature_c,48,2026-08-30,2026-09-28,30,0.8696,1.0524,0.681,0.0091
UP_128,UP,Varanasi,IFS,wind_speed_kmh,48,2026-08-30,2026-09-28,30,1.4842,1.9732,0.8477,0.4543
UP_128,UP,Varanasi,NCEP GFS,rainfall_mm,72,2026-08-30,2026-09-28,30,1.2853,2.1661,0.8093,-0.1985
UP_128,UP,Varanasi,NCEP GFS,temperature_c,72,2026-08-30,2026-09-28,30,1.1362,1.5433,0.4323,0.5361
UP_128,UP,Varanasi,NCEP GFS,wind_speed_kmh,72,2026-08-30,2026-09-28,30,2.4933,3.1352,0.7473,1.0827
UP_128,UP,Varanasi,GFS ENSEMBLE,rainfall_mm,72,2026-08-30,2026-09-28,30,0.5281,0.9067,0.9691,-0.0448
UP_128,UP,Varanasi,GFS ENSEMBLE,temperature_c,72,2026-08-30,2026-09-28,30,1.1395,1.3788,0.4992,0.1588
UP_128,UP,Varanasi,GFS ENSEMBLE,wind_speed_kmh,72,2026-08-30,2026-09-28,30,1.833,2.4111,0.8364,0.1657
UP_128,UP,Varanasi,AIFS,rainfall_mm,72,2026-08-30,2026-09-28,30,0.7329,1.5262,0.9532,0.1682
UP_128,UP,Varanasi,AIFS,temperature_c,72,2026-08-30,2026-09-28,30,0.7873,1.0305,0.7286,0.2888
UP_128,UP,Varanasi,AIFS,wind_speed_kmh,72,2026-08-30,2026-09-28,30,1.6375,1.9198,0.8705,-0.4947
UP_128,UP,Varanasi,IFS,rainfall_mm,72,2026-08-30,2026-09-28,30,1.128,1.7998,0.8934,0.3968
UP_128,UP,Varanasi,IFS,temperature_c,72,2026-08-30,2026-09-28,30,0.7937,0.9472,0.7825,0.1338
UP_128,UP,Varanasi,IFS,wind_speed_kmh,72,2026-08-30,2026-09-28,30,1.5797,2.0968,0.8633,0.5113
UP_129,UP,Agra,NCEP GFS,rainfall_mm,24,2026-08-30,2026-09-28,30,0.482,0.9655,0.9919,0.0725
UP_129,UP,Agra,NCEP GFS,temperature_c,24,2026-08-30,2026-09-28,30,0.9251,1.2023,0.764,0.1479
UP_129,UP,Agra,NCEP GFS,wind_speed_kmh,24,2026-08-30,2026-09-28,30,1.8099,2.261,0.8509,-0.0106
UP_129,UP,Agra,GFS ENSEMBLE,rainfall_mm,24,2026-08-30,2026-09-28,30,0.8911,2.4823,0.9552,-0.3315
UP_129,UP,Agra,GFS ENSEMBLE,temperature_c,24,2026-08-30,2026-09-28,30,0.7793,1.0411,0.7807,0.3735
UP_129,UP,Agra,GFS ENSEMBLE,wind_speed_kmh,24,2026-08-30,2026-09-28,30,1.4333,1.7863,0.8963,0.1727
UP_129,UP,Agra,AIFS,rainfall_mm,24,2026-08-30,2026-09-28,30,0.7489,1.5196,0.9796,0.3069
UP_129,UP,Agra,AIFS,temperature_c,24,2026-08-30,2026-09-28,30,0.6708,0.8556,0.8836,-0.0755
UP_129,UP,Agra,AIFS,wind_speed_kmh,24,2026-08-30,2026-09-28,30,1.3285,1.5097,0.9325,0.2611
UP_129,UP,Agra,IFS,rainfall_mm,24,2026-08-30,2026-09-28,30,0.6317,1.0991,0.9885,-0.1808
UP_129,UP,Agra,IFS,temperature_c,24,2026-08-30,2026-09-28,30,0.7088,0.8779,0.8165,-0.0555
UP_129,UP,Agra,IFS,wind_speed_kmh,24,2026-08-30,2026-09-28,30,1.2489,1.5581,0.9132,0.0944
UP_129,UP,Agra,NCEP GFS,rainfall_mm,48,2026-08-30,2026-09-28,30,1.0643,2.9243,0.9365,-0.7358
UP_129,UP,Agra,NCEP GFS,temperature_c,48,2026-08-30,2026-09-28,30,1.3822,1.6118,0.6715,0.7979
UP_129,UP,Agra,NCEP GFS,wind_speed_kmh,48,2026-08-30,2026-09-28,30,2.3733,2.8844,0.7175,-0.0189
UP_129,UP,Agra,GFS ENSEMBLE,rainfall_mm,48,2026-08-30,2026-09-28,30,0.8401,1.7079,0.9754,0.0119
UP_129,UP,Agra,GFS ENSEMBLE,temperature_c,48,2026-08-30,2026-09-28,30,0.8458,1.0596,0.7849,0.1512
UP_129,UP,Agra,GFS ENSEMBLE,wind_speed_kmh,48,2026-08-30,2026-09-28,30,1.3888,1.8172,0.8927,0.5591
UP_129,UP,Agra,AIFS,rainfall_mm,48,2026-08-30,2026-09-28,30,0.9356,1.6764,0.9741,0.1719
UP_129,UP,Agra,AIFS,temperature_c,48,2026-08-30,2026-09-28,30,0.7348,0.9178,0.8264,0.2222
UP_129,UP,Agra,AIFS,wind_speed_kmh,48,2026-08-30,2026-09-28,30,1.6035,1.9611,0.8384,-0.1123
UP_129,UP,Agra,IFS,rainfall_mm,48,2026-08-30,2026-09-28,30,0.7803,1.8678,0.9728,-0.2935
UP_129,UP,Agra,IFS,temperature_c,48,2026-08-30,2026-09-28,30,0.9168,1.1555,0.7162,0.0325
UP_129,UP,Agra,IFS,wind_speed_kmh,48,2026-08-30,2026-09-28,30,2.0772,2.4826,0.8562,0.9024
UP_129,UP,Agra,NCEP GFS,rainfall_mm,72,2026-08-30,2026-09-28,30,1.344,3.6226,0.8863,-0.6965
UP_129,UP,Agra,NCEP GFS,temperature_c,72,2026-08-30,2026-09-28,30,1.1496,1.3755,0.6088,0.3532
UP_129,UP,Agra,NCEP GFS,wind_speed_kmh,72,2026-08-30,2026-09-28,30,2.269,2.8755,0.8306,0.9407
UP_129,UP,Agra,GFS ENSEMBLE,rainfall_mm,72,2026-08-30,2026-09-28,30,0.8152,1.5607,0.9746,0.0335
UP_129,UP,Agra,GFS ENSEMBLE,temperature_c,72,2026-08-30,2026-09-28,30,0.9536,1.0991,0.8599,0.1479
UP_129,UP,Agra,GFS ENSEMBLE,wind_speed_kmh,72,2026-08-30,2026-09-28,30,2.0608,2.485,0.8091,0.5441
UP_129,UP,Agra,AIFS,rainfall_mm,72,2026-08-30,2026-09-28,30,0.9956,1.7985,0.9673,0.2432
UP_129,UP,Agra,AIFS,temperature_c,72,2026-08-30,2026-09-28,30,1.0656,1.2322,0.7816,-0.2491
UP_129,UP,Agra,AIFS,wind_speed_kmh,72,2026-08-30,2026-09-28,30,1.5644,1.8005,0.8786,-0.4106
UP_129,UP,Agra,IFS,rainfall_mm,72,2026-08-30,2026-09-28,30,1.1638,1.7168,0.9713,0.1669
UP_129,UP,Agra,IFS,temperature_c,72,2026-08-30,2026-09-28,30,0.8447,1.0752,0.7488,0.2889
UP_129,UP,Agra,IFS,wind_speed_kmh,72,2026-08-30,2026-09-28,30,1.8783,2.2343,0.7983,0.4257
UP_130,UP,Prayagraj,NCEP GFS,rainfall_mm,24,2026-08-30,2026-09-28,30,0.8495,1.4364,0.9816,-0.2765
UP_130,UP,Prayagraj,NCEP GFS,temperature_c,24,2026-08-30,2026-09-28,30,1.0347,1.2572,0.644,0.1159
UP_130,UP,Prayagraj,NCEP GFS,wind_speed_kmh,24,2026-08-30,2026-09-28,30,2.2014,2.7082,0.7744,0.0828
UP_130,UP,Prayagraj,GFS ENSEMBLE,rainfall_mm,24,2026-08-30,2026-09-28,30,0.72,1.8109,0.9695,-0.3945
UP_130,UP,Prayagraj,GFS ENSEMBLE,temperature_c,24,2026-08-30,2026-09-28,30,0.724,0.9114,0.7091,0.0099
UP_130,UP,Prayagraj,GFS ENSEMBLE,wind_speed_kmh,24,2026-08-30,2026-09-28,30,1.1911,1.5146,0.9045,0.6984
UP_130,UP,Prayagraj,AIFS,rainfall_mm,24,2026-08-30,2026-09-28,30,0.7114,1.9651,0.985,0.1528
UP_130,UP,Prayagraj,AIFS,temperature_c,24,2026-08-30,2026-09-28,30,0.7554,0.8892,0.8205,-0.2835
UP_130,UP,Prayagraj,AIFS,wind_speed_kmh,24,2026-08-30,2026-09-28,30,1.3285,1.558,0.9256,-0.0639
UP_130,UP,Prayagraj,IFS,rainfall_mm,24,2026-08-30,2026-09-28,30,1.5485,2.6603,0.9391,0.4418
UP_130,UP,Prayagraj,IFS,temperature_c,24,2026-08-30,2026-09-28,30,0.8097,1.0656,0.6453,0.2792
UP_130,UP,Prayagraj,IFS,wind_speed_kmh,24,2026-08-30,2026-09-28,30,1.0759,1.4014,0.9071,0.3794
UP_130,UP,Prayagraj,NCEP GFS,rainfall_mm,48,2026-08-30,2026-09-28,30,1.2145,2.1192,0.9563,-0.1645
UP_130,UP,Prayagraj,NCEP GFS,temperature_c,48,2026-08-30,2026-09-28,30,1.0578,1.4221,0.6202,0.5645
UP_130,UP,Prayagraj,NCEP GFS,wind_speed_kmh,48,2026-08-30,2026-09-28,30,2.5564,3.211,0.7364,0.3094
UP_130,UP,Prayagraj,GFS ENSEMBLE,rainfall_mm,48,2026-08-30,2026-09-28,30,0.6211,1.1475,0.9912,-0.0838
UP_130,UP,Prayagraj,GFS ENSEMBLE,temperature_c,48,2026-08-30,2026-09-28,30,0.858,1.0906,0.7367,0.1435
UP_130,UP,Prayagraj,GFS ENSEMBLE,wind_speed_kmh,48,2026-08-30,2026-09-28,30,1.849,2.2639,0.8628,1.4218
UP_130,UP,Prayagraj,AIFS,rainfall_mm,48,2026-08-30,2026-09-28,30,0.9455,1.6652,0.9785,-0.2572
UP_130,UP,Prayagraj,AIFS,temperature_c,48,2026-08-30,2026-09-28,30,0.5474,0.6795,0.8142,-0.1238
UP_130,UP,Prayagraj,AIFS,wind_speed_kmh,48,2026-08-30,2026-09-28,30,1.1572,1.4543,0.9202,0.0491
UP_130,UP,Prayagraj,IFS,rainfall_mm,48,2026-08-30,2026-09-28,30,1.3346,2.3485,0.9841,1.2962
UP_130,UP,Prayagraj,IFS,temperature_c,48,2026-08-30,2026-09-28,30,0.7371,0.9024,0.743,0.0642
UP_130,UP,Prayagraj,IFS,wind_speed_kmh,48,2026-08-30,2026-09-28,30,1.5231,2.0192,0.8699,-0.1199
UP_130,UP,Prayagraj,NCEP GFS,rainfall_mm,72,2026-08-30,2026-09-28,30,1.4334,2.5056,0.9382,0.0488
UP_130,UP,Prayagraj,NCEP GFS,temperature_c,72,2026-08-30,2026-09-28,30,1.4926,1.6919,0.5253,0.1975
UP_130,UP,Prayagraj,NCEP GFS,wind_speed_kmh,72,2026-08-30,2026-09-28,30,2.7999,3.3476,0.6923,0.5084
UP_130,UP,Prayagraj,GFS ENSEMBLE,rainfall_mm,72,2026-08-30,2026-09-28,30,1.3326,2.5704,0.9517,-0.7008
UP_130,UP,Prayagraj,GFS ENSEMBLE,temperature_c,72,2026-08-30,2026-09-28,30,0.8464,1.068,0.7392,-0.0938
UP_130,UP,Prayagraj,GFS ENSEMBLE,wind_speed_kmh,72,2026-08-30,2026-09-28,30,1.5294,1.9772,0.8919,0.3884
UP_130,UP,Prayagraj,AIFS,rainfall_mm,72,2026-08-30,2026-09-28,30,0.7205,1.2866,0.9855,-0.0905
UP_130,UP,Prayagraj,AIFS,temperature_c,72,2026-08-30,2026-09-28,30,0.7954,0.9498,0.7673,-0.2701
UP_130,UP,Prayagraj,AIFS,wind_speed_kmh,72,2026-08-30,2026-09-28,30,1.5884,2.1685,0.8167,0.3101
UP_130,UP,Prayagraj,IFS,rainfall_mm,72,2026-08-30,2026-09-28,30,1.1072,1.8613,0.9738,0.0835
UP_130,UP,Prayagraj,IFS,temperature_c,72,2026-08-30,2026-09-28,30,0.9575,1.2468,0.5485,-0.0271
UP_130,UP,Prayagraj,IFS,wind_speed_kmh,72,2026-08-30,2026-09-28,30,1.7715,2.5579,0.8182,0.3411
UK_131,UK,Dehradun,NCEP GFS,rainfall_mm,24,2026-08-30,2026-09-28,30,2.1594,6.6506,0.9942,-1.342
UK_131,UK,Dehradun,NCEP GFS,temperature_c,24,2026-08-30,2026-09-28,30,1.0125,1.2118,0.7688,0.2312
UK_131,UK,Dehradun,NCEP GFS,wind_speed_kmh,24,2026-08-30,2026-09-28,30,1.8719,2.1764,0.821,-0.451
UK_131,UK,Dehradun,GFS ENSEMBLE,rainfall_mm,24,2026-08-30,2026-09-28,30,3.4909,15.0019,0.972,-3.2477
UK_131,UK,Dehradun,GFS ENSEMBLE,temperature_c,24,2026-08-30,2026-09-28,30,0.7469,0.8907,0.8241,0.0995
UK_131,UK,Dehradun,GFS ENSEMBLE,wind_speed_kmh,24,2026-08-30,2026-09-28,30,1.6982,2.0765,0.899,0.2316
UK_131,UK,Dehradun,AIFS,rainfall_mm,24,2026-08-30,2026-09-28,30,2.0402,6.9308,0.9963,0.751
UK_131,UK,Dehradun,AIFS,temperature_c,24,2026-08-30,2026-09-28,30,0.5608,0.695,0.8331,0.0875
UK_131,UK,Dehradun,AIFS,wind_speed_kmh,24,2026-08-30,2026-09-28,30,1.0762,1.2736,0.9469,-0.2237
UK_131,UK,Dehradun,IFS,rainfall_mm,24,2026-08-30,2026-09-28,30,2.339,5.7094,0.9937,0.353
UK_131,UK,Dehradun,IFS,temperature_c,24,2026-08-30,2026-09-28,30,0.6514,0.8031,0.7885,-0.2455
UK_131,UK,Dehradun,IFS,wind_speed_kmh,24,2026-08-30,2026-09-28,30,1.2477,1.5525,0.9032,-0.3304
UK_131,UK,Dehradun,NCEP GFS,rainfall_mm,48,2026-08-30,2026-09-28,30,2.6139,8.539,0.9986,-2.3734
UK_131,UK,Dehradun,NCEP GFS,temperature_c,48,2026-08-30,2026-09-28,30,1.0845,1.339,0.6223,0.4342
UK_131,UK,Dehradun,NCEP GFS,wind_speed_kmh,48,2026-08-30,2026-09-28,30,2.5815,3.1052,0.6602,0.8623
UK_131,UK,Dehradun,GFS ENSEMBLE,rainfall_mm,48,2026-08-30,2026-09-28,30,1.8072,4.1086,0.9931,-1.2314
UK_131,UK,Dehradun,GFS ENSEMBLE,temperature_c,48,2026-08-30,2026-09-28,30,0.7964,0.9368,0.8029,0.3072
UK_131,UK,Dehradun,GFS ENSEMBLE,wind_speed_kmh,48,2026-08-30,2026-09-28,30,1.7943,2.0134,0.8589,0.87
UK_131,UK,Dehradun,AIFS,rainfall_mm,48,2026-08-30,2026-09-28,30,0.9308,1.6341,0.9989,0.5113
UK_131,UK,Dehradun,AIFS,temperature_c,48,2026-08-30,2026-09-28,30,0.9052,1.0848,0.7708,-0.3178
UK_131,UK,Dehradun,AIFS,wind_speed_kmh,48,2026-08-30,2026-09-28,30,1.5229,1.9159,0.8734,0.324
UK_131,UK,Dehradun,IFS,rainfall_mm,48,2026-08-30,2026-09-28,30,1.5799,3.4522,0.996,-0.5017
UK_131,UK,Dehradun,IFS,temperature_c,48,2026-08-30,2026-09-28,30,0.8662,1.1643,0.6391,0.1185
UK_131,UK,Dehradun,IFS,wind_speed_kmh,48,2026-08-30,2026-09-28,30,1.6962,2.0313,0.8727,0.6446
UK_131,UK,Dehradun,NCEP GFS,rainfall_mm,72,2026-08-30,2026-09-28,30,2.6015,5.8923,0.9954,-1.7437
UK_131,UK,Dehradun,NCEP GFS,temperature_c,72,2026-08-30,2026-09-28,30,1.4007,1.6228,0.4078,0.3438
UK_131,UK,Dehradun,NCEP GFS,wind_speed_kmh,72,2026-08-30,2026-09-28,30,3.1363,3.9121,0.5849,1.1573
UK_131,UK,Dehradun,GFS ENSEMBLE,rainfall_mm,72,2026-08-30,2026-09-28,30,2.1594,5.4846,0.998,-1.443
UK_131,UK,Dehradun,GFS ENSEMBLE,temperature_c,72,2026-08-30,2026-09-28,30,1.0888,1.3687,0.7145,0.0735
UK_131,UK,Dehradun,GFS ENSEMBLE,wind_speed_kmh,72,2026-08-30,2026-09-28,30,1.8483,2.348,0.8251,0.3023
UK_131,UK,Dehradun,AIFS,rainfall_mm,72,2026-08-30,2026-09-28,30,2.2088,5.7657,0.9979,-1.4317
UK_131,UK,Dehradun,AIFS,temperature_c,72,2026-08-30,2026-09-28,30,0.9597,1.1718,0.5825,-0.2202
UK_131,UK,Dehradun,AIFS,wind_speed_kmh,72,2026-08-30,2026-09-28,30,1.9471,2.2803,0.8157,0.607
UK_131,UK,Dehradun,IFS,rainfall_mm,72,2026-08-30,2026-09-28,30,2.6942,8.4758,0.9966,-2.231
UK_131,UK,Dehradun,IFS,temperature_c,72,2026-08-30,2026-09-28,30,1.0607,1.3809,0.7534,-0.5308
UK_131,UK,Dehradun,IFS,wind_speed_kmh,72,2026-08-30,2026-09-28,30,1.7207,2.111,0.8355,0.0333
UK_132,UK,Haridwar,NCEP GFS,rainfall_mm,24,2026-08-30,2026-09-28,30,0.7265,1.5173,0.9787,0.3345
UK_132,UK,Haridwar,NCEP GFS,temperature_c,24,2026-08-30,2026-09-28,30,0.8246,1.023,0.7995,-0.0653
UK_132,UK,Haridwar,NCEP GFS,wind_speed_kmh,24,2026-08-30,2026-09-28,30,2.1072,2.6771,0.5629,0.0193
UK_132,UK,Haridwar,GFS ENSEMBLE,rainfall_mm,24,2026-08-30,2026-09-28,30,0.4751,0.9674,0.992,-0.2845
UK_132,UK,Haridwar,GFS ENSEMBLE,temperature_c,24,2026-08-30,2026-09-28,30,0.7358,0.9559,0.7763,0.066
UK_132,UK,Haridwar,GFS ENSEMBLE,wind_speed_kmh,24,2026-08-30,2026-09-28,30,1.505,1.7379,0.8726,0.0553
UK_132,UK,Haridwar,AIFS,rainfall_mm,24,2026-08-30,2026-09-28,30,1.0268,3.0759,0.9231,-0.1288
UK_132,UK,Haridwar,AIFS,temperature_c,24,2026-08-30,2026-09-28,30,0.6038,0.7702,0.8615,-0.183
UK_132,UK,Haridwar,AIFS,wind_speed_kmh,24,2026-08-30,2026-09-28,30,1.1703,1.4904,0.8786,0.063
UK_132,UK,Haridwar,IFS,rainfall_mm,24,2026-08-30,2026-09-28,30,0.7081,1.6728,0.9837,-0.2798
UK_132,UK,Haridwar,IFS,temperature_c,24,2026-08-30,2026-09-28,30,0.7276,0.923,0.8009,0.1267
UK_132,UK,Haridwar,IFS,wind_speed_kmh,24,2026-08-30,2026-09-28,30,1.2152,1.6449,0.8785,0.5686
UK_132,UK,Haridwar,NCEP GFS,rainfall_mm,48,2026-08-30,2026-09-28,30,0.6108,1.531,0.9899,0.0875
UK_132,UK,Haridwar,NCEP GFS,temperature_c,48,2026-08-30,2026-09-28,30,1.0752,1.3273,0.7949,0.6467
UK_132,UK,Haridwar,NCEP GFS,wind_speed_kmh,48,2026-08-30,2026-09-28,30,2.1326,2.7575,0.7159,0.3433
UK_132,UK,Haridwar,GFS ENSEMBLE,rainfall_mm,48,2026-08-30,2026-09-28,30,1.0762,1.8561,0.9784,0.1365
UK_132,UK,Haridwar,GFS ENSEMBLE,temperature_c,48,2026-08-30,2026-09-28,30,0.7772,0.9611,0.6869,0.1253
UK_132,UK,Haridwar,GFS ENSEMBLE,wind_speed_kmh,48,2026-08-30,2026-09-28,30,1.557,1.9767,0.7924,-0.2627
UK_132,UK,Haridwar,AIFS,rainfall_mm,48,2026-08-30,2026-09-28,30,0.9774,2.2223,0.9848,0.5212
UK_132,UK,Haridwar,AIFS,temperature_c,48,2026-08-30,2026-09-28,30,0.8744,1.0669,0.6888,0.1843
UK_132,UK,Haridwar,AIFS,wind_speed_kmh,48,2026-08-30,2026-09-28,30,1.4662,1.77,0.8961,-0.5297
UK_132,UK,Haridwar,IFS,rainfall_mm,48,2026-08-30,2026-09-28,30,1.0561,2.4046,0.9603,0.0189
UK_132,UK,Haridwar,IFS,temperature_c,48,2026-08-30,2026-09-28,30,0.64,0.7908,0.7775,0.1057
UK_132,UK,Haridwar,IFS,wind_speed_kmh,48,2026-08-30,2026-09-28,30,1.8345,2.3982,0.7952,-0.5694
UK_132,UK,Haridwar,NCEP GFS,rainfall_mm,72,2026-08-30,2026-09-28,30,1.4623,2.5049,0.9378,0.2985
UK_132,UK,Haridwar,NCEP GFS,temperature_c,72,2026-08-30,2026-09-28,30,1.7613,2.1936,0.442,0.776
UK_132,UK,Haridwar,NCEP GFS,wind_speed_kmh,72,2026-08-30,2026-09-28,30,2.2061,2.8628,0.633,0.226
UK_132,UK,Haridwar,GFS ENSEMBLE,rainfall_mm,72,2026-08-30,2026-09-28,30,1.2193,2.1184,0.9566,0.1795
UK_132,UK,Haridwar,GFS ENSEMBLE,temperature_c,72,2026-08-30,2026-09-28,30,1.119,1.3608,0.695,0.315
UK_132,UK,Haridwar,GFS ENSEMBLE,wind_speed_kmh,72,2026-08-30,2026-09-28,30,2.2438,2.7907,0.7231,0.5316
UK_132,UK,Haridwar,AIFS,rainfall_mm,72,2026-08-30,2026-09-28,30,1.2336,2.367,0.9681,0.2245
UK_132,UK,Haridwar,AIFS,temperature_c,72,2026-08-30,2026-09-28,30,0.7876,1.0477,0.6566,-0.0483
UK_132,UK,Haridwar,AIFS,wind_speed_kmh,72,2026-08-30,2026-09-28,30,1.8588,2.4313,0.7421,0.1276
UK_132,UK,Haridwar,IFS,rainfall_mm,72,2026-08-30,2026-09-28,30,1.3803,2.1969,0.9572,0.5655
UK_132,UK,Haridwar,IFS,temperature_c,72,2026-08-30,2026-09-28,30,0.8693,1.0461,0.8289,-0.0347
UK_132,UK,Haridwar,IFS,wind_speed_kmh,72,2026-08-30,2026-09-28,30,2.057,2.4455,0.7354,0.269
UK_133,UK,Haldwani,NCEP GFS,rainfall_mm,24,2026-08-30,2026-09-28,30,1.2066,2.4269,0.9889,-0.1808
UK_133,UK,Haldwani,NCEP GFS,temperature_c,24,2026-08-30,2026-09-28,30,0.9228,1.173,0.7633,0.3593
UK_133,UK,Haldwani,NCEP GFS,wind_speed_kmh,24,2026-08-30,2026-09-28,30,1.9817,2.3508,0.794,0.1941
UK_133,UK,Haldwani,GFS ENSEMBLE,rainfall_mm,24,2026-08-30,2026-09-28,30,1.0457,2.2804,0.991,-0.2675
UK_133,UK,Haldwani,GFS ENSEMBLE,temperature_c,24,2026-08-30,2026-09-28,30,0.5731,0.7521,0.8695,0.2013
UK_133,UK,Haldwani,GFS ENSEMBLE,wind_speed_kmh,24,2026-08-30,2026-09-28,30,1.6119,1.9097,0.8142,0.2938
UK_133,UK,Haldwani,AIFS,rainfall_mm,24,2026-08-30,2026-09-28,30,0.671,1.4841,0.9981,0.4192
UK_133,UK,Haldwani,AIFS,temperature_c,24,2026-08-30,2026-09-28,30,0.661,0.788,0.8748,0.2459
UK_133,UK,Haldwani,AIFS,wind_speed_kmh,24,2026-08-30,2026-09-28,30,1.2735,1.5453,0.8974,-0.4479
UK_133,UK,Haldwani,IFS,rainfall_mm,24,2026-08-30,2026-09-28,30,0.7686,2.1094,0.9963,-0.2061
UK_133,UK,Haldwani,IFS,temperature_c,24,2026-08-30,2026-09-28,30,0.4759,0.6166,0.9137,-0.0624
UK_133,UK,Haldwani,IFS,wind_speed_kmh,24,2026-08-30,2026-09-28,30,1.2322,1.5054,0.9463,-0.0132
UK_133,UK,Haldwani,NCEP GFS,rainfall_mm,48,2026-08-30,2026-09-28,30,2.1592,5.816,0.9812,0.8225
UK_133,UK,Haldwani,NCEP GFS,temperature_c,48,2026-08-30,2026-09-28,30,1.286,1.5831,0.5986,0.7089
UK_133,UK,Haldwani,NCEP GFS,wind_speed_kmh,48,2026-08-30,2026-09-28,30,2.2028,2.6325,0.7415,-0.1432
UK_133,UK,Haldwani,GFS ENSEMBLE,rainfall_mm,48,2026-08-30,2026-09-28,30,1.4385,3.552,0.9871,-1.1048
UK_133,UK,Haldwani,GFS ENSEMBLE,temperature_c,48,2026-08-30,2026-09-28,30,0.9657,1.1905,0.7803,0.3089
UK_133,UK,Haldwani,GFS ENSEMBLE,wind_speed_kmh,48,2026-08-30,2026-09-28,30,1.7176,2.3137,0.8418,0.3515
UK_133,UK,Haldwani,AIFS,rainfall_mm,48,2026-08-30,2026-09-28,30,1.305,4.6909,0.9949,0.9092
UK_133,UK,Haldwani,AIFS,temperature_c,48,2026-08-30,2026-09-28,30,0.7195,0.8819,0.8373,-0.3321
UK_133,UK,Haldwani,AIFS,wind_speed_kmh,48,2026-08-30,2026-09-28,30,1.7976,2.0515,0.8257,-0.3255
UK_133,UK,Haldwani,IFS,rainfall_mm,48,2026-08-30,2026-09-28,30,1.8615,5.0201,0.9867,0.7612
UK_133,UK,Haldwani,IFS,temperature_c,48,2026-08-30,2026-09-28,30,0.9354,1.1009,0.7403,-0.0047
UK_133,UK,Haldwani,IFS,wind_speed_kmh,48,2026-08-30,2026-09-28,30,1.3248,1.6197,0.8871,0.1311
UK_133,UK,Haldwani,NCEP GFS,rainfall_mm,72,2026-08-30,2026-09-28,30,2.1613,5.0429,0.9466,-0.8245
UK_133,UK,Haldwani,NCEP GFS,temperature_c,72,2026-08-30,2026-09-28,30,1.6639,1.9806,0.5816,0.6019
UK_133,UK,Haldwani,NCEP GFS,wind_speed_kmh,72,2026-08-30,2026-09-28,30,2.5007,2.9639,0.7601,0.6081
UK_133,UK,Haldwani,GFS ENSEMBLE,rainfall_mm,72,2026-08-30,2026-09-28,30,1.8176,4.5654,0.9872,0.8399
UK_133,UK,Haldwani,GFS ENSEMBLE,temperature_c,72,2026-08-30,2026-09-28,30,1.4349,1.7098,0.7486,0.4276
UK_133,UK,Haldwani,GFS ENSEMBLE,wind_speed_kmh,72,2026-08-30,2026-09-28,30,2.37,2.7639,0.791,0.5445
UK_133,UK,Haldwani,AIFS,rainfall_mm,72,2026-08-30,2026-09-28,30,1.4428,3.087,0.9811,0.2679
UK_133,UK,Haldwani,AIFS,temperature_c,72,2026-08-30,2026-09-28,30,0.8343,1.1,0.6265,0.3256
UK_133,UK,Haldwani,AIFS,wind_speed_kmh,72,2026-08-30,2026-09-28,30,1.9321,2.3722,0.8095,0.5618
UK_133,UK,Haldwani,IFS,rainfall_mm,72,2026-08-30,2026-09-28,30,1.0602,1.887,0.9925,0.0999
UK_133,UK,Haldwani,IFS,temperature_c,72,2026-08-30,2026-09-28,30,1.4755,1.7373,0.596,-0.0337
UK_133,UK,Haldwani,IFS,wind_speed_kmh,72,2026-08-30,2026-09-28,30,1.7751,2.1554,0.8626,-0.2999
UK_134,UK,Roorkee,NCEP GFS,rainfall_mm,24,2026-08-30,2026-09-28,30,1.0898,1.9317,0.9654,-0.2322
UK_134,UK,Roorkee,NCEP GFS,temperature_c,24,2026-08-30,2026-09-28,30,1.0927,1.3426,0.7722,-0.3434
UK_134,UK,Roorkee,NCEP GFS,wind_speed_kmh,24,2026-08-30,2026-09-28,30,1.2995,1.7595,0.9012,0.0589
UK_134,UK,Roorkee,GFS ENSEMBLE,rainfall_mm,24,2026-08-30,2026-09-28,30,1.1272,2.9254,0.9191,-0.2062
UK_134,UK,Roorkee,GFS ENSEMBLE,temperature_c,24,2026-08-30,2026-09-28,30,0.7256,0.9177,0.786,0.3303
UK_134,UK,Roorkee,GFS ENSEMBLE,wind_speed_kmh,24,2026-08-30,2026-09-28,30,1.2854,1.6113,0.9287,0.3559
UK_134,UK,Roorkee,AIFS,rainfall_mm,24,2026-08-30,2026-09-28,30,0.7466,1.331,0.9834,0.0914
UK_134,UK,Roorkee,AIFS,temperature_c,24,2026-08-30,2026-09-28,30,0.5925,0.7554,0.8948,-0.1794
UK_134,UK,Roorkee,AIFS,wind_speed_kmh,24,2026-08-30,2026-09-28,30,1.0878,1.4021,0.9391,-0.0298
UK_134,UK,Roorkee,IFS,rainfall_mm,24,2026-08-30,2026-09-28,30,0.8455,1.6933,0.9733,-0.1162
UK_134,UK,Roorkee,IFS,temperature_c,24,2026-08-30,2026-09-28,30,0.6455,0.8173,0.7831,-0.1207
UK_134,UK,Roorkee,IFS,wind_speed_kmh,24,2026-08-30,2026-09-28,30,1.092,1.4374,0.9299,-0.0108
UK_134,UK,Roorkee,NCEP GFS,rainfall_mm,48,2026-08-30,2026-09-28,30,1.2398,2.5628,0.9448,-0.0906
UK_134,UK,Roorkee,NCEP GFS,temperature_c,48,2026-08-30,2026-09-28,30,1.4657,1.7873,0.6112,0.8123
UK_134,UK,Roorkee,NCEP GFS,wind_speed_kmh,48,2026-08-30,2026-09-28,30,2.2746,2.8999,0.8219,-0.7731
UK_134,UK,Roorkee,GFS ENSEMBLE,rainfall_mm,48,2026-08-30,2026-09-28,30,1.0336,1.8575,0.9682,0.1648
UK_134,UK,Roorkee,GFS ENSEMBLE,temperature_c,48,2026-08-30,2026-09-28,30,0.9724,1.2689,0.6852,0.591
UK_134,UK,Roorkee,GFS ENSEMBLE,wind_speed_kmh,48,2026-08-30,2026-09-28,30,1.8779,2.4308,0.8532,0.3229
UK_134,UK,Roorkee,AIFS,rainfall_mm,48,2026-08-30,2026-09-28,30,0.7808,1.7633,0.9897,0.6708
UK_134,UK,Roorkee,AIFS,temperature_c,48,2026-08-30,2026-09-28,30,0.7653,0.9193,0.8236,-0.0324
UK_134,UK,Roorkee,AIFS,wind_speed_kmh,48,2026-08-30,2026-09-28,30,1.0495,1.361,0.9226,-0.2575
UK_134,UK,Roorkee,IFS,rainfall_mm,48,2026-08-30,2026-09-28,30,0.9514,2.159,0.9677,0.1688
UK_134,UK,Roorkee,IFS,temperature_c,48,2026-08-30,2026-09-28,30,1.0919,1.2918,0.7689,-0.0167
UK_134,UK,Roorkee,IFS,wind_speed_kmh,48,2026-08-30,2026-09-28,30,1.6893,2.0486,0.8482,0.6762
UK_134,UK,Roorkee,NCEP GFS,rainfall_mm,72,2026-08-30,2026-09-28,30,1.0553,1.8987,0.9739,0.6158
UK_134,UK,Roorkee,NCEP GFS,temperature_c,72,2026-08-30,2026-09-28,30,1.3886,1.9377,0.5384,0.681
UK_134,UK,Roorkee,NCEP GFS,wind_speed_kmh,72,2026-08-30,2026-09-28,30,2.4342,2.8448,0.7287,0.3335
UK_134,UK,Roorkee,GFS ENSEMBLE,rainfall_mm,72,2026-08-30,2026-09-28,30,1.6099,3.1427,0.9394,-1.2736
UK_134,UK,Roorkee,GFS ENSEMBLE,temperature_c,72,2026-08-30,2026-09-28,30,1.0019,1.2648,0.7851,0.0753
UK_134,UK,Roorkee,GFS ENSEMBLE,wind_speed_kmh,72,2026-08-30,2026-09-28,30,1.8549,2.3618,0.8588,0.2922
UK_134,UK,Roorkee,AIFS,rainfall_mm,72,2026-08-30,2026-09-28,30,0.9727,1.804,0.9694,0.1554
UK_134,UK,Roorkee,AIFS,temperature_c,72,2026-08-30,2026-09-28,30,0.9936,1.2056,0.7121,0.3816
UK_134,UK,Roorkee,AIFS,wind_speed_kmh,72,2026-08-30,2026-09-28,30,1.7236,2.0575,0.8221,-0.2711
UK_134,UK,Roorkee,IFS,rainfall_mm,72,2026-08-30,2026-09-28,30,1.513,2.8343,0.9245,0.0341
UK_134,UK,Roorkee,IFS,temperature_c,72,2026-08-30,2026-09-28,30,0.6722,0.8821,0.8255,0.328
UK_134,UK,Roorkee,IFS,wind_speed_kmh,72,2026-08-30,2026-09-28,30,1.8853,2.3277,0.8201,-0.2558
UK_135,UK,Rishikesh,NCEP GFS,rainfall_mm,24,2026-08-30,2026-09-28,30,0.9798,1.6955,0.9476,-0.3869
UK_135,UK,Rishikesh,NCEP GFS,temperature_c,24,2026-08-30,2026-09-28,30,0.9789,1.1803,0.7513,0.4246
UK_135,UK,Rishikesh,NCEP GFS,wind_speed_kmh,24,2026-08-30,2026-09-28,30,1.7285,2.2171,0.8248,0.3787
UK_135,UK,Rishikesh,GFS ENSEMBLE,rainfall_mm,24,2026-08-30,2026-09-28,30,0.8096,1.5247,0.9654,-0.3506
UK_135,UK,Rishikesh,GFS ENSEMBLE,temperature_c,24,2026-08-30,2026-09-28,30,0.7622,0.9245,0.8318,0.109
UK_135,UK,Rishikesh,GFS ENSEMBLE,wind_speed_kmh,24,2026-08-30,2026-09-28,30,1.2853,1.6502,0.8946,0.3601
UK_135,UK,Rishikesh,AIFS,rainfall_mm,24,2026-08-30,2026-09-28,30,0.7064,1.8821,0.9875,0.6021
UK_135,UK,Rishikesh,AIFS,temperature_c,24,2026-08-30,2026-09-28,30,0.7838,0.9429,0.802,-0.289
UK_135,UK,Rishikesh,AIFS,wind_speed_kmh,24,2026-08-30,2026-09-28,30,1.4755,1.7717,0.8629,-0.0089
UK_135,UK,Rishikesh,IFS,rainfall_mm,24,2026-08-30,2026-09-28,30,0.5727,1.2052,0.9902,0.2044
UK_135,UK,Rishikesh,IFS,temperature_c,24,2026-08-30,2026-09-28,30,0.6602,0.8053,0.8586,-0.1624
UK_135,UK,Rishikesh,IFS,wind_speed_kmh,24,2026-08-30,2026-09-28,30,1.379,1.7098,0.9085,0.3094
UK_135,UK,Rishikesh,NCEP GFS,rainfall_mm,48,2026-08-30,2026-09-28,30,0.5574,0.8704,0.9857,-0.1492
UK_135,UK,Rishikesh,NCEP GFS,temperature_c,48,2026-08-30,2026-09-28,30,1.4792,1.7883,0.6825,0.0376
UK_135,UK,Rishikesh,NCEP GFS,wind_speed_kmh,48,2026-08-30,2026-09-28,30,1.8925,2.541,0.7596,0.2177
UK_135,UK,Rishikesh,GFS ENSEMBLE,rainfall_mm,48,2026-08-30,2026-09-28,30,1.1585,3.2635,0.7989,-0.8952
UK_135,UK,Rishikesh,GFS ENSEMBLE,temperature_c,48,2026-08-30,2026-09-28,30,1.1457,1.3732,0.7736,0.3813
UK_135,UK,Rishikesh,GFS ENSEMBLE,wind_speed_kmh,48,2026-08-30,2026-09-28,30,1.5924,2.0456,0.8752,0.9894
UK_135,UK,Rishikesh,AIFS,rainfall_mm,48,2026-08-30,2026-09-28,30,0.4812,1.0279,0.994,0.3728
UK_135,UK,Rishikesh,AIFS,temperature_c,48,2026-08-30,2026-09-28,30,0.9265,1.1328,0.7629,0.0203
UK_135,UK,Rishikesh,AIFS,wind_speed_kmh,48,2026-08-30,2026-09-28,30,1.6763,2.1816,0.8524,-0.9616
UK_135,UK,Rishikesh,IFS,rainfall_mm,48,2026-08-30,2026-09-28,30,0.8962,1.4103,0.9617,0.1388
UK_135,UK,Rishikesh,IFS,temperature_c,48,2026-08-30,2026-09-28,30,0.7926,1.045,0.8079,0.263
UK_135,UK,Rishikesh,IFS,wind_speed_kmh,48,2026-08-30,2026-09-28,30,1.4626,1.919,0.8516,0.1994
UK_135,UK,Rishikesh,NCEP GFS,rainfall_mm,72,2026-08-30,2026-09-28,30,1.0332,1.696,0.9517,0.0754
UK_135,UK,Rishikesh,NCEP GFS,temperature_c,72,2026-08-30,2026-09-28,30,1.5743,1.8052,0.702,0.3913
UK_135,UK,Rishikesh,NCEP GFS,wind_speed_kmh,72,2026-08-30,2026-09-28,30,2.3253,2.9539,0.7267,0.9024
UK_135,UK,Rishikesh,GFS ENSEMBLE,rainfall_mm,72,2026-08-30,2026-09-28,30,1.2026,1.9415,0.939,0.1161
UK_135,UK,Rishikesh,GFS ENSEMBLE,temperature_c,72,2026-08-30,2026-09-28,30,1.0008,1.2858,0.8058,0.327
UK_135,UK,Rishikesh,GFS ENSEMBLE,wind_speed_kmh,72,2026-08-30,2026-09-28,30,2.2921,2.959,0.6747,0.5411
UK_135,UK,Rishikesh,AIFS,rainfall_mm,72,2026-08-30,2026-09-28,30,0.7962,1.5114,0.9554,0.1584
UK_135,UK,Rishikesh,AIFS,temperature_c,72,2026-08-30,2026-09-28,30,1.128,1.3908,0.6949,-0.542
UK_135,UK,Rishikesh,AIFS,wind_speed_kmh,72,2026-08-30,2026-09-28,30,1.77,2.2905,0.8088,-0.9793
UK_135,UK,Rishikesh,IFS,rainfall_mm,72,2026-08-30,2026-09-28,30,0.6757,1.085,0.9829,-0.4089
UK_135,UK,Rishikesh,IFS,temperature_c,72,2026-08-30,2026-09-28,30,0.9558,1.1726,0.686,0.1266
UK_135,UK,Rishikesh,IFS,wind_speed_kmh,72,2026-08-30,2026-09-28,30,2.0935,2.5522,0.8389,-0.0113
WB_136,WB,Kolkata,NCEP GFS,rainfall_mm,24,2026-08-30,2026-09-28,30,2.4724,5.0121,0.9862,0.1955
WB_136,WB,Kolkata,NCEP GFS,temperature_c,24,2026-08-30,2026-09-28,30,1.2545,1.4621,0.717,0.4302
WB_136,WB,Kolkata,NCEP GFS,wind_speed_kmh,24,2026-08-30,2026-09-28,30,2.2549,2.6893,0.7574,0.5158
WB_136,WB,Kolkata,GFS ENSEMBLE,rainfall_mm,24,2026-08-30,2026-09-28,30,1.2667,2.2046,0.9967,-0.5298
WB_136,WB,Kolkata,GFS ENSEMBLE,temperature_c,24,2026-08-30,2026-09-28,30,0.7572,0.8759,0.7782,0.0692
WB_136,WB,Kolkata,GFS ENSEMBLE,wind_speed_kmh,24,2026-08-30,2026-09-28,30,1.3316,1.7004,0.8889,0.0118
WB_136,WB,Kolkata,AIFS,rainfall_mm,24,2026-08-30,2026-09-28,30,2.0484,5.0014,0.996,1.0512
WB_136,WB,Kolkata,AIFS,temperature_c,24,2026-08-30,2026-09-28,30,0.7185,0.8963,0.7231,-0.0991
WB_136,WB,Kolkata,AIFS,wind_speed_kmh,24,2026-08-30,2026-09-28,30,1.4371,1.7089,0.8868,0.1981
WB_136,WB,Kolkata,IFS,rainfall_mm,24,2026-08-30,2026-09-28,30,2.2418,4.4952,0.9852,0.3045
WB_136,WB,Kolkata,IFS,temperature_c,24,2026-08-30,2026-09-28,30,0.669,0.7999,0.8485,0.0955
WB_136,WB,Kolkata,IFS,wind_speed_kmh,24,2026-08-30,2026-09-28,30,1.4293,1.9531,0.8387,-0.0966
WB_136,WB,Kolkata,NCEP GFS,rainfall_mm,48,2026-08-30,2026-09-28,30,4.3227,16.0913,0.8285,-3.7771
WB_136,WB,Kolkata,NCEP GFS,temperature_c,48,2026-08-30,2026-09-28,30,1.3145,1.6782,0.6332,0.8022
WB_136,WB,Kolkata,NCEP GFS,wind_speed_kmh,48,2026-08-30,2026-09-28,30,2.3602,2.9239,0.7398,1.2471
WB_136,WB,Kolkata,GFS ENSEMBLE,rainfall_mm,48,2026-08-30,2026-09-28,30,3.8565,10.3988,0.9744,-3.3731
WB_136,WB,Kolkata,GFS ENSEMBLE,temperature_c,48,2026-08-30,2026-09-28,30,0.9576,1.251,0.6837,0.3425
WB_136,WB,Kolkata,GFS ENSEMBLE,wind_speed_kmh,48,2026-08-30,2026-09-28,30,1.8931,2.4856,0.7434,-0.1702
WB_136,WB,Kolkata,AIFS,rainfall_mm,48,2026-08-30,2026-09-28,30,4.4301,13.0873,0.8852,-1.9398
WB_136,WB,Kolkata,AIFS,temperature_c,48,2026-08-30,2026-09-28,30,0.6663,0.8202,0.8383,-0.1978
WB_136,WB,Kolkata,AIFS,wind_speed_kmh,48,2026-08-30,2026-09-28,30,1.6383,2.29,0.8273,0.5068
WB_136,WB,Kolkata,IFS,rainfall_mm,48,2026-08-30,2026-09-28,30,2.5984,8.1731,0.9632,-0.9451
WB_136,WB,Kolkata,IFS,temperature_c,48,2026-08-30,2026-09-28,30,0.7436,0.9601,0.7556,0.0462
WB_136,WB,Kolkata,IFS,wind_speed_kmh,48,2026-08-30,2026-09-28,30,1.2323,1.6079,0.8927,0.2911
WB_136,WB,Kolkata,NCEP GFS,rainfall_mm,72,2026-08-30,2026-09-28,30,2.8998,6.6543,0.9858,-2.0965
WB_136,WB,Kolkata,NCEP GFS,temperature_c,72,2026-08-30,2026-09-28,30,1.6819,2.2578,0.2672,0.1352
WB_136,WB,Kolkata,NCEP GFS,wind_speed_kmh,72,2026-08-30,2026-09-28,30,2.597,3.2589,0.6737,0.4268
WB_136,WB,Kolkata,GFS ENSEMBLE,rainfall_mm,72,2026-08-30,2026-09-28,30,2.5672,5.5739,0.9919,-1.8878
WB_136,WB,Kolkata,GFS ENSEMBLE,temperature_c,72,2026-08-30,2026-09-28,30,1.0848,1.3448,0.5272,0.1075
WB_136,WB,Kolkata,GFS ENSEMBLE,wind_speed_kmh,72,2026-08-30,2026-09-28,30,1.9865,2.7134,0.78,1.1064
WB_136,WB,Kolkata,AIFS,rainfall_mm,72,2026-08-30,2026-09-28,30,2.5742,6.9928,0.9791,-0.8818
WB_136,WB,Kolkata,AIFS,temperature_c,72,2026-08-30,2026-09-28,30,1.0275,1.2526,0.7835,0.0879
WB_136,WB,Kolkata,AIFS,wind_speed_kmh,72,2026-08-30,2026-09-28,30,2.2611,2.7266,0.7966,0.4881
WB_136,WB,Kolkata,IFS,rainfall_mm,72,2026-08-30,2026-09-28,30,2.5328,6.4208,0.9775,-1.3188
WB_136,WB,Kolkata,IFS,temperature_c,72,2026-08-30,2026-09-28,30,0.9888,1.2152,0.7509,-0.0265
WB_136,WB,Kolkata,IFS,wind_speed_kmh,72,2026-08-30,2026-09-28,30,2.7291,3.4519,0.6336,0.7884
WB_137,WB,Siliguri,NCEP GFS,rainfall_mm,24,2026-08-30,2026-09-28,30,1.9326,2.8983,0.9787,-0.1848
WB_137,WB,Siliguri,NCEP GFS,temperature_c,24,2026-08-30,2026-09-28,30,0.9954,1.1876,0.7014,0.2957
WB_137,WB,Siliguri,NCEP GFS,wind_speed_kmh,24,2026-08-30,2026-09-28,30,2.0456,2.6349,0.7363,0.8157
WB_137,WB,Siliguri,GFS ENSEMBLE,rainfall_mm,24,2026-08-30,2026-09-28,30,1.783,4.2086,0.9595,-0.9641
WB_137,WB,Siliguri,GFS ENSEMBLE,temperature_c,24,2026-08-30,2026-09-28,30,0.8052,1.043,0.7466,0.2084
WB_137,WB,Siliguri,GFS ENSEMBLE,wind_speed_kmh,24,2026-08-30,2026-09-28,30,1.2521,1.7982,0.7559,-0.218
WB_137,WB,Siliguri,AIFS,rainfall_mm,24,2026-08-30,2026-09-28,30,1.0033,1.8983,0.9982,0.7895
WB_137,WB,Siliguri,AIFS,temperature_c,24,2026-08-30,2026-09-28,30,0.6546,0.7937,0.8405,-0.2093
WB_137,WB,Siliguri,AIFS,wind_speed_kmh,24,2026-08-30,2026-09-28,30,0.9567,1.1599,0.8971,0.1977
WB_137,WB,Siliguri,IFS,rainfall_mm,24,2026-08-30,2026-09-28,30,0.8416,1.4195,0.9967,0.5475
WB_137,WB,Siliguri,IFS,temperature_c,24,2026-08-30,2026-09-28,30,0.5054,0.6924,0.869,0.1534
WB_137,WB,Siliguri,IFS,wind_speed_kmh,24,2026-08-30,2026-09-28,30,1.3933,1.6537,0.7584,-0.2386
WB_137,WB,Siliguri,NCEP GFS,rainfall_mm,48,2026-08-30,2026-09-28,30,2.8205,5.1946,0.9372,-1.2281
WB_137,WB,Siliguri,NCEP GFS,temperature_c,48,2026-08-30,2026-09-28,30,1.2851,1.5245,0.7321,0.654
WB_137,WB,Siliguri,NCEP GFS,wind_speed_kmh,48,2026-08-30,2026-09-28,30,2.0078,2.3432,0.7362,0.7654
WB_137,WB,Siliguri,GFS ENSEMBLE,rainfall_mm,48,2026-08-30,2026-09-28,30,1.2935,2.4807,0.9849,-0.4568
WB_137,WB,Siliguri,GFS ENSEMBLE,temperature_c,48,2026-08-30,2026-09-28,30,0.7369,1.0104,0.7722,0.0007
WB_137,WB,Siliguri,GFS ENSEMBLE,wind_speed_kmh,48,2026-08-30,2026-09-28,30,1.6381,2.2001,0.7735,0.7797
WB_137,WB,Siliguri,AIFS,rainfall_mm,48,2026-08-30,2026-09-28,30,1.012,1.5712,0.9937,0.0929
WB_137,WB,Siliguri,AIFS,temperature_c,48,2026-08-30,2026-09-28,30,0.9617,1.2103,0.7808,0.4697
WB_137,WB,Siliguri,AIFS,wind_speed_kmh,48,2026-08-30,2026-09-28,30,1.4185,1.7109,0.7765,-0.197
WB_137,WB,Siliguri,IFS,rainfall_mm,48,2026-08-30,2026-09-28,30,2.5019,5.1053,0.932,-0.1485
WB_137,WB,Siliguri,IFS,temperature_c,48,2026-08-30,2026-09-28,30,0.5603,0.749,0.8591,0.2574
WB_137,WB,Siliguri,IFS,wind_speed_kmh,48,2026-08-30,2026-09-28,30,1.4682,1.7501,0.7994,0.199
WB_137,WB,Siliguri,NCEP GFS,rainfall_mm,72,2026-08-30,2026-09-28,30,3.3041,7.0683,0.8992,-2.7391
WB_137,WB,Siliguri,NCEP GFS,temperature_c,72,2026-08-30,2026-09-28,30,1.6403,1.9824,0.7522,0.6034
WB_137,WB,Siliguri,NCEP GFS,wind_speed_kmh,72,2026-08-30,2026-09-28,30,2.2047,2.6865,0.6771,0.422
WB_137,WB,Siliguri,GFS ENSEMBLE,rainfall_mm,72,2026-08-30,2026-09-28,30,2.0555,3.9086,0.961,-0.1955
WB_137,WB,Siliguri,GFS ENSEMBLE,temperature_c,72,2026-08-30,2026-09-28,30,1.1823,1.4986,0.8206,0.2847
WB_137,WB,Siliguri,GFS ENSEMBLE,wind_speed_kmh,72,2026-08-30,2026-09-28,30,2.3864,3.097,0.5646,0.249
WB_137,WB,Siliguri,AIFS,rainfall_mm,72,2026-08-30,2026-09-28,30,3.0573,6.7009,0.8966,-0.6991
WB_137,WB,Siliguri,AIFS,temperature_c,72,2026-08-30,2026-09-28,30,1.2158,1.3979,0.8082,0.7664
WB_137,WB,Siliguri,AIFS,wind_speed_kmh,72,2026-08-30,2026-09-28,30,1.5585,1.9896,0.8597,-0.29
WB_137,WB,Siliguri,IFS,rainfall_mm,72,2026-08-30,2026-09-28,30,1.8058,4.2428,0.9557,-0.6091
WB_137,WB,Siliguri,IFS,temperature_c,72,2026-08-30,2026-09-28,30,1.1501,1.6314,0.6279,0.245
WB_137,WB,Siliguri,IFS,wind_speed_kmh,72,2026-08-30,2026-09-28,30,1.7429,2.0458,0.8433,0.5534
WB_138,WB,Asansol,NCEP GFS,rainfall_mm,24,2026-08-30,2026-09-28,30,0.8098,1.6474,0.9521,-0.1559
WB_138,WB,Asansol,NCEP GFS,temperature_c,24,2026-08-30,2026-09-28,30,0.9948,1.3,0.6711,0.2573
WB_138,WB,Asansol,NCEP GFS,wind_speed_kmh,24,2026-08-30,2026-09-28,30,2.0751,2.5872,0.7741,0.779
WB_138,WB,Asansol,GFS ENSEMBLE,rainfall_mm,24,2026-08-30,2026-09-28,30,0.6982,1.2641,0.9672,0.0371
WB_138,WB,Asansol,GFS ENSEMBLE,temperature_c,24,2026-08-30,2026-09-28,30,0.8207,1.0902,0.8435,-0.1817
WB_138,WB,Asansol,GFS ENSEMBLE,wind_speed_kmh,24,2026-08-30,2026-09-28,30,1.4393,1.7578,0.8529,0.5477
WB_138,WB,Asansol,AIFS,rainfall_mm,24,2026-08-30,2026-09-28,30,0.5313,0.9027,0.9841,0.1827
WB_138,WB,Asansol,AIFS,temperature_c,24,2026-08-30,2026-09-28,30,0.5681,0.6845,0.8672,-0.0574
WB_138,WB,Asansol,AIFS,wind_speed_kmh,24,2026-08-30,2026-09-28,30,1.4964,1.7528,0.8541,0.4407
WB_138,WB,Asansol,IFS,rainfall_mm,24,2026-08-30,2026-09-28,30,0.4909,1.1528,0.9831,0.2664
WB_138,WB,Asansol,IFS,temperature_c,24,2026-08-30,2026-09-28,30,0.7761,0.8952,0.8078,0.0139
WB_138,WB,Asansol,IFS,wind_speed_kmh,24,2026-08-30,2026-09-28,30,1.2828,1.6536,0.8924,0.0897
WB_138,WB,Asansol,NCEP GFS,rainfall_mm,48,2026-08-30,2026-09-28,30,0.7877,1.5546,0.9507,-0.1099
WB_138,WB,Asansol,NCEP GFS,temperature_c,48,2026-08-30,2026-09-28,30,1.2478,1.7959,0.6185,0.2446
WB_138,WB,Asansol,NCEP GFS,wind_speed_kmh,48,2026-08-30,2026-09-28,30,1.7955,2.4448,0.7596,0.3217
WB_138,WB,Asansol,GFS ENSEMBLE,rainfall_mm,48,2026-08-30,2026-09-28,30,0.832,1.4546,0.9704,0.5654
WB_138,WB,Asansol,GFS ENSEMBLE,temperature_c,48,2026-08-30,2026-09-28,30,0.7777,1.0518,0.7805,0.1389
WB_138,WB,Asansol,GFS ENSEMBLE,wind_speed_kmh,48,2026-08-30,2026-09-28,30,2.0282,2.4461,0.7642,0.8843
WB_138,WB,Asansol,AIFS,rainfall_mm,48,2026-08-30,2026-09-28,30,0.8202,1.5806,0.9839,0.7697
WB_138,WB,Asansol,AIFS,temperature_c,48,2026-08-30,2026-09-28,30,0.7546,0.9061,0.8425,0.2116
WB_138,WB,Asansol,AIFS,wind_speed_kmh,48,2026-08-30,2026-09-28,30,1.3596,1.7532,0.8123,0.0143
WB_138,WB,Asansol,IFS,rainfall_mm,48,2026-08-30,2026-09-28,30,1.0748,1.9367,0.9407,0.5427
WB_138,WB,Asansol,IFS,temperature_c,48,2026-08-30,2026-09-28,30,0.856,1.0328,0.8472,-0.0384
WB_138,WB,Asansol,IFS,wind_speed_kmh,48,2026-08-30,2026-09-28,30,1.8033,2.2148,0.7793,0.299
WB_138,WB,Asansol,NCEP GFS,rainfall_mm,72,2026-08-30,2026-09-28,30,1.0759,1.7483,0.9379,0.1991
WB_138,WB,Asansol,NCEP GFS,temperature_c,72,2026-08-30,2026-09-28,30,1.2741,1.5878,0.7169,0.2973
WB_138,WB,Asansol,NCEP GFS,wind_speed_kmh,72,2026-08-30,2026-09-28,30,2.3576,3.0064,0.6314,-0.2317
WB_138,WB,Asansol,GFS ENSEMBLE,rainfall_mm,72,2026-08-30,2026-09-28,30,0.652,1.0873,0.9778,-0.2043
WB_138,WB,Asansol,GFS ENSEMBLE,temperature_c,72,2026-08-30,2026-09-28,30,0.9889,1.2442,0.8325,-0.0561
WB_138,WB,Asansol,GFS ENSEMBLE,wind_speed_kmh,72,2026-08-30,2026-09-28,30,2.0059,2.4512,0.6814,-0.115
WB_138,WB,Asansol,AIFS,rainfall_mm,72,2026-08-30,2026-09-28,30,0.896,1.5914,0.9601,0.4414
WB_138,WB,Asansol,AIFS,temperature_c,72,2026-08-30,2026-09-28,30,0.9397,1.154,0.7258,0.0259
WB_138,WB,Asansol,AIFS,wind_speed_kmh,72,2026-08-30,2026-09-28,30,1.683,2.1636,0.776,-0.497
WB_138,WB,Asansol,IFS,rainfall_mm,72,2026-08-30,2026-09-28,30,0.6832,1.1394,0.9736,-0.0943
WB_138,WB,Asansol,IFS,temperature_c,72,2026-08-30,2026-09-28,30,1.0613,1.2043,0.8401,0.5866
WB_138,WB,Asansol,IFS,wind_speed_kmh,72,2026-08-30,2026-09-28,30,1.9978,2.5279,0.7892,0.1183
WB_139,WB,Durgapur,NCEP GFS,rainfall_mm,24,2026-08-30,2026-09-28,30,1.8167,4.0183,0.9891,-1.1415
WB_139,WB,Durgapur,NCEP GFS,temperature_c,24,2026-08-30,2026-09-28,30,0.9046,1.0967,0.8653,-0.0204
WB_139,WB,Durgapur,NCEP GFS,wind_speed_kmh,24,2026-08-30,2026-09-28,30,1.5309,1.9657,0.8013,0.5273
WB_139,WB,Durgapur,GFS ENSEMBLE,rainfall_mm,24,2026-08-30,2026-09-28,30,2.1324,6.4526,0.9864,1.0632
WB_139,WB,Durgapur,GFS ENSEMBLE,temperature_c,24,2026-08-30,2026-09-28,30,0.5591,0.6969,0.881,0.2032
WB_139,WB,Durgapur,GFS ENSEMBLE,wind_speed_kmh,24,2026-08-30,2026-09-28,30,1.7421,2.1119,0.7988,0.4143
WB_139,WB,Durgapur,AIFS,rainfall_mm,24,2026-08-30,2026-09-28,30,2.4906,5.3295,0.9666,0.0538
WB_139,WB,Durgapur,AIFS,temperature_c,24,2026-08-30,2026-09-28,30,0.6729,0.8096,0.8416,-0.2051
WB_139,WB,Durgapur,AIFS,wind_speed_kmh,24,2026-08-30,2026-09-28,30,1.1306,1.4568,0.8945,0.0653
WB_139,WB,Durgapur,IFS,rainfall_mm,24,2026-08-30,2026-09-28,30,1.2578,2.8914,0.9969,-0.4802
WB_139,WB,Durgapur,IFS,temperature_c,24,2026-08-30,2026-09-28,30,0.6164,0.7781,0.8895,0.0972
WB_139,WB,Durgapur,IFS,wind_speed_kmh,24,2026-08-30,2026-09-28,30,1.2427,1.5637,0.8867,0.3243
WB_139,WB,Durgapur,NCEP GFS,rainfall_mm,48,2026-08-30,2026-09-28,30,3.7976,11.0543,0.8674,-2.0658
WB_139,WB,Durgapur,NCEP GFS,temperature_c,48,2026-08-30,2026-09-28,30,1.2182,1.3988,0.625,0.5049
WB_139,WB,Durgapur,NCEP GFS,wind_speed_kmh,48,2026-08-30,2026-09-28,30,2.7175,3.1666,0.625,0.1933
WB_139,WB,Durgapur,GFS ENSEMBLE,rainfall_mm,48,2026-08-30,2026-09-28,30,2.0248,3.9848,0.9949,-1.4878
WB_139,WB,Durgapur,GFS ENSEMBLE,temperature_c,48,2026-08-30,2026-09-28,30,0.9879,1.2203,0.6932,0.3866
WB_139,WB,Durgapur,GFS ENSEMBLE,wind_speed_kmh,48,2026-08-30,2026-09-28,30,1.721,2.1253,0.7778,0.019
WB_139,WB,Durgapur,AIFS,rainfall_mm,48,2026-08-30,2026-09-28,30,1.5749,2.7349,0.9942,-0.1085
WB_139,WB,Durgapur,AIFS,temperature_c,48,2026-08-30,2026-09-28,30,0.6233,0.7767,0.8347,0.0802
WB_139,WB,Durgapur,AIFS,wind_speed_kmh,48,2026-08-30,2026-09-28,30,1.5116,1.8613,0.8665,0.1307
WB_139,WB,Durgapur,IFS,rainfall_mm,48,2026-08-30,2026-09-28,30,2.4268,5.5741,0.9762,0.4452
WB_139,WB,Durgapur,IFS,temperature_c,48,2026-08-30,2026-09-28,30,0.5347,0.678,0.8602,0.0956
WB_139,WB,Durgapur,IFS,wind_speed_kmh,48,2026-08-30,2026-09-28,30,1.4447,1.8426,0.8489,0.4087
WB_139,WB,Durgapur,NCEP GFS,rainfall_mm,72,2026-08-30,2026-09-28,30,2.7657,5.6393,0.9645,-0.1625
WB_139,WB,Durgapur,NCEP GFS,temperature_c,72,2026-08-30,2026-09-28,30,1.3344,1.6274,0.4024,0.4499
WB_139,WB,Durgapur,NCEP GFS,wind_speed_kmh,72,2026-08-30,2026-09-28,30,2.4741,3.2055,0.5983,0.779
WB_139,WB,Durgapur,GFS ENSEMBLE,rainfall_mm,72,2026-08-30,2026-09-28,30,5.2505,14.5089,0.7854,-3.7918
WB_139,WB,Durgapur,GFS ENSEMBLE,temperature_c,72,2026-08-30,2026-09-28,30,1.0967,1.4305,0.6171,0.6316
WB_139,WB,Durgapur,GFS ENSEMBLE,wind_speed_kmh,72,2026-08-30,2026-09-28,30,2.4638,3.0074,0.6986,1.0543
WB_139,WB,Durgapur,AIFS,rainfall_mm,72,2026-08-30,2026-09-28,30,2.993,6.9984,0.9716,-1.5218
WB_139,WB,Durgapur,AIFS,temperature_c,72,2026-08-30,2026-09-28,30,0.6588,0.8011,0.8445,0.0959
WB_139,WB,Durgapur,AIFS,wind_speed_kmh,72,2026-08-30,2026-09-28,30,1.6766,2.225,0.795,0.064
WB_139,WB,Durgapur,IFS,rainfall_mm,72,2026-08-30,2026-09-28,30,3.003,7.6583,0.947,-0.4408
WB_139,WB,Durgapur,IFS,temperature_c,72,2026-08-30,2026-09-28,30,1.1059,1.2183,0.5831,-0.0771
WB_139,WB,Durgapur,IFS,wind_speed_kmh,72,2026-08-30,2026-09-28,30,1.476,1.9767,0.8229,0.5203
WB_140,WB,Darjeeling,NCEP GFS,rainfall_mm,24,2026-08-30,2026-09-28,30,2.1336,4.5858,0.9761,-0.2833
WB_140,WB,Darjeeling,NCEP GFS,temperature_c,24,2026-08-30,2026-09-28,30,0.8126,0.9996,0.8643,0.0052
WB_140,WB,Darjeeling,NCEP GFS,wind_speed_kmh,24,2026-08-30,2026-09-28,30,2.0234,2.3669,0.7995,1.1694
WB_140,WB,Darjeeling,GFS ENSEMBLE,rainfall_mm,24,2026-08-30,2026-09-28,30,1.7383,3.6559,0.986,-0.3976
WB_140,WB,Darjeeling,GFS ENSEMBLE,temperature_c,24,2026-08-30,2026-09-28,30,0.7477,0.9048,0.8793,0.4222
WB_140,WB,Darjeeling,GFS ENSEMBLE,wind_speed_kmh,24,2026-08-30,2026-09-28,30,1.3099,1.6776,0.8757,0.0987
WB_140,WB,Darjeeling,AIFS,rainfall_mm,24,2026-08-30,2026-09-28,30,1.6573,3.6509,0.9849,0.6104
WB_140,WB,Darjeeling,AIFS,temperature_c,24,2026-08-30,2026-09-28,30,0.4794,0.6348,0.8759,-0.0664
WB_140,WB,Darjeeling,AIFS,wind_speed_kmh,24,2026-08-30,2026-09-28,30,1.4016,1.6016,0.8832,0.354
WB_140,WB,Darjeeling,IFS,rainfall_mm,24,2026-08-30,2026-09-28,30,1.7771,4.3879,0.979,-0.2356
WB_140,WB,Darjeeling,IFS,temperature_c,24,2026-08-30,2026-09-28,30,0.7499,0.8823,0.8897,-0.0191
WB_140,WB,Darjeeling,IFS,wind_speed_kmh,24,2026-08-30,2026-09-28,30,1.2306,1.5009,0.9185,0.4374
WB_140,WB,Darjeeling,NCEP GFS,rainfall_mm,48,2026-08-30,2026-09-28,30,4.1513,9.7109,0.9672,-3.304
WB_140,WB,Darjeeling,NCEP GFS,temperature_c,48,2026-08-30,2026-09-28,30,1.3127,1.6225,0.6021,-0.0321
WB_140,WB,Darjeeling,NCEP GFS,wind_speed_kmh,48,2026-08-30,2026-09-28,30,1.9819,2.4341,0.7746,1.2367
WB_140,WB,Darjeeling,GFS ENSEMBLE,rainfall_mm,48,2026-08-30,2026-09-28,30,3.7411,9.3597,0.9127,-2.6026
WB_140,WB,Darjeeling,GFS ENSEMBLE,temperature_c,48,2026-08-30,2026-09-28,30,0.8631,1.0573,0.7578,0.3109
WB_140,WB,Darjeeling,GFS ENSEMBLE,wind_speed_kmh,48,2026-08-30,2026-09-28,30,1.4509,1.8472,0.8641,0.876
WB_140,WB,Darjeeling,AIFS,rainfall_mm,48,2026-08-30,2026-09-28,30,1.8312,4.4047,0.9777,-0.3393
WB_140,WB,Darjeeling,AIFS,temperature_c,48,2026-08-30,2026-09-28,30,0.866,1.078,0.7659,-0.0734
WB_140,WB,Darjeeling,AIFS,wind_speed_kmh,48,2026-08-30,2026-09-28,30,1.379,1.7382,0.8567,-0.1793
WB_140,WB,Darjeeling,IFS,rainfall_mm,48,2026-08-30,2026-09-28,30,1.9752,3.6805,0.9893,-0.6946
WB_140,WB,Darjeeling,IFS,temperature_c,48,2026-08-30,2026-09-28,30,0.9,1.2396,0.6693,0.0622
WB_140,WB,Darjeeling,IFS,wind_speed_kmh,48,2026-08-30,2026-09-28,30,1.6989,2.1925,0.7931,-0.285
WB_140,WB,Darjeeling,NCEP GFS,rainfall_mm,72,2026-08-30,2026-09-28,30,3.9399,10.6065,0.8646,-0.9463
WB_140,WB,Darjeeling,NCEP GFS,temperature_c,72,2026-08-30,2026-09-28,30,1.2427,1.4685,0.6579,-0.0211
WB_140,WB,Darjeeling,NCEP GFS,wind_speed_kmh,72,2026-08-30,2026-09-28,30,2.5762,3.4407,0.7963,0.3634
WB_140,WB,Darjeeling,GFS ENSEMBLE,rainfall_mm,72,2026-08-30,2026-09-28,30,2.7033,4.6585,0.9752,-0.5743
WB_140,WB,Darjeeling,GFS ENSEMBLE,temperature_c,72,2026-08-30,2026-09-28,30,1.13,1.3792,0.6145,0.2746
WB_140,WB,Darjeeling,GFS ENSEMBLE,wind_speed_kmh,72,2026-08-30,2026-09-28,30,1.9456,2.5991,0.7213,0.28
WB_140,WB,Darjeeling,AIFS,rainfall_mm,72,2026-08-30,2026-09-28,30,1.3836,2.3183,0.9941,-0.021
WB_140,WB,Darjeeling,AIFS,temperature_c,72,2026-08-30,2026-09-28,30,0.9254,1.2004,0.8299,-0.2038
WB_140,WB,Darjeeling,AIFS,wind_speed_kmh,72,2026-08-30,2026-09-28,30,1.4236,1.9029,0.8502,-0.0043
WB_140,WB,Darjeeling,IFS,rainfall_mm,72,2026-08-30,2026-09-28,30,2.6629,5.6661,0.9688,-1.8523
WB_140,WB,Darjeeling,IFS,temperature_c,72,2026-08-30,2026-09-28,30,0.8574,1.1434,0.7016,-0.1601
WB_140,WB,Darjeeling,IFS,wind_speed_kmh,72,2026-08-30,2026-09-28,30,1.1274,1.5847,0.9024,0.0637
DL_141,DL,New Delhi,NCEP GFS,rainfall_mm,24,2026-08-30,2026-09-28,30,0.608,1.309,0.9711,0.129
DL_141,DL,New Delhi,NCEP GFS,temperature_c,24,2026-08-30,2026-09-28,30,0.5816,0.7435,0.8607,0.1423
DL_141,DL,New Delhi,NCEP GFS,wind_speed_kmh,24,2026-08-30,2026-09-28,30,1.9077,2.2464,0.8341,0.398
DL_141,DL,New Delhi,GFS ENSEMBLE,rainfall_mm,24,2026-08-30,2026-09-28,30,0.5889,1.3286,0.974,-0.1456
DL_141,DL,New Delhi,GFS ENSEMBLE,temperature_c,24,2026-08-30,2026-09-28,30,0.637,0.7707,0.8209,0.1993
DL_141,DL,New Delhi,GFS ENSEMBLE,wind_speed_kmh,24,2026-08-30,2026-09-28,30,1.2106,1.5311,0.9121,0.0234
DL_141,DL,New Delhi,AIFS,rainfall_mm,24,2026-08-30,2026-09-28,30,0.56,1.3845,0.9741,0.2987
DL_141,DL,New Delhi,AIFS,temperature_c,24,2026-08-30,2026-09-28,30,0.6768,0.8237,0.8307,-0.0414
DL_141,DL,New Delhi,AIFS,wind_speed_kmh,24,2026-08-30,2026-09-28,30,1.3134,1.6476,0.8764,-0.3503
DL_141,DL,New Delhi,IFS,rainfall_mm,24,2026-08-30,2026-09-28,30,0.4671,1.5103,0.9902,0.3787
DL_141,DL,New Delhi,IFS,temperature_c,24,2026-08-30,2026-09-28,30,0.8421,1.0255,0.8309,-0.2217
DL_141,DL,New Delhi,IFS,wind_speed_kmh,24,2026-08-30,2026-09-28,30,1.2941,1.5534,0.9316,0.1857
DL_141,DL,New Delhi,NCEP GFS,rainfall_mm,48,2026-08-30,2026-09-28,30,0.937,2.4545,0.9327,-0.61
DL_141,DL,New Delhi,NCEP GFS,temperature_c,48,2026-08-30,2026-09-28,30,1.1087,1.4635,0.7545,0.285
DL_141,DL,New Delhi,NCEP GFS,wind_speed_kmh,48,2026-08-30,2026-09-28,30,2.319,3.2007,0.6832,0.4407
DL_141,DL,New Delhi,GFS ENSEMBLE,rainfall_mm,48,2026-08-30,2026-09-28,30,0.7058,1.3552,0.9718,0.3287
DL_141,DL,New Delhi,GFS ENSEMBLE,temperature_c,48,2026-08-30,2026-09-28,30,0.9236,1.1239,0.7376,-0.0427
DL_141,DL,New Delhi,GFS ENSEMBLE,wind_speed_kmh,48,2026-08-30,2026-09-28,30,1.8632,2.3521,0.7958,-0.2443
DL_141,DL,New Delhi,AIFS,rainfall_mm,48,2026-08-30,2026-09-28,30,0.4194,0.976,0.9836,-0.0456
DL_141,DL,New Delhi,AIFS,temperature_c,48,2026-08-30,2026-09-28,30,0.826,1.0677,0.7767,-0.0824
DL_141,DL,New Delhi,AIFS,wind_speed_kmh,48,2026-08-30,2026-09-28,30,1.517,1.9301,0.882,0.5297
DL_141,DL,New Delhi,IFS,rainfall_mm,48,2026-08-30,2026-09-28,30,0.8534,1.647,0.9663,0.508
DL_141,DL,New Delhi,IFS,temperature_c,48,2026-08-30,2026-09-28,30,0.8298,0.9912,0.7481,0.0146
DL_141,DL,New Delhi,IFS,wind_speed_kmh,48,2026-08-30,2026-09-28,30,1.6118,1.9886,0.8327,0.1164
DL_141,DL,New Delhi,NCEP GFS,rainfall_mm,72,2026-08-30,2026-09-28,30,1.0271,1.8029,0.9548,0.5447
DL_141,DL,New Delhi,NCEP GFS,temperature_c,72,2026-08-30,2026-09-28,30,1.6998,2.0818,0.4489,0.18
DL_141,DL,New Delhi,NCEP GFS,wind_speed_kmh,72,2026-08-30,2026-09-28,30,2.6243,3.2586,0.7537,0.7477
DL_141,DL,New Delhi,GFS ENSEMBLE,rainfall_mm,72,2026-08-30,2026-09-28,30,0.4876,1.0756,0.9861,0.2387
DL_141,DL,New Delhi,GFS ENSEMBLE,temperature_c,72,2026-08-30,2026-09-28,30,0.7736,1.0057,0.74,-0.0087
DL_141,DL,New Delhi,GFS ENSEMBLE,wind_speed_kmh,72,2026-08-30,2026-09-28,30,1.9377,2.3726,0.8025,1.0277
DL_141,DL,New Delhi,AIFS,rainfall_mm,72,2026-08-30,2026-09-28,30,0.6045,1.5962,0.9867,-0.392
DL_141,DL,New Delhi,AIFS,temperature_c,72,2026-08-30,2026-09-28,30,0.9516,1.1506,0.7565,0.117
DL_141,DL,New Delhi,AIFS,wind_speed_kmh,72,2026-08-30,2026-09-28,30,1.8402,2.2897,0.8077,0.1247
DL_141,DL,New Delhi,IFS,rainfall_mm,72,2026-08-30,2026-09-28,30,0.8906,1.7737,0.9508,0.1254
DL_141,DL,New Delhi,IFS,temperature_c,72,2026-08-30,2026-09-28,30,1.1436,1.4927,0.6831,0.087
DL_141,DL,New Delhi,IFS,wind_speed_kmh,72,2026-08-30,2026-09-28,30,1.7604,2.1637,0.8451,0.8737
DL_142,DL,North Delhi,NCEP GFS,rainfall_mm,24,2026-08-30,2026-09-28,30,0.7863,1.842,0.9659,-0.5292
DL_142,DL,North Delhi,NCEP GFS,temperature_c,24,2026-08-30,2026-09-28,30,0.9683,1.1571,0.6554,-0.15
DL_142,DL,North Delhi,NCEP GFS,wind_speed_kmh,24,2026-08-30,2026-09-28,30,1.6327,2.1094,0.7654,0.1385
DL_142,DL,North Delhi,GFS ENSEMBLE,rainfall_mm,24,2026-08-30,2026-09-28,30,0.5335,1.2342,0.9695,-0.0345
DL_142,DL,North Delhi,GFS ENSEMBLE,temperature_c,24,2026-08-30,2026-09-28,30,0.7387,0.8644,0.8635,0.2093
DL_142,DL,North Delhi,GFS ENSEMBLE,wind_speed_kmh,24,2026-08-30,2026-09-28,30,1.3091,1.7535,0.8138,0.3149
DL_142,DL,North Delhi,AIFS,rainfall_mm,24,2026-08-30,2026-09-28,30,0.4278,1.1908,0.9773,-0.2745
DL_142,DL,North Delhi,AIFS,temperature_c,24,2026-08-30,2026-09-28,30,0.7645,0.8581,0.8134,-0.4213
DL_142,DL,North Delhi,AIFS,wind_speed_kmh,24,2026-08-30,2026-09-28,30,1.4622,1.838,0.8965,-0.1718
DL_142,DL,North Delhi,IFS,rainfall_mm,24,2026-08-30,2026-09-28,30,0.2519,0.492,0.9975,0.2068
DL_142,DL,North Delhi,IFS,temperature_c,24,2026-08-30,2026-09-28,30,0.756,0.9645,0.777,0.1617
DL_142,DL,North Delhi,IFS,wind_speed_kmh,24,2026-08-30,2026-09-28,30,1.2699,1.5195,0.8432,0.0825
DL_142,DL,North Delhi,NCEP GFS,rainfall_mm,48,2026-08-30,2026-09-28,30,0.6393,1.254,0.9676,0.1695
DL_142,DL,North Delhi,NCEP GFS,temperature_c,48,2026-08-30,2026-09-28,30,1.3162,1.5553,0.6893,0.1053
DL_142,DL,North Delhi,NCEP GFS,wind_speed_kmh,48,2026-08-30,2026-09-28,30,2.5161,3.1457,0.6475,1.0549
DL_142,DL,North Delhi,GFS ENSEMBLE,rainfall_mm,48,2026-08-30,2026-09-28,30,0.768,1.4232,0.9576,-0.1308
DL_142,DL,North Delhi,GFS ENSEMBLE,temperature_c,48,2026-08-30,2026-09-28,30,0.8276,1.0028,0.7909,0.1163
DL_142,DL,North Delhi,GFS ENSEMBLE,wind_speed_kmh,48,2026-08-30,2026-09-28,30,2.0043,2.5268,0.7169,0.6289
DL_142,DL,North Delhi,AIFS,rainfall_mm,48,2026-08-30,2026-09-28,30,0.8899,1.5015,0.9626,0.5265
DL_142,DL,North Delhi,AIFS,temperature_c,48,2026-08-30,2026-09-28,30,0.8921,1.098,0.7149,0.014
DL_142,DL,North Delhi,AIFS,wind_speed_kmh,48,2026-08-30,2026-09-28,30,1.4287,1.8161,0.8945,-0.1071
DL_142,DL,North Delhi,IFS,rainfall_mm,48,2026-08-30,2026-09-28,30,0.4791,0.9555,0.9814,0.0585
DL_142,DL,North Delhi,IFS,temperature_c,48,2026-08-30,2026-09-28,30,0.831,1.0364,0.6335,0.0803
DL_142,DL,North Delhi,IFS,wind_speed_kmh,48,2026-08-30,2026-09-28,30,1.3061,1.7966,0.8247,0.5939
DL_142,DL,North Delhi,NCEP GFS,rainfall_mm,72,2026-08-30,2026-09-28,30,0.6331,1.2517,0.9681,0.1078
DL_142,DL,North Delhi,NCEP GFS,temperature_c,72,2026-08-30,2026-09-28,30,1.5242,1.8415,0.6135,0.717
DL_142,DL,North Delhi,NCEP GFS,wind_speed_kmh,72,2026-08-30,2026-09-28,30,2.5743,3.1388,0.7504,1.9595
DL_142,DL,North Delhi,GFS ENSEMBLE,rainfall_mm,72,2026-08-30,2026-09-28,30,1.0889,1.9648,0.9169,0.0018
DL_142,DL,North Delhi,GFS ENSEMBLE,temperature_c,72,2026-08-30,2026-09-28,30,1.1264,1.3913,0.6806,0.1593
DL_142,DL,North Delhi,GFS ENSEMBLE,wind_speed_kmh,72,2026-08-30,2026-09-28,30,2.4603,2.9532,0.6639,0.9769
DL_142,DL,North Delhi,AIFS,rainfall_mm,72,2026-08-30,2026-09-28,30,1.0913,1.832,0.9609,0.9115
DL_142,DL,North Delhi,AIFS,temperature_c,72,2026-08-30,2026-09-28,30,0.8762,1.1409,0.6721,-0.2033
DL_142,DL,North Delhi,AIFS,wind_speed_kmh,72,2026-08-30,2026-09-28,30,1.7322,2.0269,0.7651,-0.5148
DL_142,DL,North Delhi,IFS,rainfall_mm,72,2026-08-30,2026-09-28,30,0.7745,1.5226,0.9545,0.4082
DL_142,DL,North Delhi,IFS,temperature_c,72,2026-08-30,2026-09-28,30,0.972,1.1419,0.6049,0.065
DL_142,DL,North Delhi,IFS,wind_speed_kmh,72,2026-08-30,2026-09-28,30,2.1558,2.7043,0.6766,0.1562
DL_143,DL,South Delhi,NCEP GFS,rainfall_mm,24,2026-08-30,2026-09-28,30,0.5632,1.3048,0.9403,-0.0128
DL_143,DL,South Delhi,NCEP GFS,temperature_c,24,2026-08-30,2026-09-28,30,0.979,1.2725,0.6124,0.199
DL_143,DL,South Delhi,NCEP GFS,wind_speed_kmh,24,2026-08-30,2026-09-28,30,1.7617,2.1656,0.8301,0.5459
DL_143,DL,South Delhi,GFS ENSEMBLE,rainfall_mm,24,2026-08-30,2026-09-28,30,0.6127,1.0879,0.9631,0.0389
DL_143,DL,South Delhi,GFS ENSEMBLE,temperature_c,24,2026-08-30,2026-09-28,30,0.5638,0.7064,0.8658,0.0527
DL_143,DL,South Delhi,GFS ENSEMBLE,wind_speed_kmh,24,2026-08-30,2026-09-28,30,1.4232,1.9666,0.7167,0.4326
DL_143,DL,South Delhi,AIFS,rainfall_mm,24,2026-08-30,2026-09-28,30,0.6285,1.2192,0.9569,0.4285
DL_143,DL,South Delhi,AIFS,temperature_c,24,2026-08-30,2026-09-28,30,0.6358,0.8257,0.8277,-0.261
DL_143,DL,South Delhi,AIFS,wind_speed_kmh,24,2026-08-30,2026-09-28,30,1.4147,1.7575,0.8168,0.1456
DL_143,DL,South Delhi,IFS,rainfall_mm,24,2026-08-30,2026-09-28,30,0.8408,1.5214,0.9188,0.1259
DL_143,DL,South Delhi,IFS,temperature_c,24,2026-08-30,2026-09-28,30,0.6512,0.8457,0.8035,0.1994
DL_143,DL,South Delhi,IFS,wind_speed_kmh,24,2026-08-30,2026-09-28,30,1.09,1.4052,0.8384,0.2029
DL_143,DL,South Delhi,NCEP GFS,rainfall_mm,48,2026-08-30,2026-09-28,30,0.8284,1.6564,0.9083,-0.2451
DL_143,DL,South Delhi,NCEP GFS,temperature_c,48,2026-08-30,2026-09-28,30,1.2615,1.5478,0.6367,0.51
DL_143,DL,South Delhi,NCEP GFS,wind_speed_kmh,48,2026-08-30,2026-09-28,30,2.119,2.5421,0.6051,-0.1977
DL_143,DL,South Delhi,GFS ENSEMBLE,rainfall_mm,48,2026-08-30,2026-09-28,30,0.6557,1.3324,0.939,-0.1658
DL_143,DL,South Delhi,GFS ENSEMBLE,temperature_c,48,2026-08-30,2026-09-28,30,0.6296,0.7806,0.8363,-0.003
DL_143,DL,South Delhi,GFS ENSEMBLE,wind_speed_kmh,48,2026-08-30,2026-09-28,30,1.2222,1.4982,0.8131,-0.1397
DL_143,DL,South Delhi,AIFS,rainfall_mm,48,2026-08-30,2026-09-28,30,0.5193,1.0896,0.9741,-0.3755
DL_143,DL,South Delhi,AIFS,temperature_c,48,2026-08-30,2026-09-28,30,0.7064,0.8546,0.8004,-0.0773
DL_143,DL,South Delhi,AIFS,wind_speed_kmh,48,2026-08-30,2026-09-28,30,1.262,1.589,0.8515,0.4806
DL_143,DL,South Delhi,IFS,rainfall_mm,48,2026-08-30,2026-09-28,30,0.6838,1.2645,0.9459,0.1532
DL_143,DL,South Delhi,IFS,temperature_c,48,2026-08-30,2026-09-28,30,0.7793,0.9816,0.7628,0.1177
DL_143,DL,South Delhi,IFS,wind_speed_kmh,48,2026-08-30,2026-09-28,30,1.7399,2.1059,0.8212,-0.1737
DL_143,DL,South Delhi,NCEP GFS,rainfall_mm,72,2026-08-30,2026-09-28,30,1.2178,2.2178,0.8434,0.1452
DL_143,DL,South Delhi,NCEP GFS,temperature_c,72,2026-08-30,2026-09-28,30,1.1099,1.4764,0.5749,0.269
DL_143,DL,South Delhi,NCEP GFS,wind_speed_kmh,72,2026-08-30,2026-09-28,30,2.5431,3.0386,0.5036,0.7506
DL_143,DL,South Delhi,GFS ENSEMBLE,rainfall_mm,72,2026-08-30,2026-09-28,30,0.6556,1.1837,0.9654,0.2535
DL_143,DL,South Delhi,GFS ENSEMBLE,temperature_c,72,2026-08-30,2026-09-28,30,0.9773,1.3382,0.6339,0.0144
DL_143,DL,South Delhi,GFS ENSEMBLE,wind_speed_kmh,72,2026-08-30,2026-09-28,30,1.8734,2.3245,0.6668,0.2509
DL_143,DL,South Delhi,AIFS,rainfall_mm,72,2026-08-30,2026-09-28,30,0.8202,1.6027,0.9231,-0.3428
DL_143,DL,South Delhi,AIFS,temperature_c,72,2026-08-30,2026-09-28,30,0.918,1.0433,0.7588,-0.261
DL_143,DL,South Delhi,AIFS,wind_speed_kmh,72,2026-08-30,2026-09-28,30,1.9778,2.4356,0.7301,-0.1764
DL_143,DL,South Delhi,IFS,rainfall_mm,72,2026-08-30,2026-09-28,30,0.6532,1.3576,0.9355,-0.0375
DL_143,DL,South Delhi,IFS,temperature_c,72,2026-08-30,2026-09-28,30,0.9143,1.0785,0.7519,-0.1313
DL_143,DL,South Delhi,IFS,wind_speed_kmh,72,2026-08-30,2026-09-28,30,1.3581,1.8701,0.8103,0.5689
DL_144,DL,East Delhi,NCEP GFS,rainfall_mm,24,2026-08-30,2026-09-28,30,0.6384,1.1625,0.9905,0.3564
DL_144,DL,East Delhi,NCEP GFS,temperature_c,24,2026-08-30,2026-09-28,30,1.1044,1.4446,0.5941,0.4054
DL_144,DL,East Delhi,NCEP GFS,wind_speed_kmh,24,2026-08-30,2026-09-28,30,1.7663,2.228,0.7828,0.3156
DL_144,DL,East Delhi,GFS ENSEMBLE,rainfall_mm,24,2026-08-30,2026-09-28,30,1.2824,2.6668,0.905,-0.2459
DL_144,DL,East Delhi,GFS ENSEMBLE,temperature_c,24,2026-08-30,2026-09-28,30,0.6636,0.8649,0.6571,0.1967
DL_144,DL,East Delhi,GFS ENSEMBLE,wind_speed_kmh,24,2026-08-30,2026-09-28,30,1.3173,1.5468,0.8874,-0.0994
DL_144,DL,East Delhi,AIFS,rainfall_mm,24,2026-08-30,2026-09-28,30,0.3769,0.899,0.9893,-0.0633
DL_144,DL,East Delhi,AIFS,temperature_c,24,2026-08-30,2026-09-28,30,0.6644,0.8162,0.6245,-0.0863
DL_144,DL,East Delhi,AIFS,wind_speed_kmh,24,2026-08-30,2026-09-28,30,1.632,1.9021,0.8499,0.1082
DL_144,DL,East Delhi,IFS,rainfall_mm,24,2026-08-30,2026-09-28,30,0.3752,0.6669,0.9945,0.1397
DL_144,DL,East Delhi,IFS,temperature_c,24,2026-08-30,2026-09-28,30,0.5765,0.6985,0.6838,-0.0673
DL_144,DL,East Delhi,IFS,wind_speed_kmh,24,2026-08-30,2026-09-28,30,1.4889,1.7614,0.9097,0.7696
DL_144,DL,East Delhi,NCEP GFS,rainfall_mm,48,2026-08-30,2026-09-28,30,0.7405,1.3784,0.9804,-0.3323
DL_144,DL,East Delhi,NCEP GFS,temperature_c,48,2026-08-30,2026-09-28,30,1.3125,1.6386,0.387,0.3867
DL_144,DL,East Delhi,NCEP GFS,wind_speed_kmh,48,2026-08-30,2026-09-28,30,2.1699,2.7739,0.757,0.5559
DL_144,DL,East Delhi,GFS ENSEMBLE,rainfall_mm,48,2026-08-30,2026-09-28,30,0.8888,1.9385,0.9476,-0.3796
DL_144,DL,East Delhi,GFS ENSEMBLE,temperature_c,48,2026-08-30,2026-09-28,30,0.6661,0.811,0.6943,-0.1276
DL_144,DL,East Delhi,GFS ENSEMBLE,wind_speed_kmh,48,2026-08-30,2026-09-28,30,1.9915,2.3292,0.8173,0.5946
DL_144,DL,East Delhi,AIFS,rainfall_mm,48,2026-08-30,2026-09-28,30,0.6117,1.0905,0.988,0.3281
DL_144,DL,East Delhi,AIFS,temperature_c,48,2026-08-30,2026-09-28,30,0.8282,1.0143,0.6565,0.1114
DL_144,DL,East Delhi,AIFS,wind_speed_kmh,48,2026-08-30,2026-09-28,30,1.9923,2.423,0.7633,-0.4558
DL_144,DL,East Delhi,IFS,rainfall_mm,48,2026-08-30,2026-09-28,30,0.6687,1.2803,0.9868,0.5477
DL_144,DL,East Delhi,IFS,temperature_c,48,2026-08-30,2026-09-28,30,0.7467,0.9193,0.7514,-0.2703
DL_144,DL,East Delhi,IFS,wind_speed_kmh,48,2026-08-30,2026-09-28,30,1.4695,2.0015,0.8459,0.4056
DL_144,DL,East Delhi,NCEP GFS,rainfall_mm,72,2026-08-30,2026-09-28,30,1.1796,2.827,0.8905,-0.7093
DL_144,DL,East Delhi,NCEP GFS,temperature_c,72,2026-08-30,2026-09-28,30,1.4287,1.7256,0.544,0.4481
DL_144,DL,East Delhi,NCEP GFS,wind_speed_kmh,72,2026-08-30,2026-09-28,30,2.4051,2.8985,0.7518,0.3042
DL_144,DL,East Delhi,GFS ENSEMBLE,rainfall_mm,72,2026-08-30,2026-09-28,30,1.1557,2.8389,0.8805,-0.2753
DL_144,DL,East Delhi,GFS ENSEMBLE,temperature_c,72,2026-08-30,2026-09-28,30,0.8706,1.0749,0.4722,0.0867
DL_144,DL,East Delhi,GFS ENSEMBLE,wind_speed_kmh,72,2026-08-30,2026-09-28,30,2.1156,2.5962,0.7538,0.6502
DL_144,DL,East Delhi,AIFS,rainfall_mm,72,2026-08-30,2026-09-28,30,0.8947,1.847,0.965,0.5837
DL_144,DL,East Delhi,AIFS,temperature_c,72,2026-08-30,2026-09-28,30,1.1219,1.3775,0.5076,0.3934
DL_144,DL,East Delhi,AIFS,wind_speed_kmh,72,2026-08-30,2026-09-28,30,1.4103,1.7557,0.869,0.0852
DL_144,DL,East Delhi,IFS,rainfall_mm,72,2026-08-30,2026-09-28,30,1.1872,2.4499,0.9272,-0.2743
DL_144,DL,East Delhi,IFS,temperature_c,72,2026-08-30,2026-09-28,30,0.9745,1.1366,0.5101,0.1447
DL_144,DL,East Delhi,IFS,wind_speed_kmh,72,2026-08-30,2026-09-28,30,1.5679,1.891,0.8303,0.1352
DL_145,DL,West Delhi,NCEP GFS,rainfall_mm,24,2026-08-30,2026-09-28,30,0.7074,1.3256,0.9854,-0.2889
DL_145,DL,West Delhi,NCEP GFS,temperature_c,24,2026-08-30,2026-09-28,30,1.1398,1.3879,0.5623,0.2688
DL_145,DL,West Delhi,NCEP GFS,wind_speed_kmh,24,2026-08-30,2026-09-28,30,2.0264,2.4914,0.7973,-0.269
DL_145,DL,West Delhi,GFS ENSEMBLE,rainfall_mm,24,2026-08-30,2026-09-28,30,0.7978,1.7892,0.9816,-0.1362
DL_145,DL,West Delhi,GFS ENSEMBLE,temperature_c,24,2026-08-30,2026-09-28,30,0.6341,0.7471,0.8654,0.3281
DL_145,DL,West Delhi,GFS ENSEMBLE,wind_speed_kmh,24,2026-08-30,2026-09-28,30,1.2032,1.5033,0.9186,-0.0266
DL_145,DL,West Delhi,AIFS,rainfall_mm,24,2026-08-30,2026-09-28,30,0.749,2.1907,0.988,0.4018
DL_145,DL,West Delhi,AIFS,temperature_c,24,2026-08-30,2026-09-28,30,0.5012,0.6638,0.8842,0.0001
DL_145,DL,West Delhi,AIFS,wind_speed_kmh,24,2026-08-30,2026-09-28,30,1.0042,1.2035,0.9509,-0.151
DL_145,DL,West Delhi,IFS,rainfall_mm,24,2026-08-30,2026-09-28,30,0.5472,1.0201,0.9912,0.0195
DL_145,DL,West Delhi,IFS,temperature_c,24,2026-08-30,2026-09-28,30,0.6277,0.7572,0.8598,-0.0359
DL_145,DL,West Delhi,IFS,wind_speed_kmh,24,2026-08-30,2026-09-28,30,1.3218,1.5518,0.9246,-0.1813
DL_145,DL,West Delhi,NCEP GFS,rainfall_mm,48,2026-08-30,2026-09-28,30,0.8758,1.8607,0.9697,0.0925
DL_145,DL,West Delhi,NCEP GFS,temperature_c,48,2026-08-30,2026-09-28,30,1.2563,1.4851,0.7009,0.6451
DL_145,DL,West Delhi,NCEP GFS,wind_speed_kmh,48,2026-08-30,2026-09-28,30,2.628,3.1987,0.6699,0.943
DL_145,DL,West Delhi,GFS ENSEMBLE,rainfall_mm,48,2026-08-30,2026-09-28,30,1.5601,4.0989,0.8924,-0.8942
DL_145,DL,West Delhi,GFS ENSEMBLE,temperature_c,48,2026-08-30,2026-09-28,30,0.7994,0.9708,0.784,0.0218
DL_145,DL,West Delhi,GFS ENSEMBLE,wind_speed_kmh,48,2026-08-30,2026-09-28,30,1.5533,2.0906,0.8403,0.3754
DL_145,DL,West Delhi,AIFS,rainfall_mm,48,2026-08-30,2026-09-28,30,1.1471,2.2831,0.9679,-0.1442
DL_145,DL,West Delhi,AIFS,temperature_c,48,2026-08-30,2026-09-28,30,0.9378,1.1015,0.6693,-0.1156
DL_145,DL,West Delhi,AIFS,wind_speed_kmh,48,2026-08-30,2026-09-28,30,1.8652,2.3143,0.8167,0.0134
DL_145,DL,West Delhi,IFS,rainfall_mm,48,2026-08-30,2026-09-28,30,1.0949,2.064,0.9726,0.6518
DL_145,DL,West Delhi,IFS,temperature_c,48,2026-08-30,2026-09-28,30,0.8135,1.0245,0.7123,-0.0032
DL_145,DL,West Delhi,IFS,wind_speed_kmh,48,2026-08-30,2026-09-28,30,1.5033,1.928,0.8735,0.2167
DL_145,DL,West Delhi,NCEP GFS,rainfall_mm,72,2026-08-30,2026-09-28,30,1.1558,2.2701,0.9664,-0.2409
DL_145,DL,West Delhi,NCEP GFS,temperature_c,72,2026-08-30,2026-09-28,30,1.3951,1.7354,0.6186,0.4754
DL_145,DL,West Delhi,NCEP GFS,wind_speed_kmh,72,2026-08-30,2026-09-28,30,2.4053,3.1787,0.7534,1.2544
DL_145,DL,West Delhi,GFS ENSEMBLE,rainfall_mm,72,2026-08-30,2026-09-28,30,1.0953,1.9941,0.9666,-0.0462
DL_145,DL,West Delhi,GFS ENSEMBLE,temperature_c,72,2026-08-30,2026-09-28,30,1.0628,1.3067,0.6988,0.3588
DL_145,DL,West Delhi,GFS ENSEMBLE,wind_speed_kmh,72,2026-08-30,2026-09-28,30,2.2726,2.8741,0.7658,0.917
DL_145,DL,West Delhi,AIFS,rainfall_mm,72,2026-08-30,2026-09-28,30,1.2313,3.1554,0.9675,-0.9225
DL_145,DL,West Delhi,AIFS,temperature_c,72,2026-08-30,2026-09-28,30,1.0221,1.24,0.7499,0.0841
DL_145,DL,West Delhi,AIFS,wind_speed_kmh,72,2026-08-30,2026-09-28,30,1.7566,2.3711,0.8327,0.685
DL_145,DL,West Delhi,IFS,rainfall_mm,72,2026-08-30,2026-09-28,30,0.9574,2.0751,0.9674,0.1531
DL_145,DL,West Delhi,IFS,temperature_c,72,2026-08-30,2026-09-28,30,1.1009,1.3005,0.6884,-0.0176
DL_145,DL,West Delhi,IFS,wind_speed_kmh,72,2026-08-30,2026-09-28,30,2.2658,2.8078,0.7557,0.2097
