location_id,state,city,terrain,valid_date,rainfall_mm,temperature_c,wind_speed_kmh
AP_001,AP,Visakhapatnam,coastal,2026-08-30,0.0,29.69,16.45
AP_001,AP,Visakhapatnam,coastal,2026-08-31,3.52,29.25,16.74
AP_001,AP,Visakhapatnam,coastal,2026-09-01,0.0,30.09,19.5
AP_001,AP,Visakhapatnam,coastal,2026-09-02,7.93,30.72,17.09
AP_001,AP,Visakhapatnam,coastal,2026-09-03,3.91,28.95,16.01
AP_001,AP,Visakhapatnam,coastal,2026-09-04,0.0,31.52,19.56
AP_001,AP,Visakhapatnam,coastal,2026-09-05,1.63,28.73,18.78
AP_001,AP,Visakhapatnam,coastal,2026-09-06,0.0,30.46,18.82
AP_001,AP,Visakhapatnam,coastal,2026-09-07,67.94,30.54,20.15
AP_001,AP,Visakhapatnam,coastal,2026-09-08,0.0,29.78,18.45
AP_001,AP,Visakhapatnam,coastal,2026-09-09,0.0,30.76,17.23
AP_001,AP,Visakhapatnam,coastal,2026-09-10,1.22,29.45,16.66
AP_001,AP,Visakhapatnam,coastal,2026-09-11,0.21,28.84,17.97
AP_001,AP,Visakhapatnam,coastal,2026-09-12,16.65,28.51,16.91
AP_001,AP,Visakhapatnam,coastal,2026-09-13,1.17,28.67,13.53
AP_001,AP,Visakhapatnam,coastal,2026-09-14,2.55,30.5,13.73
AP_001,AP,Visakhapatnam,coastal,2026-09-15,0.68,28.37,16.65
AP_001,AP,Visakhapatnam,coastal,2026-09-16,23.72,28.95,12.58
AP_001,AP,Visakhapatnam,coastal,2026-09-17,49.59,28.32,17.02
AP_001,AP,Visakhapatnam,coastal,2026-09-18,123.69,28.93,16.47
AP_001,AP,Visakhapatnam,coastal,2026-09-19,4.21,28.14,13.13
AP_001,AP,Visakhapatnam,coastal,2026-09-20,8.99,27.57,11.95
AP_001,AP,Visakhapatnam,coastal,2026-09-21,0.0,28.97,13.07
AP_001,AP,Visakhapatnam,coastal,2026-09-22,6.21,27.7,13.63
AP_001,AP,Visakhapatnam,coastal,2026-09-23,0.22,28.09,13.67
AP_001,AP,Visakhapatnam,coastal,2026-09-24,0.0,28.25,12.57
AP_001,AP,Visakhapatnam,coastal,2026-09-25,0.0,28.75,14.17
AP_001,AP,Visakhapatnam,coastal,2026-09-26,5.27,28.18,17.62
AP_001,AP,Visakhapatnam,coastal,2026-09-27,0.0,28.62,17.31
AP_001,AP,Visakhapatnam,coastal,2026-09-28,0.7,27.81,14.77
AP_002,AP,Vijayawada,inland,2026-08-30,0.0,29.9,13.93
AP_002,AP,Vijayawada,inland,2026-08-31,6.08,29.67,17.68
AP_002,AP,Vijayawada,inland,2026-09-01,0.0,30.16,14.44
AP_002,AP,Vijayawada,inland,2026-09-02,0.0,30.62,13.75
AP_002,AP,Vijayawada,inland,2026-09-03,5.25,30.39,14.56
AP_002,AP,Vijayawada,inland,2026-09-04,6.66,31.64,14.83
AP_002,AP,Vijayawada,inland,2026-09-05,0.0,31.34,14.22
AP_002,AP,Vijayawada,inland,2026-09-06,1.4,29.29,16.26
AP_002,AP,Vijayawada,inland,2026-09-07,2.41,30.57,14.17
AP_002,AP,Vijayawada,inland,2026-09-08,1.9,30.84,12.96
AP_002,AP,Vijayawada,inland,2026-09-09,0.0,31.0,12.12
AP_002,AP,Vijayawada,inland,2026-09-10,7.09,29.52,14.02
AP_002,AP,Vijayawada,inland,2026-09-11,0.63,29.35,14.42
AP_002,AP,Vijayawada,inland,2026-09-12,8.42,30.25,11.32
AP_002,AP,Vijayawada,inland,2026-09-13,0.0,29.35,9.27
AP_002,AP,Vijayawada,inland,2026-09-14,0.66,28.49,10.9
AP_002,AP,Vijayawada,inland,2026-09-15,0.0,27.72,10.4
AP_002,AP,Vijayawada,inland,2026-09-16,11.43,29.33,6.2
AP_002,AP,Vijayawada,inland,2026-09-17,43.02,27.46,11.81
AP_002,AP,Vijayawada,inland,2026-09-18,0.0,28.01,8.18
AP_002,AP,Vijayawada,inland,2026-09-19,0.0,26.6,5.66
AP_002,AP,Vijayawada,inland,2026-09-20,6.81,27.82,10.91
AP_002,AP,Vijayawada,inland,2026-09-21,0.0,28.21,10.05
AP_002,AP,Vijayawada,inland,2026-09-22,0.0,27.11,8.83
AP_002,AP,Vijayawada,inland,2026-09-23,11.81,30.26,11.64
AP_002,AP,Vijayawada,inland,2026-09-24,1.74,29.86,11.9
AP_002,AP,Vijayawada,inland,2026-09-25,0.0,28.96,11.1
AP_002,AP,Vijayawada,inland,2026-09-26,2.48,29.88,12.05
AP_002,AP,Vijayawada,inland,2026-09-27,0.0,30.32,11.92
AP_002,AP,Vijayawada,inland,2026-09-28,5.64,29.59,11.99
AP_003,AP,Guntur,inland,2026-08-30,0.0,30.37,11.72
AP_003,AP,Guntur,inland,2026-08-31,0.0,30.63,13.01
AP_003,AP,Guntur,inland,2026-09-01,0.0,30.98,14.16
AP_003,AP,Guntur,inland,2026-09-02,0.0,31.29,13.93
AP_003,AP,Guntur,inland,2026-09-03,2.9,30.99,11.62
AP_003,AP,Guntur,inland,2026-09-04,65.47,29.82,17.89
AP_003,AP,Guntur,inland,2026-09-05,0.85,30.23,12.82
AP_003,AP,Guntur,inland,2026-09-06,5.36,30.89,13.48
AP_003,AP,Guntur,inland,2026-09-07,2.6,31.51,13.17
AP_003,AP,Guntur,inland,2026-09-08,0.0,29.91,15.95
AP_003,AP,Guntur,inland,2026-09-09,0.0,30.16,14.28
AP_003,AP,Guntur,inland,2026-09-10,25.45,29.81,17.99
AP_003,AP,Guntur,inland,2026-09-11,0.0,28.81,14.91
AP_003,AP,Guntur,inland,2026-09-12,1.81,28.87,10.06
AP_003,AP,Guntur,inland,2026-09-13,5.29,28.58,15.28
AP_003,AP,Guntur,inland,2026-09-14,0.0,27.68,10.44
AP_003,AP,Guntur,inland,2026-09-15,0.31,28.4,8.63
AP_003,AP,Guntur,inland,2026-09-16,0.65,27.23,10.07
AP_003,AP,Guntur,inland,2026-09-17,0.46,27.51,8.66
AP_003,AP,Guntur,inland,2026-09-18,28.86,27.76,10.57
AP_003,AP,Guntur,inland,2026-09-19,23.39,26.95,9.23
AP_003,AP,Guntur,inland,2026-09-20,0.8,28.54,8.71
AP_003,AP,Guntur,inland,2026-09-21,5.17,29.11,8.5
AP_003,AP,Guntur,inland,2026-09-22,5.63,29.95,9.85
AP_003,AP,Guntur,inland,2026-09-23,0.0,28.46,9.72
AP_003,AP,Guntur,inland,2026-09-24,12.24,29.43,9.76
AP_003,AP,Guntur,inland,2026-09-25,16.65,28.85,7.8
AP_003,AP,Guntur,inland,2026-09-26,0.0,30.02,8.52
AP_003,AP,Guntur,inland,2026-09-27,0.0,29.24,7.54
AP_003,AP,Guntur,inland,2026-09-28,4.61,30.14,10.58
AP_004,AP,Tirupati,inland,2026-08-30,10.69,29.32,16.95
AP_004,AP,Tirupati,inland,2026-08-31,0.0,29.52,11.0
AP_004,AP,Tirupati,inland,2026-09-01,26.22,30.48,12.45
AP_004,AP,Tirupati,inland,2026-09-02,0.0,30.65,15.73
AP_004,AP,Tirupati,inland,2026-09-03,0.0,30.03,16.66
AP_004,AP,Tirupati,inland,2026-09-04,41.32,31.57,17.41
AP_004,AP,Tirupati,inland,2026-09-05,8.12,29.96,13.11
AP_004,AP,Tirupati,inland,2026-09-06,1.36,30.08,16.6
AP_004,AP,Tirupati,inland,2026-09-07,1.79,30.94,16.71
AP_004,AP,Tirupati,inland,2026-09-08,0.0,31.99,9.98
AP_004,AP,Tirupati,inland,2026-09-09,0.41,30.8,8.05
AP_004,AP,Tirupati,inland,2026-09-10,1.37,31.7,10.68
AP_004,AP,Tirupati,inland,2026-09-11,0.0,29.73,8.45
AP_004,AP,Tirupati,inland,2026-09-12,0.0,27.83,13.23
AP_004,AP,Tirupati,inland,2026-09-13,0.1,28.81,8.61
AP_004,AP,Tirupati,inland,2026-09-14,6.79,29.14,9.42
AP_004,AP,Tirupati,inland,2026-09-15,2.13,28.65,7.16
AP_004,AP,Tirupati,inland,2026-09-16,13.96,28.78,10.62
AP_004,AP,Tirupati,inland,2026-09-17,29.24,27.85,11.68
AP_004,AP,Tirupati,inland,2026-09-18,0.5,27.7,7.06
AP_004,AP,Tirupati,inland,2026-09-19,2.33,28.49,9.51
AP_004,AP,Tirupati,inland,2026-09-20,15.05,27.56,9.4
AP_004,AP,Tirupati,inland,2026-09-21,0.0,28.2,9.43
AP_004,AP,Tirupati,inland,2026-09-22,0.0,27.29,9.25
AP_004,AP,Tirupati,inland,2026-09-23,0.0,28.63,13.39
AP_004,AP,Tirupati,inland,2026-09-24,0.0,28.12,11.53
AP_004,AP,Tirupati,inland,2026-09-25,3.35,29.92,12.33
AP_004,AP,Tirupati,inland,2026-09-26,0.0,28.45,16.21
AP_004,AP,Tirupati,inland,2026-09-27,12.13,28.95,9.27
AP_004,AP,Tirupati,inland,2026-09-28,0.0,28.76,15.22
AP_005,AP,Kakinada,coastal,2026-08-30,1.52,30.02,18.55
AP_005,AP,Kakinada,coastal,2026-08-31,0.0,30.43,17.7
AP_005,AP,Kakinada,coastal,2026-09-01,0.0,29.77,15.97
AP_005,AP,Kakinada,coastal,2026-09-02,0.0,29.89,16.95
AP_005,AP,Kakinada,coastal,2026-09-03,19.16,31.63,19.14
AP_005,AP,Kakinada,coastal,2026-09-04,24.29,30.54,17.88
AP_005,AP,Kakinada,coastal,2026-09-05,0.0,30.7,18.59
AP_005,AP,Kakinada,coastal,2026-09-06,10.49,30.03,19.09
AP_005,AP,Kakinada,coastal,2026-09-07,12.28,30.52,17.93
AP_005,AP,Kakinada,coastal,2026-09-08,3.77,28.96,16.71
AP_005,AP,Kakinada,coastal,2026-09-09,3.38,29.8,17.69
AP_005,AP,Kakinada,coastal,2026-09-10,180.0,28.58,19.72
AP_005,AP,Kakinada,coastal,2026-09-11,8.47,28.52,17.82
AP_005,AP,Kakinada,coastal,2026-09-12,0.0,29.74,17.46
AP_005,AP,Kakinada,coastal,2026-09-13,0.0,28.6,15.04
AP_005,AP,Kakinada,coastal,2026-09-14,0.0,28.47,11.09
AP_005,AP,Kakinada,coastal,2026-09-15,6.62,27.99,12.96
AP_005,AP,Kakinada,coastal,2026-09-16,1.08,27.31,14.38
AP_005,AP,Kakinada,coastal,2026-09-17,2.73,26.89,11.49
AP_005,AP,Kakinada,coastal,2026-09-18,25.45,28.17,12.67
AP_005,AP,Kakinada,coastal,2026-09-19,0.0,27.82,15.03
AP_005,AP,Kakinada,coastal,2026-09-20,27.06,28.12,11.05
AP_005,AP,Kakinada,coastal,2026-09-21,0.77,26.87,11.54
AP_005,AP,Kakinada,coastal,2026-09-22,0.57,27.92,15.51
AP_005,AP,Kakinada,coastal,2026-09-23,2.11,27.61,14.74
AP_005,AP,Kakinada,coastal,2026-09-24,0.0,28.13,10.85
AP_005,AP,Kakinada,coastal,2026-09-25,30.94,28.38,16.6
AP_005,AP,Kakinada,coastal,2026-09-26,0.0,29.02,15.91
AP_005,AP,Kakinada,coastal,2026-09-27,0.69,29.93,12.87
AP_005,AP,Kakinada,coastal,2026-09-28,1.4,30.08,15.49
AR_006,AR,Itanagar,hilly,2026-08-30,0.0,20.31,11.7
AR_006,AR,Itanagar,hilly,2026-08-31,1.6,21.59,13.45
AR_006,AR,Itanagar,hilly,2026-09-01,1.89,20.43,9.12
AR_006,AR,Itanagar,hilly,2026-09-02,8.5,20.55,10.03
AR_006,AR,Itanagar,hilly,2026-09-03,17.49,21.84,12.38
AR_006,AR,Itanagar,hilly,2026-09-04,51.6,22.09,17.56
AR_006,AR,Itanagar,hilly,2026-09-05,7.48,21.2,11.87
AR_006,AR,Itanagar,hilly,2026-09-06,0.2,21.47,15.72
AR_006,AR,Itanagar,hilly,2026-09-07,0.23,21.45,13.14
AR_006,AR,Itanagar,hilly,2026-09-08,0.88,21.08,12.61
AR_006,AR,Itanagar,hilly,2026-09-09,1.07,21.05,12.45
AR_006,AR,Itanagar,hilly,2026-09-10,10.69,20.36,9.34
AR_006,AR,Itanagar,hilly,2026-09-11,19.6,21.37,9.3
AR_006,AR,Itanagar,hilly,2026-09-12,8.13,20.27,10.38
AR_006,AR,Itanagar,hilly,2026-09-13,7.18,20.52,11.3
AR_006,AR,Itanagar,hilly,2026-09-14,12.58,20.36,9.61
AR_006,AR,Itanagar,hilly,2026-09-15,0.0,20.31,6.06
AR_006,AR,Itanagar,hilly,2026-09-16,4.24,20.47,6.5
AR_006,AR,Itanagar,hilly,2026-09-17,6.13,19.71,8.28
AR_006,AR,Itanagar,hilly,2026-09-18,119.76,20.84,10.72
AR_006,AR,Itanagar,hilly,2026-09-19,4.46,18.84,5.46
AR_006,AR,Itanagar,hilly,2026-09-20,34.85,17.9,6.46
AR_006,AR,Itanagar,hilly,2026-09-21,6.24,18.65,7.06
AR_006,AR,Itanagar,hilly,2026-09-22,0.0,19.21,7.01
AR_006,AR,Itanagar,hilly,2026-09-23,16.97,18.7,8.68
AR_006,AR,Itanagar,hilly,2026-09-24,4.9,19.0,3.38
AR_006,AR,Itanagar,hilly,2026-09-25,16.14,21.31,10.02
AR_006,AR,Itanagar,hilly,2026-09-26,0.72,19.66,9.78
AR_006,AR,Itanagar,hilly,2026-09-27,1.0,19.74,8.13
AR_006,AR,Itanagar,hilly,2026-09-28,3.04,20.61,8.31
AR_007,AR,Naharlagun,hilly,2026-08-30,2.94,19.83,8.97
AR_007,AR,Naharlagun,hilly,2026-08-31,0.21,21.62,11.42
AR_007,AR,Naharlagun,hilly,2026-09-01,17.14,23.52,11.98
AR_007,AR,Naharlagun,hilly,2026-09-02,0.29,22.27,12.94
AR_007,AR,Naharlagun,hilly,2026-09-03,2.34,21.46,12.63
AR_007,AR,Naharlagun,hilly,2026-09-04,1.53,21.9,9.3
AR_007,AR,Naharlagun,hilly,2026-09-05,16.27,22.03,12.27
AR_007,AR,Naharlagun,hilly,2026-09-06,0.0,21.76,14.45
AR_007,AR,Naharlagun,hilly,2026-09-07,2.86,21.6,15.62
AR_007,AR,Naharlagun,hilly,2026-09-08,0.67,21.53,13.13
AR_007,AR,Naharlagun,hilly,2026-09-09,5.29,20.46,9.39
AR_007,AR,Naharlagun,hilly,2026-09-10,3.78,20.15,10.21
AR_007,AR,Naharlagun,hilly,2026-09-11,14.95,19.68,11.43
AR_007,AR,Naharlagun,hilly,2026-09-12,3.5,18.67,11.59
AR_007,AR,Naharlagun,hilly,2026-09-13,12.9,19.39,7.95
AR_007,AR,Naharlagun,hilly,2026-09-14,0.0,20.72,10.35
AR_007,AR,Naharlagun,hilly,2026-09-15,0.41,18.78,8.29
AR_007,AR,Naharlagun,hilly,2026-09-16,22.09,19.47,7.71
AR_007,AR,Naharlagun,hilly,2026-09-17,5.63,18.42,6.68
AR_007,AR,Naharlagun,hilly,2026-09-18,4.03,19.1,6.66
AR_007,AR,Naharlagun,hilly,2026-09-19,7.93,19.07,5.8
AR_007,AR,Naharlagun,hilly,2026-09-20,9.17,18.41,6.05
AR_007,AR,Naharlagun,hilly,2026-09-21,1.21,18.44,6.58
AR_007,AR,Naharlagun,hilly,2026-09-22,3.89,21.08,5.11
AR_007,AR,Naharlagun,hilly,2026-09-23,0.34,19.24,8.19
AR_007,AR,Naharlagun,hilly,2026-09-24,2.61,20.98,6.86
AR_007,AR,Naharlagun,hilly,2026-09-25,14.43,19.56,7.34
AR_007,AR,Naharlagun,hilly,2026-09-26,11.98,20.85,6.5
AR_007,AR,Naharlagun,hilly,2026-09-27,0.0,20.76,8.61
AR_007,AR,Naharlagun,hilly,2026-09-28,0.0,21.12,9.28
AR_008,AR,Pasighat,hilly,2026-08-30,0.0,21.67,10.61
AR_008,AR,Pasighat,hilly,2026-08-31,8.21,22.08,11.19
AR_008,AR,Pasighat,hilly,2026-09-01,0.0,23.02,8.96
AR_008,AR,Pasighat,hilly,2026-09-02,2.86,22.47,12.04
AR_008,AR,Pasighat,hilly,2026-09-03,20.72,21.33,12.2
AR_008,AR,Pasighat,hilly,2026-09-04,21.8,22.13,11.36
AR_008,AR,Pasighat,hilly,2026-09-05,3.56,22.28,13.37
AR_008,AR,Pasighat,hilly,2026-09-06,0.0,21.15,14.08
AR_008,AR,Pasighat,hilly,2026-09-07,0.0,20.88,10.52
AR_008,AR,Pasighat,hilly,2026-09-08,12.93,21.6,8.91
AR_008,AR,Pasighat,hilly,2026-09-09,9.88,21.39,13.28
AR_008,AR,Pasighat,hilly,2026-09-10,26.81,20.6,15.09
AR_008,AR,Pasighat,hilly,2026-09-11,20.61,21.1,12.0
AR_008,AR,Pasighat,hilly,2026-09-12,0.52,21.44,7.92
AR_008,AR,Pasighat,hilly,2026-09-13,0.0,20.01,11.56
AR_008,AR,Pasighat,hilly,2026-09-14,0.0,20.27,7.25
AR_008,AR,Pasighat,hilly,2026-09-15,1.14,20.41,8.62
AR_008,AR,Pasighat,hilly,2026-09-16,0.0,18.46,5.98
AR_008,AR,Pasighat,hilly,2026-09-17,0.0,19.66,8.51
AR_008,AR,Pasighat,hilly,2026-09-18,1.58,18.96,8.4
AR_008,AR,Pasighat,hilly,2026-09-19,44.84,19.05,8.46
AR_008,AR,Pasighat,hilly,2026-09-20,12.79,19.73,5.33
AR_008,AR,Pasighat,hilly,2026-09-21,8.88,18.64,4.5
AR_008,AR,Pasighat,hilly,2026-09-22,41.99,18.83,8.08
AR_008,AR,Pasighat,hilly,2026-09-23,6.0,20.39,5.68
AR_008,AR,Pasighat,hilly,2026-09-24,6.96,20.14,8.91
AR_008,AR,Pasighat,hilly,2026-09-25,2.85,20.31,5.9
AR_008,AR,Pasighat,hilly,2026-09-26,7.8,21.07,11.85
AR_008,AR,Pasighat,hilly,2026-09-27,4.42,20.94,8.01
AR_008,AR,Pasighat,hilly,2026-09-28,9.98,20.71,6.78
AR_009,AR,Tawang,hilly,2026-08-30,3.15,21.55,9.24
AR_009,AR,Tawang,hilly,2026-08-31,0.0,21.45,11.13
AR_009,AR,Tawang,hilly,2026-09-01,0.0,21.6,11.95
AR_009,AR,Tawang,hilly,2026-09-02,50.95,21.24,15.97
AR_009,AR,Tawang,hilly,2026-09-03,18.52,21.9,17.15
AR_009,AR,Tawang,hilly,2026-09-04,22.39,21.93,13.04
AR_009,AR,Tawang,hilly,2026-09-05,0.0,21.55,11.84
AR_009,AR,Tawang,hilly,2026-09-06,0.0,21.63,14.28
AR_009,AR,Tawang,hilly,2026-09-07,25.61,21.69,16.53
AR_009,AR,Tawang,hilly,2026-09-08,0.0,20.83,11.73
AR_009,AR,Tawang,hilly,2026-09-09,10.64,21.74,11.54
AR_009,AR,Tawang,hilly,2026-09-10,0.16,20.56,13.0
AR_009,AR,Tawang,hilly,2026-09-11,13.04,19.87,11.1
AR_009,AR,Tawang,hilly,2026-09-12,0.43,21.39,13.67
AR_009,AR,Tawang,hilly,2026-09-13,0.0,19.78,6.57
AR_009,AR,Tawang,hilly,2026-09-14,3.08,21.05,5.55
AR_009,AR,Tawang,hilly,2026-09-15,5.21,20.8,10.55
AR_009,AR,Tawang,hilly,2026-09-16,1.89,19.25,4.93
AR_009,AR,Tawang,hilly,2026-09-17,20.21,19.7,4.79
AR_009,AR,Tawang,hilly,2026-09-18,20.8,19.29,10.02
AR_009,AR,Tawang,hilly,2026-09-19,8.79,18.55,3.09
AR_009,AR,Tawang,hilly,2026-09-20,4.87,20.33,8.64
AR_009,AR,Tawang,hilly,2026-09-21,0.0,19.98,6.02
AR_009,AR,Tawang,hilly,2026-09-22,0.31,19.72,6.84
AR_009,AR,Tawang,hilly,2026-09-23,3.1,18.49,7.57
AR_009,AR,Tawang,hilly,2026-09-24,0.0,20.28,8.65
AR_009,AR,Tawang,hilly,2026-09-25,19.52,21.22,11.26
AR_009,AR,Tawang,hilly,2026-09-26,5.21,20.67,9.1
AR_009,AR,Tawang,hilly,2026-09-27,0.0,19.68,10.51
AR_009,AR,Tawang,hilly,2026-09-28,0.0,20.94,9.43
AR_010,AR,Ziro,hilly,2026-08-30,0.0,22.39,12.53
AR_010,AR,Ziro,hilly,2026-08-31,0.0,20.91,12.24
AR_010,AR,Ziro,hilly,2026-09-01,8.3,20.56,10.33
AR_010,AR,Ziro,hilly,2026-09-02,0.0,21.41,13.55
AR_010,AR,Ziro,hilly,2026-09-03,2.86,22.26,12.6
AR_010,AR,Ziro,hilly,2026-09-04,1.06,22.15,11.91
AR_010,AR,Ziro,hilly,2026-09-05,0.0,21.47,13.68
AR_010,AR,Ziro,hilly,2026-09-06,9.91,21.11,11.3
AR_010,AR,Ziro,hilly,2026-09-07,0.19,21.67,13.88
AR_010,AR,Ziro,hilly,2026-09-08,25.36,21.52,11.94
AR_010,AR,Ziro,hilly,2026-09-09,4.28,22.35,11.58
AR_010,AR,Ziro,hilly,2026-09-10,0.0,19.9,10.51
AR_010,AR,Ziro,hilly,2026-09-11,0.1,19.85,11.9
AR_010,AR,Ziro,hilly,2026-09-12,12.67,20.69,9.71
AR_010,AR,Ziro,hilly,2026-09-13,5.06,19.66,3.27
AR_010,AR,Ziro,hilly,2026-09-14,3.44,19.48,9.16
AR_010,AR,Ziro,hilly,2026-09-15,1.87,20.0,8.02
AR_010,AR,Ziro,hilly,2026-09-16,5.72,18.7,7.05
AR_010,AR,Ziro,hilly,2026-09-17,71.97,19.33,7.72
AR_010,AR,Ziro,hilly,2026-09-18,5.28,18.0,3.26
AR_010,AR,Ziro,hilly,2026-09-19,46.22,19.18,11.69
AR_010,AR,Ziro,hilly,2026-09-20,13.1,18.25,7.1
AR_010,AR,Ziro,hilly,2026-09-21,12.82,18.44,9.51
AR_010,AR,Ziro,hilly,2026-09-22,2.35,19.24,6.16
AR_010,AR,Ziro,hilly,2026-09-23,0.0,21.17,8.29
AR_010,AR,Ziro,hilly,2026-09-24,0.64,19.63,7.09
AR_010,AR,Ziro,hilly,2026-09-25,17.25,20.45,8.72
AR_010,AR,Ziro,hilly,2026-09-26,0.0,19.86,7.8
AR_010,AR,Ziro,hilly,2026-09-27,0.0,22.03,9.12
AR_010,AR,Ziro,hilly,2026-09-28,3.82,19.77,11.92
AS_011,AS,Guwahati,inland,2026-08-30,7.17,28.61,12.69
AS_011,AS,Guwahati,inland,2026-08-31,0.0,28.58,11.92
AS_011,AS,Guwahati,inland,2026-09-01,16.23,27.93,17.91
AS_011,AS,Guwahati,inland,2026-09-02,7.61,29.94,13.59
AS_011,AS,Guwahati,inland,2026-09-03,1.73,28.49,12.04
AS_011,AS,Guwahati,inland,2026-09-04,5.03,28.63,16.49
AS_011,AS,Guwahati,inland,2026-09-05,1.02,29.71,19.25
AS_011,AS,Guwahati,inland,2026-09-06,9.33,27.67,15.6
AS_011,AS,Guwahati,inland,2026-09-07,8.11,29.08,13.59
AS_011,AS,Guwahati,inland,2026-09-08,0.0,28.38,16.94
AS_011,AS,Guwahati,inland,2026-09-09,6.35,27.24,12.01
AS_011,AS,Guwahati,inland,2026-09-10,19.1,26.61,14.95
AS_011,AS,Guwahati,inland,2026-09-11,11.11,27.59,12.71
AS_011,AS,Guwahati,inland,2026-09-12,0.0,27.28,9.37
AS_011,AS,Guwahati,inland,2026-09-13,0.0,26.95,12.83
AS_011,AS,Guwahati,inland,2026-09-14,6.47,25.43,14.78
AS_011,AS,Guwahati,inland,2026-09-15,0.0,26.51,10.11
AS_011,AS,Guwahati,inland,2026-09-16,2.35,26.11,12.32
AS_011,AS,Guwahati,inland,2026-09-17,11.82,25.46,9.68
AS_011,AS,Guwahati,inland,2026-09-18,82.49,26.69,15.67
AS_011,AS,Guwahati,inland,2026-09-19,5.32,25.72,8.06
AS_011,AS,Guwahati,inland,2026-09-20,47.4,26.35,9.73
AS_011,AS,Guwahati,inland,2026-09-21,0.1,26.5,9.14
AS_011,AS,Guwahati,inland,2026-09-22,0.0,25.6,9.18
AS_011,AS,Guwahati,inland,2026-09-23,9.37,25.4,11.81
AS_011,AS,Guwahati,inland,2026-09-24,0.0,27.03,7.3
AS_011,AS,Guwahati,inland,2026-09-25,11.84,27.5,10.69
AS_011,AS,Guwahati,inland,2026-09-26,4.2,27.52,9.89
AS_011,AS,Guwahati,inland,2026-09-27,4.84,28.23,10.9
AS_011,AS,Guwahati,inland,2026-09-28,0.0,28.55,12.03
AS_012,AS,Silchar,inland,2026-08-30,0.91,28.04,14.02
AS_012,AS,Silchar,inland,2026-08-31,1.59,28.79,14.91
AS_012,AS,Silchar,inland,2026-09-01,0.7,28.5,13.25
AS_012,AS,Silchar,inland,2026-09-02,8.4,28.72,16.89
AS_012,AS,Silchar,inland,2026-09-03,1.59,28.56,14.97
AS_012,AS,Silchar,inland,2026-09-04,0.0,27.43,12.99
AS_012,AS,Silchar,inland,2026-09-05,0.0,29.33,15.0
AS_012,AS,Silchar,inland,2026-09-06,0.0,28.68,13.4
AS_012,AS,Silchar,inland,2026-09-07,1.8,27.19,12.52
AS_012,AS,Silchar,inland,2026-09-08,0.36,28.56,13.17
AS_012,AS,Silchar,inland,2026-09-09,8.97,29.07,15.77
AS_012,AS,Silchar,inland,2026-09-10,0.0,28.37,12.01
AS_012,AS,Silchar,inland,2026-09-11,1.4,28.05,12.4
AS_012,AS,Silchar,inland,2026-09-12,4.16,27.05,12.5
AS_012,AS,Silchar,inland,2026-09-13,11.26,26.77,10.79
AS_012,AS,Silchar,inland,2026-09-14,1.49,26.41,10.7
AS_012,AS,Silchar,inland,2026-09-15,0.06,26.58,12.71
AS_012,AS,Silchar,inland,2026-09-16,2.02,25.87,10.24
AS_012,AS,Silchar,inland,2026-09-17,22.01,24.04,10.16
AS_012,AS,Silchar,inland,2026-09-18,10.86,25.19,7.03
AS_012,AS,Silchar,inland,2026-09-19,0.0,26.25,3.61
AS_012,AS,Silchar,inland,2026-09-20,21.2,25.68,11.25
AS_012,AS,Silchar,inland,2026-09-21,2.47,25.0,8.86
AS_012,AS,Silchar,inland,2026-09-22,0.65,26.04,10.57
AS_012,AS,Silchar,inland,2026-09-23,0.31,25.73,5.76
AS_012,AS,Silchar,inland,2026-09-24,0.0,25.46,7.17
AS_012,AS,Silchar,inland,2026-09-25,54.3,26.65,13.82
AS_012,AS,Silchar,inland,2026-09-26,0.28,27.5,10.46
AS_012,AS,Silchar,inland,2026-09-27,9.87,29.15,11.03
AS_012,AS,Silchar,inland,2026-09-28,0.55,27.86,10.91
AS_013,AS,Dibrugarh,inland,2026-08-30,0.0,27.53,10.72
AS_013,AS,Dibrugarh,inland,2026-08-31,0.0,28.19,13.74
AS_013,AS,Dibrugarh,inland,2026-09-01,1.52,27.58,12.82
AS_013,AS,Dibrugarh,inland,2026-09-02,3.33,28.13,13.64
AS_013,AS,Dibrugarh,inland,2026-09-03,18.92,28.08,14.74
AS_013,AS,Dibrugarh,inland,2026-09-04,59.91,26.53,16.26
AS_013,AS,Dibrugarh,inland,2026-09-05,0.0,29.52,14.24
AS_013,AS,Dibrugarh,inland,2026-09-06,2.45,28.82,15.17
AS_013,AS,Dibrugarh,inland,2026-09-07,15.62,28.8,14.57
AS_013,AS,Dibrugarh,inland,2026-09-08,29.37,28.81,15.47
AS_013,AS,Dibrugarh,inland,2026-09-09,0.13,28.23,16.75
AS_013,AS,Dibrugarh,inland,2026-09-10,9.4,28.31,14.97
AS_013,AS,Dibrugarh,inland,2026-09-11,22.71,27.34,17.32
AS_013,AS,Dibrugarh,inland,2026-09-12,2.14,28.78,14.13
AS_013,AS,Dibrugarh,inland,2026-09-13,0.0,26.57,14.18
AS_013,AS,Dibrugarh,inland,2026-09-14,0.0,27.37,14.6
AS_013,AS,Dibrugarh,inland,2026-09-15,0.42,26.66,12.0
AS_013,AS,Dibrugarh,inland,2026-09-16,29.99,26.11,11.5
AS_013,AS,Dibrugarh,inland,2026-09-17,22.38,25.8,11.56
AS_013,AS,Dibrugarh,inland,2026-09-18,2.79,26.45,12.6
AS_013,AS,Dibrugarh,inland,2026-09-19,17.7,26.46,10.69
AS_013,AS,Dibrugarh,inland,2026-09-20,0.48,26.95,10.79
AS_013,AS,Dibrugarh,inland,2026-09-21,27.95,26.46,11.03
AS_013,AS,Dibrugarh,inland,2026-09-22,2.22,26.16,12.32
AS_013,AS,Dibrugarh,inland,2026-09-23,15.47,26.28,6.11
AS_013,AS,Dibrugarh,inland,2026-09-24,0.0,25.4,10.6
AS_013,AS,Dibrugarh,inland,2026-09-25,0.0,27.43,7.15
AS_013,AS,Dibrugarh,inland,2026-09-26,0.0,27.15,8.68
AS_013,AS,Dibrugarh,inland,2026-09-27,17.95,27.03,11.27
AS_013,AS,Dibrugarh,inland,2026-09-28,0.0,27.14,10.24
AS_014,AS,Jorhat,inland,2026-08-30,0.0,26.38,15.45
AS_014,AS,Jorhat,inland,2026-08-31,3.29,28.13,11.71
AS_014,AS,Jorhat,inland,2026-09-01,2.23,27.13,15.26
AS_014,AS,Jorhat,inland,2026-09-02,2.29,28.89,12.42
AS_014,AS,Jorhat,inland,2026-09-03,11.46,29.25,15.41
AS_014,AS,Jorhat,inland,2026-09-04,0.0,29.74,13.76
AS_014,AS,Jorhat,inland,2026-09-05,9.48,29.15,13.71
AS_014,AS,Jorhat,inland,2026-09-06,0.0,28.11,13.16
AS_014,AS,Jorhat,inland,2026-09-07,0.0,28.8,14.94
AS_014,AS,Jorhat,inland,2026-09-08,0.0,29.17,13.12
AS_014,AS,Jorhat,inland,2026-09-09,5.41,28.39,12.38
AS_014,AS,Jorhat,inland,2026-09-10,1.27,27.27,8.58
AS_014,AS,Jorhat,inland,2026-09-11,14.66,28.13,12.0
AS_014,AS,Jorhat,inland,2026-09-12,1.1,28.27,11.67
AS_014,AS,Jorhat,inland,2026-09-13,0.0,27.32,9.35
AS_014,AS,Jorhat,inland,2026-09-14,14.87,26.81,9.08
AS_014,AS,Jorhat,inland,2026-09-15,6.72,27.54,6.53
AS_014,AS,Jorhat,inland,2026-09-16,9.42,26.95,10.01
AS_014,AS,Jorhat,inland,2026-09-17,0.0,26.6,9.9
AS_014,AS,Jorhat,inland,2026-09-18,0.15,27.09,8.12
AS_014,AS,Jorhat,inland,2026-09-19,5.79,26.93,8.65
AS_014,AS,Jorhat,inland,2026-09-20,0.0,27.18,8.67
AS_014,AS,Jorhat,inland,2026-09-21,0.0,25.34,4.36
AS_014,AS,Jorhat,inland,2026-09-22,10.2,26.49,8.89
AS_014,AS,Jorhat,inland,2026-09-23,6.04,26.31,8.31
AS_014,AS,Jorhat,inland,2026-09-24,0.0,25.92,8.28
AS_014,AS,Jorhat,inland,2026-09-25,0.0,26.75,8.63
AS_014,AS,Jorhat,inland,2026-09-26,7.89,28.38,9.49
AS_014,AS,Jorhat,inland,2026-09-27,0.0,26.18,9.77
AS_014,AS,Jorhat,inland,2026-09-28,0.0,28.25,15.75
AS_015,AS,Tezpur,inland,2026-08-30,6.34,29.33,13.67
AS_015,AS,Tezpur,inland,2026-08-31,2.45,27.96,9.93
AS_015,AS,Tezpur,inland,2026-09-01,0.0,28.21,11.82
AS_015,AS,Tezpur,inland,2026-09-02,0.76,27.47,12.77
AS_015,AS,Tezpur,inland,2026-09-03,20.19,29.03,13.07
AS_015,AS,Tezpur,inland,2026-09-04,0.0,29.58,17.49
AS_015,AS,Tezpur,inland,2026-09-05,7.49,29.22,13.18
AS_015,AS,Tezpur,inland,2026-09-06,4.75,28.54,14.59
AS_015,AS,Tezpur,inland,2026-09-07,0.0,29.09,17.81
AS_015,AS,Tezpur,inland,2026-09-08,0.0,28.54,13.34
AS_015,AS,Tezpur,inland,2026-09-09,0.0,27.94,12.72
AS_015,AS,Tezpur,inland,2026-09-10,17.14,27.49,17.06
AS_015,AS,Tezpur,inland,2026-09-11,128.87,27.93,16.94
AS_015,AS,Tezpur,inland,2026-09-12,0.0,26.1,13.61
AS_015,AS,Tezpur,inland,2026-09-13,4.17,26.37,11.95
AS_015,AS,Tezpur,inland,2026-09-14,6.8,26.5,14.81
AS_015,AS,Tezpur,inland,2026-09-15,0.0,27.59,15.84
AS_015,AS,Tezpur,inland,2026-09-16,15.19,27.17,9.66
AS_015,AS,Tezpur,inland,2026-09-17,111.2,25.62,12.53
AS_015,AS,Tezpur,inland,2026-09-18,25.24,25.91,14.34
AS_015,AS,Tezpur,inland,2026-09-19,4.53,24.91,8.54
AS_015,AS,Tezpur,inland,2026-09-20,102.33,26.96,14.01
AS_015,AS,Tezpur,inland,2026-09-21,0.61,25.54,6.33
AS_015,AS,Tezpur,inland,2026-09-22,10.93,26.8,4.46
AS_015,AS,Tezpur,inland,2026-09-23,0.7,26.32,4.75
AS_015,AS,Tezpur,inland,2026-09-24,0.0,26.56,13.26
AS_015,AS,Tezpur,inland,2026-09-25,17.5,26.6,7.84
AS_015,AS,Tezpur,inland,2026-09-26,0.0,28.02,4.88
AS_015,AS,Tezpur,inland,2026-09-27,25.41,26.56,9.96
AS_015,AS,Tezpur,inland,2026-09-28,0.0,27.9,12.13
BR_016,BR,Patna,inland,2026-08-30,0.0,30.47,13.96
BR_016,BR,Patna,inland,2026-08-31,4.44,30.78,15.05
BR_016,BR,Patna,inland,2026-09-01,1.88,31.51,14.41
BR_016,BR,Patna,inland,2026-09-02,5.96,31.56,15.24
BR_016,BR,Patna,inland,2026-09-03,9.73,29.31,11.28
BR_016,BR,Patna,inland,2026-09-04,0.0,30.67,15.77
BR_016,BR,Patna,inland,2026-09-05,0.0,31.82,13.45
BR_016,BR,Patna,inland,2026-09-06,0.32,30.41,13.0
BR_016,BR,Patna,inland,2026-09-07,0.0,31.88,13.55
BR_016,BR,Patna,inland,2026-09-08,1.41,31.25,13.21
BR_016,BR,Patna,inland,2026-09-09,7.28,30.01,18.34
BR_016,BR,Patna,inland,2026-09-10,0.0,29.76,15.18
BR_016,BR,Patna,inland,2026-09-11,5.62,28.94,10.46
BR_016,BR,Patna,inland,2026-09-12,0.0,29.32,14.44
BR_016,BR,Patna,inland,2026-09-13,1.36,28.98,11.45
BR_016,BR,Patna,inland,2026-09-14,0.62,29.24,13.56
BR_016,BR,Patna,inland,2026-09-15,18.26,27.9,9.67
BR_016,BR,Patna,inland,2026-09-16,40.72,28.8,10.34
BR_016,BR,Patna,inland,2026-09-17,25.48,28.32,9.1
BR_016,BR,Patna,inland,2026-09-18,0.0,29.09,11.94
BR_016,BR,Patna,inland,2026-09-19,3.08,28.97,9.72
BR_016,BR,Patna,inland,2026-09-20,6.85,28.13,8.42
BR_016,BR,Patna,inland,2026-09-21,0.0,28.64,6.49
BR_016,BR,Patna,inland,2026-09-22,0.0,28.66,6.56
BR_016,BR,Patna,inland,2026-09-23,0.0,29.64,10.63
BR_016,BR,Patna,inland,2026-09-24,0.0,28.66,8.3
BR_016,BR,Patna,inland,2026-09-25,12.78,28.72,9.8
BR_016,BR,Patna,inland,2026-09-26,0.22,28.71,10.7
BR_016,BR,Patna,inland,2026-09-27,0.0,29.97,10.85
BR_016,BR,Patna,inland,2026-09-28,2.94,30.68,12.78
BR_017,BR,Gaya,inland,2026-08-30,0.31,30.6,12.54
BR_017,BR,Gaya,inland,2026-08-31,0.0,31.03,11.75
BR_017,BR,Gaya,inland,2026-09-01,0.0,31.53,15.4
BR_017,BR,Gaya,inland,2026-09-02,30.27,31.76,12.86
BR_017,BR,Gaya,inland,2026-09-03,0.0,30.86,11.24
BR_017,BR,Gaya,inland,2026-09-04,0.07,31.84,15.76
BR_017,BR,Gaya,inland,2026-09-05,10.43,31.79,13.33
BR_017,BR,Gaya,inland,2026-09-06,1.37,30.92,13.54
BR_017,BR,Gaya,inland,2026-09-07,9.36,30.22,15.32
BR_017,BR,Gaya,inland,2026-09-08,0.0,29.05,15.0
BR_017,BR,Gaya,inland,2026-09-09,10.77,31.89,18.43
BR_017,BR,Gaya,inland,2026-09-10,9.75,31.4,13.08
BR_017,BR,Gaya,inland,2026-09-11,0.88,30.65,16.45
BR_017,BR,Gaya,inland,2026-09-12,0.0,29.75,13.74
BR_017,BR,Gaya,inland,2026-09-13,5.11,30.34,13.1
BR_017,BR,Gaya,inland,2026-09-14,7.38,30.08,10.6
BR_017,BR,Gaya,inland,2026-09-15,8.9,28.74,11.66
BR_017,BR,Gaya,inland,2026-09-16,2.55,29.6,10.45
BR_017,BR,Gaya,inland,2026-09-17,36.54,29.65,7.86
BR_017,BR,Gaya,inland,2026-09-18,11.52,28.74,7.02
BR_017,BR,Gaya,inland,2026-09-19,23.41,27.24,8.49
BR_017,BR,Gaya,inland,2026-09-20,6.97,28.94,7.45
BR_017,BR,Gaya,inland,2026-09-21,0.0,29.91,9.12
BR_017,BR,Gaya,inland,2026-09-22,1.64,28.84,8.47
BR_017,BR,Gaya,inland,2026-09-23,5.11,28.72,11.95
BR_017,BR,Gaya,inland,2026-09-24,1.59,30.87,10.05
BR_017,BR,Gaya,inland,2026-09-25,4.37,29.14,8.78
BR_017,BR,Gaya,inland,2026-09-26,9.35,30.37,9.94
BR_017,BR,Gaya,inland,2026-09-27,0.0,30.21,8.71
BR_017,BR,Gaya,inland,2026-09-28,0.0,30.68,12.57
BR_018,BR,Muzaffarpur,inland,2026-08-30,0.0,30.95,14.51
BR_018,BR,Muzaffarpur,inland,2026-08-31,1.63,29.39,13.75
BR_018,BR,Muzaffarpur,inland,2026-09-01,11.52,29.87,15.0
BR_018,BR,Muzaffarpur,inland,2026-09-02,0.13,29.9,13.46
BR_018,BR,Muzaffarpur,inland,2026-09-03,0.51,32.4,14.07
BR_018,BR,Muzaffarpur,inland,2026-09-04,7.65,31.22,13.21
BR_018,BR,Muzaffarpur,inland,2026-09-05,10.72,32.13,16.6
BR_018,BR,Muzaffarpur,inland,2026-09-06,0.0,30.83,11.64
BR_018,BR,Muzaffarpur,inland,2026-09-07,2.86,30.25,15.44
BR_018,BR,Muzaffarpur,inland,2026-09-08,0.0,30.34,15.31
BR_018,BR,Muzaffarpur,inland,2026-09-09,0.96,30.73,11.96
BR_018,BR,Muzaffarpur,inland,2026-09-10,21.32,29.13,12.9
BR_018,BR,Muzaffarpur,inland,2026-09-11,3.4,30.3,13.82
BR_018,BR,Muzaffarpur,inland,2026-09-12,1.7,29.38,10.1
BR_018,BR,Muzaffarpur,inland,2026-09-13,1.12,29.42,12.11
BR_018,BR,Muzaffarpur,inland,2026-09-14,17.74,27.41,12.07
BR_018,BR,Muzaffarpur,inland,2026-09-15,0.0,28.82,10.06
BR_018,BR,Muzaffarpur,inland,2026-09-16,2.38,28.47,12.04
BR_018,BR,Muzaffarpur,inland,2026-09-17,0.0,28.86,9.24
BR_018,BR,Muzaffarpur,inland,2026-09-18,10.29,29.11,7.05
BR_018,BR,Muzaffarpur,inland,2026-09-19,6.96,28.05,10.5
BR_018,BR,Muzaffarpur,inland,2026-09-20,4.96,28.98,11.57
BR_018,BR,Muzaffarpur,inland,2026-09-21,0.0,29.27,8.2
BR_018,BR,Muzaffarpur,inland,2026-09-22,3.62,28.34,6.55
BR_018,BR,Muzaffarpur,inland,2026-09-23,0.0,30.37,7.95
BR_018,BR,Muzaffarpur,inland,2026-09-24,34.96,29.77,10.56
BR_018,BR,Muzaffarpur,inland,2026-09-25,3.98,29.81,8.31
BR_018,BR,Muzaffarpur,inland,2026-09-26,17.02,31.04,12.16
BR_018,BR,Muzaffarpur,inland,2026-09-27,0.0,31.21,9.76
BR_018,BR,Muzaffarpur,inland,2026-09-28,0.0,31.01,10.17
BR_019,BR,Bhagalpur,inland,2026-08-30,0.0,30.08,13.99
BR_019,BR,Bhagalpur,inland,2026-08-31,0.0,30.98,10.97
BR_019,BR,Bhagalpur,inland,2026-09-01,2.7,29.95,14.53
BR_019,BR,Bhagalpur,inland,2026-09-02,9.04,31.66,15.41
BR_019,BR,Bhagalpur,inland,2026-09-03,0.5,30.82,18.63
BR_019,BR,Bhagalpur,inland,2026-09-04,71.71,30.63,16.3
BR_019,BR,Bhagalpur,inland,2026-09-05,0.0,30.06,13.85
BR_019,BR,Bhagalpur,inland,2026-09-06,0.0,30.94,16.33
BR_019,BR,Bhagalpur,inland,2026-09-07,0.0,30.99,11.48
BR_019,BR,Bhagalpur,inland,2026-09-08,9.16,33.13,15.58
BR_019,BR,Bhagalpur,inland,2026-09-09,0.0,31.39,13.71
BR_019,BR,Bhagalpur,inland,2026-09-10,2.66,29.94,13.35
BR_019,BR,Bhagalpur,inland,2026-09-11,7.21,30.1,14.67
BR_019,BR,Bhagalpur,inland,2026-09-12,2.81,30.36,13.02
BR_019,BR,Bhagalpur,inland,2026-09-13,0.0,30.69,13.81
BR_019,BR,Bhagalpur,inland,2026-09-14,0.0,30.16,12.48
BR_019,BR,Bhagalpur,inland,2026-09-15,3.09,29.92,8.34
BR_019,BR,Bhagalpur,inland,2026-09-16,0.0,29.67,7.44
BR_019,BR,Bhagalpur,inland,2026-09-17,0.37,29.11,8.79
BR_019,BR,Bhagalpur,inland,2026-09-18,64.51,28.13,15.01
BR_019,BR,Bhagalpur,inland,2026-09-19,0.76,27.84,6.85
BR_019,BR,Bhagalpur,inland,2026-09-20,6.54,29.61,9.14
BR_019,BR,Bhagalpur,inland,2026-09-21,0.96,29.11,7.38
BR_019,BR,Bhagalpur,inland,2026-09-22,0.0,28.01,9.51
BR_019,BR,Bhagalpur,inland,2026-09-23,3.67,27.98,9.38
BR_019,BR,Bhagalpur,inland,2026-09-24,11.72,29.05,11.04
BR_019,BR,Bhagalpur,inland,2026-09-25,7.61,28.65,9.47
BR_019,BR,Bhagalpur,inland,2026-09-26,0.0,29.46,11.81
BR_019,BR,Bhagalpur,inland,2026-09-27,0.0,30.17,9.04
BR_019,BR,Bhagalpur,inland,2026-09-28,0.0,29.8,12.95
BR_020,BR,Darbhanga,inland,2026-08-30,0.0,30.5,11.28
BR_020,BR,Darbhanga,inland,2026-08-31,0.0,31.8,11.16
BR_020,BR,Darbhanga,inland,2026-09-01,0.0,30.86,11.41
BR_020,BR,Darbhanga,inland,2026-09-02,0.0,31.34,13.29
BR_020,BR,Darbhanga,inland,2026-09-03,12.49,31.63,16.28
BR_020,BR,Darbhanga,inland,2026-09-04,3.44,31.05,12.24
BR_020,BR,Darbhanga,inland,2026-09-05,0.0,30.75,15.75
BR_020,BR,Darbhanga,inland,2026-09-06,0.46,30.94,14.34
BR_020,BR,Darbhanga,inland,2026-09-07,22.62,31.14,13.6
BR_020,BR,Darbhanga,inland,2026-09-08,8.21,30.87,16.36
BR_020,BR,Darbhanga,inland,2026-09-09,1.05,31.58,11.18
BR_020,BR,Darbhanga,inland,2026-09-10,2.01,30.48,12.76
BR_020,BR,Darbhanga,inland,2026-09-11,5.97,30.46,12.39
BR_020,BR,Darbhanga,inland,2026-09-12,16.54,29.81,10.96
BR_020,BR,Darbhanga,inland,2026-09-13,0.95,30.73,9.99
BR_020,BR,Darbhanga,inland,2026-09-14,0.0,28.89,11.67
BR_020,BR,Darbhanga,inland,2026-09-15,0.0,28.4,11.23
BR_020,BR,Darbhanga,inland,2026-09-16,1.18,29.12,9.23
BR_020,BR,Darbhanga,inland,2026-09-17,11.36,28.64,11.83
BR_020,BR,Darbhanga,inland,2026-09-18,29.85,28.81,6.91
BR_020,BR,Darbhanga,inland,2026-09-19,35.63,28.57,8.71
BR_020,BR,Darbhanga,inland,2026-09-20,1.23,28.78,7.56
BR_020,BR,Darbhanga,inland,2026-09-21,0.0,28.84,6.37
BR_020,BR,Darbhanga,inland,2026-09-22,5.81,27.51,6.99
BR_020,BR,Darbhanga,inland,2026-09-23,3.52,28.91,6.93
BR_020,BR,Darbhanga,inland,2026-09-24,7.07,30.29,9.29
BR_020,BR,Darbhanga,inland,2026-09-25,1.2,30.35,7.52
BR_020,BR,Darbhanga,inland,2026-09-26,10.75,30.13,9.56
BR_020,BR,Darbhanga,inland,2026-09-27,0.0,29.54,10.99
BR_020,BR,Darbhanga,inland,2026-09-28,0.0,29.71,9.75
CG_021,CG,Raipur,inland,2026-08-30,0.43,30.93,12.53
CG_021,CG,Raipur,inland,2026-08-31,0.0,31.1,14.13
CG_021,CG,Raipur,inland,2026-09-01,0.17,31.94,15.51
CG_021,CG,Raipur,inland,2026-09-02,10.38,30.8,18.97
CG_021,CG,Raipur,inland,2026-09-03,11.72,29.58,14.68
CG_021,CG,Raipur,inland,2026-09-04,4.88,29.62,14.48
CG_021,CG,Raipur,inland,2026-09-05,4.6,31.5,14.68
CG_021,CG,Raipur,inland,2026-09-06,10.89,30.83,12.93
CG_021,CG,Raipur,inland,2026-09-07,0.0,29.75,7.73
CG_021,CG,Raipur,inland,2026-09-08,6.16,29.43,10.75
CG_021,CG,Raipur,inland,2026-09-09,0.0,29.05,12.54
CG_021,CG,Raipur,inland,2026-09-10,0.0,29.47,12.07
CG_021,CG,Raipur,inland,2026-09-11,0.0,28.53,12.5
CG_021,CG,Raipur,inland,2026-09-12,0.0,27.24,8.44
CG_021,CG,Raipur,inland,2026-09-13,0.0,27.98,9.64
CG_021,CG,Raipur,inland,2026-09-14,1.02,27.52,9.73
CG_021,CG,Raipur,inland,2026-09-15,0.0,26.81,7.65
CG_021,CG,Raipur,inland,2026-09-16,19.45,28.02,7.82
CG_021,CG,Raipur,inland,2026-09-17,130.38,27.08,13.06
CG_021,CG,Raipur,inland,2026-09-18,9.37,27.32,10.43
CG_021,CG,Raipur,inland,2026-09-19,180.0,28.59,11.05
CG_021,CG,Raipur,inland,2026-09-20,3.35,28.27,8.73
CG_021,CG,Raipur,inland,2026-09-21,65.87,28.33,10.55
CG_021,CG,Raipur,inland,2026-09-22,0.0,28.11,8.16
CG_021,CG,Raipur,inland,2026-09-23,0.0,29.76,11.03
CG_021,CG,Raipur,inland,2026-09-24,8.04,27.92,8.98
CG_021,CG,Raipur,inland,2026-09-25,6.2,29.1,6.9
CG_021,CG,Raipur,inland,2026-09-26,0.0,28.36,9.5
CG_021,CG,Raipur,inland,2026-09-27,7.01,29.78,15.52
CG_021,CG,Raipur,inland,2026-09-28,0.0,30.85,12.5
CG_022,CG,Bhilai,inland,2026-08-30,0.22,29.98,11.14
CG_022,CG,Bhilai,inland,2026-08-31,7.8,30.93,11.93
CG_022,CG,Bhilai,inland,2026-09-01,0.0,28.32,14.51
CG_022,CG,Bhilai,inland,2026-09-02,0.0,30.09,12.92
CG_022,CG,Bhilai,inland,2026-09-03,6.73,32.11,13.45
CG_022,CG,Bhilai,inland,2026-09-04,0.1,29.07,12.55
CG_022,CG,Bhilai,inland,2026-09-05,0.0,30.5,14.61
CG_022,CG,Bhilai,inland,2026-09-06,0.7,29.28,13.88
CG_022,CG,Bhilai,inland,2026-09-07,0.1,29.11,10.95
CG_022,CG,Bhilai,inland,2026-09-08,0.72,29.82,13.8
CG_022,CG,Bhilai,inland,2026-09-09,0.11,29.69,18.41
CG_022,CG,Bhilai,inland,2026-09-10,1.75,28.66,12.06
CG_022,CG,Bhilai,inland,2026-09-11,0.0,27.78,14.08
CG_022,CG,Bhilai,inland,2026-09-12,8.87,28.72,13.87
CG_022,CG,Bhilai,inland,2026-09-13,0.0,28.66,13.91
CG_022,CG,Bhilai,inland,2026-09-14,0.0,28.57,14.53
CG_022,CG,Bhilai,inland,2026-09-15,0.74,28.12,11.13
CG_022,CG,Bhilai,inland,2026-09-16,0.0,27.88,12.71
CG_022,CG,Bhilai,inland,2026-09-17,0.0,28.96,8.68
CG_022,CG,Bhilai,inland,2026-09-18,0.56,27.7,10.22
CG_022,CG,Bhilai,inland,2026-09-19,7.18,27.46,11.11
CG_022,CG,Bhilai,inland,2026-09-20,14.7,27.74,6.63
CG_022,CG,Bhilai,inland,2026-09-21,0.6,28.08,8.44
CG_022,CG,Bhilai,inland,2026-09-22,0.0,27.48,7.7
CG_022,CG,Bhilai,inland,2026-09-23,0.0,27.7,7.48
CG_022,CG,Bhilai,inland,2026-09-24,2.96,29.65,9.27
CG_022,CG,Bhilai,inland,2026-09-25,9.14,30.3,8.58
CG_022,CG,Bhilai,inland,2026-09-26,0.0,31.25,6.3
CG_022,CG,Bhilai,inland,2026-09-27,5.65,30.01,8.33
CG_022,CG,Bhilai,inland,2026-09-28,0.0,30.05,14.26
CG_023,CG,Bilaspur,inland,2026-08-30,2.04,29.26,10.37
CG_023,CG,Bilaspur,inland,2026-08-31,0.0,29.87,13.67
CG_023,CG,Bilaspur,inland,2026-09-01,1.89,29.11,17.06
CG_023,CG,Bilaspur,inland,2026-09-02,17.77,29.41,17.24
CG_023,CG,Bilaspur,inland,2026-09-03,26.46,29.53,19.28
CG_023,CG,Bilaspur,inland,2026-09-04,0.0,30.75,15.24
CG_023,CG,Bilaspur,inland,2026-09-05,0.0,30.24,13.77
CG_023,CG,Bilaspur,inland,2026-09-06,0.0,29.74,15.5
CG_023,CG,Bilaspur,inland,2026-09-07,0.0,30.26,14.63
CG_023,CG,Bilaspur,inland,2026-09-08,0.0,29.72,15.83
CG_023,CG,Bilaspur,inland,2026-09-09,3.0,30.53,14.32
CG_023,CG,Bilaspur,inland,2026-09-10,3.87,29.33,11.22
CG_023,CG,Bilaspur,inland,2026-09-11,14.15,29.11,13.01
CG_023,CG,Bilaspur,inland,2026-09-12,1.23,28.4,10.72
CG_023,CG,Bilaspur,inland,2026-09-13,0.42,28.74,11.66
CG_023,CG,Bilaspur,inland,2026-09-14,0.0,30.26,12.96
CG_023,CG,Bilaspur,inland,2026-09-15,0.0,29.11,13.64
CG_023,CG,Bilaspur,inland,2026-09-16,0.0,27.85,8.93
CG_023,CG,Bilaspur,inland,2026-09-17,14.96,27.39,10.86
CG_023,CG,Bilaspur,inland,2026-09-18,20.37,28.69,9.98
CG_023,CG,Bilaspur,inland,2026-09-19,6.54,28.38,9.36
CG_023,CG,Bilaspur,inland,2026-09-20,0.0,27.83,11.81
CG_023,CG,Bilaspur,inland,2026-09-21,2.57,27.36,8.18
CG_023,CG,Bilaspur,inland,2026-09-22,0.0,26.92,5.03
CG_023,CG,Bilaspur,inland,2026-09-23,8.07,27.54,11.41
CG_023,CG,Bilaspur,inland,2026-09-24,14.2,27.23,8.06
CG_023,CG,Bilaspur,inland,2026-09-25,0.0,28.2,8.1
CG_023,CG,Bilaspur,inland,2026-09-26,1.04,28.18,9.33
CG_023,CG,Bilaspur,inland,2026-09-27,0.41,27.43,12.85
CG_023,CG,Bilaspur,inland,2026-09-28,0.0,29.14,11.05
CG_024,CG,Korba,inland,2026-08-30,9.19,28.61,15.12
CG_024,CG,Korba,inland,2026-08-31,0.5,29.31,13.1
CG_024,CG,Korba,inland,2026-09-01,9.07,29.23,14.99
CG_024,CG,Korba,inland,2026-09-02,5.29,29.85,15.27
CG_024,CG,Korba,inland,2026-09-03,0.0,29.66,13.64
CG_024,CG,Korba,inland,2026-09-04,1.45,30.13,14.93
CG_024,CG,Korba,inland,2026-09-05,0.0,30.23,14.72
CG_024,CG,Korba,inland,2026-09-06,0.1,31.3,14.52
CG_024,CG,Korba,inland,2026-09-07,2.94,30.84,16.05
CG_024,CG,Korba,inland,2026-09-08,0.0,29.93,12.67
CG_024,CG,Korba,inland,2026-09-09,0.0,29.07,14.21
CG_024,CG,Korba,inland,2026-09-10,5.66,30.58,14.01
CG_024,CG,Korba,inland,2026-09-11,0.51,29.31,14.64
CG_024,CG,Korba,inland,2026-09-12,0.86,30.53,12.97
CG_024,CG,Korba,inland,2026-09-13,13.15,28.6,13.06
CG_024,CG,Korba,inland,2026-09-14,8.45,29.59,7.18
CG_024,CG,Korba,inland,2026-09-15,0.0,28.0,7.26
CG_024,CG,Korba,inland,2026-09-16,0.0,27.21,13.21
CG_024,CG,Korba,inland,2026-09-17,11.11,28.13,10.12
CG_024,CG,Korba,inland,2026-09-18,0.23,28.98,8.41
CG_024,CG,Korba,inland,2026-09-19,2.41,27.73,7.19
CG_024,CG,Korba,inland,2026-09-20,1.37,26.5,9.39
CG_024,CG,Korba,inland,2026-09-21,10.05,27.76,10.92
CG_024,CG,Korba,inland,2026-09-22,4.94,27.38,8.14
CG_024,CG,Korba,inland,2026-09-23,5.27,28.11,8.46
CG_024,CG,Korba,inland,2026-09-24,5.62,28.67,9.52
CG_024,CG,Korba,inland,2026-09-25,7.72,28.72,9.04
CG_024,CG,Korba,inland,2026-09-26,0.62,27.51,11.61
CG_024,CG,Korba,inland,2026-09-27,0.64,29.37,8.08
CG_024,CG,Korba,inland,2026-09-28,0.69,30.35,10.71
CG_025,CG,Durg,inland,2026-08-30,0.0,29.3,12.9
CG_025,CG,Durg,inland,2026-08-31,0.0,29.85,14.85
CG_025,CG,Durg,inland,2026-09-01,0.0,28.83,8.86
CG_025,CG,Durg,inland,2026-09-02,0.72,30.65,13.47
CG_025,CG,Durg,inland,2026-09-03,0.0,30.41,13.89
CG_025,CG,Durg,inland,2026-09-04,6.29,30.0,16.02
CG_025,CG,Durg,inland,2026-09-05,2.51,29.06,12.95
CG_025,CG,Durg,inland,2026-09-06,0.17,28.89,13.86
CG_025,CG,Durg,inland,2026-09-07,0.0,30.43,15.8
CG_025,CG,Durg,inland,2026-09-08,18.5,30.22,19.01
CG_025,CG,Durg,inland,2026-09-09,5.33,29.98,15.1
CG_025,CG,Durg,inland,2026-09-10,6.41,30.59,14.2
CG_025,CG,Durg,inland,2026-09-11,0.0,28.95,12.99
CG_025,CG,Durg,inland,2026-09-12,11.32,29.72,12.01
CG_025,CG,Durg,inland,2026-09-13,0.21,30.43,13.42
CG_025,CG,Durg,inland,2026-09-14,1.99,28.0,12.74
CG_025,CG,Durg,inland,2026-09-15,0.0,28.67,12.85
CG_025,CG,Durg,inland,2026-09-16,0.0,28.16,9.32
CG_025,CG,Durg,inland,2026-09-17,5.6,28.55,8.55
CG_025,CG,Durg,inland,2026-09-18,7.14,28.01,8.07
CG_025,CG,Durg,inland,2026-09-19,35.68,28.2,9.46
CG_025,CG,Durg,inland,2026-09-20,3.33,27.16,13.59
CG_025,CG,Durg,inland,2026-09-21,0.0,26.88,7.36
CG_025,CG,Durg,inland,2026-09-22,0.0,25.65,12.42
CG_025,CG,Durg,inland,2026-09-23,0.0,28.67,4.4
CG_025,CG,Durg,inland,2026-09-24,0.07,28.09,6.31
CG_025,CG,Durg,inland,2026-09-25,4.26,30.51,9.23
CG_025,CG,Durg,inland,2026-09-26,22.62,30.05,8.64
CG_025,CG,Durg,inland,2026-09-27,6.82,28.54,11.03
CG_025,CG,Durg,inland,2026-09-28,0.0,28.52,7.42
GA_026,GA,Panaji,coastal,2026-08-30,1.91,26.02,14.17
GA_026,GA,Panaji,coastal,2026-08-31,3.56,28.42,17.14
GA_026,GA,Panaji,coastal,2026-09-01,3.83,28.52,18.31
GA_026,GA,Panaji,coastal,2026-09-02,21.51,28.69,18.88
GA_026,GA,Panaji,coastal,2026-09-03,27.81,28.73,15.33
GA_026,GA,Panaji,coastal,2026-09-04,11.29,28.86,17.15
GA_026,GA,Panaji,coastal,2026-09-05,0.7,28.86,18.19
GA_026,GA,Panaji,coastal,2026-09-06,2.9,29.79,22.55
GA_026,GA,Panaji,coastal,2026-09-07,7.5,29.32,19.1
GA_026,GA,Panaji,coastal,2026-09-08,0.43,29.73,18.83
GA_026,GA,Panaji,coastal,2026-09-09,1.6,28.21,19.26
GA_026,GA,Panaji,coastal,2026-09-10,0.0,27.77,15.94
GA_026,GA,Panaji,coastal,2026-09-11,9.39,27.67,16.12
GA_026,GA,Panaji,coastal,2026-09-12,4.94,28.19,18.45
GA_026,GA,Panaji,coastal,2026-09-13,20.03,28.95,17.59
GA_026,GA,Panaji,coastal,2026-09-14,0.0,26.42,15.73
GA_026,GA,Panaji,coastal,2026-09-15,18.72,27.79,17.47
GA_026,GA,Panaji,coastal,2026-09-16,2.25,26.32,16.15
GA_026,GA,Panaji,coastal,2026-09-17,28.95,28.01,12.85
GA_026,GA,Panaji,coastal,2026-09-18,0.0,27.22,13.1
GA_026,GA,Panaji,coastal,2026-09-19,17.73,26.44,12.1
GA_026,GA,Panaji,coastal,2026-09-20,29.36,26.89,13.97
GA_026,GA,Panaji,coastal,2026-09-21,14.32,27.04,11.2
GA_026,GA,Panaji,coastal,2026-09-22,11.77,27.15,14.03
GA_026,GA,Panaji,coastal,2026-09-23,17.58,27.54,14.0
GA_026,GA,Panaji,coastal,2026-09-24,6.37,27.22,10.57
GA_026,GA,Panaji,coastal,2026-09-25,0.0,27.55,12.47
GA_026,GA,Panaji,coastal,2026-09-26,0.0,28.85,15.2
GA_026,GA,Panaji,coastal,2026-09-27,11.09,27.45,13.55
GA_026,GA,Panaji,coastal,2026-09-28,0.0,27.09,12.13
GA_027,GA,Margao,coastal,2026-08-30,3.42,28.82,17.32
GA_027,GA,Margao,coastal,2026-08-31,0.0,27.86,17.37
GA_027,GA,Margao,coastal,2026-09-01,0.36,30.26,15.26
GA_027,GA,Margao,coastal,2026-09-02,64.12,28.72,19.59
GA_027,GA,Margao,coastal,2026-09-03,4.26,29.43,19.04
GA_027,GA,Margao,coastal,2026-09-04,91.65,28.77,22.46
GA_027,GA,Margao,coastal,2026-09-05,2.47,29.8,21.05
GA_027,GA,Margao,coastal,2026-09-06,13.49,28.36,18.14
GA_027,GA,Margao,coastal,2026-09-07,0.0,28.13,21.51
GA_027,GA,Margao,coastal,2026-09-08,3.54,29.0,19.89
GA_027,GA,Margao,coastal,2026-09-09,19.82,28.54,15.77
GA_027,GA,Margao,coastal,2026-09-10,9.17,27.94,17.31
GA_027,GA,Margao,coastal,2026-09-11,2.24,28.11,17.86
GA_027,GA,Margao,coastal,2026-09-12,0.1,27.46,18.8
GA_027,GA,Margao,coastal,2026-09-13,0.14,27.04,13.74
GA_027,GA,Margao,coastal,2026-09-14,0.0,26.75,16.58
GA_027,GA,Margao,coastal,2026-09-15,9.16,28.8,12.78
GA_027,GA,Margao,coastal,2026-09-16,22.22,27.23,15.83
GA_027,GA,Margao,coastal,2026-09-17,0.53,26.34,13.28
GA_027,GA,Margao,coastal,2026-09-18,110.28,27.09,17.19
GA_027,GA,Margao,coastal,2026-09-19,0.0,24.97,13.14
GA_027,GA,Margao,coastal,2026-09-20,29.15,27.19,15.73
GA_027,GA,Margao,coastal,2026-09-21,0.0,26.67,11.48
GA_027,GA,Margao,coastal,2026-09-22,0.0,27.56,11.05
GA_027,GA,Margao,coastal,2026-09-23,0.0,28.01,13.23
GA_027,GA,Margao,coastal,2026-09-24,10.52,27.71,16.69
GA_027,GA,Margao,coastal,2026-09-25,27.24,27.02,11.71
GA_027,GA,Margao,coastal,2026-09-26,0.36,30.04,13.27
GA_027,GA,Margao,coastal,2026-09-27,6.28,28.16,14.6
GA_027,GA,Margao,coastal,2026-09-28,11.73,28.08,17.89
GA_028,GA,Vasco da Gama,coastal,2026-08-30,0.66,28.24,19.39
GA_028,GA,Vasco da Gama,coastal,2026-08-31,16.62,28.14,16.61
GA_028,GA,Vasco da Gama,coastal,2026-09-01,6.95,28.99,18.71
GA_028,GA,Vasco da Gama,coastal,2026-09-02,6.95,28.01,18.98
GA_028,GA,Vasco da Gama,coastal,2026-09-03,26.87,29.6,18.95
GA_028,GA,Vasco da Gama,coastal,2026-09-04,6.93,29.11,18.68
GA_028,GA,Vasco da Gama,coastal,2026-09-05,0.0,28.63,20.55
GA_028,GA,Vasco da Gama,coastal,2026-09-06,1.92,30.2,19.15
GA_028,GA,Vasco da Gama,coastal,2026-09-07,0.0,29.66,17.26
GA_028,GA,Vasco da Gama,coastal,2026-09-08,0.0,27.56,20.67
GA_028,GA,Vasco da Gama,coastal,2026-09-09,68.75,27.25,21.66
GA_028,GA,Vasco da Gama,coastal,2026-09-10,25.22,28.46,18.47
GA_028,GA,Vasco da Gama,coastal,2026-09-11,27.49,27.99,18.15
GA_028,GA,Vasco da Gama,coastal,2026-09-12,0.0,26.68,14.08
GA_028,GA,Vasco da Gama,coastal,2026-09-13,0.0,26.74,14.44
GA_028,GA,Vasco da Gama,coastal,2026-09-14,0.95,28.0,15.98
GA_028,GA,Vasco da Gama,coastal,2026-09-15,12.8,26.95,16.68
GA_028,GA,Vasco da Gama,coastal,2026-09-16,4.23,26.26,20.34
GA_028,GA,Vasco da Gama,coastal,2026-09-17,18.52,27.63,11.42
GA_028,GA,Vasco da Gama,coastal,2026-09-18,0.0,28.47,13.49
GA_028,GA,Vasco da Gama,coastal,2026-09-19,26.5,27.98,14.32
GA_028,GA,Vasco da Gama,coastal,2026-09-20,31.97,27.01,13.28
GA_028,GA,Vasco da Gama,coastal,2026-09-21,0.0,27.02,12.83
GA_028,GA,Vasco da Gama,coastal,2026-09-22,10.63,27.18,13.76
GA_028,GA,Vasco da Gama,coastal,2026-09-23,0.24,26.64,14.13
GA_028,GA,Vasco da Gama,coastal,2026-09-24,19.95,28.72,15.38
GA_028,GA,Vasco da Gama,coastal,2026-09-25,8.7,27.61,12.48
GA_028,GA,Vasco da Gama,coastal,2026-09-26,33.47,28.36,15.58
GA_028,GA,Vasco da Gama,coastal,2026-09-27,0.0,28.44,12.67
GA_028,GA,Vasco da Gama,coastal,2026-09-28,0.0,28.34,12.02
GA_029,GA,Mapusa,coastal,2026-08-30,0.0,28.96,16.89
GA_029,GA,Mapusa,coastal,2026-08-31,2.74,29.74,18.29
GA_029,GA,Mapusa,coastal,2026-09-01,12.55,28.8,19.89
GA_029,GA,Mapusa,coastal,2026-09-02,18.32,28.94,18.04
GA_029,GA,Mapusa,coastal,2026-09-03,51.06,28.39,20.18
GA_029,GA,Mapusa,coastal,2026-09-04,30.59,28.21,19.63
GA_029,GA,Mapusa,coastal,2026-09-05,5.04,29.08,18.96
GA_029,GA,Mapusa,coastal,2026-09-06,0.0,29.65,13.36
GA_029,GA,Mapusa,coastal,2026-09-07,8.73,28.13,15.32
GA_029,GA,Mapusa,coastal,2026-09-08,0.0,28.08,17.25
GA_029,GA,Mapusa,coastal,2026-09-09,14.74,28.2,12.89
GA_029,GA,Mapusa,coastal,2026-09-10,3.91,28.43,15.47
GA_029,GA,Mapusa,coastal,2026-09-11,5.16,29.57,17.69
GA_029,GA,Mapusa,coastal,2026-09-12,6.04,28.78,14.48
GA_029,GA,Mapusa,coastal,2026-09-13,0.0,28.24,15.6
GA_029,GA,Mapusa,coastal,2026-09-14,8.49,27.45,17.8
GA_029,GA,Mapusa,coastal,2026-09-15,13.17,26.72,12.76
GA_029,GA,Mapusa,coastal,2026-09-16,25.75,25.95,14.83
GA_029,GA,Mapusa,coastal,2026-09-17,7.79,28.08,14.34
GA_029,GA,Mapusa,coastal,2026-09-18,40.87,25.72,11.46
GA_029,GA,Mapusa,coastal,2026-09-19,31.61,26.53,14.24
GA_029,GA,Mapusa,coastal,2026-09-20,21.34,26.88,9.74
GA_029,GA,Mapusa,coastal,2026-09-21,6.97,27.32,16.43
GA_029,GA,Mapusa,coastal,2026-09-22,0.0,27.62,11.48
GA_029,GA,Mapusa,coastal,2026-09-23,3.23,27.0,11.58
GA_029,GA,Mapusa,coastal,2026-09-24,2.75,26.1,19.59
GA_029,GA,Mapusa,coastal,2026-09-25,33.58,28.9,15.84
GA_029,GA,Mapusa,coastal,2026-09-26,4.82,29.67,15.76
GA_029,GA,Mapusa,coastal,2026-09-27,19.04,27.54,17.76
GA_029,GA,Mapusa,coastal,2026-09-28,0.11,28.56,16.79
GA_030,GA,Ponda,inland,2026-08-30,0.0,27.94,13.5
GA_030,GA,Ponda,inland,2026-08-31,0.6,28.66,11.87
GA_030,GA,Ponda,inland,2026-09-01,2.09,29.87,12.95
GA_030,GA,Ponda,inland,2026-09-02,3.69,29.32,15.14
GA_030,GA,Ponda,inland,2026-09-03,5.26,30.43,12.09
GA_030,GA,Ponda,inland,2026-09-04,5.61,30.01,13.37
GA_030,GA,Ponda,inland,2026-09-05,0.0,31.19,17.97
GA_030,GA,Ponda,inland,2026-09-06,0.0,29.74,14.29
GA_030,GA,Ponda,inland,2026-09-07,4.73,29.66,15.74
GA_030,GA,Ponda,inland,2026-09-08,0.68,28.87,17.99
GA_030,GA,Ponda,inland,2026-09-09,19.43,29.94,13.34
GA_030,GA,Ponda,inland,2026-09-10,0.0,29.37,11.79
GA_030,GA,Ponda,inland,2026-09-11,12.39,28.61,14.66
GA_030,GA,Ponda,inland,2026-09-12,2.36,28.92,10.52
GA_030,GA,Ponda,inland,2026-09-13,0.0,27.86,9.97
GA_030,GA,Ponda,inland,2026-09-14,34.32,29.48,13.11
GA_030,GA,Ponda,inland,2026-09-15,1.66,28.51,9.73
GA_030,GA,Ponda,inland,2026-09-16,5.32,27.99,8.19
GA_030,GA,Ponda,inland,2026-09-17,9.5,27.05,7.92
GA_030,GA,Ponda,inland,2026-09-18,17.14,26.94,11.68
GA_030,GA,Ponda,inland,2026-09-19,0.0,26.95,9.15
GA_030,GA,Ponda,inland,2026-09-20,41.57,28.13,9.41
GA_030,GA,Ponda,inland,2026-09-21,7.44,27.47,7.59
GA_030,GA,Ponda,inland,2026-09-22,0.0,27.14,8.08
GA_030,GA,Ponda,inland,2026-09-23,7.46,27.62,10.94
GA_030,GA,Ponda,inland,2026-09-24,0.82,27.63,9.98
GA_030,GA,Ponda,inland,2026-09-25,0.0,26.56,11.33
GA_030,GA,Ponda,inland,2026-09-26,10.45,27.53,7.48
GA_030,GA,Ponda,inland,2026-09-27,0.42,28.65,10.68
GA_030,GA,Ponda,inland,2026-09-28,6.18,27.77,13.17
GJ_031,GJ,Ahmedabad,inland,2026-08-30,0.0,33.56,6.72
GJ_031,GJ,Ahmedabad,inland,2026-08-31,5.46,33.07,16.89
GJ_031,GJ,Ahmedabad,inland,2026-09-01,0.0,32.26,13.75
GJ_031,GJ,Ahmedabad,inland,2026-09-02,1.68,32.25,11.04
GJ_031,GJ,Ahmedabad,inland,2026-09-03,0.0,32.37,11.83
GJ_031,GJ,Ahmedabad,inland,2026-09-04,0.0,32.08,15.11
GJ_031,GJ,Ahmedabad,inland,2026-09-05,0.67,30.65,16.67
GJ_031,GJ,Ahmedabad,inland,2026-09-06,0.0,32.04,15.04
GJ_031,GJ,Ahmedabad,inland,2026-09-07,2.8,31.98,13.96
GJ_031,GJ,Ahmedabad,inland,2026-09-08,1.54,31.9,15.19
GJ_031,GJ,Ahmedabad,inland,2026-09-09,0.0,30.82,12.66
GJ_031,GJ,Ahmedabad,inland,2026-09-10,0.5,29.86,13.83
GJ_031,GJ,Ahmedabad,inland,2026-09-11,3.19,29.39,17.27
GJ_031,GJ,Ahmedabad,inland,2026-09-12,0.0,29.51,10.44
GJ_031,GJ,Ahmedabad,inland,2026-09-13,0.0,29.39,12.48
GJ_031,GJ,Ahmedabad,inland,2026-09-14,0.63,28.2,11.28
GJ_031,GJ,Ahmedabad,inland,2026-09-15,0.27,29.53,11.35
GJ_031,GJ,Ahmedabad,inland,2026-09-16,4.16,30.65,7.96
GJ_031,GJ,Ahmedabad,inland,2026-09-17,0.0,30.46,12.19
GJ_031,GJ,Ahmedabad,inland,2026-09-18,5.83,29.29,11.3
GJ_031,GJ,Ahmedabad,inland,2026-09-19,0.0,30.94,8.38
GJ_031,GJ,Ahmedabad,inland,2026-09-20,0.38,29.09,9.63
GJ_031,GJ,Ahmedabad,inland,2026-09-21,0.0,30.36,7.5
GJ_031,GJ,Ahmedabad,inland,2026-09-22,0.44,29.34,5.94
GJ_031,GJ,Ahmedabad,inland,2026-09-23,1.96,30.88,8.06
GJ_031,GJ,Ahmedabad,inland,2026-09-24,0.63,30.57,4.82
GJ_031,GJ,Ahmedabad,inland,2026-09-25,0.17,30.85,10.07
GJ_031,GJ,Ahmedabad,inland,2026-09-26,6.99,31.53,9.16
GJ_031,GJ,Ahmedabad,inland,2026-09-27,0.0,32.65,8.44
GJ_031,GJ,Ahmedabad,inland,2026-09-28,0.0,31.5,9.72
GJ_032,GJ,Surat,coastal,2026-08-30,0.32,31.64,15.2
GJ_032,GJ,Surat,coastal,2026-08-31,0.0,30.34,15.11
GJ_032,GJ,Surat,coastal,2026-09-01,4.84,30.85,18.05
GJ_032,GJ,Surat,coastal,2026-09-02,2.44,31.84,13.65
GJ_032,GJ,Surat,coastal,2026-09-03,109.61,31.19,19.37
GJ_032,GJ,Surat,coastal,2026-09-04,4.93,31.41,20.26
GJ_032,GJ,Surat,coastal,2026-09-05,0.0,31.68,21.68
GJ_032,GJ,Surat,coastal,2026-09-06,0.0,32.08,21.98
GJ_032,GJ,Surat,coastal,2026-09-07,0.1,30.72,19.41
GJ_032,GJ,Surat,coastal,2026-09-08,0.5,32.42,20.68
GJ_032,GJ,Surat,coastal,2026-09-09,12.76,31.18,15.97
GJ_032,GJ,Surat,coastal,2026-09-10,2.95,31.63,20.79
GJ_032,GJ,Surat,coastal,2026-09-11,0.0,31.24,16.91
GJ_032,GJ,Surat,coastal,2026-09-12,2.75,30.54,18.8
GJ_032,GJ,Surat,coastal,2026-09-13,0.0,28.34,15.21
GJ_032,GJ,Surat,coastal,2026-09-14,0.08,29.14,15.04
GJ_032,GJ,Surat,coastal,2026-09-15,4.8,30.01,14.83
GJ_032,GJ,Surat,coastal,2026-09-16,0.56,29.9,15.88
GJ_032,GJ,Surat,coastal,2026-09-17,24.31,28.88,13.09
GJ_032,GJ,Surat,coastal,2026-09-18,5.48,29.92,10.5
GJ_032,GJ,Surat,coastal,2026-09-19,0.0,30.56,15.53
GJ_032,GJ,Surat,coastal,2026-09-20,0.0,29.51,14.02
GJ_032,GJ,Surat,coastal,2026-09-21,4.5,29.42,11.84
GJ_032,GJ,Surat,coastal,2026-09-22,3.19,27.68,11.99
GJ_032,GJ,Surat,coastal,2026-09-23,1.9,28.64,13.05
GJ_032,GJ,Surat,coastal,2026-09-24,0.0,29.18,12.47
GJ_032,GJ,Surat,coastal,2026-09-25,0.48,29.09,10.83
GJ_032,GJ,Surat,coastal,2026-09-26,0.0,30.05,14.42
GJ_032,GJ,Surat,coastal,2026-09-27,0.0,29.18,12.42
GJ_032,GJ,Surat,coastal,2026-09-28,4.78,30.89,17.08
GJ_033,GJ,Vadodara,inland,2026-08-30,0.0,31.56,13.85
GJ_033,GJ,Vadodara,inland,2026-08-31,0.92,32.53,11.27
GJ_033,GJ,Vadodara,inland,2026-09-01,17.18,32.32,12.8
GJ_033,GJ,Vadodara,inland,2026-09-02,0.0,32.85,11.53
GJ_033,GJ,Vadodara,inland,2026-09-03,12.48,31.79,15.34
GJ_033,GJ,Vadodara,inland,2026-09-04,0.0,32.29,14.0
GJ_033,GJ,Vadodara,inland,2026-09-05,0.52,31.35,14.27
GJ_033,GJ,Vadodara,inland,2026-09-06,0.0,32.2,17.83
GJ_033,GJ,Vadodara,inland,2026-09-07,1.81,30.98,16.25
GJ_033,GJ,Vadodara,inland,2026-09-08,0.1,30.96,13.15
GJ_033,GJ,Vadodara,inland,2026-09-09,1.67,31.68,11.81
GJ_033,GJ,Vadodara,inland,2026-09-10,0.0,31.96,13.43
GJ_033,GJ,Vadodara,inland,2026-09-11,5.41,30.99,9.52
GJ_033,GJ,Vadodara,inland,2026-09-12,0.0,31.06,13.83
GJ_033,GJ,Vadodara,inland,2026-09-13,0.47,30.56,11.95
GJ_033,GJ,Vadodara,inland,2026-09-14,0.0,30.21,11.14
GJ_033,GJ,Vadodara,inland,2026-09-15,0.0,30.31,13.25
GJ_033,GJ,Vadodara,inland,2026-09-16,0.59,29.56,10.63
GJ_033,GJ,Vadodara,inland,2026-09-17,2.63,29.96,10.37
GJ_033,GJ,Vadodara,inland,2026-09-18,26.74,29.79,11.09
GJ_033,GJ,Vadodara,inland,2026-09-19,0.14,28.69,10.69
GJ_033,GJ,Vadodara,inland,2026-09-20,0.0,30.79,9.85
GJ_033,GJ,Vadodara,inland,2026-09-21,0.0,30.11,6.63
GJ_033,GJ,Vadodara,inland,2026-09-22,0.0,29.59,10.46
GJ_033,GJ,Vadodara,inland,2026-09-23,0.0,29.51,7.67
GJ_033,GJ,Vadodara,inland,2026-09-24,7.14,30.6,11.02
GJ_033,GJ,Vadodara,inland,2026-09-25,7.29,30.87,9.5
GJ_033,GJ,Vadodara,inland,2026-09-26,0.0,30.9,10.3
GJ_033,GJ,Vadodara,inland,2026-09-27,0.61,30.84,9.94
GJ_033,GJ,Vadodara,inland,2026-09-28,1.8,32.84,11.87
GJ_034,GJ,Rajkot,inland,2026-08-30,0.0,31.44,14.84
GJ_034,GJ,Rajkot,inland,2026-08-31,0.0,31.6,16.65
GJ_034,GJ,Rajkot,inland,2026-09-01,0.0,32.57,17.44
GJ_034,GJ,Rajkot,inland,2026-09-02,0.0,33.34,17.81
GJ_034,GJ,Rajkot,inland,2026-09-03,1.49,32.19,14.38
GJ_034,GJ,Rajkot,inland,2026-09-04,0.0,32.32,14.53
GJ_034,GJ,Rajkot,inland,2026-09-05,4.25,31.95,15.23
GJ_034,GJ,Rajkot,inland,2026-09-06,0.0,32.6,14.72
GJ_034,GJ,Rajkot,inland,2026-09-07,0.64,31.3,12.21
GJ_034,GJ,Rajkot,inland,2026-09-08,0.0,31.96,11.0
GJ_034,GJ,Rajkot,inland,2026-09-09,0.0,31.53,15.17
GJ_034,GJ,Rajkot,inland,2026-09-10,0.0,31.59,14.42
GJ_034,GJ,Rajkot,inland,2026-09-11,0.0,30.21,7.18
GJ_034,GJ,Rajkot,inland,2026-09-12,1.33,31.14,11.49
GJ_034,GJ,Rajkot,inland,2026-09-13,0.0,29.87,11.37
GJ_034,GJ,Rajkot,inland,2026-09-14,0.0,29.09,12.8
GJ_034,GJ,Rajkot,inland,2026-09-15,3.32,29.77,7.92
GJ_034,GJ,Rajkot,inland,2026-09-16,5.07,29.57,8.25
GJ_034,GJ,Rajkot,inland,2026-09-17,9.0,29.61,7.78
GJ_034,GJ,Rajkot,inland,2026-09-18,9.36,29.34,9.98
GJ_034,GJ,Rajkot,inland,2026-09-19,0.1,29.33,9.5
GJ_034,GJ,Rajkot,inland,2026-09-20,1.73,29.77,6.66
GJ_034,GJ,Rajkot,inland,2026-09-21,0.0,30.53,8.68
GJ_034,GJ,Rajkot,inland,2026-09-22,8.95,30.48,6.97
GJ_034,GJ,Rajkot,inland,2026-09-23,0.58,30.21,11.75
GJ_034,GJ,Rajkot,inland,2026-09-24,5.31,29.01,12.01
GJ_034,GJ,Rajkot,inland,2026-09-25,0.43,30.86,11.14
GJ_034,GJ,Rajkot,inland,2026-09-26,0.0,29.67,8.93
GJ_034,GJ,Rajkot,inland,2026-09-27,0.0,29.97,11.43
GJ_034,GJ,Rajkot,inland,2026-09-28,0.55,31.39,14.44
GJ_035,GJ,Bhavnagar,coastal,2026-08-30,0.0,29.92,16.07
GJ_035,GJ,Bhavnagar,coastal,2026-08-31,0.0,30.35,18.87
GJ_035,GJ,Bhavnagar,coastal,2026-09-01,0.19,31.75,16.11
GJ_035,GJ,Bhavnagar,coastal,2026-09-02,0.0,31.01,17.66
GJ_035,GJ,Bhavnagar,coastal,2026-09-03,11.24,30.72,17.04
GJ_035,GJ,Bhavnagar,coastal,2026-09-04,0.0,30.92,19.52
GJ_035,GJ,Bhavnagar,coastal,2026-09-05,1.12,32.28,18.28
GJ_035,GJ,Bhavnagar,coastal,2026-09-06,0.0,31.91,16.79
GJ_035,GJ,Bhavnagar,coastal,2026-09-07,1.55,31.56,17.96
GJ_035,GJ,Bhavnagar,coastal,2026-09-08,9.19,31.36,19.22
GJ_035,GJ,Bhavnagar,coastal,2026-09-09,0.0,33.7,16.77
GJ_035,GJ,Bhavnagar,coastal,2026-09-10,6.08,29.93,15.68
GJ_035,GJ,Bhavnagar,coastal,2026-09-11,18.83,29.75,19.09
GJ_035,GJ,Bhavnagar,coastal,2026-09-12,0.0,29.81,12.76
GJ_035,GJ,Bhavnagar,coastal,2026-09-13,8.32,31.26,19.48
GJ_035,GJ,Bhavnagar,coastal,2026-09-14,2.36,28.75,11.3
GJ_035,GJ,Bhavnagar,coastal,2026-09-15,0.58,31.58,10.44
GJ_035,GJ,Bhavnagar,coastal,2026-09-16,1.12,29.49,11.41
GJ_035,GJ,Bhavnagar,coastal,2026-09-17,2.85,31.63,11.92
GJ_035,GJ,Bhavnagar,coastal,2026-09-18,2.64,29.74,13.38
GJ_035,GJ,Bhavnagar,coastal,2026-09-19,0.15,30.0,10.57
GJ_035,GJ,Bhavnagar,coastal,2026-09-20,1.92,29.3,13.21
GJ_035,GJ,Bhavnagar,coastal,2026-09-21,3.38,29.7,11.07
GJ_035,GJ,Bhavnagar,coastal,2026-09-22,0.0,28.8,16.54
GJ_035,GJ,Bhavnagar,coastal,2026-09-23,0.0,29.87,12.53
GJ_035,GJ,Bhavnagar,coastal,2026-09-24,0.0,30.11,12.71
GJ_035,GJ,Bhavnagar,coastal,2026-09-25,1.5,29.87,11.8
GJ_035,GJ,Bhavnagar,coastal,2026-09-26,0.0,28.74,12.98
GJ_035,GJ,Bhavnagar,coastal,2026-09-27,0.0,31.22,15.4
GJ_035,GJ,Bhavnagar,coastal,2026-09-28,0.0,30.02,18.64
HR_036,HR,Gurugram,inland,2026-08-30,0.64,30.85,12.49
HR_036,HR,Gurugram,inland,2026-08-31,0.0,29.8,13.76
HR_036,HR,Gurugram,inland,2026-09-01,4.5,30.78,16.51
HR_036,HR,Gurugram,inland,2026-09-02,44.05,31.05,16.09
HR_036,HR,Gurugram,inland,2026-09-03,0.0,30.45,14.76
HR_036,HR,Gurugram,inland,2026-09-04,0.0,30.87,16.93
HR_036,HR,Gurugram,inland,2026-09-05,3.0,29.59,16.62
HR_036,HR,Gurugram,inland,2026-09-06,1.06,30.71,12.36
HR_036,HR,Gurugram,inland,2026-09-07,0.0,31.69,14.23
HR_036,HR,Gurugram,inland,2026-09-08,0.21,30.44,11.74
HR_036,HR,Gurugram,inland,2026-09-09,0.0,29.7,11.21
HR_036,HR,Gurugram,inland,2026-09-10,9.92,30.49,11.33
HR_036,HR,Gurugram,inland,2026-09-11,0.14,30.26,9.84
HR_036,HR,Gurugram,inland,2026-09-12,0.0,28.43,8.57
HR_036,HR,Gurugram,inland,2026-09-13,4.1,28.77,9.31
HR_036,HR,Gurugram,inland,2026-09-14,0.0,31.25,11.26
HR_036,HR,Gurugram,inland,2026-09-15,0.28,28.12,10.77
HR_036,HR,Gurugram,inland,2026-09-16,8.9,28.74,11.66
HR_036,HR,Gurugram,inland,2026-09-17,3.14,29.24,6.57
HR_036,HR,Gurugram,inland,2026-09-18,0.0,28.48,6.07
HR_036,HR,Gurugram,inland,2026-09-19,20.7,28.82,9.02
HR_036,HR,Gurugram,inland,2026-09-20,0.0,28.05,6.86
HR_036,HR,Gurugram,inland,2026-09-21,0.33,29.05,7.89
HR_036,HR,Gurugram,inland,2026-09-22,0.0,27.38,12.23
HR_036,HR,Gurugram,inland,2026-09-23,7.46,28.8,8.64
HR_036,HR,Gurugram,inland,2026-09-24,3.48,28.84,11.53
HR_036,HR,Gurugram,inland,2026-09-25,1.36,28.28,16.44
HR_036,HR,Gurugram,inland,2026-09-26,0.86,30.24,11.48
HR_036,HR,Gurugram,inland,2026-09-27,0.0,30.23,10.42
HR_036,HR,Gurugram,inland,2026-09-28,0.0,31.06,14.33
HR_037,HR,Faridabad,inland,2026-08-30,0.0,30.62,9.42
HR_037,HR,Faridabad,inland,2026-08-31,2.69,31.65,16.94
HR_037,HR,Faridabad,inland,2026-09-01,0.0,31.78,13.5
HR_037,HR,Faridabad,inland,2026-09-02,70.88,30.87,18.26
HR_037,HR,Faridabad,inland,2026-09-03,0.0,31.34,12.15
HR_037,HR,Faridabad,inland,2026-09-04,2.19,31.72,11.63
HR_037,HR,Faridabad,inland,2026-09-05,8.82,29.56,17.04
HR_037,HR,Faridabad,inland,2026-09-06,2.37,31.15,12.33
HR_037,HR,Faridabad,inland,2026-09-07,1.4,30.96,12.6
HR_037,HR,Faridabad,inland,2026-09-08,3.77,30.24,13.9
HR_037,HR,Faridabad,inland,2026-09-09,2.32,29.77,17.37
HR_037,HR,Faridabad,inland,2026-09-10,5.25,29.43,11.21
HR_037,HR,Faridabad,inland,2026-09-11,0.0,29.07,13.41
HR_037,HR,Faridabad,inland,2026-09-12,0.09,29.11,10.66
HR_037,HR,Faridabad,inland,2026-09-13,0.0,28.51,14.15
HR_037,HR,Faridabad,inland,2026-09-14,0.49,29.94,8.06
HR_037,HR,Faridabad,inland,2026-09-15,0.0,28.66,9.73
HR_037,HR,Faridabad,inland,2026-09-16,29.86,28.81,10.42
HR_037,HR,Faridabad,inland,2026-09-17,18.08,28.2,10.56
HR_037,HR,Faridabad,inland,2026-09-18,16.07,28.33,10.1
HR_037,HR,Faridabad,inland,2026-09-19,0.5,29.85,10.09
HR_037,HR,Faridabad,inland,2026-09-20,0.0,28.51,5.2
HR_037,HR,Faridabad,inland,2026-09-21,0.33,29.52,8.97
HR_037,HR,Faridabad,inland,2026-09-22,0.0,29.52,7.09
HR_037,HR,Faridabad,inland,2026-09-23,0.0,29.08,12.04
HR_037,HR,Faridabad,inland,2026-09-24,4.62,29.85,8.36
HR_037,HR,Faridabad,inland,2026-09-25,0.0,29.85,10.79
HR_037,HR,Faridabad,inland,2026-09-26,2.84,29.48,12.22
HR_037,HR,Faridabad,inland,2026-09-27,0.23,30.65,11.7
HR_037,HR,Faridabad,inland,2026-09-28,0.0,30.78,11.92
HR_038,HR,Panipat,inland,2026-08-30,0.7,30.19,13.32
HR_038,HR,Panipat,inland,2026-08-31,0.0,30.32,13.6
HR_038,HR,Panipat,inland,2026-09-01,5.24,29.58,14.04
HR_038,HR,Panipat,inland,2026-09-02,49.37,30.78,17.07
HR_038,HR,Panipat,inland,2026-09-03,4.61,29.76,17.05
HR_038,HR,Panipat,inland,2026-09-04,8.73,30.75,13.98
HR_038,HR,Panipat,inland,2026-09-05,0.0,30.88,19.61
HR_038,HR,Panipat,inland,2026-09-06,0.0,31.32,19.34
HR_038,HR,Panipat,inland,2026-09-07,0.07,32.02,11.87
HR_038,HR,Panipat,inland,2026-09-08,0.36,31.87,14.26
HR_038,HR,Panipat,inland,2026-09-09,2.29,31.92,11.49
HR_038,HR,Panipat,inland,2026-09-10,9.0,30.78,14.07
HR_038,HR,Panipat,inland,2026-09-11,0.0,29.98,10.66
HR_038,HR,Panipat,inland,2026-09-12,0.0,31.17,12.34
HR_038,HR,Panipat,inland,2026-09-13,0.0,29.3,8.67
HR_038,HR,Panipat,inland,2026-09-14,0.0,29.72,10.29
HR_038,HR,Panipat,inland,2026-09-15,0.0,29.8,8.93
HR_038,HR,Panipat,inland,2026-09-16,0.0,29.68,7.13
HR_038,HR,Panipat,inland,2026-09-17,0.56,29.11,7.03
HR_038,HR,Panipat,inland,2026-09-18,18.76,29.13,8.37
HR_038,HR,Panipat,inland,2026-09-19,0.0,28.75,6.92
HR_038,HR,Panipat,inland,2026-09-20,18.02,27.84,8.87
HR_038,HR,Panipat,inland,2026-09-21,0.87,29.89,6.64
HR_038,HR,Panipat,inland,2026-09-22,0.0,28.79,6.42
HR_038,HR,Panipat,inland,2026-09-23,0.0,28.63,9.19
HR_038,HR,Panipat,inland,2026-09-24,0.21,29.74,10.56
HR_038,HR,Panipat,inland,2026-09-25,0.0,28.82,10.33
HR_038,HR,Panipat,inland,2026-09-26,0.0,29.25,10.99
HR_038,HR,Panipat,inland,2026-09-27,0.0,28.5,13.69
HR_038,HR,Panipat,inland,2026-09-28,0.68,30.8,11.17
HR_039,HR,Ambala,inland,2026-08-30,0.13,30.37,14.93
HR_039,HR,Ambala,inland,2026-08-31,0.36,30.74,10.09
HR_039,HR,Ambala,inland,2026-09-01,1.15,31.37,15.83
HR_039,HR,Ambala,inland,2026-09-02,0.0,30.76,11.6
HR_039,HR,Ambala,inland,2026-09-03,4.01,31.91,14.05
HR_039,HR,Ambala,inland,2026-09-04,2.31,31.2,16.46
HR_039,HR,Ambala,inland,2026-09-05,8.0,31.26,13.87
HR_039,HR,Ambala,inland,2026-09-06,0.16,30.54,16.28
HR_039,HR,Ambala,inland,2026-09-07,4.01,30.17,13.31
HR_039,HR,Ambala,inland,2026-09-08,0.38,31.61,15.5
HR_039,HR,Ambala,inland,2026-09-09,0.0,30.85,14.5
HR_039,HR,Ambala,inland,2026-09-10,0.49,29.74,13.94
HR_039,HR,Ambala,inland,2026-09-11,0.0,29.65,13.09
HR_039,HR,Ambala,inland,2026-09-12,2.11,31.06,11.01
HR_039,HR,Ambala,inland,2026-09-13,0.0,29.47,10.93
HR_039,HR,Ambala,inland,2026-09-14,0.0,29.78,10.33
HR_039,HR,Ambala,inland,2026-09-15,0.0,29.19,8.06
HR_039,HR,Ambala,inland,2026-09-16,0.0,29.2,10.61
HR_039,HR,Ambala,inland,2026-09-17,0.0,28.69,9.54
HR_039,HR,Ambala,inland,2026-09-18,25.52,29.17,11.19
HR_039,HR,Ambala,inland,2026-09-19,0.19,28.29,12.53
HR_039,HR,Ambala,inland,2026-09-20,4.95,28.35,5.89
HR_039,HR,Ambala,inland,2026-09-21,0.0,28.49,6.06
HR_039,HR,Ambala,inland,2026-09-22,0.0,29.49,8.57
HR_039,HR,Ambala,inland,2026-09-23,0.0,28.6,10.45
HR_039,HR,Ambala,inland,2026-09-24,0.17,29.45,9.51
HR_039,HR,Ambala,inland,2026-09-25,16.63,29.68,11.72
HR_039,HR,Ambala,inland,2026-09-26,0.0,29.27,8.96
HR_039,HR,Ambala,inland,2026-09-27,2.58,29.55,9.41
HR_039,HR,Ambala,inland,2026-09-28,0.0,30.34,12.12
HR_040,HR,Hisar,inland,2026-08-30,0.0,30.78,13.62
HR_040,HR,Hisar,inland,2026-08-31,2.03,30.27,10.52
HR_040,HR,Hisar,inland,2026-09-01,16.34,31.0,12.56
HR_040,HR,Hisar,inland,2026-09-02,0.0,32.27,15.02
HR_040,HR,Hisar,inland,2026-09-03,0.08,31.11,14.15
HR_040,HR,Hisar,inland,2026-09-04,3.82,31.29,15.57
HR_040,HR,Hisar,inland,2026-09-05,4.73,32.17,16.9
HR_040,HR,Hisar,inland,2026-09-06,0.0,30.86,16.5
HR_040,HR,Hisar,inland,2026-09-07,0.0,29.96,14.64
HR_040,HR,Hisar,inland,2026-09-08,0.0,31.34,13.34
HR_040,HR,Hisar,inland,2026-09-09,2.01,31.29,12.85
HR_040,HR,Hisar,inland,2026-09-10,5.04,30.5,14.14
HR_040,HR,Hisar,inland,2026-09-11,0.34,28.62,14.92
HR_040,HR,Hisar,inland,2026-09-12,0.61,29.26,13.69
HR_040,HR,Hisar,inland,2026-09-13,0.16,30.02,11.3
HR_040,HR,Hisar,inland,2026-09-14,0.74,29.15,13.22
HR_040,HR,Hisar,inland,2026-09-15,0.0,28.91,13.79
HR_040,HR,Hisar,inland,2026-09-16,0.92,28.35,11.37
HR_040,HR,Hisar,inland,2026-09-17,2.95,29.35,7.89
HR_040,HR,Hisar,inland,2026-09-18,0.0,27.74,6.01
HR_040,HR,Hisar,inland,2026-09-19,3.35,27.4,10.15
HR_040,HR,Hisar,inland,2026-09-20,0.0,29.14,10.15
HR_040,HR,Hisar,inland,2026-09-21,2.07,29.2,5.03
HR_040,HR,Hisar,inland,2026-09-22,0.0,30.05,6.76
HR_040,HR,Hisar,inland,2026-09-23,0.0,29.51,8.09
HR_040,HR,Hisar,inland,2026-09-24,0.31,29.6,7.09
HR_040,HR,Hisar,inland,2026-09-25,2.23,28.91,8.5
HR_040,HR,Hisar,inland,2026-09-26,0.35,30.88,7.32
HR_040,HR,Hisar,inland,2026-09-27,0.61,30.16,7.57
HR_040,HR,Hisar,inland,2026-09-28,0.0,29.61,12.0
HP_041,HP,Shimla,hilly,2026-08-30,0.18,18.07,10.24
HP_041,HP,Shimla,hilly,2026-08-31,0.0,17.92,11.52
HP_041,HP,Shimla,hilly,2026-09-01,9.78,17.55,12.36
HP_041,HP,Shimla,hilly,2026-09-02,2.63,18.12,15.84
HP_041,HP,Shimla,hilly,2026-09-03,0.1,18.16,14.16
HP_041,HP,Shimla,hilly,2026-09-04,2.68,17.84,12.52
HP_041,HP,Shimla,hilly,2026-09-05,0.0,19.2,11.78
HP_041,HP,Shimla,hilly,2026-09-06,0.0,18.15,11.68
HP_041,HP,Shimla,hilly,2026-09-07,0.9,18.3,9.8
HP_041,HP,Shimla,hilly,2026-09-08,8.53,17.67,11.83
HP_041,HP,Shimla,hilly,2026-09-09,18.95,18.65,14.1
HP_041,HP,Shimla,hilly,2026-09-10,7.81,16.43,12.49
HP_041,HP,Shimla,hilly,2026-09-11,1.0,17.36,5.91
HP_041,HP,Shimla,hilly,2026-09-12,0.0,16.33,7.35
HP_041,HP,Shimla,hilly,2026-09-13,0.0,15.7,9.41
HP_041,HP,Shimla,hilly,2026-09-14,1.63,16.35,8.02
HP_041,HP,Shimla,hilly,2026-09-15,0.0,16.98,10.05
HP_041,HP,Shimla,hilly,2026-09-16,14.28,16.77,8.94
HP_041,HP,Shimla,hilly,2026-09-17,19.61,15.57,7.93
HP_041,HP,Shimla,hilly,2026-09-18,0.0,15.14,7.4
HP_041,HP,Shimla,hilly,2026-09-19,0.0,16.44,6.39
HP_041,HP,Shimla,hilly,2026-09-20,0.0,15.71,6.04
HP_041,HP,Shimla,hilly,2026-09-21,1.73,15.51,5.91
HP_041,HP,Shimla,hilly,2026-09-22,0.0,15.96,8.36
HP_041,HP,Shimla,hilly,2026-09-23,0.0,15.82,9.28
HP_041,HP,Shimla,hilly,2026-09-24,0.0,17.15,10.16
HP_041,HP,Shimla,hilly,2026-09-25,0.0,15.39,8.25
HP_041,HP,Shimla,hilly,2026-09-26,1.32,16.96,10.38
HP_041,HP,Shimla,hilly,2026-09-27,4.27,17.12,5.89
HP_041,HP,Shimla,hilly,2026-09-28,3.81,16.69,11.53
HP_042,HP,Manali,hilly,2026-08-30,0.0,17.71,15.17
HP_042,HP,Manali,hilly,2026-08-31,0.93,16.61,12.06
HP_042,HP,Manali,hilly,2026-09-01,7.48,18.57,10.35
HP_042,HP,Manali,hilly,2026-09-02,16.78,19.13,13.09
HP_042,HP,Manali,hilly,2026-09-03,5.0,17.99,13.25
HP_042,HP,Manali,hilly,2026-09-04,0.0,17.76,11.91
HP_042,HP,Manali,hilly,2026-09-05,9.22,18.58,10.34
HP_042,HP,Manali,hilly,2026-09-06,0.71,18.13,13.45
HP_042,HP,Manali,hilly,2026-09-07,0.99,17.54,12.5
HP_042,HP,Manali,hilly,2026-09-08,0.15,19.74,12.62
HP_042,HP,Manali,hilly,2026-09-09,21.12,17.42,15.5
HP_042,HP,Manali,hilly,2026-09-10,3.12,18.09,7.12
HP_042,HP,Manali,hilly,2026-09-11,2.74,18.98,7.51
HP_042,HP,Manali,hilly,2026-09-12,8.96,17.93,7.1
HP_042,HP,Manali,hilly,2026-09-13,0.43,16.99,7.25
HP_042,HP,Manali,hilly,2026-09-14,0.0,16.01,5.65
HP_042,HP,Manali,hilly,2026-09-15,0.89,16.3,5.62
HP_042,HP,Manali,hilly,2026-09-16,0.0,17.36,3.3
HP_042,HP,Manali,hilly,2026-09-17,0.0,15.71,5.58
HP_042,HP,Manali,hilly,2026-09-18,1.51,15.18,9.43
HP_042,HP,Manali,hilly,2026-09-19,4.59,16.21,8.3
HP_042,HP,Manali,hilly,2026-09-20,0.0,14.53,4.38
HP_042,HP,Manali,hilly,2026-09-21,3.39,16.19,7.24
HP_042,HP,Manali,hilly,2026-09-22,0.0,16.19,5.25
HP_042,HP,Manali,hilly,2026-09-23,3.5,16.06,8.02
HP_042,HP,Manali,hilly,2026-09-24,12.53,16.79,6.1
HP_042,HP,Manali,hilly,2026-09-25,3.67,16.23,10.05
HP_042,HP,Manali,hilly,2026-09-26,0.0,16.57,10.19
HP_042,HP,Manali,hilly,2026-09-27,1.85,18.21,11.06
HP_042,HP,Manali,hilly,2026-09-28,1.49,16.88,14.99
HP_043,HP,Dharamshala,hilly,2026-08-30,0.0,18.15,13.71
HP_043,HP,Dharamshala,hilly,2026-08-31,0.1,17.78,13.6
HP_043,HP,Dharamshala,hilly,2026-09-01,23.84,17.58,15.37
HP_043,HP,Dharamshala,hilly,2026-09-02,3.67,18.23,10.6
HP_043,HP,Dharamshala,hilly,2026-09-03,14.69,19.29,16.14
HP_043,HP,Dharamshala,hilly,2026-09-04,0.0,17.84,16.31
HP_043,HP,Dharamshala,hilly,2026-09-05,6.18,18.46,13.39
HP_043,HP,Dharamshala,hilly,2026-09-06,1.62,18.6,12.03
HP_043,HP,Dharamshala,hilly,2026-09-07,0.0,17.99,12.95
HP_043,HP,Dharamshala,hilly,2026-09-08,0.0,17.98,8.14
HP_043,HP,Dharamshala,hilly,2026-09-09,7.08,17.33,11.81
HP_043,HP,Dharamshala,hilly,2026-09-10,9.12,19.02,11.88
HP_043,HP,Dharamshala,hilly,2026-09-11,2.03,16.67,6.54
HP_043,HP,Dharamshala,hilly,2026-09-12,3.16,17.02,10.78
HP_043,HP,Dharamshala,hilly,2026-09-13,0.0,16.6,8.79
HP_043,HP,Dharamshala,hilly,2026-09-14,0.0,15.98,11.25
HP_043,HP,Dharamshala,hilly,2026-09-15,3.64,15.84,4.37
HP_043,HP,Dharamshala,hilly,2026-09-16,1.07,16.24,11.01
HP_043,HP,Dharamshala,hilly,2026-09-17,24.7,14.9,6.73
HP_043,HP,Dharamshala,hilly,2026-09-18,0.65,16.26,7.86
HP_043,HP,Dharamshala,hilly,2026-09-19,3.18,15.45,5.06
HP_043,HP,Dharamshala,hilly,2026-09-20,18.92,15.64,7.57
HP_043,HP,Dharamshala,hilly,2026-09-21,2.23,16.71,7.51
HP_043,HP,Dharamshala,hilly,2026-09-22,0.0,15.59,4.89
HP_043,HP,Dharamshala,hilly,2026-09-23,0.77,15.37,6.06
HP_043,HP,Dharamshala,hilly,2026-09-24,0.0,17.4,8.78
HP_043,HP,Dharamshala,hilly,2026-09-25,0.0,17.91,9.04
HP_043,HP,Dharamshala,hilly,2026-09-26,7.99,17.71,12.01
HP_043,HP,Dharamshala,hilly,2026-09-27,0.37,17.87,10.75
HP_043,HP,Dharamshala,hilly,2026-09-28,0.0,17.29,9.69
HP_044,HP,Solan,hilly,2026-08-30,0.0,17.9,12.91
HP_044,HP,Solan,hilly,2026-08-31,1.11,17.71,13.38
HP_044,HP,Solan,hilly,2026-09-01,0.0,17.61,16.34
HP_044,HP,Solan,hilly,2026-09-02,8.01,17.9,9.44
HP_044,HP,Solan,hilly,2026-09-03,1.77,19.35,12.31
HP_044,HP,Solan,hilly,2026-09-04,30.1,18.64,10.78
HP_044,HP,Solan,hilly,2026-09-05,3.24,20.02,12.97
HP_044,HP,Solan,hilly,2026-09-06,3.39,19.2,10.14
HP_044,HP,Solan,hilly,2026-09-07,0.0,18.75,12.73
HP_044,HP,Solan,hilly,2026-09-08,0.0,17.97,10.91
HP_044,HP,Solan,hilly,2026-09-09,0.15,17.44,7.67
HP_044,HP,Solan,hilly,2026-09-10,16.64,17.41,10.37
HP_044,HP,Solan,hilly,2026-09-11,9.47,16.67,9.41
HP_044,HP,Solan,hilly,2026-09-12,0.0,16.38,8.61
HP_044,HP,Solan,hilly,2026-09-13,3.19,17.8,7.01
HP_044,HP,Solan,hilly,2026-09-14,4.09,17.49,11.17
HP_044,HP,Solan,hilly,2026-09-15,0.0,14.78,9.27
HP_044,HP,Solan,hilly,2026-09-16,0.0,15.91,5.94
HP_044,HP,Solan,hilly,2026-09-17,19.02,15.29,9.71
HP_044,HP,Solan,hilly,2026-09-18,5.64,16.99,8.71
HP_044,HP,Solan,hilly,2026-09-19,8.87,14.48,8.71
HP_044,HP,Solan,hilly,2026-09-20,0.0,17.04,3.49
HP_044,HP,Solan,hilly,2026-09-21,6.38,16.2,6.06
HP_044,HP,Solan,hilly,2026-09-22,1.92,16.36,4.6
HP_044,HP,Solan,hilly,2026-09-23,8.71,16.41,10.42
HP_044,HP,Solan,hilly,2026-09-24,16.24,17.2,7.54
HP_044,HP,Solan,hilly,2026-09-25,0.0,15.63,8.54
HP_044,HP,Solan,hilly,2026-09-26,2.86,16.65,8.57
HP_044,HP,Solan,hilly,2026-09-27,0.0,16.23,9.24
HP_044,HP,Solan,hilly,2026-09-28,0.0,17.39,7.02
HP_045,HP,Mandi,hilly,2026-08-30,0.0,18.07,10.01
HP_045,HP,Mandi,hilly,2026-08-31,0.0,17.39,9.43
HP_045,HP,Mandi,hilly,2026-09-01,0.0,17.22,10.4
HP_045,HP,Mandi,hilly,2026-09-02,8.24,17.39,14.68
HP_045,HP,Mandi,hilly,2026-09-03,13.86,17.49,15.63
HP_045,HP,Mandi,hilly,2026-09-04,4.42,16.93,11.87
HP_045,HP,Mandi,hilly,2026-09-05,0.0,18.83,14.03
HP_045,HP,Mandi,hilly,2026-09-06,0.0,18.09,11.07
HP_045,HP,Mandi,hilly,2026-09-07,10.57,19.19,13.41
HP_045,HP,Mandi,hilly,2026-09-08,0.0,18.13,11.64
HP_045,HP,Mandi,hilly,2026-09-09,10.38,18.03,8.84
HP_045,HP,Mandi,hilly,2026-09-10,25.01,17.17,14.92
HP_045,HP,Mandi,hilly,2026-09-11,5.87,16.3,7.28
HP_045,HP,Mandi,hilly,2026-09-12,0.23,16.76,8.77
HP_045,HP,Mandi,hilly,2026-09-13,0.0,16.25,6.27
HP_045,HP,Mandi,hilly,2026-09-14,0.0,16.52,10.25
HP_045,HP,Mandi,hilly,2026-09-15,1.91,15.57,4.95
HP_045,HP,Mandi,hilly,2026-09-16,0.0,15.37,9.82
HP_045,HP,Mandi,hilly,2026-09-17,10.11,15.78,7.34
HP_045,HP,Mandi,hilly,2026-09-18,13.17,16.22,7.95
HP_045,HP,Mandi,hilly,2026-09-19,32.37,15.13,9.27
HP_045,HP,Mandi,hilly,2026-09-20,9.45,15.14,6.91
HP_045,HP,Mandi,hilly,2026-09-21,0.93,16.35,4.61
HP_045,HP,Mandi,hilly,2026-09-22,0.0,14.71,6.41
HP_045,HP,Mandi,hilly,2026-09-23,7.84,15.97,9.87
HP_045,HP,Mandi,hilly,2026-09-24,5.38,15.85,8.43
HP_045,HP,Mandi,hilly,2026-09-25,0.0,14.93,6.06
HP_045,HP,Mandi,hilly,2026-09-26,0.0,16.1,5.33
HP_045,HP,Mandi,hilly,2026-09-27,0.0,18.78,8.41
HP_045,HP,Mandi,hilly,2026-09-28,0.4,17.68,5.34
JH_046,JH,Ranchi,inland,2026-08-30,0.46,29.56,11.57
JH_046,JH,Ranchi,inland,2026-08-31,0.0,29.07,16.15
JH_046,JH,Ranchi,inland,2026-09-01,15.6,29.98,14.9
JH_046,JH,Ranchi,inland,2026-09-02,2.25,29.94,16.98
JH_046,JH,Ranchi,inland,2026-09-03,11.55,28.96,16.66
JH_046,JH,Ranchi,inland,2026-09-04,0.77,28.77,15.23
JH_046,JH,Ranchi,inland,2026-09-05,6.05,30.86,14.61
JH_046,JH,Ranchi,inland,2026-09-06,0.69,29.28,11.16
JH_046,JH,Ranchi,inland,2026-09-07,0.0,29.26,15.06
JH_046,JH,Ranchi,inland,2026-09-08,0.0,29.02,12.85
JH_046,JH,Ranchi,inland,2026-09-09,0.0,29.05,8.58
JH_046,JH,Ranchi,inland,2026-09-10,15.8,28.31,15.68
JH_046,JH,Ranchi,inland,2026-09-11,0.0,28.26,10.27
JH_046,JH,Ranchi,inland,2026-09-12,0.85,27.98,14.82
JH_046,JH,Ranchi,inland,2026-09-13,0.28,27.55,9.03
JH_046,JH,Ranchi,inland,2026-09-14,12.07,27.52,12.39
JH_046,JH,Ranchi,inland,2026-09-15,0.66,28.13,9.76
JH_046,JH,Ranchi,inland,2026-09-16,12.11,27.39,8.79
JH_046,JH,Ranchi,inland,2026-09-17,27.58,28.21,12.54
JH_046,JH,Ranchi,inland,2026-09-18,17.97,27.11,9.98
JH_046,JH,Ranchi,inland,2026-09-19,0.0,26.35,8.18
JH_046,JH,Ranchi,inland,2026-09-20,20.58,26.66,10.56
JH_046,JH,Ranchi,inland,2026-09-21,0.91,26.93,8.92
JH_046,JH,Ranchi,inland,2026-09-22,4.6,26.77,9.94
JH_046,JH,Ranchi,inland,2026-09-23,0.31,28.68,7.38
JH_046,JH,Ranchi,inland,2026-09-24,3.46,27.82,9.0
JH_046,JH,Ranchi,inland,2026-09-25,5.69,28.25,6.81
JH_046,JH,Ranchi,inland,2026-09-26,0.0,28.31,12.34
JH_046,JH,Ranchi,inland,2026-09-27,0.0,28.43,11.2
JH_046,JH,Ranchi,inland,2026-09-28,0.41,28.79,11.77
JH_047,JH,Jamshedpur,inland,2026-08-30,1.71,28.43,15.53
JH_047,JH,Jamshedpur,inland,2026-08-31,0.0,28.68,13.86
JH_047,JH,Jamshedpur,inland,2026-09-01,0.55,29.14,15.47
JH_047,JH,Jamshedpur,inland,2026-09-02,0.0,30.06,11.4
JH_047,JH,Jamshedpur,inland,2026-09-03,41.78,30.16,16.51
JH_047,JH,Jamshedpur,inland,2026-09-04,3.55,29.68,13.25
JH_047,JH,Jamshedpur,inland,2026-09-05,0.0,29.79,14.51
JH_047,JH,Jamshedpur,inland,2026-09-06,0.0,28.52,12.89
JH_047,JH,Jamshedpur,inland,2026-09-07,0.48,28.84,11.92
JH_047,JH,Jamshedpur,inland,2026-09-08,10.91,29.23,15.89
JH_047,JH,Jamshedpur,inland,2026-09-09,3.34,29.22,12.95
JH_047,JH,Jamshedpur,inland,2026-09-10,0.13,27.99,11.07
JH_047,JH,Jamshedpur,inland,2026-09-11,0.44,27.63,15.48
JH_047,JH,Jamshedpur,inland,2026-09-12,5.53,28.47,7.77
JH_047,JH,Jamshedpur,inland,2026-09-13,2.48,27.84,11.13
JH_047,JH,Jamshedpur,inland,2026-09-14,0.22,27.66,6.0
JH_047,JH,Jamshedpur,inland,2026-09-15,0.0,27.52,9.32
JH_047,JH,Jamshedpur,inland,2026-09-16,9.96,25.83,12.97
JH_047,JH,Jamshedpur,inland,2026-09-17,17.83,28.01,11.2
JH_047,JH,Jamshedpur,inland,2026-09-18,2.9,27.93,10.39
JH_047,JH,Jamshedpur,inland,2026-09-19,0.15,26.27,7.46
JH_047,JH,Jamshedpur,inland,2026-09-20,5.46,27.2,9.05
JH_047,JH,Jamshedpur,inland,2026-09-21,5.15,26.7,8.68
JH_047,JH,Jamshedpur,inland,2026-09-22,0.0,26.9,9.55
JH_047,JH,Jamshedpur,inland,2026-09-23,1.22,27.24,13.69
JH_047,JH,Jamshedpur,inland,2026-09-24,10.2,27.51,11.51
JH_047,JH,Jamshedpur,inland,2026-09-25,2.59,28.27,11.68
JH_047,JH,Jamshedpur,inland,2026-09-26,0.0,29.35,12.05
JH_047,JH,Jamshedpur,inland,2026-09-27,5.9,28.49,12.97
JH_047,JH,Jamshedpur,inland,2026-09-28,2.1,30.26,13.19
JH_048,JH,Dhanbad,inland,2026-08-30,0.18,30.5,12.4
JH_048,JH,Dhanbad,inland,2026-08-31,3.99,29.55,13.11
JH_048,JH,Dhanbad,inland,2026-09-01,0.0,30.62,12.35
JH_048,JH,Dhanbad,inland,2026-09-02,5.4,30.05,14.0
JH_048,JH,Dhanbad,inland,2026-09-03,4.85,29.49,14.81
JH_048,JH,Dhanbad,inland,2026-09-04,9.44,30.17,15.65
JH_048,JH,Dhanbad,inland,2026-09-05,3.65,29.24,13.95
JH_048,JH,Dhanbad,inland,2026-09-06,2.24,30.02,13.59
JH_048,JH,Dhanbad,inland,2026-09-07,0.0,29.71,14.75
JH_048,JH,Dhanbad,inland,2026-09-08,0.0,29.84,14.48
JH_048,JH,Dhanbad,inland,2026-09-09,11.83,29.97,17.38
JH_048,JH,Dhanbad,inland,2026-09-10,6.09,28.83,11.97
JH_048,JH,Dhanbad,inland,2026-09-11,0.0,28.19,10.95
JH_048,JH,Dhanbad,inland,2026-09-12,4.37,28.36,11.62
JH_048,JH,Dhanbad,inland,2026-09-13,0.0,28.2,11.56
JH_048,JH,Dhanbad,inland,2026-09-14,0.1,28.07,11.57
JH_048,JH,Dhanbad,inland,2026-09-15,11.42,27.58,11.16
JH_048,JH,Dhanbad,inland,2026-09-16,10.4,26.97,8.76
JH_048,JH,Dhanbad,inland,2026-09-17,85.77,27.27,12.0
JH_048,JH,Dhanbad,inland,2026-09-18,1.88,26.67,11.97
JH_048,JH,Dhanbad,inland,2026-09-19,0.0,26.62,10.26
JH_048,JH,Dhanbad,inland,2026-09-20,13.37,26.46,9.97
JH_048,JH,Dhanbad,inland,2026-09-21,0.0,27.11,7.81
JH_048,JH,Dhanbad,inland,2026-09-22,28.35,27.25,13.07
JH_048,JH,Dhanbad,inland,2026-09-23,0.0,27.74,8.35
JH_048,JH,Dhanbad,inland,2026-09-24,0.0,27.63,8.26
JH_048,JH,Dhanbad,inland,2026-09-25,3.64,28.25,5.84
JH_048,JH,Dhanbad,inland,2026-09-26,7.93,28.51,12.29
JH_048,JH,Dhanbad,inland,2026-09-27,0.0,29.81,9.11
JH_048,JH,Dhanbad,inland,2026-09-28,3.97,28.92,12.98
JH_049,JH,Bokaro,inland,2026-08-30,0.45,29.48,11.67
JH_049,JH,Bokaro,inland,2026-08-31,0.0,29.73,16.36
JH_049,JH,Bokaro,inland,2026-09-01,0.0,30.49,13.65
JH_049,JH,Bokaro,inland,2026-09-02,0.18,29.68,18.0
JH_049,JH,Bokaro,inland,2026-09-03,5.65,31.95,14.86
JH_049,JH,Bokaro,inland,2026-09-04,0.0,29.22,14.7
JH_049,JH,Bokaro,inland,2026-09-05,11.36,29.6,15.18
JH_049,JH,Bokaro,inland,2026-09-06,0.0,29.4,14.04
JH_049,JH,Bokaro,inland,2026-09-07,0.0,29.12,13.28
JH_049,JH,Bokaro,inland,2026-09-08,12.57,28.19,11.91
JH_049,JH,Bokaro,inland,2026-09-09,5.39,29.63,14.67
JH_049,JH,Bokaro,inland,2026-09-10,0.0,28.12,12.64
JH_049,JH,Bokaro,inland,2026-09-11,0.0,28.75,10.33
JH_049,JH,Bokaro,inland,2026-09-12,4.03,27.25,13.09
JH_049,JH,Bokaro,inland,2026-09-13,28.34,28.03,8.17
JH_049,JH,Bokaro,inland,2026-09-14,0.0,27.0,6.32
JH_049,JH,Bokaro,inland,2026-09-15,19.64,27.04,12.24
JH_049,JH,Bokaro,inland,2026-09-16,32.78,27.23,15.5
JH_049,JH,Bokaro,inland,2026-09-17,0.51,27.79,7.54
JH_049,JH,Bokaro,inland,2026-09-18,14.39,26.29,9.57
JH_049,JH,Bokaro,inland,2026-09-19,1.67,27.66,10.65
JH_049,JH,Bokaro,inland,2026-09-20,22.66,26.19,10.68
JH_049,JH,Bokaro,inland,2026-09-21,3.58,26.98,8.07
JH_049,JH,Bokaro,inland,2026-09-22,0.0,27.76,11.63
JH_049,JH,Bokaro,inland,2026-09-23,6.99,28.24,10.89
JH_049,JH,Bokaro,inland,2026-09-24,10.2,28.67,9.21
JH_049,JH,Bokaro,inland,2026-09-25,0.0,29.26,10.6
JH_049,JH,Bokaro,inland,2026-09-26,0.0,29.16,14.55
JH_049,JH,Bokaro,inland,2026-09-27,0.0,28.32,12.32
JH_049,JH,Bokaro,inland,2026-09-28,1.57,29.26,12.95
JH_050,JH,Hazaribagh,inland,2026-08-30,4.58,29.36,14.15
JH_050,JH,Hazaribagh,inland,2026-08-31,0.48,29.43,12.26
JH_050,JH,Hazaribagh,inland,2026-09-01,0.0,29.0,13.28
JH_050,JH,Hazaribagh,inland,2026-09-02,0.0,28.75,16.98
JH_050,JH,Hazaribagh,inland,2026-09-03,5.39,28.77,14.8
JH_050,JH,Hazaribagh,inland,2026-09-04,17.44,29.32,18.55
JH_050,JH,Hazaribagh,inland,2026-09-05,0.1,28.39,14.98
JH_050,JH,Hazaribagh,inland,2026-09-06,4.35,29.38,16.25
JH_050,JH,Hazaribagh,inland,2026-09-07,2.18,30.06,14.81
JH_050,JH,Hazaribagh,inland,2026-09-08,0.0,27.94,14.92
JH_050,JH,Hazaribagh,inland,2026-09-09,0.22,28.26,9.77
JH_050,JH,Hazaribagh,inland,2026-09-10,4.14,28.65,11.48
JH_050,JH,Hazaribagh,inland,2026-09-11,1.69,28.65,10.5
JH_050,JH,Hazaribagh,inland,2026-09-12,0.3,28.92,8.04
JH_050,JH,Hazaribagh,inland,2026-09-13,0.0,28.45,10.9
JH_050,JH,Hazaribagh,inland,2026-09-14,2.29,26.63,10.31
JH_050,JH,Hazaribagh,inland,2026-09-15,7.93,26.73,8.31
JH_050,JH,Hazaribagh,inland,2026-09-16,1.34,27.16,10.03
JH_050,JH,Hazaribagh,inland,2026-09-17,4.12,27.28,12.86
JH_050,JH,Hazaribagh,inland,2026-09-18,10.25,28.48,10.1
JH_050,JH,Hazaribagh,inland,2026-09-19,12.06,27.44,9.78
JH_050,JH,Hazaribagh,inland,2026-09-20,0.13,27.24,5.72
JH_050,JH,Hazaribagh,inland,2026-09-21,2.31,26.94,7.61
JH_050,JH,Hazaribagh,inland,2026-09-22,0.0,27.87,8.26
JH_050,JH,Hazaribagh,inland,2026-09-23,0.42,26.45,11.21
JH_050,JH,Hazaribagh,inland,2026-09-24,0.0,26.74,8.84
JH_050,JH,Hazaribagh,inland,2026-09-25,0.0,29.01,7.86
JH_050,JH,Hazaribagh,inland,2026-09-26,19.03,27.09,12.2
JH_050,JH,Hazaribagh,inland,2026-09-27,0.0,28.64,8.83
JH_050,JH,Hazaribagh,inland,2026-09-28,0.0,28.1,13.24
KA_051,KA,Bengaluru,inland,2026-08-30,0.0,27.86,13.5
KA_051,KA,Bengaluru,inland,2026-08-31,0.0,28.37,14.32
KA_051,KA,Bengaluru,inland,2026-09-01,0.0,27.46,13.46
KA_051,KA,Bengaluru,inland,2026-09-02,0.0,29.12,14.1
KA_051,KA,Bengaluru,inland,2026-09-03,6.28,29.34,16.38
KA_051,KA,Bengaluru,inland,2026-09-04,4.49,27.71,17.33
KA_051,KA,Bengaluru,inland,2026-09-05,0.0,28.67,15.83
KA_051,KA,Bengaluru,inland,2026-09-06,42.81,29.68,20.36
KA_051,KA,Bengaluru,inland,2026-09-07,0.0,31.12,10.52
KA_051,KA,Bengaluru,inland,2026-09-08,2.8,29.14,12.7
KA_051,KA,Bengaluru,inland,2026-09-09,0.22,29.77,11.86
KA_051,KA,Bengaluru,inland,2026-09-10,1.21,28.62,11.85
KA_051,KA,Bengaluru,inland,2026-09-11,0.0,28.8,12.24
KA_051,KA,Bengaluru,inland,2026-09-12,1.21,26.97,9.14
KA_051,KA,Bengaluru,inland,2026-09-13,0.0,27.09,9.5
KA_051,KA,Bengaluru,inland,2026-09-14,0.0,27.84,7.99
KA_051,KA,Bengaluru,inland,2026-09-15,0.0,28.99,8.79
KA_051,KA,Bengaluru,inland,2026-09-16,0.44,26.61,6.99
KA_051,KA,Bengaluru,inland,2026-09-17,11.73,27.98,11.4
KA_051,KA,Bengaluru,inland,2026-09-18,11.95,26.8,7.91
KA_051,KA,Bengaluru,inland,2026-09-19,5.13,25.72,5.88
KA_051,KA,Bengaluru,inland,2026-09-20,7.67,25.86,10.64
KA_051,KA,Bengaluru,inland,2026-09-21,3.6,28.25,11.49
KA_051,KA,Bengaluru,inland,2026-09-22,0.0,26.46,10.86
KA_051,KA,Bengaluru,inland,2026-09-23,0.0,25.48,9.96
KA_051,KA,Bengaluru,inland,2026-09-24,0.0,26.2,9.96
KA_051,KA,Bengaluru,inland,2026-09-25,0.0,26.9,10.67
KA_051,KA,Bengaluru,inland,2026-09-26,4.82,27.85,12.11
KA_051,KA,Bengaluru,inland,2026-09-27,0.0,26.77,11.16
KA_051,KA,Bengaluru,inland,2026-09-28,3.35,29.15,13.46
KA_052,KA,Mangaluru,coastal,2026-08-30,0.0,27.31,17.82
KA_052,KA,Mangaluru,coastal,2026-08-31,1.91,26.66,19.48
KA_052,KA,Mangaluru,coastal,2026-09-01,0.69,28.57,17.62
KA_052,KA,Mangaluru,coastal,2026-09-02,23.14,29.27,15.93
KA_052,KA,Mangaluru,coastal,2026-09-03,3.67,30.0,20.6
KA_052,KA,Mangaluru,coastal,2026-09-04,3.51,28.69,17.44
KA_052,KA,Mangaluru,coastal,2026-09-05,0.0,27.59,17.3
KA_052,KA,Mangaluru,coastal,2026-09-06,0.0,29.09,20.71
KA_052,KA,Mangaluru,coastal,2026-09-07,3.99,28.41,18.93
KA_052,KA,Mangaluru,coastal,2026-09-08,0.0,27.54,18.76
KA_052,KA,Mangaluru,coastal,2026-09-09,25.56,28.09,20.9
KA_052,KA,Mangaluru,coastal,2026-09-10,0.2,27.11,18.8
KA_052,KA,Mangaluru,coastal,2026-09-11,9.37,28.54,19.37
KA_052,KA,Mangaluru,coastal,2026-09-12,7.8,27.79,15.99
KA_052,KA,Mangaluru,coastal,2026-09-13,0.0,27.91,14.15
KA_052,KA,Mangaluru,coastal,2026-09-14,4.79,27.05,15.78
KA_052,KA,Mangaluru,coastal,2026-09-15,0.1,28.35,14.07
KA_052,KA,Mangaluru,coastal,2026-09-16,0.0,27.0,11.15
KA_052,KA,Mangaluru,coastal,2026-09-17,0.0,25.53,16.12
KA_052,KA,Mangaluru,coastal,2026-09-18,3.03,27.38,10.92
KA_052,KA,Mangaluru,coastal,2026-09-19,53.83,26.61,13.24
KA_052,KA,Mangaluru,coastal,2026-09-20,4.18,27.77,11.08
KA_052,KA,Mangaluru,coastal,2026-09-21,9.57,24.21,13.45
KA_052,KA,Mangaluru,coastal,2026-09-22,2.85,26.63,11.51
KA_052,KA,Mangaluru,coastal,2026-09-23,9.58,25.66,15.0
KA_052,KA,Mangaluru,coastal,2026-09-24,10.09,27.14,15.45
KA_052,KA,Mangaluru,coastal,2026-09-25,4.47,26.8,16.5
KA_052,KA,Mangaluru,coastal,2026-09-26,0.0,27.09,13.3
KA_052,KA,Mangaluru,coastal,2026-09-27,16.5,26.7,14.07
KA_052,KA,Mangaluru,coastal,2026-09-28,0.07,26.3,14.42
KA_053,KA,Mysuru,inland,2026-08-30,0.0,29.22,12.76
KA_053,KA,Mysuru,inland,2026-08-31,0.0,29.05,11.49
KA_053,KA,Mysuru,inland,2026-09-01,0.67,29.32,14.25
KA_053,KA,Mysuru,inland,2026-09-02,0.0,29.26,14.56
KA_053,KA,Mysuru,inland,2026-09-03,0.0,29.08,18.25
KA_053,KA,Mysuru,inland,2026-09-04,0.0,30.26,14.96
KA_053,KA,Mysuru,inland,2026-09-05,4.86,29.45,15.97
KA_053,KA,Mysuru,inland,2026-09-06,11.39,28.89,14.77
KA_053,KA,Mysuru,inland,2026-09-07,0.0,27.44,13.93
KA_053,KA,Mysuru,inland,2026-09-08,14.83,27.47,11.85
KA_053,KA,Mysuru,inland,2026-09-09,0.0,28.53,14.22
KA_053,KA,Mysuru,inland,2026-09-10,0.0,27.12,12.54
KA_053,KA,Mysuru,inland,2026-09-11,3.38,27.71,8.76
KA_053,KA,Mysuru,inland,2026-09-12,2.41,28.16,11.55
KA_053,KA,Mysuru,inland,2026-09-13,0.0,28.68,8.31
KA_053,KA,Mysuru,inland,2026-09-14,0.0,26.37,9.79
KA_053,KA,Mysuru,inland,2026-09-15,0.0,26.2,3.92
KA_053,KA,Mysuru,inland,2026-09-16,11.67,28.07,10.83
KA_053,KA,Mysuru,inland,2026-09-17,1.53,26.33,7.41
KA_053,KA,Mysuru,inland,2026-09-18,71.94,26.5,13.07
KA_053,KA,Mysuru,inland,2026-09-19,8.44,27.36,7.62
KA_053,KA,Mysuru,inland,2026-09-20,0.0,26.95,10.11
KA_053,KA,Mysuru,inland,2026-09-21,39.48,27.05,10.61
KA_053,KA,Mysuru,inland,2026-09-22,0.61,27.73,12.8
KA_053,KA,Mysuru,inland,2026-09-23,0.1,28.37,7.45
KA_053,KA,Mysuru,inland,2026-09-24,7.44,28.17,10.18
KA_053,KA,Mysuru,inland,2026-09-25,2.7,27.87,8.67
KA_053,KA,Mysuru,inland,2026-09-26,8.87,28.47,12.46
KA_053,KA,Mysuru,inland,2026-09-27,0.0,29.31,12.24
KA_053,KA,Mysuru,inland,2026-09-28,0.0,28.98,14.02
KA_054,KA,Hubballi,inland,2026-08-30,0.0,29.34,13.68
KA_054,KA,Hubballi,inland,2026-08-31,2.18,27.78,14.81
KA_054,KA,Hubballi,inland,2026-09-01,9.77,27.8,12.75
KA_054,KA,Hubballi,inland,2026-09-02,15.1,28.66,15.59
KA_054,KA,Hubballi,inland,2026-09-03,0.0,29.5,16.13
KA_054,KA,Hubballi,inland,2026-09-04,4.62,29.23,15.37
KA_054,KA,Hubballi,inland,2026-09-05,21.87,29.0,14.96
KA_054,KA,Hubballi,inland,2026-09-06,0.66,30.6,13.2
KA_054,KA,Hubballi,inland,2026-09-07,5.58,28.6,10.66
KA_054,KA,Hubballi,inland,2026-09-08,6.69,27.38,15.7
KA_054,KA,Hubballi,inland,2026-09-09,4.41,29.63,15.03
KA_054,KA,Hubballi,inland,2026-09-10,0.0,27.75,12.04
KA_054,KA,Hubballi,inland,2026-09-11,0.0,29.1,12.1
KA_054,KA,Hubballi,inland,2026-09-12,0.0,27.65,14.5
KA_054,KA,Hubballi,inland,2026-09-13,0.0,28.04,12.75
KA_054,KA,Hubballi,inland,2026-09-14,10.46,29.41,11.46
KA_054,KA,Hubballi,inland,2026-09-15,0.0,27.32,8.35
KA_054,KA,Hubballi,inland,2026-09-16,2.76,27.07,11.74
KA_054,KA,Hubballi,inland,2026-09-17,2.84,28.93,8.87
KA_054,KA,Hubballi,inland,2026-09-18,0.65,27.21,8.79
KA_054,KA,Hubballi,inland,2026-09-19,11.04,27.32,10.2
KA_054,KA,Hubballi,inland,2026-09-20,0.66,27.69,12.08
KA_054,KA,Hubballi,inland,2026-09-21,0.59,25.72,8.98
KA_054,KA,Hubballi,inland,2026-09-22,5.37,26.36,10.9
KA_054,KA,Hubballi,inland,2026-09-23,9.86,28.18,8.53
KA_054,KA,Hubballi,inland,2026-09-24,0.38,26.79,8.0
KA_054,KA,Hubballi,inland,2026-09-25,0.0,27.28,7.77
KA_054,KA,Hubballi,inland,2026-09-26,1.75,27.3,10.58
KA_054,KA,Hubballi,inland,2026-09-27,2.29,28.38,8.74
KA_054,KA,Hubballi,inland,2026-09-28,4.25,26.84,8.97
KA_055,KA,Belagavi,inland,2026-08-30,5.55,28.91,14.12
KA_055,KA,Belagavi,inland,2026-08-31,5.95,28.94,16.63
KA_055,KA,Belagavi,inland,2026-09-01,12.51,28.2,16.73
KA_055,KA,Belagavi,inland,2026-09-02,4.58,29.02,13.9
KA_055,KA,Belagavi,inland,2026-09-03,0.34,30.16,11.14
KA_055,KA,Belagavi,inland,2026-09-04,8.57,29.56,15.0
KA_055,KA,Belagavi,inland,2026-09-05,9.92,28.65,15.32
KA_055,KA,Belagavi,inland,2026-09-06,0.25,29.24,16.71
KA_055,KA,Belagavi,inland,2026-09-07,6.35,29.04,15.25
KA_055,KA,Belagavi,inland,2026-09-08,0.1,29.31,12.9
KA_055,KA,Belagavi,inland,2026-09-09,2.56,28.55,13.1
KA_055,KA,Belagavi,inland,2026-09-10,0.0,27.9,10.92
KA_055,KA,Belagavi,inland,2026-09-11,23.62,28.88,15.52
KA_055,KA,Belagavi,inland,2026-09-12,4.5,27.34,9.05
KA_055,KA,Belagavi,inland,2026-09-13,0.1,26.16,7.13
KA_055,KA,Belagavi,inland,2026-09-14,0.0,27.47,8.6
KA_055,KA,Belagavi,inland,2026-09-15,0.0,26.03,7.43
KA_055,KA,Belagavi,inland,2026-09-16,0.0,26.25,8.2
KA_055,KA,Belagavi,inland,2026-09-17,15.67,25.52,9.38
KA_055,KA,Belagavi,inland,2026-09-18,1.69,28.42,8.11
KA_055,KA,Belagavi,inland,2026-09-19,2.98,26.07,7.66
KA_055,KA,Belagavi,inland,2026-09-20,4.32,26.94,9.42
KA_055,KA,Belagavi,inland,2026-09-21,0.0,27.07,8.48
KA_055,KA,Belagavi,inland,2026-09-22,2.14,27.36,11.53
KA_055,KA,Belagavi,inland,2026-09-23,0.0,27.92,11.31
KA_055,KA,Belagavi,inland,2026-09-24,11.28,27.82,13.72
KA_055,KA,Belagavi,inland,2026-09-25,0.0,28.17,13.64
KA_055,KA,Belagavi,inland,2026-09-26,0.36,28.26,11.3
KA_055,KA,Belagavi,inland,2026-09-27,1.1,28.08,11.29
KA_055,KA,Belagavi,inland,2026-09-28,0.0,27.78,11.67
KL_056,KL,Thiruvananthapuram,coastal,2026-08-30,0.0,28.51,15.76
KL_056,KL,Thiruvananthapuram,coastal,2026-08-31,1.05,27.24,14.32
KL_056,KL,Thiruvananthapuram,coastal,2026-09-01,71.79,28.07,22.04
KL_056,KL,Thiruvananthapuram,coastal,2026-09-02,16.83,27.01,17.4
KL_056,KL,Thiruvananthapuram,coastal,2026-09-03,23.95,28.06,21.51
KL_056,KL,Thiruvananthapuram,coastal,2026-09-04,0.74,27.83,17.8
KL_056,KL,Thiruvananthapuram,coastal,2026-09-05,30.51,28.66,20.93
KL_056,KL,Thiruvananthapuram,coastal,2026-09-06,0.35,27.17,17.24
KL_056,KL,Thiruvananthapuram,coastal,2026-09-07,3.03,27.88,23.09
KL_056,KL,Thiruvananthapuram,coastal,2026-09-08,1.13,28.61,23.19
KL_056,KL,Thiruvananthapuram,coastal,2026-09-09,1.71,27.3,15.09
KL_056,KL,Thiruvananthapuram,coastal,2026-09-10,15.48,26.66,17.22
KL_056,KL,Thiruvananthapuram,coastal,2026-09-11,32.48,28.02,17.31
KL_056,KL,Thiruvananthapuram,coastal,2026-09-12,7.7,25.52,15.59
KL_056,KL,Thiruvananthapuram,coastal,2026-09-13,5.8,25.91,15.55
KL_056,KL,Thiruvananthapuram,coastal,2026-09-14,30.58,27.28,22.17
KL_056,KL,Thiruvananthapuram,coastal,2026-09-15,5.69,26.98,13.65
KL_056,KL,Thiruvananthapuram,coastal,2026-09-16,6.51,25.25,12.39
KL_056,KL,Thiruvananthapuram,coastal,2026-09-17,20.86,26.03,9.69
KL_056,KL,Thiruvananthapuram,coastal,2026-09-18,3.18,24.72,14.63
KL_056,KL,Thiruvananthapuram,coastal,2026-09-19,16.49,26.9,14.29
KL_056,KL,Thiruvananthapuram,coastal,2026-09-20,4.61,26.55,12.4
KL_056,KL,Thiruvananthapuram,coastal,2026-09-21,0.0,26.35,10.72
KL_056,KL,Thiruvananthapuram,coastal,2026-09-22,0.0,26.08,13.73
KL_056,KL,Thiruvananthapuram,coastal,2026-09-23,1.67,27.0,13.6
KL_056,KL,Thiruvananthapuram,coastal,2026-09-24,12.93,27.14,17.2
KL_056,KL,Thiruvananthapuram,coastal,2026-09-25,37.73,27.01,13.99
KL_056,KL,Thiruvananthapuram,coastal,2026-09-26,11.46,27.52,16.17
KL_056,KL,Thiruvananthapuram,coastal,2026-09-27,17.45,26.09,15.28
KL_056,KL,Thiruvananthapuram,coastal,2026-09-28,5.56,26.51,17.35
KL_057,KL,Kochi,coastal,2026-08-30,0.0,27.57,16.89
KL_057,KL,Kochi,coastal,2026-08-31,0.46,28.34,18.79
KL_057,KL,Kochi,coastal,2026-09-01,1.17,28.42,18.36
KL_057,KL,Kochi,coastal,2026-09-02,17.32,28.41,22.44
KL_057,KL,Kochi,coastal,2026-09-03,33.23,28.33,19.03
KL_057,KL,Kochi,coastal,2026-09-04,17.85,27.65,14.75
KL_057,KL,Kochi,coastal,2026-09-05,3.55,28.11,19.66
KL_057,KL,Kochi,coastal,2026-09-06,0.0,27.25,16.97
KL_057,KL,Kochi,coastal,2026-09-07,0.0,28.16,19.26
KL_057,KL,Kochi,coastal,2026-09-08,5.13,27.31,17.1
KL_057,KL,Kochi,coastal,2026-09-09,4.28,28.14,16.85
KL_057,KL,Kochi,coastal,2026-09-10,6.55,27.96,17.58
KL_057,KL,Kochi,coastal,2026-09-11,8.7,25.9,21.75
KL_057,KL,Kochi,coastal,2026-09-12,25.37,26.24,20.2
KL_057,KL,Kochi,coastal,2026-09-13,0.0,25.99,14.84
KL_057,KL,Kochi,coastal,2026-09-14,0.0,26.91,12.36
KL_057,KL,Kochi,coastal,2026-09-15,28.31,25.74,18.92
KL_057,KL,Kochi,coastal,2026-09-16,9.76,25.12,18.44
KL_057,KL,Kochi,coastal,2026-09-17,19.48,26.14,15.52
KL_057,KL,Kochi,coastal,2026-09-18,14.16,25.67,16.04
KL_057,KL,Kochi,coastal,2026-09-19,14.83,26.44,12.72
KL_057,KL,Kochi,coastal,2026-09-20,0.0,26.35,10.24
KL_057,KL,Kochi,coastal,2026-09-21,47.21,25.65,13.97
KL_057,KL,Kochi,coastal,2026-09-22,38.22,26.07,16.67
KL_057,KL,Kochi,coastal,2026-09-23,0.51,26.29,14.44
KL_057,KL,Kochi,coastal,2026-09-24,0.45,27.8,12.28
KL_057,KL,Kochi,coastal,2026-09-25,12.41,26.79,15.22
KL_057,KL,Kochi,coastal,2026-09-26,28.54,27.4,16.2
KL_057,KL,Kochi,coastal,2026-09-27,106.79,27.27,21.31
KL_057,KL,Kochi,coastal,2026-09-28,0.2,28.15,16.19
KL_058,KL,Kozhikode,coastal,2026-08-30,0.0,27.34,18.06
KL_058,KL,Kozhikode,coastal,2026-08-31,2.14,27.63,20.82
KL_058,KL,Kozhikode,coastal,2026-09-01,0.0,28.22,18.45
KL_058,KL,Kozhikode,coastal,2026-09-02,4.96,28.42,18.1
KL_058,KL,Kozhikode,coastal,2026-09-03,10.78,27.69,17.16
KL_058,KL,Kozhikode,coastal,2026-09-04,34.49,29.1,20.3
KL_058,KL,Kozhikode,coastal,2026-09-05,0.23,28.66,17.06
KL_058,KL,Kozhikode,coastal,2026-09-06,7.92,28.34,16.87
KL_058,KL,Kozhikode,coastal,2026-09-07,4.14,28.62,18.32
KL_058,KL,Kozhikode,coastal,2026-09-08,0.0,25.27,16.02
KL_058,KL,Kozhikode,coastal,2026-09-09,4.29,26.22,19.69
KL_058,KL,Kozhikode,coastal,2026-09-10,0.49,27.83,16.11
KL_058,KL,Kozhikode,coastal,2026-09-11,13.94,27.43,17.9
KL_058,KL,Kozhikode,coastal,2026-09-12,16.05,26.13,14.69
KL_058,KL,Kozhikode,coastal,2026-09-13,0.0,26.83,14.01
KL_058,KL,Kozhikode,coastal,2026-09-14,13.4,26.49,15.69
KL_058,KL,Kozhikode,coastal,2026-09-15,6.4,25.69,16.76
KL_058,KL,Kozhikode,coastal,2026-09-16,9.52,26.64,12.32
KL_058,KL,Kozhikode,coastal,2026-09-17,17.59,25.94,14.35
KL_058,KL,Kozhikode,coastal,2026-09-18,9.27,25.0,15.12
KL_058,KL,Kozhikode,coastal,2026-09-19,38.0,26.48,15.94
KL_058,KL,Kozhikode,coastal,2026-09-20,55.53,25.73,12.34
KL_058,KL,Kozhikode,coastal,2026-09-21,4.94,26.61,12.99
KL_058,KL,Kozhikode,coastal,2026-09-22,7.54,25.79,13.11
KL_058,KL,Kozhikode,coastal,2026-09-23,25.69,25.44,10.34
KL_058,KL,Kozhikode,coastal,2026-09-24,43.71,26.35,15.96
KL_058,KL,Kozhikode,coastal,2026-09-25,1.29,27.52,14.81
KL_058,KL,Kozhikode,coastal,2026-09-26,9.92,25.84,13.73
KL_058,KL,Kozhikode,coastal,2026-09-27,0.0,27.69,11.01
KL_058,KL,Kozhikode,coastal,2026-09-28,6.82,27.43,16.45
KL_059,KL,Thrissur,inland,2026-08-30,0.0,27.04,10.68
KL_059,KL,Thrissur,inland,2026-08-31,0.0,28.42,13.89
KL_059,KL,Thrissur,inland,2026-09-01,5.19,28.38,12.74
KL_059,KL,Thrissur,inland,2026-09-02,12.06,28.7,19.39
KL_059,KL,Thrissur,inland,2026-09-03,0.07,28.84,15.44
KL_059,KL,Thrissur,inland,2026-09-04,10.13,28.06,16.35
KL_059,KL,Thrissur,inland,2026-09-05,0.77,28.89,14.49
KL_059,KL,Thrissur,inland,2026-09-06,0.0,28.36,14.59
KL_059,KL,Thrissur,inland,2026-09-07,0.0,28.25,13.2
KL_059,KL,Thrissur,inland,2026-09-08,3.65,29.3,11.89
KL_059,KL,Thrissur,inland,2026-09-09,0.0,28.7,14.19
KL_059,KL,Thrissur,inland,2026-09-10,13.75,28.0,9.5
KL_059,KL,Thrissur,inland,2026-09-11,17.75,27.11,12.8
KL_059,KL,Thrissur,inland,2026-09-12,0.0,27.85,9.47
KL_059,KL,Thrissur,inland,2026-09-13,0.37,27.52,10.84
KL_059,KL,Thrissur,inland,2026-09-14,0.62,27.14,7.95
KL_059,KL,Thrissur,inland,2026-09-15,2.84,26.5,11.49
KL_059,KL,Thrissur,inland,2026-09-16,23.35,26.33,9.82
KL_059,KL,Thrissur,inland,2026-09-17,40.97,26.44,11.62
KL_059,KL,Thrissur,inland,2026-09-18,0.0,26.53,7.6
KL_059,KL,Thrissur,inland,2026-09-19,19.85,25.85,9.75
KL_059,KL,Thrissur,inland,2026-09-20,31.92,25.82,6.06
KL_059,KL,Thrissur,inland,2026-09-21,0.0,25.97,7.69
KL_059,KL,Thrissur,inland,2026-09-22,0.0,26.68,9.73
KL_059,KL,Thrissur,inland,2026-09-23,0.41,26.7,9.06
KL_059,KL,Thrissur,inland,2026-09-24,0.0,27.8,10.11
KL_059,KL,Thrissur,inland,2026-09-25,3.36,27.18,12.72
KL_059,KL,Thrissur,inland,2026-09-26,5.71,27.73,11.92
KL_059,KL,Thrissur,inland,2026-09-27,11.26,27.08,9.29
KL_059,KL,Thrissur,inland,2026-09-28,0.0,26.52,10.13
KL_060,KL,Kollam,coastal,2026-08-30,0.16,26.8,17.82
KL_060,KL,Kollam,coastal,2026-08-31,0.0,27.73,16.6
KL_060,KL,Kollam,coastal,2026-09-01,0.15,26.21,15.16
KL_060,KL,Kollam,coastal,2026-09-02,21.96,28.31,22.1
KL_060,KL,Kollam,coastal,2026-09-03,14.59,27.08,19.98
KL_060,KL,Kollam,coastal,2026-09-04,14.77,27.52,18.29
KL_060,KL,Kollam,coastal,2026-09-05,20.27,28.2,15.49
KL_060,KL,Kollam,coastal,2026-09-06,0.0,28.46,14.27
KL_060,KL,Kollam,coastal,2026-09-07,18.76,28.21,20.57
KL_060,KL,Kollam,coastal,2026-09-08,4.63,26.97,15.45
KL_060,KL,Kollam,coastal,2026-09-09,2.74,27.59,17.01
KL_060,KL,Kollam,coastal,2026-09-10,5.41,26.63,16.35
KL_060,KL,Kollam,coastal,2026-09-11,2.82,28.83,15.34
KL_060,KL,Kollam,coastal,2026-09-12,3.25,27.4,14.3
KL_060,KL,Kollam,coastal,2026-09-13,2.07,27.69,17.27
KL_060,KL,Kollam,coastal,2026-09-14,10.14,27.73,18.94
KL_060,KL,Kollam,coastal,2026-09-15,0.65,27.83,13.07
KL_060,KL,Kollam,coastal,2026-09-16,14.11,27.11,14.28
KL_060,KL,Kollam,coastal,2026-09-17,3.17,25.37,10.15
KL_060,KL,Kollam,coastal,2026-09-18,7.07,26.32,12.79
KL_060,KL,Kollam,coastal,2026-09-19,97.55,26.85,15.9
KL_060,KL,Kollam,coastal,2026-09-20,0.0,26.34,12.49
KL_060,KL,Kollam,coastal,2026-09-21,4.62,26.1,12.92
KL_060,KL,Kollam,coastal,2026-09-22,5.25,26.47,11.08
KL_060,KL,Kollam,coastal,2026-09-23,7.16,26.05,10.12
KL_060,KL,Kollam,coastal,2026-09-24,7.32,24.62,15.08
KL_060,KL,Kollam,coastal,2026-09-25,97.73,26.54,22.61
KL_060,KL,Kollam,coastal,2026-09-26,17.91,25.85,18.47
KL_060,KL,Kollam,coastal,2026-09-27,35.44,25.66,14.79
KL_060,KL,Kollam,coastal,2026-09-28,3.22,27.09,13.34
MP_061,MP,Bhopal,inland,2026-08-30,0.0,29.01,15.37
MP_061,MP,Bhopal,inland,2026-08-31,0.41,30.96,14.63
MP_061,MP,Bhopal,inland,2026-09-01,0.0,30.37,14.63
MP_061,MP,Bhopal,inland,2026-09-02,0.0,30.09,14.75
MP_061,MP,Bhopal,inland,2026-09-03,9.67,29.23,17.44
MP_061,MP,Bhopal,inland,2026-09-04,0.15,30.8,13.84
MP_061,MP,Bhopal,inland,2026-09-05,0.11,31.42,15.48
MP_061,MP,Bhopal,inland,2026-09-06,0.0,30.9,12.88
MP_061,MP,Bhopal,inland,2026-09-07,0.0,30.59,14.1
MP_061,MP,Bhopal,inland,2026-09-08,1.93,31.71,13.84
MP_061,MP,Bhopal,inland,2026-09-09,8.32,31.08,14.34
MP_061,MP,Bhopal,inland,2026-09-10,2.54,30.55,13.48
MP_061,MP,Bhopal,inland,2026-09-11,3.0,29.63,12.29
MP_061,MP,Bhopal,inland,2026-09-12,0.4,29.99,8.56
MP_061,MP,Bhopal,inland,2026-09-13,0.0,29.07,7.0
MP_061,MP,Bhopal,inland,2026-09-14,35.05,28.84,12.04
MP_061,MP,Bhopal,inland,2026-09-15,2.11,28.29,9.21
MP_061,MP,Bhopal,inland,2026-09-16,4.43,29.12,10.69
MP_061,MP,Bhopal,inland,2026-09-17,23.41,27.24,10.49
MP_061,MP,Bhopal,inland,2026-09-18,1.4,27.87,8.96
MP_061,MP,Bhopal,inland,2026-09-19,46.59,27.81,8.54
MP_061,MP,Bhopal,inland,2026-09-20,0.63,27.85,9.06
MP_061,MP,Bhopal,inland,2026-09-21,5.0,28.05,8.25
MP_061,MP,Bhopal,inland,2026-09-22,2.66,28.74,7.45
MP_061,MP,Bhopal,inland,2026-09-23,0.28,26.44,8.25
MP_061,MP,Bhopal,inland,2026-09-24,0.0,28.56,6.42
MP_061,MP,Bhopal,inland,2026-09-25,7.05,27.64,9.1
MP_061,MP,Bhopal,inland,2026-09-26,0.0,29.33,13.97
MP_061,MP,Bhopal,inland,2026-09-27,4.59,29.66,14.86
MP_061,MP,Bhopal,inland,2026-09-28,3.34,29.28,15.89
MP_062,MP,Indore,inland,2026-08-30,0.53,30.62,14.13
MP_062,MP,Indore,inland,2026-08-31,0.95,32.11,11.87
MP_062,MP,Indore,inland,2026-09-01,0.22,30.32,12.99
MP_062,MP,Indore,inland,2026-09-02,0.0,30.24,15.64
MP_062,MP,Indore,inland,2026-09-03,0.0,31.06,16.33
MP_062,MP,Indore,inland,2026-09-04,8.85,30.68,17.0
MP_062,MP,Indore,inland,2026-09-05,0.0,30.34,13.89
MP_062,MP,Indore,inland,2026-09-06,0.0,30.82,11.93
MP_062,MP,Indore,inland,2026-09-07,1.27,31.25,13.38
MP_062,MP,Indore,inland,2026-09-08,0.73,29.45,13.61
MP_062,MP,Indore,inland,2026-09-09,0.0,28.52,10.71
MP_062,MP,Indore,inland,2026-09-10,0.15,28.76,10.7
MP_062,MP,Indore,inland,2026-09-11,6.1,28.8,11.4
MP_062,MP,Indore,inland,2026-09-12,10.47,29.12,14.36
MP_062,MP,Indore,inland,2026-09-13,4.31,28.71,12.62
MP_062,MP,Indore,inland,2026-09-14,7.83,27.87,8.13
MP_062,MP,Indore,inland,2026-09-15,7.91,27.57,11.25
MP_062,MP,Indore,inland,2026-09-16,0.0,26.52,7.51
MP_062,MP,Indore,inland,2026-09-17,0.95,28.43,9.46
MP_062,MP,Indore,inland,2026-09-18,6.67,27.92,8.75
MP_062,MP,Indore,inland,2026-09-19,0.0,28.53,5.59
MP_062,MP,Indore,inland,2026-09-20,10.74,29.68,8.46
MP_062,MP,Indore,inland,2026-09-21,0.17,28.12,12.4
MP_062,MP,Indore,inland,2026-09-22,0.0,28.26,8.86
MP_062,MP,Indore,inland,2026-09-23,1.88,29.43,9.49
MP_062,MP,Indore,inland,2026-09-24,5.94,28.07,9.67
MP_062,MP,Indore,inland,2026-09-25,10.55,30.14,11.46
MP_062,MP,Indore,inland,2026-09-26,0.0,30.06,11.13
MP_062,MP,Indore,inland,2026-09-27,0.27,28.61,14.26
MP_062,MP,Indore,inland,2026-09-28,4.49,30.51,9.05
MP_063,MP,Gwalior,inland,2026-08-30,1.47,30.03,13.91
MP_063,MP,Gwalior,inland,2026-08-31,0.64,31.31,13.45
MP_063,MP,Gwalior,inland,2026-09-01,4.78,30.0,17.53
MP_063,MP,Gwalior,inland,2026-09-02,0.11,29.73,14.56
MP_063,MP,Gwalior,inland,2026-09-03,2.06,31.36,12.09
MP_063,MP,Gwalior,inland,2026-09-04,5.4,30.55,16.74
MP_063,MP,Gwalior,inland,2026-09-05,28.52,30.45,17.01
MP_063,MP,Gwalior,inland,2026-09-06,0.0,30.25,11.19
MP_063,MP,Gwalior,inland,2026-09-07,12.48,30.37,16.41
MP_063,MP,Gwalior,inland,2026-09-08,0.0,30.46,14.97
MP_063,MP,Gwalior,inland,2026-09-09,22.9,30.59,13.15
MP_063,MP,Gwalior,inland,2026-09-10,0.0,29.23,11.61
MP_063,MP,Gwalior,inland,2026-09-11,3.35,29.28,14.17
MP_063,MP,Gwalior,inland,2026-09-12,1.66,28.63,10.19
MP_063,MP,Gwalior,inland,2026-09-13,0.0,27.91,10.4
MP_063,MP,Gwalior,inland,2026-09-14,1.57,27.92,9.47
MP_063,MP,Gwalior,inland,2026-09-15,6.3,28.48,10.61
MP_063,MP,Gwalior,inland,2026-09-16,16.73,27.67,10.67
MP_063,MP,Gwalior,inland,2026-09-17,3.57,28.56,9.98
MP_063,MP,Gwalior,inland,2026-09-18,34.37,27.71,11.23
MP_063,MP,Gwalior,inland,2026-09-19,4.31,28.92,10.95
MP_063,MP,Gwalior,inland,2026-09-20,7.96,27.32,12.17
MP_063,MP,Gwalior,inland,2026-09-21,0.0,29.01,8.16
MP_063,MP,Gwalior,inland,2026-09-22,11.09,28.48,9.43
MP_063,MP,Gwalior,inland,2026-09-23,5.15,28.99,7.26
MP_063,MP,Gwalior,inland,2026-09-24,1.26,28.81,8.76
MP_063,MP,Gwalior,inland,2026-09-25,23.95,29.94,11.91
MP_063,MP,Gwalior,inland,2026-09-26,5.87,29.02,11.37
MP_063,MP,Gwalior,inland,2026-09-27,0.0,29.93,11.02
MP_063,MP,Gwalior,inland,2026-09-28,0.0,29.99,13.8
MP_064,MP,Jabalpur,inland,2026-08-30,0.0,30.9,10.35
MP_064,MP,Jabalpur,inland,2026-08-31,0.0,31.86,10.84
MP_064,MP,Jabalpur,inland,2026-09-01,0.0,31.29,10.87
MP_064,MP,Jabalpur,inland,2026-09-02,8.77,30.14,10.53
MP_064,MP,Jabalpur,inland,2026-09-03,0.0,30.68,15.44
MP_064,MP,Jabalpur,inland,2026-09-04,6.78,30.99,14.28
MP_064,MP,Jabalpur,inland,2026-09-05,3.63,31.11,8.66
MP_064,MP,Jabalpur,inland,2026-09-06,0.0,30.35,14.73
MP_064,MP,Jabalpur,inland,2026-09-07,0.15,29.4,12.27
MP_064,MP,Jabalpur,inland,2026-09-08,0.13,30.16,17.35
MP_064,MP,Jabalpur,inland,2026-09-09,6.16,30.21,15.85
MP_064,MP,Jabalpur,inland,2026-09-10,8.19,29.63,13.0
MP_064,MP,Jabalpur,inland,2026-09-11,26.71,28.76,12.41
MP_064,MP,Jabalpur,inland,2026-09-12,11.88,29.08,12.66
MP_064,MP,Jabalpur,inland,2026-09-13,0.32,28.27,11.61
MP_064,MP,Jabalpur,inland,2026-09-14,0.0,29.3,12.01
MP_064,MP,Jabalpur,inland,2026-09-15,0.2,27.01,10.56
MP_064,MP,Jabalpur,inland,2026-09-16,5.18,28.84,14.07
MP_064,MP,Jabalpur,inland,2026-09-17,2.77,28.3,8.97
MP_064,MP,Jabalpur,inland,2026-09-18,1.84,28.58,11.53
MP_064,MP,Jabalpur,inland,2026-09-19,0.63,28.75,11.98
MP_064,MP,Jabalpur,inland,2026-09-20,9.43,28.16,7.86
MP_064,MP,Jabalpur,inland,2026-09-21,0.0,29.13,6.5
MP_064,MP,Jabalpur,inland,2026-09-22,0.0,30.04,10.58
MP_064,MP,Jabalpur,inland,2026-09-23,0.0,29.08,8.52
MP_064,MP,Jabalpur,inland,2026-09-24,0.0,28.93,10.94
MP_064,MP,Jabalpur,inland,2026-09-25,3.08,28.71,9.14
MP_064,MP,Jabalpur,inland,2026-09-26,0.0,29.42,9.94
MP_064,MP,Jabalpur,inland,2026-09-27,0.38,29.73,10.42
MP_064,MP,Jabalpur,inland,2026-09-28,0.0,30.61,9.48
MP_065,MP,Ujjain,inland,2026-08-30,0.0,30.89,9.32
MP_065,MP,Ujjain,inland,2026-08-31,0.0,30.93,16.36
MP_065,MP,Ujjain,inland,2026-09-01,0.0,29.65,13.41
MP_065,MP,Ujjain,inland,2026-09-02,0.0,30.2,16.25
MP_065,MP,Ujjain,inland,2026-09-03,1.82,30.07,10.14
MP_065,MP,Ujjain,inland,2026-09-04,0.0,29.53,13.54
MP_065,MP,Ujjain,inland,2026-09-05,0.31,30.42,10.52
MP_065,MP,Ujjain,inland,2026-09-06,0.0,29.35,14.95
MP_065,MP,Ujjain,inland,2026-09-07,3.18,31.02,14.96
MP_065,MP,Ujjain,inland,2026-09-08,1.02,30.24,16.18
MP_065,MP,Ujjain,inland,2026-09-09,0.65,29.61,13.19
MP_065,MP,Ujjain,inland,2026-09-10,20.26,28.4,17.6
MP_065,MP,Ujjain,inland,2026-09-11,14.95,29.82,14.34
MP_065,MP,Ujjain,inland,2026-09-12,3.54,28.71,14.23
MP_065,MP,Ujjain,inland,2026-09-13,0.78,28.7,12.01
MP_065,MP,Ujjain,inland,2026-09-14,4.97,28.55,13.61
MP_065,MP,Ujjain,inland,2026-09-15,2.47,28.61,8.62
MP_065,MP,Ujjain,inland,2026-09-16,0.46,28.43,12.09
MP_065,MP,Ujjain,inland,2026-09-17,5.83,27.34,10.68
MP_065,MP,Ujjain,inland,2026-09-18,2.19,28.45,5.35
MP_065,MP,Ujjain,inland,2026-09-19,2.81,27.81,9.0
MP_065,MP,Ujjain,inland,2026-09-20,13.02,28.04,8.76
MP_065,MP,Ujjain,inland,2026-09-21,0.48,28.28,9.34
MP_065,MP,Ujjain,inland,2026-09-22,0.28,29.06,8.17
MP_065,MP,Ujjain,inland,2026-09-23,2.93,28.88,6.84
MP_065,MP,Ujjain,inland,2026-09-24,0.0,29.77,8.74
MP_065,MP,Ujjain,inland,2026-09-25,0.69,28.78,10.24
MP_065,MP,Ujjain,inland,2026-09-26,7.22,29.72,10.87
MP_065,MP,Ujjain,inland,2026-09-27,12.36,29.19,11.66
MP_065,MP,Ujjain,inland,2026-09-28,0.0,30.87,9.67
MH_066,MH,Mumbai,coastal,2026-08-30,1.08,28.65,15.5
MH_066,MH,Mumbai,coastal,2026-08-31,0.0,28.55,19.64
MH_066,MH,Mumbai,coastal,2026-09-01,18.79,28.36,21.14
MH_066,MH,Mumbai,coastal,2026-09-02,31.88,29.26,19.91
MH_066,MH,Mumbai,coastal,2026-09-03,9.29,27.61,21.29
MH_066,MH,Mumbai,coastal,2026-09-04,16.21,29.88,14.95
MH_066,MH,Mumbai,coastal,2026-09-05,14.08,28.5,16.61
MH_066,MH,Mumbai,coastal,2026-09-06,6.4,29.58,23.25
MH_066,MH,Mumbai,coastal,2026-09-07,0.54,28.95,17.69
MH_066,MH,Mumbai,coastal,2026-09-08,0.54,28.7,17.13
MH_066,MH,Mumbai,coastal,2026-09-09,7.66,29.07,17.03
MH_066,MH,Mumbai,coastal,2026-09-10,9.13,27.81,21.16
MH_066,MH,Mumbai,coastal,2026-09-11,0.0,28.42,14.5
MH_066,MH,Mumbai,coastal,2026-09-12,0.0,27.97,11.85
MH_066,MH,Mumbai,coastal,2026-09-13,13.17,26.81,15.4
MH_066,MH,Mumbai,coastal,2026-09-14,0.0,27.65,12.76
MH_066,MH,Mumbai,coastal,2026-09-15,3.52,27.62,9.13
MH_066,MH,Mumbai,coastal,2026-09-16,27.32,26.54,10.95
MH_066,MH,Mumbai,coastal,2026-09-17,11.0,26.84,14.91
MH_066,MH,Mumbai,coastal,2026-09-18,4.68,27.13,16.45
MH_066,MH,Mumbai,coastal,2026-09-19,43.68,26.25,13.8
MH_066,MH,Mumbai,coastal,2026-09-20,14.15,26.88,12.96
MH_066,MH,Mumbai,coastal,2026-09-21,1.63,27.2,11.94
MH_066,MH,Mumbai,coastal,2026-09-22,3.95,27.35,13.59
MH_066,MH,Mumbai,coastal,2026-09-23,5.97,27.59,13.76
MH_066,MH,Mumbai,coastal,2026-09-24,0.0,27.14,13.72
MH_066,MH,Mumbai,coastal,2026-09-25,6.6,26.89,14.73
MH_066,MH,Mumbai,coastal,2026-09-26,4.74,27.02,11.5
MH_066,MH,Mumbai,coastal,2026-09-27,0.0,27.51,18.41
MH_066,MH,Mumbai,coastal,2026-09-28,0.61,29.22,13.03
MH_067,MH,Pune,inland,2026-08-30,4.41,28.11,8.84
MH_067,MH,Pune,inland,2026-08-31,9.5,27.8,10.35
MH_067,MH,Pune,inland,2026-09-01,3.55,28.96,10.86
MH_067,MH,Pune,inland,2026-09-02,0.0,29.09,12.86
MH_067,MH,Pune,inland,2026-09-03,29.67,28.6,14.9
MH_067,MH,Pune,inland,2026-09-04,14.69,29.62,13.28
MH_067,MH,Pune,inland,2026-09-05,0.0,29.91,12.58
MH_067,MH,Pune,inland,2026-09-06,13.16,29.3,16.51
MH_067,MH,Pune,inland,2026-09-07,3.69,29.15,14.29
MH_067,MH,Pune,inland,2026-09-08,0.0,29.94,15.24
MH_067,MH,Pune,inland,2026-09-09,18.51,29.63,14.42
MH_067,MH,Pune,inland,2026-09-10,50.37,29.2,18.15
MH_067,MH,Pune,inland,2026-09-11,5.71,29.45,13.61
MH_067,MH,Pune,inland,2026-09-12,2.34,27.96,11.91
MH_067,MH,Pune,inland,2026-09-13,2.01,27.63,14.42
MH_067,MH,Pune,inland,2026-09-14,0.15,28.01,11.81
MH_067,MH,Pune,inland,2026-09-15,0.0,28.32,9.68
MH_067,MH,Pune,inland,2026-09-16,6.25,28.36,9.35
MH_067,MH,Pune,inland,2026-09-17,13.86,28.39,10.06
MH_067,MH,Pune,inland,2026-09-18,1.05,27.31,10.84
MH_067,MH,Pune,inland,2026-09-19,39.2,28.19,10.25
MH_067,MH,Pune,inland,2026-09-20,29.01,27.48,8.89
MH_067,MH,Pune,inland,2026-09-21,6.49,27.59,8.59
MH_067,MH,Pune,inland,2026-09-22,4.76,25.69,6.18
MH_067,MH,Pune,inland,2026-09-23,0.0,27.2,9.31
MH_067,MH,Pune,inland,2026-09-24,0.45,27.4,9.42
MH_067,MH,Pune,inland,2026-09-25,1.76,26.11,8.09
MH_067,MH,Pune,inland,2026-09-26,56.17,27.97,10.33
MH_067,MH,Pune,inland,2026-09-27,0.48,28.66,10.71
MH_067,MH,Pune,inland,2026-09-28,0.55,29.03,10.7
MH_068,MH,Nagpur,inland,2026-08-30,3.15,27.99,13.26
MH_068,MH,Nagpur,inland,2026-08-31,0.0,28.4,8.43
MH_068,MH,Nagpur,inland,2026-09-01,12.77,28.44,13.25
MH_068,MH,Nagpur,inland,2026-09-02,32.4,29.05,19.91
MH_068,MH,Nagpur,inland,2026-09-03,8.9,30.01,17.64
MH_068,MH,Nagpur,inland,2026-09-04,10.45,28.18,12.98
MH_068,MH,Nagpur,inland,2026-09-05,8.1,30.61,12.01
MH_068,MH,Nagpur,inland,2026-09-06,7.56,29.51,16.23
MH_068,MH,Nagpur,inland,2026-09-07,0.0,30.28,14.62
MH_068,MH,Nagpur,inland,2026-09-08,24.86,30.88,16.26
MH_068,MH,Nagpur,inland,2026-09-09,17.02,30.2,18.21
MH_068,MH,Nagpur,inland,2026-09-10,28.23,28.95,16.1
MH_068,MH,Nagpur,inland,2026-09-11,0.0,28.8,11.49
MH_068,MH,Nagpur,inland,2026-09-12,0.0,29.87,13.07
MH_068,MH,Nagpur,inland,2026-09-13,7.68,29.61,10.84
MH_068,MH,Nagpur,inland,2026-09-14,13.36,28.51,9.39
MH_068,MH,Nagpur,inland,2026-09-15,0.81,29.59,11.46
MH_068,MH,Nagpur,inland,2026-09-16,0.0,27.06,11.13
MH_068,MH,Nagpur,inland,2026-09-17,0.17,27.93,8.22
MH_068,MH,Nagpur,inland,2026-09-18,2.48,26.87,8.73
MH_068,MH,Nagpur,inland,2026-09-19,1.33,27.49,10.79
MH_068,MH,Nagpur,inland,2026-09-20,0.0,27.08,9.77
MH_068,MH,Nagpur,inland,2026-09-21,0.0,27.5,10.85
MH_068,MH,Nagpur,inland,2026-09-22,1.88,27.36,6.31
MH_068,MH,Nagpur,inland,2026-09-23,9.06,25.89,10.49
MH_068,MH,Nagpur,inland,2026-09-24,3.5,27.53,12.99
MH_068,MH,Nagpur,inland,2026-09-25,0.99,27.47,10.53
MH_068,MH,Nagpur,inland,2026-09-26,11.32,27.42,12.59
MH_068,MH,Nagpur,inland,2026-09-27,7.77,27.99,12.09
MH_068,MH,Nagpur,inland,2026-09-28,2.06,27.53,9.74
MH_069,MH,Nashik,inland,2026-08-30,0.0,28.52,12.49
MH_069,MH,Nashik,inland,2026-08-31,0.0,29.69,14.88
MH_069,MH,Nashik,inland,2026-09-01,18.26,29.84,16.67
MH_069,MH,Nashik,inland,2026-09-02,0.63,29.5,12.57
MH_069,MH,Nashik,inland,2026-09-03,0.0,28.98,13.9
MH_069,MH,Nashik,inland,2026-09-04,9.0,28.88,15.41
MH_069,MH,Nashik,inland,2026-09-05,10.12,30.13,15.37
MH_069,MH,Nashik,inland,2026-09-06,0.0,30.79,16.5
MH_069,MH,Nashik,inland,2026-09-07,1.48,28.76,14.46
MH_069,MH,Nashik,inland,2026-09-08,21.02,28.63,16.55
MH_069,MH,Nashik,inland,2026-09-09,0.0,27.39,15.02
MH_069,MH,Nashik,inland,2026-09-10,1.59,28.55,14.2
MH_069,MH,Nashik,inland,2026-09-11,0.67,27.23,13.53
MH_069,MH,Nashik,inland,2026-09-12,13.72,28.76,13.08
MH_069,MH,Nashik,inland,2026-09-13,0.0,27.94,12.67
MH_069,MH,Nashik,inland,2026-09-14,0.0,28.14,14.09
MH_069,MH,Nashik,inland,2026-09-15,4.03,28.18,10.04
MH_069,MH,Nashik,inland,2026-09-16,10.05,26.33,10.16
MH_069,MH,Nashik,inland,2026-09-17,10.79,27.11,8.77
MH_069,MH,Nashik,inland,2026-09-18,5.69,26.44,11.28
MH_069,MH,Nashik,inland,2026-09-19,5.88,26.97,8.25
MH_069,MH,Nashik,inland,2026-09-20,5.38,27.17,7.61
MH_069,MH,Nashik,inland,2026-09-21,0.0,27.46,9.26
MH_069,MH,Nashik,inland,2026-09-22,1.51,27.34,6.75
MH_069,MH,Nashik,inland,2026-09-23,0.0,28.13,9.72
MH_069,MH,Nashik,inland,2026-09-24,0.0,28.11,11.77
MH_069,MH,Nashik,inland,2026-09-25,0.0,28.61,7.47
MH_069,MH,Nashik,inland,2026-09-26,4.23,28.79,8.47
MH_069,MH,Nashik,inland,2026-09-27,1.41,28.68,7.56
MH_069,MH,Nashik,inland,2026-09-28,5.07,28.95,12.41
MH_070,MH,Chhatrapati Sambhajinagar,inland,2026-08-30,0.0,28.87,11.67
MH_070,MH,Chhatrapati Sambhajinagar,inland,2026-08-31,2.25,28.46,15.92
MH_070,MH,Chhatrapati Sambhajinagar,inland,2026-09-01,6.69,28.61,14.06
MH_070,MH,Chhatrapati Sambhajinagar,inland,2026-09-02,0.0,28.86,12.39
MH_070,MH,Chhatrapati Sambhajinagar,inland,2026-09-03,0.5,29.62,12.83
MH_070,MH,Chhatrapati Sambhajinagar,inland,2026-09-04,23.22,29.85,17.58
MH_070,MH,Chhatrapati Sambhajinagar,inland,2026-09-05,0.0,29.35,15.43
MH_070,MH,Chhatrapati Sambhajinagar,inland,2026-09-06,0.0,28.74,16.91
MH_070,MH,Chhatrapati Sambhajinagar,inland,2026-09-07,0.0,29.31,12.96
MH_070,MH,Chhatrapati Sambhajinagar,inland,2026-09-08,1.01,29.09,11.44
MH_070,MH,Chhatrapati Sambhajinagar,inland,2026-09-09,0.25,28.3,15.88
MH_070,MH,Chhatrapati Sambhajinagar,inland,2026-09-10,6.87,28.72,10.94
MH_070,MH,Chhatrapati Sambhajinagar,inland,2026-09-11,0.0,28.89,12.42
MH_070,MH,Chhatrapati Sambhajinagar,inland,2026-09-12,6.01,29.38,14.35
MH_070,MH,Chhatrapati Sambhajinagar,inland,2026-09-13,0.0,27.71,11.21
MH_070,MH,Chhatrapati Sambhajinagar,inland,2026-09-14,0.0,27.84,14.29
MH_070,MH,Chhatrapati Sambhajinagar,inland,2026-09-15,0.17,28.24,9.42
MH_070,MH,Chhatrapati Sambhajinagar,inland,2026-09-16,10.13,27.16,8.03
MH_070,MH,Chhatrapati Sambhajinagar,inland,2026-09-17,28.49,26.09,10.01
MH_070,MH,Chhatrapati Sambhajinagar,inland,2026-09-18,17.36,26.56,9.0
MH_070,MH,Chhatrapati Sambhajinagar,inland,2026-09-19,29.67,26.23,9.31
MH_070,MH,Chhatrapati Sambhajinagar,inland,2026-09-20,0.06,25.71,8.89
MH_070,MH,Chhatrapati Sambhajinagar,inland,2026-09-21,0.0,27.46,12.39
MH_070,MH,Chhatrapati Sambhajinagar,inland,2026-09-22,13.96,26.4,12.35
MH_070,MH,Chhatrapati Sambhajinagar,inland,2026-09-23,0.0,27.92,9.26
MH_070,MH,Chhatrapati Sambhajinagar,inland,2026-09-24,0.0,27.08,7.45
MH_070,MH,Chhatrapati Sambhajinagar,inland,2026-09-25,2.34,27.97,6.04
MH_070,MH,Chhatrapati Sambhajinagar,inland,2026-09-26,0.0,28.6,10.87
MH_070,MH,Chhatrapati Sambhajinagar,inland,2026-09-27,0.0,29.19,10.48
MH_070,MH,Chhatrapati Sambhajinagar,inland,2026-09-28,0.45,28.95,9.18
MN_071,MN,Imphal,hilly,2026-08-30,0.0,20.34,9.67
MN_071,MN,Imphal,hilly,2026-08-31,0.91,21.68,12.39
MN_071,MN,Imphal,hilly,2026-09-01,9.07,21.55,11.23
MN_071,MN,Imphal,hilly,2026-09-02,3.18,21.03,12.47
MN_071,MN,Imphal,hilly,2026-09-03,163.42,21.47,18.3
MN_071,MN,Imphal,hilly,2026-09-04,49.79,21.79,16.62
MN_071,MN,Imphal,hilly,2026-09-05,8.86,20.04,13.88
MN_071,MN,Imphal,hilly,2026-09-06,0.25,21.44,12.33
MN_071,MN,Imphal,hilly,2026-09-07,0.13,21.8,12.95
MN_071,MN,Imphal,hilly,2026-09-08,4.62,20.87,9.55
MN_071,MN,Imphal,hilly,2026-09-09,0.72,22.09,9.72
MN_071,MN,Imphal,hilly,2026-09-10,12.39,20.4,11.29
MN_071,MN,Imphal,hilly,2026-09-11,16.18,19.24,9.86
MN_071,MN,Imphal,hilly,2026-09-12,14.28,19.77,8.47
MN_071,MN,Imphal,hilly,2026-09-13,12.27,19.92,7.28
MN_071,MN,Imphal,hilly,2026-09-14,0.0,17.95,6.23
MN_071,MN,Imphal,hilly,2026-09-15,0.0,19.22,6.29
MN_071,MN,Imphal,hilly,2026-09-16,3.53,19.35,8.21
MN_071,MN,Imphal,hilly,2026-09-17,7.05,18.97,5.79
MN_071,MN,Imphal,hilly,2026-09-18,10.7,18.08,4.95
MN_071,MN,Imphal,hilly,2026-09-19,7.15,18.87,6.18
MN_071,MN,Imphal,hilly,2026-09-20,0.43,18.34,7.91
MN_071,MN,Imphal,hilly,2026-09-21,6.52,19.3,7.86
MN_071,MN,Imphal,hilly,2026-09-22,0.36,19.03,4.75
MN_071,MN,Imphal,hilly,2026-09-23,0.0,19.78,11.13
MN_071,MN,Imphal,hilly,2026-09-24,0.0,18.95,8.07
MN_071,MN,Imphal,hilly,2026-09-25,0.0,21.59,10.97
MN_071,MN,Imphal,hilly,2026-09-26,0.0,20.26,7.98
MN_071,MN,Imphal,hilly,2026-09-27,66.74,20.65,12.93
MN_071,MN,Imphal,hilly,2026-09-28,0.0,21.67,8.99
MN_072,MN,Churachandpur,hilly,2026-08-30,0.0,21.2,12.74
MN_072,MN,Churachandpur,hilly,2026-08-31,0.0,21.55,11.9
MN_072,MN,Churachandpur,hilly,2026-09-01,5.88,21.35,14.52
MN_072,MN,Churachandpur,hilly,2026-09-02,0.0,21.42,11.3
MN_072,MN,Churachandpur,hilly,2026-09-03,1.84,21.74,13.23
MN_072,MN,Churachandpur,hilly,2026-09-04,14.51,21.11,12.4
MN_072,MN,Churachandpur,hilly,2026-09-05,0.0,20.69,14.6
MN_072,MN,Churachandpur,hilly,2026-09-06,0.0,22.11,11.01
MN_072,MN,Churachandpur,hilly,2026-09-07,4.34,21.81,9.4
MN_072,MN,Churachandpur,hilly,2026-09-08,25.71,20.65,15.9
MN_072,MN,Churachandpur,hilly,2026-09-09,33.87,21.03,10.33
MN_072,MN,Churachandpur,hilly,2026-09-10,9.71,19.98,9.35
MN_072,MN,Churachandpur,hilly,2026-09-11,10.28,18.55,8.82
MN_072,MN,Churachandpur,hilly,2026-09-12,6.34,19.22,8.53
MN_072,MN,Churachandpur,hilly,2026-09-13,0.1,18.57,7.7
MN_072,MN,Churachandpur,hilly,2026-09-14,2.93,18.44,4.54
MN_072,MN,Churachandpur,hilly,2026-09-15,0.0,19.18,8.66
MN_072,MN,Churachandpur,hilly,2026-09-16,13.96,18.89,4.92
MN_072,MN,Churachandpur,hilly,2026-09-17,8.41,18.58,10.14
MN_072,MN,Churachandpur,hilly,2026-09-18,5.72,17.2,4.43
MN_072,MN,Churachandpur,hilly,2026-09-19,0.1,18.52,7.79
MN_072,MN,Churachandpur,hilly,2026-09-20,4.46,20.01,8.9
MN_072,MN,Churachandpur,hilly,2026-09-21,0.29,20.44,5.9
MN_072,MN,Churachandpur,hilly,2026-09-22,7.86,18.43,7.66
MN_072,MN,Churachandpur,hilly,2026-09-23,2.09,19.61,8.54
MN_072,MN,Churachandpur,hilly,2026-09-24,180.0,19.25,9.23
MN_072,MN,Churachandpur,hilly,2026-09-25,4.03,20.66,9.15
MN_072,MN,Churachandpur,hilly,2026-09-26,0.1,21.88,5.3
MN_072,MN,Churachandpur,hilly,2026-09-27,0.0,21.22,10.25
MN_072,MN,Churachandpur,hilly,2026-09-28,0.0,20.92,15.61
MN_073,MN,Thoubal,hilly,2026-08-30,8.48,20.07,12.33
MN_073,MN,Thoubal,hilly,2026-08-31,0.0,21.1,13.21
MN_073,MN,Thoubal,hilly,2026-09-01,6.54,20.21,13.33
MN_073,MN,Thoubal,hilly,2026-09-02,15.57,20.11,15.42
MN_073,MN,Thoubal,hilly,2026-09-03,74.2,20.8,18.68
MN_073,MN,Thoubal,hilly,2026-09-04,11.68,21.49,15.41
MN_073,MN,Thoubal,hilly,2026-09-05,4.16,20.91,11.31
MN_073,MN,Thoubal,hilly,2026-09-06,4.25,21.79,12.76
MN_073,MN,Thoubal,hilly,2026-09-07,3.66,21.87,13.18
MN_073,MN,Thoubal,hilly,2026-09-08,0.5,20.57,12.49
MN_073,MN,Thoubal,hilly,2026-09-09,5.14,21.09,13.54
MN_073,MN,Thoubal,hilly,2026-09-10,0.0,21.42,14.08
MN_073,MN,Thoubal,hilly,2026-09-11,0.1,21.33,10.38
MN_073,MN,Thoubal,hilly,2026-09-12,4.58,20.63,10.19
MN_073,MN,Thoubal,hilly,2026-09-13,13.57,19.24,11.95
MN_073,MN,Thoubal,hilly,2026-09-14,2.07,19.52,7.78
MN_073,MN,Thoubal,hilly,2026-09-15,2.41,20.0,10.23
MN_073,MN,Thoubal,hilly,2026-09-16,54.0,18.22,13.5
MN_073,MN,Thoubal,hilly,2026-09-17,65.14,18.68,11.27
MN_073,MN,Thoubal,hilly,2026-09-18,18.15,18.46,10.65
MN_073,MN,Thoubal,hilly,2026-09-19,62.59,19.9,8.45
MN_073,MN,Thoubal,hilly,2026-09-20,0.0,18.3,2.99
MN_073,MN,Thoubal,hilly,2026-09-21,54.8,19.22,12.87
MN_073,MN,Thoubal,hilly,2026-09-22,7.7,17.79,6.26
MN_073,MN,Thoubal,hilly,2026-09-23,7.86,18.76,2.57
MN_073,MN,Thoubal,hilly,2026-09-24,8.89,19.22,8.0
MN_073,MN,Thoubal,hilly,2026-09-25,20.29,19.3,6.5
MN_073,MN,Thoubal,hilly,2026-09-26,4.35,17.54,8.43
MN_073,MN,Thoubal,hilly,2026-09-27,4.17,19.03,8.11
MN_073,MN,Thoubal,hilly,2026-09-28,0.25,20.46,10.31
MN_074,MN,Bishnupur,hilly,2026-08-30,0.0,20.02,6.41
MN_074,MN,Bishnupur,hilly,2026-08-31,0.0,19.9,10.69
MN_074,MN,Bishnupur,hilly,2026-09-01,7.38,20.8,12.54
MN_074,MN,Bishnupur,hilly,2026-09-02,6.78,19.91,13.17
MN_074,MN,Bishnupur,hilly,2026-09-03,25.29,20.76,11.3
MN_074,MN,Bishnupur,hilly,2026-09-04,29.79,21.21,15.48
MN_074,MN,Bishnupur,hilly,2026-09-05,0.0,21.81,10.14
MN_074,MN,Bishnupur,hilly,2026-09-06,0.99,20.36,14.73
MN_074,MN,Bishnupur,hilly,2026-09-07,11.71,21.62,13.31
MN_074,MN,Bishnupur,hilly,2026-09-08,3.48,21.56,10.09
MN_074,MN,Bishnupur,hilly,2026-09-09,12.65,21.2,15.47
MN_074,MN,Bishnupur,hilly,2026-09-10,1.6,20.52,9.65
MN_074,MN,Bishnupur,hilly,2026-09-11,6.55,21.04,10.72
MN_074,MN,Bishnupur,hilly,2026-09-12,0.0,19.27,12.9
MN_074,MN,Bishnupur,hilly,2026-09-13,7.75,20.59,9.43
MN_074,MN,Bishnupur,hilly,2026-09-14,0.0,20.2,10.05
MN_074,MN,Bishnupur,hilly,2026-09-15,7.77,19.39,12.8
MN_074,MN,Bishnupur,hilly,2026-09-16,5.35,18.45,7.48
MN_074,MN,Bishnupur,hilly,2026-09-17,0.0,19.27,9.34
MN_074,MN,Bishnupur,hilly,2026-09-18,21.94,18.44,5.93
MN_074,MN,Bishnupur,hilly,2026-09-19,16.23,18.21,5.31
MN_074,MN,Bishnupur,hilly,2026-09-20,0.4,17.57,6.04
MN_074,MN,Bishnupur,hilly,2026-09-21,0.0,18.26,8.63
MN_074,MN,Bishnupur,hilly,2026-09-22,5.31,18.03,5.39
MN_074,MN,Bishnupur,hilly,2026-09-23,15.57,18.62,6.37
MN_074,MN,Bishnupur,hilly,2026-09-24,12.3,18.5,4.84
MN_074,MN,Bishnupur,hilly,2026-09-25,26.77,19.68,7.27
MN_074,MN,Bishnupur,hilly,2026-09-26,2.99,19.87,7.02
MN_074,MN,Bishnupur,hilly,2026-09-27,0.0,19.44,7.33
MN_074,MN,Bishnupur,hilly,2026-09-28,9.92,19.11,9.78
MN_075,MN,Ukhrul,hilly,2026-08-30,0.0,19.62,10.54
MN_075,MN,Ukhrul,hilly,2026-08-31,0.0,20.06,12.3
MN_075,MN,Ukhrul,hilly,2026-09-01,2.64,21.25,11.89
MN_075,MN,Ukhrul,hilly,2026-09-02,44.96,20.22,14.63
MN_075,MN,Ukhrul,hilly,2026-09-03,12.14,21.92,10.52
MN_075,MN,Ukhrul,hilly,2026-09-04,17.5,21.55,10.63
MN_075,MN,Ukhrul,hilly,2026-09-05,0.0,21.52,11.05
MN_075,MN,Ukhrul,hilly,2026-09-06,2.25,20.66,13.38
MN_075,MN,Ukhrul,hilly,2026-09-07,0.17,20.89,16.2
MN_075,MN,Ukhrul,hilly,2026-09-08,3.51,21.41,13.17
MN_075,MN,Ukhrul,hilly,2026-09-09,22.29,20.61,18.16
MN_075,MN,Ukhrul,hilly,2026-09-10,35.91,20.21,12.88
MN_075,MN,Ukhrul,hilly,2026-09-11,2.17,20.73,8.43
MN_075,MN,Ukhrul,hilly,2026-09-12,43.69,19.75,9.52
MN_075,MN,Ukhrul,hilly,2026-09-13,0.0,19.86,9.27
MN_075,MN,Ukhrul,hilly,2026-09-14,0.0,19.04,12.53
MN_075,MN,Ukhrul,hilly,2026-09-15,6.71,17.97,8.82
MN_075,MN,Ukhrul,hilly,2026-09-16,6.26,18.22,10.64
MN_075,MN,Ukhrul,hilly,2026-09-17,0.0,19.52,7.18
MN_075,MN,Ukhrul,hilly,2026-09-18,0.0,19.67,5.62
MN_075,MN,Ukhrul,hilly,2026-09-19,43.21,18.91,6.07
MN_075,MN,Ukhrul,hilly,2026-09-20,35.47,18.31,9.01
MN_075,MN,Ukhrul,hilly,2026-09-21,7.7,18.52,6.58
MN_075,MN,Ukhrul,hilly,2026-09-22,7.41,19.46,6.89
MN_075,MN,Ukhrul,hilly,2026-09-23,4.75,18.86,7.54
MN_075,MN,Ukhrul,hilly,2026-09-24,4.84,19.83,8.03
MN_075,MN,Ukhrul,hilly,2026-09-25,0.0,19.59,6.85
MN_075,MN,Ukhrul,hilly,2026-09-26,0.0,21.37,8.22
MN_075,MN,Ukhrul,hilly,2026-09-27,1.29,19.83,9.28
MN_075,MN,Ukhrul,hilly,2026-09-28,0.77,20.03,7.89
ML_076,ML,Shillong,hilly,2026-08-30,0.66,18.8,14.05
ML_076,ML,Shillong,hilly,2026-08-31,0.68,19.12,11.0
ML_076,ML,Shillong,hilly,2026-09-01,0.0,17.68,13.54
ML_076,ML,Shillong,hilly,2026-09-02,6.5,18.93,15.38
ML_076,ML,Shillong,hilly,2026-09-03,97.19,19.63,16.64
ML_076,ML,Shillong,hilly,2026-09-04,0.0,18.97,12.01
ML_076,ML,Shillong,hilly,2026-09-05,3.49,20.38,8.96
ML_076,ML,Shillong,hilly,2026-09-06,11.91,18.76,10.13
ML_076,ML,Shillong,hilly,2026-09-07,1.55,18.1,12.54
ML_076,ML,Shillong,hilly,2026-09-08,22.31,19.58,13.03
ML_076,ML,Shillong,hilly,2026-09-09,0.0,20.29,7.27
ML_076,ML,Shillong,hilly,2026-09-10,17.06,17.39,9.67
ML_076,ML,Shillong,hilly,2026-09-11,30.28,18.85,14.03
ML_076,ML,Shillong,hilly,2026-09-12,7.96,18.0,8.5
ML_076,ML,Shillong,hilly,2026-09-13,0.0,18.79,9.16
ML_076,ML,Shillong,hilly,2026-09-14,19.05,18.93,7.7
ML_076,ML,Shillong,hilly,2026-09-15,12.55,19.38,11.73
ML_076,ML,Shillong,hilly,2026-09-16,13.77,17.31,9.94
ML_076,ML,Shillong,hilly,2026-09-17,0.68,17.23,5.05
ML_076,ML,Shillong,hilly,2026-09-18,8.25,17.3,5.27
ML_076,ML,Shillong,hilly,2026-09-19,26.58,16.72,6.35
ML_076,ML,Shillong,hilly,2026-09-20,78.11,16.88,12.24
ML_076,ML,Shillong,hilly,2026-09-21,0.0,16.81,8.89
ML_076,ML,Shillong,hilly,2026-09-22,5.99,16.42,9.14
ML_076,ML,Shillong,hilly,2026-09-23,29.42,17.07,9.64
ML_076,ML,Shillong,hilly,2026-09-24,23.32,17.57,5.92
ML_076,ML,Shillong,hilly,2026-09-25,0.0,16.88,5.8
ML_076,ML,Shillong,hilly,2026-09-26,7.64,16.52,9.98
ML_076,ML,Shillong,hilly,2026-09-27,0.0,17.23,9.26
ML_076,ML,Shillong,hilly,2026-09-28,0.0,18.58,11.17
ML_077,ML,Tura,hilly,2026-08-30,0.0,17.94,9.78
ML_077,ML,Tura,hilly,2026-08-31,38.24,18.68,11.68
ML_077,ML,Tura,hilly,2026-09-01,6.83,20.53,13.78
ML_077,ML,Tura,hilly,2026-09-02,18.44,19.58,15.16
ML_077,ML,Tura,hilly,2026-09-03,43.19,20.26,19.25
ML_077,ML,Tura,hilly,2026-09-04,2.06,19.25,13.76
ML_077,ML,Tura,hilly,2026-09-05,4.97,18.9,14.52
ML_077,ML,Tura,hilly,2026-09-06,0.54,18.13,14.39
ML_077,ML,Tura,hilly,2026-09-07,15.21,19.23,10.96
ML_077,ML,Tura,hilly,2026-09-08,1.03,17.98,12.15
ML_077,ML,Tura,hilly,2026-09-09,5.51,18.56,9.93
ML_077,ML,Tura,hilly,2026-09-10,3.93,19.32,12.39
ML_077,ML,Tura,hilly,2026-09-11,2.15,18.94,12.84
ML_077,ML,Tura,hilly,2026-09-12,23.16,18.09,9.55
ML_077,ML,Tura,hilly,2026-09-13,11.68,18.58,8.39
ML_077,ML,Tura,hilly,2026-09-14,0.0,17.21,9.59
ML_077,ML,Tura,hilly,2026-09-15,3.35,15.3,7.8
ML_077,ML,Tura,hilly,2026-09-16,10.7,16.99,7.47
ML_077,ML,Tura,hilly,2026-09-17,28.58,16.19,6.22
ML_077,ML,Tura,hilly,2026-09-18,43.75,16.47,9.56
ML_077,ML,Tura,hilly,2026-09-19,54.47,15.82,11.69
ML_077,ML,Tura,hilly,2026-09-20,0.51,16.36,5.42
ML_077,ML,Tura,hilly,2026-09-21,0.0,17.09,7.39
ML_077,ML,Tura,hilly,2026-09-22,0.0,15.68,8.09
ML_077,ML,Tura,hilly,2026-09-23,0.0,17.08,2.95
ML_077,ML,Tura,hilly,2026-09-24,16.94,16.22,6.55
ML_077,ML,Tura,hilly,2026-09-25,21.18,17.87,6.49
ML_077,ML,Tura,hilly,2026-09-26,39.36,18.42,7.98
ML_077,ML,Tura,hilly,2026-09-27,6.19,18.02,10.36
ML_077,ML,Tura,hilly,2026-09-28,0.76,17.49,8.27
ML_078,ML,Jowai,hilly,2026-08-30,0.0,18.6,11.83
ML_078,ML,Jowai,hilly,2026-08-31,0.0,19.46,13.0
ML_078,ML,Jowai,hilly,2026-09-01,39.04,17.14,16.86
ML_078,ML,Jowai,hilly,2026-09-02,10.74,19.02,15.64
ML_078,ML,Jowai,hilly,2026-09-03,0.0,19.95,13.68
ML_078,ML,Jowai,hilly,2026-09-04,10.5,19.98,10.27
ML_078,ML,Jowai,hilly,2026-09-05,3.44,17.97,13.02
ML_078,ML,Jowai,hilly,2026-09-06,11.51,18.38,11.67
ML_078,ML,Jowai,hilly,2026-09-07,5.98,18.98,14.08
ML_078,ML,Jowai,hilly,2026-09-08,4.07,18.09,14.91
ML_078,ML,Jowai,hilly,2026-09-09,0.84,18.73,13.26
ML_078,ML,Jowai,hilly,2026-09-10,0.0,17.63,10.37
ML_078,ML,Jowai,hilly,2026-09-11,14.29,18.57,12.19
ML_078,ML,Jowai,hilly,2026-09-12,1.41,17.3,8.47
ML_078,ML,Jowai,hilly,2026-09-13,1.56,17.18,9.83
ML_078,ML,Jowai,hilly,2026-09-14,6.93,17.87,6.42
ML_078,ML,Jowai,hilly,2026-09-15,3.78,17.03,8.33
ML_078,ML,Jowai,hilly,2026-09-16,1.7,16.99,9.36
ML_078,ML,Jowai,hilly,2026-09-17,7.11,16.56,6.41
ML_078,ML,Jowai,hilly,2026-09-18,22.0,16.61,9.32
ML_078,ML,Jowai,hilly,2026-09-19,41.1,16.42,10.75
ML_078,ML,Jowai,hilly,2026-09-20,7.21,16.71,8.07
ML_078,ML,Jowai,hilly,2026-09-21,0.57,15.96,6.44
ML_078,ML,Jowai,hilly,2026-09-22,10.03,16.43,11.25
ML_078,ML,Jowai,hilly,2026-09-23,8.08,17.74,6.12
ML_078,ML,Jowai,hilly,2026-09-24,3.65,18.26,9.95
ML_078,ML,Jowai,hilly,2026-09-25,19.94,17.8,8.0
ML_078,ML,Jowai,hilly,2026-09-26,2.61,16.64,8.52
ML_078,ML,Jowai,hilly,2026-09-27,0.0,18.89,9.39
ML_078,ML,Jowai,hilly,2026-09-28,7.42,18.36,9.5
ML_079,ML,Nongpoh,hilly,2026-08-30,5.17,18.87,8.05
ML_079,ML,Nongpoh,hilly,2026-08-31,16.59,18.08,10.27
ML_079,ML,Nongpoh,hilly,2026-09-01,0.0,18.99,12.07
ML_079,ML,Nongpoh,hilly,2026-09-02,0.93,19.47,9.36
ML_079,ML,Nongpoh,hilly,2026-09-03,0.0,20.92,10.61
ML_079,ML,Nongpoh,hilly,2026-09-04,12.67,18.9,14.39
ML_079,ML,Nongpoh,hilly,2026-09-05,35.09,19.28,13.66
ML_079,ML,Nongpoh,hilly,2026-09-06,3.84,18.95,10.19
ML_079,ML,Nongpoh,hilly,2026-09-07,8.56,19.58,9.98
ML_079,ML,Nongpoh,hilly,2026-09-08,14.39,20.01,16.35
ML_079,ML,Nongpoh,hilly,2026-09-09,4.4,17.99,8.69
ML_079,ML,Nongpoh,hilly,2026-09-10,0.0,19.6,12.23
ML_079,ML,Nongpoh,hilly,2026-09-11,10.13,18.28,7.75
ML_079,ML,Nongpoh,hilly,2026-09-12,2.95,17.58,10.31
ML_079,ML,Nongpoh,hilly,2026-09-13,0.1,16.42,10.49
ML_079,ML,Nongpoh,hilly,2026-09-14,0.17,18.44,9.54
ML_079,ML,Nongpoh,hilly,2026-09-15,5.61,17.23,9.1
ML_079,ML,Nongpoh,hilly,2026-09-16,0.0,16.84,11.85
ML_079,ML,Nongpoh,hilly,2026-09-17,9.32,15.65,8.95
ML_079,ML,Nongpoh,hilly,2026-09-18,0.62,16.98,7.72
ML_079,ML,Nongpoh,hilly,2026-09-19,22.51,17.28,8.51
ML_079,ML,Nongpoh,hilly,2026-09-20,3.51,16.73,4.58
ML_079,ML,Nongpoh,hilly,2026-09-21,0.0,18.07,7.0
ML_079,ML,Nongpoh,hilly,2026-09-22,1.87,16.64,6.46
ML_079,ML,Nongpoh,hilly,2026-09-23,3.66,16.71,5.61
ML_079,ML,Nongpoh,hilly,2026-09-24,8.46,18.63,8.33
ML_079,ML,Nongpoh,hilly,2026-09-25,0.24,17.26,3.26
ML_079,ML,Nongpoh,hilly,2026-09-26,6.89,18.81,7.59
ML_079,ML,Nongpoh,hilly,2026-09-27,3.89,18.77,7.62
ML_079,ML,Nongpoh,hilly,2026-09-28,0.11,18.44,7.47
ML_080,ML,Baghmara,hilly,2026-08-30,0.1,19.18,11.14
ML_080,ML,Baghmara,hilly,2026-08-31,10.18,18.49,12.89
ML_080,ML,Baghmara,hilly,2026-09-01,2.51,17.93,12.75
ML_080,ML,Baghmara,hilly,2026-09-02,3.63,19.48,11.0
ML_080,ML,Baghmara,hilly,2026-09-03,103.9,19.2,15.3
ML_080,ML,Baghmara,hilly,2026-09-04,9.21,18.87,12.16
ML_080,ML,Baghmara,hilly,2026-09-05,0.36,18.72,14.85
ML_080,ML,Baghmara,hilly,2026-09-06,0.0,19.06,13.75
ML_080,ML,Baghmara,hilly,2026-09-07,4.85,19.7,11.41
ML_080,ML,Baghmara,hilly,2026-09-08,0.39,18.0,11.35
ML_080,ML,Baghmara,hilly,2026-09-09,41.68,18.33,15.52
ML_080,ML,Baghmara,hilly,2026-09-10,9.84,20.05,7.33
ML_080,ML,Baghmara,hilly,2026-09-11,25.39,18.32,13.76
ML_080,ML,Baghmara,hilly,2026-09-12,0.0,18.5,8.62
ML_080,ML,Baghmara,hilly,2026-09-13,0.56,18.29,8.04
ML_080,ML,Baghmara,hilly,2026-09-14,5.39,17.95,6.35
ML_080,ML,Baghmara,hilly,2026-09-15,11.12,17.84,7.79
ML_080,ML,Baghmara,hilly,2026-09-16,5.91,17.34,4.85
ML_080,ML,Baghmara,hilly,2026-09-17,4.79,16.7,6.85
ML_080,ML,Baghmara,hilly,2026-09-18,35.71,16.55,9.86
ML_080,ML,Baghmara,hilly,2026-09-19,28.75,17.27,8.98
ML_080,ML,Baghmara,hilly,2026-09-20,39.23,17.17,9.04
ML_080,ML,Baghmara,hilly,2026-09-21,11.28,16.61,7.12
ML_080,ML,Baghmara,hilly,2026-09-22,1.11,16.95,9.53
ML_080,ML,Baghmara,hilly,2026-09-23,0.1,16.94,4.45
ML_080,ML,Baghmara,hilly,2026-09-24,0.13,18.28,6.34
ML_080,ML,Baghmara,hilly,2026-09-25,12.69,15.57,8.16
ML_080,ML,Baghmara,hilly,2026-09-26,1.23,18.31,10.16
ML_080,ML,Baghmara,hilly,2026-09-27,0.0,18.98,7.65
ML_080,ML,Baghmara,hilly,2026-09-28,0.0,18.89,9.12
MZ_081,MZ,Aizawl,hilly,2026-08-30,0.0,20.57,7.33
MZ_081,MZ,Aizawl,hilly,2026-08-31,0.0,20.2,9.57
MZ_081,MZ,Aizawl,hilly,2026-09-01,0.0,21.34,10.22
MZ_081,MZ,Aizawl,hilly,2026-09-02,30.81,21.38,13.75
MZ_081,MZ,Aizawl,hilly,2026-09-03,1.02,22.67,10.32
MZ_081,MZ,Aizawl,hilly,2026-09-04,0.0,21.82,16.1
MZ_081,MZ,Aizawl,hilly,2026-09-05,2.0,21.82,7.51
MZ_081,MZ,Aizawl,hilly,2026-09-06,10.08,22.66,11.71
MZ_081,MZ,Aizawl,hilly,2026-09-07,2.12,20.05,14.83
MZ_081,MZ,Aizawl,hilly,2026-09-08,19.59,20.3,9.93
MZ_081,MZ,Aizawl,hilly,2026-09-09,20.59,20.24,11.73
MZ_081,MZ,Aizawl,hilly,2026-09-10,7.51,19.7,13.43
MZ_081,MZ,Aizawl,hilly,2026-09-11,18.97,20.76,9.9
MZ_081,MZ,Aizawl,hilly,2026-09-12,21.52,19.44,11.43
MZ_081,MZ,Aizawl,hilly,2026-09-13,3.95,20.06,11.55
MZ_081,MZ,Aizawl,hilly,2026-09-14,3.41,18.83,6.07
MZ_081,MZ,Aizawl,hilly,2026-09-15,1.94,20.04,11.74
MZ_081,MZ,Aizawl,hilly,2026-09-16,7.94,19.25,10.34
MZ_081,MZ,Aizawl,hilly,2026-09-17,2.95,16.7,8.84
MZ_081,MZ,Aizawl,hilly,2026-09-18,4.4,17.73,5.7
MZ_081,MZ,Aizawl,hilly,2026-09-19,6.51,19.32,7.24
MZ_081,MZ,Aizawl,hilly,2026-09-20,11.24,18.74,7.06
MZ_081,MZ,Aizawl,hilly,2026-09-21,0.38,18.55,4.7
MZ_081,MZ,Aizawl,hilly,2026-09-22,1.14,19.04,5.88
MZ_081,MZ,Aizawl,hilly,2026-09-23,0.0,18.65,4.65
MZ_081,MZ,Aizawl,hilly,2026-09-24,0.38,19.58,7.09
MZ_081,MZ,Aizawl,hilly,2026-09-25,5.06,20.36,7.05
MZ_081,MZ,Aizawl,hilly,2026-09-26,0.0,20.18,10.34
MZ_081,MZ,Aizawl,hilly,2026-09-27,13.34,20.01,10.61
MZ_081,MZ,Aizawl,hilly,2026-09-28,0.0,20.72,7.47
MZ_082,MZ,Lunglei,hilly,2026-08-30,0.19,21.51,8.03
MZ_082,MZ,Lunglei,hilly,2026-08-31,0.43,21.02,9.86
MZ_082,MZ,Lunglei,hilly,2026-09-01,0.0,21.4,13.37
MZ_082,MZ,Lunglei,hilly,2026-09-02,11.36,20.88,11.46
MZ_082,MZ,Lunglei,hilly,2026-09-03,0.0,21.38,14.03
MZ_082,MZ,Lunglei,hilly,2026-09-04,0.0,20.32,16.05
MZ_082,MZ,Lunglei,hilly,2026-09-05,3.98,20.93,14.5
MZ_082,MZ,Lunglei,hilly,2026-09-06,0.0,20.93,14.41
MZ_082,MZ,Lunglei,hilly,2026-09-07,0.0,21.87,12.5
MZ_082,MZ,Lunglei,hilly,2026-09-08,0.15,20.84,15.22
MZ_082,MZ,Lunglei,hilly,2026-09-09,0.0,21.36,11.01
MZ_082,MZ,Lunglei,hilly,2026-09-10,0.0,19.32,11.7
MZ_082,MZ,Lunglei,hilly,2026-09-11,0.67,19.64,8.67
MZ_082,MZ,Lunglei,hilly,2026-09-12,0.26,19.93,10.29
MZ_082,MZ,Lunglei,hilly,2026-09-13,13.34,17.63,12.81
MZ_082,MZ,Lunglei,hilly,2026-09-14,1.62,19.05,9.48
MZ_082,MZ,Lunglei,hilly,2026-09-15,8.44,19.0,12.94
MZ_082,MZ,Lunglei,hilly,2026-09-16,1.92,19.42,6.25
MZ_082,MZ,Lunglei,hilly,2026-09-17,11.52,18.88,7.07
MZ_082,MZ,Lunglei,hilly,2026-09-18,14.35,18.99,6.65
MZ_082,MZ,Lunglei,hilly,2026-09-19,0.0,18.66,5.15
MZ_082,MZ,Lunglei,hilly,2026-09-20,90.43,18.28,7.66
MZ_082,MZ,Lunglei,hilly,2026-09-21,13.86,18.34,7.1
MZ_082,MZ,Lunglei,hilly,2026-09-22,0.0,19.85,6.91
MZ_082,MZ,Lunglei,hilly,2026-09-23,14.04,19.6,4.96
MZ_082,MZ,Lunglei,hilly,2026-09-24,2.45,19.9,8.97
MZ_082,MZ,Lunglei,hilly,2026-09-25,12.11,19.88,7.59
MZ_082,MZ,Lunglei,hilly,2026-09-26,1.05,20.6,10.37
MZ_082,MZ,Lunglei,hilly,2026-09-27,4.27,19.76,5.83
MZ_082,MZ,Lunglei,hilly,2026-09-28,5.93,21.17,11.1
MZ_083,MZ,Saiha,hilly,2026-08-30,0.0,21.13,9.18
MZ_083,MZ,Saiha,hilly,2026-08-31,0.0,20.81,12.3
MZ_083,MZ,Saiha,hilly,2026-09-01,5.13,21.93,11.39
MZ_083,MZ,Saiha,hilly,2026-09-02,11.54,22.23,13.51
MZ_083,MZ,Saiha,hilly,2026-09-03,0.0,20.46,11.63
MZ_083,MZ,Saiha,hilly,2026-09-04,1.05,20.02,10.98
MZ_083,MZ,Saiha,hilly,2026-09-05,1.74,20.64,13.42
MZ_083,MZ,Saiha,hilly,2026-09-06,33.68,21.71,14.9
MZ_083,MZ,Saiha,hilly,2026-09-07,11.18,21.05,12.32
MZ_083,MZ,Saiha,hilly,2026-09-08,12.57,20.35,7.96
MZ_083,MZ,Saiha,hilly,2026-09-09,21.41,19.42,11.54
MZ_083,MZ,Saiha,hilly,2026-09-10,0.59,19.44,7.63
MZ_083,MZ,Saiha,hilly,2026-09-11,25.66,20.09,10.09
MZ_083,MZ,Saiha,hilly,2026-09-12,0.95,19.53,6.47
MZ_083,MZ,Saiha,hilly,2026-09-13,3.76,18.67,9.12
MZ_083,MZ,Saiha,hilly,2026-09-14,9.82,19.08,4.04
MZ_083,MZ,Saiha,hilly,2026-09-15,0.0,18.63,3.66
MZ_083,MZ,Saiha,hilly,2026-09-16,6.85,18.04,7.27
MZ_083,MZ,Saiha,hilly,2026-09-17,11.67,17.89,7.84
MZ_083,MZ,Saiha,hilly,2026-09-18,11.63,19.44,3.71
MZ_083,MZ,Saiha,hilly,2026-09-19,9.23,19.0,6.35
MZ_083,MZ,Saiha,hilly,2026-09-20,7.0,19.16,7.29
MZ_083,MZ,Saiha,hilly,2026-09-21,1.93,18.57,4.31
MZ_083,MZ,Saiha,hilly,2026-09-22,0.0,18.48,5.87
MZ_083,MZ,Saiha,hilly,2026-09-23,2.17,18.97,7.54
MZ_083,MZ,Saiha,hilly,2026-09-24,11.14,20.22,11.98
MZ_083,MZ,Saiha,hilly,2026-09-25,5.23,19.71,6.99
MZ_083,MZ,Saiha,hilly,2026-09-26,0.0,21.66,11.18
MZ_083,MZ,Saiha,hilly,2026-09-27,0.0,19.64,12.55
MZ_083,MZ,Saiha,hilly,2026-09-28,7.88,20.47,9.87
MZ_084,MZ,Champhai,hilly,2026-08-30,0.14,20.9,13.07
MZ_084,MZ,Champhai,hilly,2026-08-31,0.0,22.03,12.1
MZ_084,MZ,Champhai,hilly,2026-09-01,13.8,20.58,14.64
MZ_084,MZ,Champhai,hilly,2026-09-02,12.01,20.89,16.14
MZ_084,MZ,Champhai,hilly,2026-09-03,0.66,20.95,14.13
MZ_084,MZ,Champhai,hilly,2026-09-04,26.72,21.34,13.25
MZ_084,MZ,Champhai,hilly,2026-09-05,0.1,21.85,12.88
MZ_084,MZ,Champhai,hilly,2026-09-06,4.16,21.04,16.08
MZ_084,MZ,Champhai,hilly,2026-09-07,6.83,22.92,13.58
MZ_084,MZ,Champhai,hilly,2026-09-08,1.03,21.6,14.14
MZ_084,MZ,Champhai,hilly,2026-09-09,3.91,20.86,12.78
MZ_084,MZ,Champhai,hilly,2026-09-10,0.0,21.67,12.32
MZ_084,MZ,Champhai,hilly,2026-09-11,9.59,20.47,9.02
MZ_084,MZ,Champhai,hilly,2026-09-12,2.2,20.91,8.4
MZ_084,MZ,Champhai,hilly,2026-09-13,0.0,21.19,7.89
MZ_084,MZ,Champhai,hilly,2026-09-14,3.23,19.3,9.34
MZ_084,MZ,Champhai,hilly,2026-09-15,32.58,20.95,10.4
MZ_084,MZ,Champhai,hilly,2026-09-16,1.44,19.74,6.9
MZ_084,MZ,Champhai,hilly,2026-09-17,17.61,18.29,6.81
MZ_084,MZ,Champhai,hilly,2026-09-18,32.26,18.15,8.64
MZ_084,MZ,Champhai,hilly,2026-09-19,0.35,17.72,6.21
MZ_084,MZ,Champhai,hilly,2026-09-20,0.95,19.77,6.95
MZ_084,MZ,Champhai,hilly,2026-09-21,0.0,18.58,5.32
MZ_084,MZ,Champhai,hilly,2026-09-22,0.0,19.47,4.12
MZ_084,MZ,Champhai,hilly,2026-09-23,2.09,20.35,5.79
MZ_084,MZ,Champhai,hilly,2026-09-24,2.36,19.38,7.1
MZ_084,MZ,Champhai,hilly,2026-09-25,2.66,19.52,4.88
MZ_084,MZ,Champhai,hilly,2026-09-26,0.18,20.06,8.71
MZ_084,MZ,Champhai,hilly,2026-09-27,18.22,19.88,6.96
MZ_084,MZ,Champhai,hilly,2026-09-28,1.6,20.52,6.21
MZ_085,MZ,Kolasib,hilly,2026-08-30,0.0,20.37,11.58
MZ_085,MZ,Kolasib,hilly,2026-08-31,0.0,19.58,12.33
MZ_085,MZ,Kolasib,hilly,2026-09-01,33.9,20.79,11.87
MZ_085,MZ,Kolasib,hilly,2026-09-02,0.0,20.97,16.65
MZ_085,MZ,Kolasib,hilly,2026-09-03,13.49,21.88,17.58
MZ_085,MZ,Kolasib,hilly,2026-09-04,0.0,22.63,12.04
MZ_085,MZ,Kolasib,hilly,2026-09-05,2.41,21.61,13.27
MZ_085,MZ,Kolasib,hilly,2026-09-06,0.6,22.08,11.92
MZ_085,MZ,Kolasib,hilly,2026-09-07,1.37,20.79,16.51
MZ_085,MZ,Kolasib,hilly,2026-09-08,16.4,21.2,13.02
MZ_085,MZ,Kolasib,hilly,2026-09-09,0.0,21.36,13.18
MZ_085,MZ,Kolasib,hilly,2026-09-10,5.19,20.5,11.68
MZ_085,MZ,Kolasib,hilly,2026-09-11,0.0,21.25,10.18
MZ_085,MZ,Kolasib,hilly,2026-09-12,0.72,21.7,11.48
MZ_085,MZ,Kolasib,hilly,2026-09-13,25.4,18.92,9.13
MZ_085,MZ,Kolasib,hilly,2026-09-14,0.0,19.3,7.35
MZ_085,MZ,Kolasib,hilly,2026-09-15,7.93,19.56,8.48
MZ_085,MZ,Kolasib,hilly,2026-09-16,32.28,18.79,6.99
MZ_085,MZ,Kolasib,hilly,2026-09-17,3.67,18.94,6.78
MZ_085,MZ,Kolasib,hilly,2026-09-18,0.0,18.57,4.26
MZ_085,MZ,Kolasib,hilly,2026-09-19,5.47,19.51,8.29
MZ_085,MZ,Kolasib,hilly,2026-09-20,159.47,18.76,8.47
MZ_085,MZ,Kolasib,hilly,2026-09-21,0.0,19.23,7.77
MZ_085,MZ,Kolasib,hilly,2026-09-22,12.88,18.98,5.4
MZ_085,MZ,Kolasib,hilly,2026-09-23,0.0,18.84,5.4
MZ_085,MZ,Kolasib,hilly,2026-09-24,151.57,18.83,11.34
MZ_085,MZ,Kolasib,hilly,2026-09-25,5.06,18.66,6.9
MZ_085,MZ,Kolasib,hilly,2026-09-26,5.15,18.71,7.14
MZ_085,MZ,Kolasib,hilly,2026-09-27,9.36,20.69,8.48
MZ_085,MZ,Kolasib,hilly,2026-09-28,0.0,20.84,11.26
NL_086,NL,Kohima,hilly,2026-08-30,0.0,21.11,12.99
NL_086,NL,Kohima,hilly,2026-08-31,0.0,20.94,13.07
NL_086,NL,Kohima,hilly,2026-09-01,7.94,22.25,12.18
NL_086,NL,Kohima,hilly,2026-09-02,3.81,21.16,11.01
NL_086,NL,Kohima,hilly,2026-09-03,9.91,21.52,10.49
NL_086,NL,Kohima,hilly,2026-09-04,6.66,21.04,9.22
NL_086,NL,Kohima,hilly,2026-09-05,9.25,20.86,12.67
NL_086,NL,Kohima,hilly,2026-09-06,16.08,21.33,14.28
NL_086,NL,Kohima,hilly,2026-09-07,0.75,21.0,11.33
NL_086,NL,Kohima,hilly,2026-09-08,5.73,20.34,10.55
NL_086,NL,Kohima,hilly,2026-09-09,2.28,20.74,13.02
NL_086,NL,Kohima,hilly,2026-09-10,7.42,21.0,10.5
NL_086,NL,Kohima,hilly,2026-09-11,13.69,20.36,7.07
NL_086,NL,Kohima,hilly,2026-09-12,2.66,20.35,3.59
NL_086,NL,Kohima,hilly,2026-09-13,13.85,20.22,5.84
NL_086,NL,Kohima,hilly,2026-09-14,10.54,19.72,10.06
NL_086,NL,Kohima,hilly,2026-09-15,43.3,20.63,9.74
NL_086,NL,Kohima,hilly,2026-09-16,14.53,18.77,9.28
NL_086,NL,Kohima,hilly,2026-09-17,21.48,19.37,6.47
NL_086,NL,Kohima,hilly,2026-09-18,38.45,19.05,8.58
NL_086,NL,Kohima,hilly,2026-09-19,6.55,18.81,8.36
NL_086,NL,Kohima,hilly,2026-09-20,11.11,18.55,3.49
NL_086,NL,Kohima,hilly,2026-09-21,22.7,18.87,8.43
NL_086,NL,Kohima,hilly,2026-09-22,0.71,20.74,8.91
NL_086,NL,Kohima,hilly,2026-09-23,0.0,18.51,2.96
NL_086,NL,Kohima,hilly,2026-09-24,2.32,20.31,8.4
NL_086,NL,Kohima,hilly,2026-09-25,0.0,20.84,8.6
NL_086,NL,Kohima,hilly,2026-09-26,1.82,20.57,11.43
NL_086,NL,Kohima,hilly,2026-09-27,2.15,22.88,8.71
NL_086,NL,Kohima,hilly,2026-09-28,0.0,21.84,11.82
NL_087,NL,Dimapur,hilly,2026-08-30,6.33,20.86,13.02
NL_087,NL,Dimapur,hilly,2026-08-31,0.3,19.76,14.12
NL_087,NL,Dimapur,hilly,2026-09-01,5.26,21.14,14.42
NL_087,NL,Dimapur,hilly,2026-09-02,85.82,20.79,23.7
NL_087,NL,Dimapur,hilly,2026-09-03,0.0,22.12,13.54
NL_087,NL,Dimapur,hilly,2026-09-04,3.19,20.92,15.41
NL_087,NL,Dimapur,hilly,2026-09-05,4.15,21.93,12.86
NL_087,NL,Dimapur,hilly,2026-09-06,0.0,21.69,8.23
NL_087,NL,Dimapur,hilly,2026-09-07,0.32,22.68,12.38
NL_087,NL,Dimapur,hilly,2026-09-08,10.26,22.35,14.18
NL_087,NL,Dimapur,hilly,2026-09-09,1.91,22.49,10.26
NL_087,NL,Dimapur,hilly,2026-09-10,0.0,20.91,12.26
NL_087,NL,Dimapur,hilly,2026-09-11,7.28,19.88,10.63
NL_087,NL,Dimapur,hilly,2026-09-12,0.0,20.09,10.15
NL_087,NL,Dimapur,hilly,2026-09-13,2.39,20.23,10.45
NL_087,NL,Dimapur,hilly,2026-09-14,11.7,19.69,8.49
NL_087,NL,Dimapur,hilly,2026-09-15,23.26,19.67,14.21
NL_087,NL,Dimapur,hilly,2026-09-16,14.07,19.75,7.29
NL_087,NL,Dimapur,hilly,2026-09-17,6.26,17.41,6.86
NL_087,NL,Dimapur,hilly,2026-09-18,27.29,19.67,6.8
NL_087,NL,Dimapur,hilly,2026-09-19,2.33,19.56,7.46
NL_087,NL,Dimapur,hilly,2026-09-20,24.5,19.25,10.98
NL_087,NL,Dimapur,hilly,2026-09-21,2.97,18.56,5.11
NL_087,NL,Dimapur,hilly,2026-09-22,5.15,18.82,8.68
NL_087,NL,Dimapur,hilly,2026-09-23,0.0,20.24,9.4
NL_087,NL,Dimapur,hilly,2026-09-24,0.0,18.62,7.96
NL_087,NL,Dimapur,hilly,2026-09-25,27.89,20.97,10.64
NL_087,NL,Dimapur,hilly,2026-09-26,4.9,21.07,7.07
NL_087,NL,Dimapur,hilly,2026-09-27,0.0,19.95,10.77
NL_087,NL,Dimapur,hilly,2026-09-28,5.8,20.78,9.12
NL_088,NL,Mokokchung,hilly,2026-08-30,0.0,21.41,12.59
NL_088,NL,Mokokchung,hilly,2026-08-31,0.0,21.11,11.04
NL_088,NL,Mokokchung,hilly,2026-09-01,26.62,21.08,16.15
NL_088,NL,Mokokchung,hilly,2026-09-02,6.21,21.29,10.93
NL_088,NL,Mokokchung,hilly,2026-09-03,39.25,20.78,15.0
NL_088,NL,Mokokchung,hilly,2026-09-04,0.52,21.23,11.63
NL_088,NL,Mokokchung,hilly,2026-09-05,6.33,22.45,10.38
NL_088,NL,Mokokchung,hilly,2026-09-06,4.28,20.91,14.59
NL_088,NL,Mokokchung,hilly,2026-09-07,4.75,22.61,12.47
NL_088,NL,Mokokchung,hilly,2026-09-08,14.7,20.42,13.15
NL_088,NL,Mokokchung,hilly,2026-09-09,4.19,21.75,14.31
NL_088,NL,Mokokchung,hilly,2026-09-10,2.65,20.44,9.75
NL_088,NL,Mokokchung,hilly,2026-09-11,0.0,21.49,10.11
NL_088,NL,Mokokchung,hilly,2026-09-12,0.0,20.81,9.81
NL_088,NL,Mokokchung,hilly,2026-09-13,0.0,19.37,11.69
NL_088,NL,Mokokchung,hilly,2026-09-14,2.33,20.11,7.75
NL_088,NL,Mokokchung,hilly,2026-09-15,0.05,20.1,6.82
NL_088,NL,Mokokchung,hilly,2026-09-16,18.78,20.37,7.4
NL_088,NL,Mokokchung,hilly,2026-09-17,6.87,18.04,7.56
NL_088,NL,Mokokchung,hilly,2026-09-18,44.73,20.42,8.97
NL_088,NL,Mokokchung,hilly,2026-09-19,0.0,19.81,8.64
NL_088,NL,Mokokchung,hilly,2026-09-20,0.0,19.38,5.73
NL_088,NL,Mokokchung,hilly,2026-09-21,5.91,18.12,4.69
NL_088,NL,Mokokchung,hilly,2026-09-22,0.0,19.26,9.03
NL_088,NL,Mokokchung,hilly,2026-09-23,6.05,18.84,5.2
NL_088,NL,Mokokchung,hilly,2026-09-24,28.69,20.21,5.82
NL_088,NL,Mokokchung,hilly,2026-09-25,18.49,20.41,4.9
NL_088,NL,Mokokchung,hilly,2026-09-26,0.0,18.77,5.62
NL_088,NL,Mokokchung,hilly,2026-09-27,6.15,19.17,11.18
NL_088,NL,Mokokchung,hilly,2026-09-28,0.0,20.38,9.23
NL_089,NL,Tuensang,hilly,2026-08-30,0.0,21.67,13.62
NL_089,NL,Tuensang,hilly,2026-08-31,2.71,20.52,12.43
NL_089,NL,Tuensang,hilly,2026-09-01,0.0,22.12,12.7
NL_089,NL,Tuensang,hilly,2026-09-02,9.24,20.95,10.85
NL_089,NL,Tuensang,hilly,2026-09-03,6.09,22.07,14.28
NL_089,NL,Tuensang,hilly,2026-09-04,9.61,21.77,14.41
NL_089,NL,Tuensang,hilly,2026-09-05,1.42,22.07,14.42
NL_089,NL,Tuensang,hilly,2026-09-06,2.96,22.16,12.89
NL_089,NL,Tuensang,hilly,2026-09-07,3.37,21.77,10.94
NL_089,NL,Tuensang,hilly,2026-09-08,3.64,21.56,12.34
NL_089,NL,Tuensang,hilly,2026-09-09,0.54,21.5,12.31
NL_089,NL,Tuensang,hilly,2026-09-10,5.63,20.91,13.03
NL_089,NL,Tuensang,hilly,2026-09-11,14.26,20.96,11.65
NL_089,NL,Tuensang,hilly,2026-09-12,2.86,19.96,10.77
NL_089,NL,Tuensang,hilly,2026-09-13,0.0,20.52,9.65
NL_089,NL,Tuensang,hilly,2026-09-14,0.0,20.29,10.05
NL_089,NL,Tuensang,hilly,2026-09-15,9.29,19.3,10.87
NL_089,NL,Tuensang,hilly,2026-09-16,8.42,18.35,11.08
NL_089,NL,Tuensang,hilly,2026-09-17,30.17,19.24,9.82
NL_089,NL,Tuensang,hilly,2026-09-18,7.39,18.9,6.92
NL_089,NL,Tuensang,hilly,2026-09-19,45.09,19.07,8.46
NL_089,NL,Tuensang,hilly,2026-09-20,2.47,17.54,7.38
NL_089,NL,Tuensang,hilly,2026-09-21,0.66,19.97,7.18
NL_089,NL,Tuensang,hilly,2026-09-22,0.0,20.0,8.22
NL_089,NL,Tuensang,hilly,2026-09-23,0.0,19.39,5.74
NL_089,NL,Tuensang,hilly,2026-09-24,9.59,19.02,4.89
NL_089,NL,Tuensang,hilly,2026-09-25,0.0,20.36,5.79
NL_089,NL,Tuensang,hilly,2026-09-26,0.0,19.4,7.54
NL_089,NL,Tuensang,hilly,2026-09-27,4.42,20.38,10.55
NL_089,NL,Tuensang,hilly,2026-09-28,2.98,20.82,11.41
NL_090,NL,Wokha,hilly,2026-08-30,0.0,21.16,11.73
NL_090,NL,Wokha,hilly,2026-08-31,0.0,20.61,12.25
NL_090,NL,Wokha,hilly,2026-09-01,7.22,20.69,10.33
NL_090,NL,Wokha,hilly,2026-09-02,0.36,20.97,12.07
NL_090,NL,Wokha,hilly,2026-09-03,21.93,22.08,11.08
NL_090,NL,Wokha,hilly,2026-09-04,7.57,21.24,13.1
NL_090,NL,Wokha,hilly,2026-09-05,9.95,21.55,10.77
NL_090,NL,Wokha,hilly,2026-09-06,8.77,21.2,13.7
NL_090,NL,Wokha,hilly,2026-09-07,0.0,22.56,16.8
NL_090,NL,Wokha,hilly,2026-09-08,12.38,20.67,13.1
NL_090,NL,Wokha,hilly,2026-09-09,2.71,21.15,11.0
NL_090,NL,Wokha,hilly,2026-09-10,10.99,22.05,11.64
NL_090,NL,Wokha,hilly,2026-09-11,0.0,20.25,12.43
NL_090,NL,Wokha,hilly,2026-09-12,7.81,19.9,12.48
NL_090,NL,Wokha,hilly,2026-09-13,1.21,20.38,12.41
NL_090,NL,Wokha,hilly,2026-09-14,1.74,19.91,11.32
NL_090,NL,Wokha,hilly,2026-09-15,0.0,20.93,9.25
NL_090,NL,Wokha,hilly,2026-09-16,0.74,19.06,10.82
NL_090,NL,Wokha,hilly,2026-09-17,10.64,18.88,10.18
NL_090,NL,Wokha,hilly,2026-09-18,3.42,19.34,8.85
NL_090,NL,Wokha,hilly,2026-09-19,47.34,20.29,12.82
NL_090,NL,Wokha,hilly,2026-09-20,5.72,18.85,7.78
NL_090,NL,Wokha,hilly,2026-09-21,0.0,20.65,7.29
NL_090,NL,Wokha,hilly,2026-09-22,22.25,19.23,8.39
NL_090,NL,Wokha,hilly,2026-09-23,7.28,20.52,8.78
NL_090,NL,Wokha,hilly,2026-09-24,0.0,19.68,9.53
NL_090,NL,Wokha,hilly,2026-09-25,5.05,20.56,8.01
NL_090,NL,Wokha,hilly,2026-09-26,0.83,20.2,8.82
NL_090,NL,Wokha,hilly,2026-09-27,14.37,20.53,9.08
NL_090,NL,Wokha,hilly,2026-09-28,0.0,20.45,7.9
OR_091,OR,Bhubaneswar,inland,2026-08-30,0.1,30.69,8.25
OR_091,OR,Bhubaneswar,inland,2026-08-31,0.0,29.6,15.0
OR_091,OR,Bhubaneswar,inland,2026-09-01,0.0,30.31,10.66
OR_091,OR,Bhubaneswar,inland,2026-09-02,1.68,30.64,15.6
OR_091,OR,Bhubaneswar,inland,2026-09-03,1.87,30.91,15.55
OR_091,OR,Bhubaneswar,inland,2026-09-04,2.99,30.75,15.02
OR_091,OR,Bhubaneswar,inland,2026-09-05,14.77,30.42,17.05
OR_091,OR,Bhubaneswar,inland,2026-09-06,5.32,29.46,14.01
OR_091,OR,Bhubaneswar,inland,2026-09-07,0.0,30.23,13.79
OR_091,OR,Bhubaneswar,inland,2026-09-08,0.0,30.24,12.11
OR_091,OR,Bhubaneswar,inland,2026-09-09,3.0,29.76,11.4
OR_091,OR,Bhubaneswar,inland,2026-09-10,12.8,29.39,14.51
OR_091,OR,Bhubaneswar,inland,2026-09-11,5.72,29.53,9.04
OR_091,OR,Bhubaneswar,inland,2026-09-12,10.33,28.75,8.87
OR_091,OR,Bhubaneswar,inland,2026-09-13,0.0,28.26,9.93
OR_091,OR,Bhubaneswar,inland,2026-09-14,2.43,27.72,11.53
OR_091,OR,Bhubaneswar,inland,2026-09-15,0.32,27.97,10.95
OR_091,OR,Bhubaneswar,inland,2026-09-16,0.0,27.61,10.64
OR_091,OR,Bhubaneswar,inland,2026-09-17,20.58,28.9,7.75
OR_091,OR,Bhubaneswar,inland,2026-09-18,8.34,27.38,9.04
OR_091,OR,Bhubaneswar,inland,2026-09-19,18.57,29.52,9.62
OR_091,OR,Bhubaneswar,inland,2026-09-20,2.22,28.34,6.29
OR_091,OR,Bhubaneswar,inland,2026-09-21,2.06,27.54,11.54
OR_091,OR,Bhubaneswar,inland,2026-09-22,0.23,28.45,6.1
OR_091,OR,Bhubaneswar,inland,2026-09-23,19.44,27.01,9.62
OR_091,OR,Bhubaneswar,inland,2026-09-24,0.0,28.47,9.58
OR_091,OR,Bhubaneswar,inland,2026-09-25,7.54,29.15,9.34
OR_091,OR,Bhubaneswar,inland,2026-09-26,15.16,29.2,10.03
OR_091,OR,Bhubaneswar,inland,2026-09-27,1.33,30.09,10.76
OR_091,OR,Bhubaneswar,inland,2026-09-28,13.13,29.62,10.26
OR_092,OR,Cuttack,inland,2026-08-30,0.52,27.91,11.22
OR_092,OR,Cuttack,inland,2026-08-31,0.26,29.09,12.38
OR_092,OR,Cuttack,inland,2026-09-01,1.81,29.71,14.63
OR_092,OR,Cuttack,inland,2026-09-02,5.74,29.6,15.09
OR_092,OR,Cuttack,inland,2026-09-03,8.16,29.61,16.59
OR_092,OR,Cuttack,inland,2026-09-04,21.76,29.53,16.64
OR_092,OR,Cuttack,inland,2026-09-05,0.0,31.07,16.54
OR_092,OR,Cuttack,inland,2026-09-06,0.0,30.48,16.34
OR_092,OR,Cuttack,inland,2026-09-07,0.0,30.64,12.52
OR_092,OR,Cuttack,inland,2026-09-08,2.88,30.28,12.42
OR_092,OR,Cuttack,inland,2026-09-09,2.31,29.08,15.52
OR_092,OR,Cuttack,inland,2026-09-10,10.55,29.63,13.22
OR_092,OR,Cuttack,inland,2026-09-11,0.17,30.8,13.14
OR_092,OR,Cuttack,inland,2026-09-12,26.1,29.9,13.09
OR_092,OR,Cuttack,inland,2026-09-13,12.48,28.44,11.29
OR_092,OR,Cuttack,inland,2026-09-14,0.0,29.77,11.79
OR_092,OR,Cuttack,inland,2026-09-15,0.41,29.12,9.33
OR_092,OR,Cuttack,inland,2026-09-16,0.24,28.6,11.0
OR_092,OR,Cuttack,inland,2026-09-17,38.21,27.54,14.31
OR_092,OR,Cuttack,inland,2026-09-18,0.54,28.1,6.51
OR_092,OR,Cuttack,inland,2026-09-19,16.35,27.59,9.75
OR_092,OR,Cuttack,inland,2026-09-20,31.04,26.65,10.13
OR_092,OR,Cuttack,inland,2026-09-21,0.0,27.65,6.03
OR_092,OR,Cuttack,inland,2026-09-22,0.68,27.93,5.65
OR_092,OR,Cuttack,inland,2026-09-23,7.06,28.24,8.32
OR_092,OR,Cuttack,inland,2026-09-24,5.28,27.91,9.32
OR_092,OR,Cuttack,inland,2026-09-25,3.43,27.93,8.41
OR_092,OR,Cuttack,inland,2026-09-26,0.0,27.53,8.13
OR_092,OR,Cuttack,inland,2026-09-27,0.0,27.63,10.28
OR_092,OR,Cuttack,inland,2026-09-28,1.4,28.06,13.65
OR_093,OR,Puri,coastal,2026-08-30,3.42,28.95,17.27
OR_093,OR,Puri,coastal,2026-08-31,0.0,29.67,16.43
OR_093,OR,Puri,coastal,2026-09-01,8.72,29.32,17.42
OR_093,OR,Puri,coastal,2026-09-02,8.92,29.53,20.75
OR_093,OR,Puri,coastal,2026-09-03,25.49,31.38,19.9
OR_093,OR,Puri,coastal,2026-09-04,7.03,29.06,17.99
OR_093,OR,Puri,coastal,2026-09-05,0.0,29.63,15.9
OR_093,OR,Puri,coastal,2026-09-06,13.67,28.64,20.44
OR_093,OR,Puri,coastal,2026-09-07,0.0,30.69,19.5
OR_093,OR,Puri,coastal,2026-09-08,0.0,28.85,18.6
OR_093,OR,Puri,coastal,2026-09-09,1.28,29.44,14.93
OR_093,OR,Puri,coastal,2026-09-10,38.59,29.87,18.3
OR_093,OR,Puri,coastal,2026-09-11,0.0,28.96,17.45
OR_093,OR,Puri,coastal,2026-09-12,18.49,27.15,13.9
OR_093,OR,Puri,coastal,2026-09-13,6.59,27.37,15.26
OR_093,OR,Puri,coastal,2026-09-14,9.5,28.44,14.21
OR_093,OR,Puri,coastal,2026-09-15,2.64,27.17,16.3
OR_093,OR,Puri,coastal,2026-09-16,3.84,27.28,13.84
OR_093,OR,Puri,coastal,2026-09-17,0.0,28.72,10.67
OR_093,OR,Puri,coastal,2026-09-18,8.24,27.08,11.25
OR_093,OR,Puri,coastal,2026-09-19,57.27,26.81,17.02
OR_093,OR,Puri,coastal,2026-09-20,0.18,26.61,13.47
OR_093,OR,Puri,coastal,2026-09-21,0.0,28.84,14.51
OR_093,OR,Puri,coastal,2026-09-22,1.18,26.61,15.53
OR_093,OR,Puri,coastal,2026-09-23,0.1,29.31,14.57
OR_093,OR,Puri,coastal,2026-09-24,31.83,27.48,17.78
OR_093,OR,Puri,coastal,2026-09-25,0.51,28.72,13.57
OR_093,OR,Puri,coastal,2026-09-26,39.63,28.0,16.02
OR_093,OR,Puri,coastal,2026-09-27,0.0,27.91,13.94
OR_093,OR,Puri,coastal,2026-09-28,0.48,29.03,11.73
OR_094,OR,Rourkela,inland,2026-08-30,0.0,30.36,12.17
OR_094,OR,Rourkela,inland,2026-08-31,0.0,30.23,15.44
OR_094,OR,Rourkela,inland,2026-09-01,19.88,31.01,14.97
OR_094,OR,Rourkela,inland,2026-09-02,0.0,30.05,15.5
OR_094,OR,Rourkela,inland,2026-09-03,3.81,30.63,11.76
OR_094,OR,Rourkela,inland,2026-09-04,1.6,31.2,16.09
OR_094,OR,Rourkela,inland,2026-09-05,0.0,29.01,11.73
OR_094,OR,Rourkela,inland,2026-09-06,0.33,29.95,12.1
OR_094,OR,Rourkela,inland,2026-09-07,4.98,30.4,13.64
OR_094,OR,Rourkela,inland,2026-09-08,0.85,28.64,12.25
OR_094,OR,Rourkela,inland,2026-09-09,0.0,28.55,14.19
OR_094,OR,Rourkela,inland,2026-09-10,1.14,29.9,10.37
OR_094,OR,Rourkela,inland,2026-09-11,0.0,28.88,11.79
OR_094,OR,Rourkela,inland,2026-09-12,8.67,26.69,10.81
OR_094,OR,Rourkela,inland,2026-09-13,6.33,27.6,15.07
OR_094,OR,Rourkela,inland,2026-09-14,0.0,27.28,10.52
OR_094,OR,Rourkela,inland,2026-09-15,8.87,28.31,6.99
OR_094,OR,Rourkela,inland,2026-09-16,21.39,27.71,11.99
OR_094,OR,Rourkela,inland,2026-09-17,4.91,28.59,9.52
OR_094,OR,Rourkela,inland,2026-09-18,93.44,26.98,11.19
OR_094,OR,Rourkela,inland,2026-09-19,23.9,27.56,6.9
OR_094,OR,Rourkela,inland,2026-09-20,12.49,27.24,10.67
OR_094,OR,Rourkela,inland,2026-09-21,0.0,28.16,8.86
OR_094,OR,Rourkela,inland,2026-09-22,2.54,28.47,11.54
OR_094,OR,Rourkela,inland,2026-09-23,0.0,29.58,10.12
OR_094,OR,Rourkela,inland,2026-09-24,0.0,28.7,12.13
OR_094,OR,Rourkela,inland,2026-09-25,1.89,29.64,10.25
OR_094,OR,Rourkela,inland,2026-09-26,5.6,28.52,10.85
OR_094,OR,Rourkela,inland,2026-09-27,0.36,29.23,9.97
OR_094,OR,Rourkela,inland,2026-09-28,0.0,30.02,12.26
OR_095,OR,Berhampur,coastal,2026-08-30,3.76,27.94,18.38
OR_095,OR,Berhampur,coastal,2026-08-31,3.18,30.19,19.15
OR_095,OR,Berhampur,coastal,2026-09-01,14.84,29.09,17.93
OR_095,OR,Berhampur,coastal,2026-09-02,20.28,29.76,20.78
OR_095,OR,Berhampur,coastal,2026-09-03,68.93,29.97,21.16
OR_095,OR,Berhampur,coastal,2026-09-04,43.28,31.6,20.15
OR_095,OR,Berhampur,coastal,2026-09-05,55.9,29.02,20.96
OR_095,OR,Berhampur,coastal,2026-09-06,0.0,30.16,15.58
OR_095,OR,Berhampur,coastal,2026-09-07,0.36,30.22,18.13
OR_095,OR,Berhampur,coastal,2026-09-08,2.81,30.25,19.99
OR_095,OR,Berhampur,coastal,2026-09-09,7.06,29.19,16.37
OR_095,OR,Berhampur,coastal,2026-09-10,12.6,28.67,15.62
OR_095,OR,Berhampur,coastal,2026-09-11,1.17,28.69,14.97
OR_095,OR,Berhampur,coastal,2026-09-12,0.66,28.73,17.66
OR_095,OR,Berhampur,coastal,2026-09-13,13.12,29.12,15.45
OR_095,OR,Berhampur,coastal,2026-09-14,0.0,28.32,14.01
OR_095,OR,Berhampur,coastal,2026-09-15,3.28,28.85,16.94
OR_095,OR,Berhampur,coastal,2026-09-16,18.65,28.97,14.33
OR_095,OR,Berhampur,coastal,2026-09-17,27.76,28.22,14.83
OR_095,OR,Berhampur,coastal,2026-09-18,2.17,27.12,12.25
OR_095,OR,Berhampur,coastal,2026-09-19,21.29,26.69,11.34
OR_095,OR,Berhampur,coastal,2026-09-20,1.96,26.15,10.68
OR_095,OR,Berhampur,coastal,2026-09-21,12.0,27.73,13.68
OR_095,OR,Berhampur,coastal,2026-09-22,0.0,25.34,9.33
OR_095,OR,Berhampur,coastal,2026-09-23,2.15,27.77,13.85
OR_095,OR,Berhampur,coastal,2026-09-24,11.73,27.76,13.64
OR_095,OR,Berhampur,coastal,2026-09-25,17.34,27.98,12.85
OR_095,OR,Berhampur,coastal,2026-09-26,15.61,28.4,14.49
OR_095,OR,Berhampur,coastal,2026-09-27,5.71,29.31,10.98
OR_095,OR,Berhampur,coastal,2026-09-28,0.67,28.17,16.74
PB_096,PB,Ludhiana,inland,2026-08-30,2.33,30.62,11.44
PB_096,PB,Ludhiana,inland,2026-08-31,0.0,29.7,10.68
PB_096,PB,Ludhiana,inland,2026-09-01,0.0,30.03,18.55
PB_096,PB,Ludhiana,inland,2026-09-02,0.0,29.2,13.12
PB_096,PB,Ludhiana,inland,2026-09-03,0.39,30.82,14.71
PB_096,PB,Ludhiana,inland,2026-09-04,4.48,31.46,14.97
PB_096,PB,Ludhiana,inland,2026-09-05,2.68,30.01,11.76
PB_096,PB,Ludhiana,inland,2026-09-06,3.91,31.2,16.53
PB_096,PB,Ludhiana,inland,2026-09-07,0.0,30.16,13.02
PB_096,PB,Ludhiana,inland,2026-09-08,0.0,30.77,12.28
PB_096,PB,Ludhiana,inland,2026-09-09,3.32,29.94,15.4
PB_096,PB,Ludhiana,inland,2026-09-10,11.33,28.92,14.9
PB_096,PB,Ludhiana,inland,2026-09-11,0.0,29.72,13.0
PB_096,PB,Ludhiana,inland,2026-09-12,0.0,28.82,11.97
PB_096,PB,Ludhiana,inland,2026-09-13,0.0,29.71,13.08
PB_096,PB,Ludhiana,inland,2026-09-14,0.0,29.48,9.92
PB_096,PB,Ludhiana,inland,2026-09-15,0.37,27.99,10.59
PB_096,PB,Ludhiana,inland,2026-09-16,0.0,29.23,10.04
PB_096,PB,Ludhiana,inland,2026-09-17,0.0,27.79,9.28
PB_096,PB,Ludhiana,inland,2026-09-18,2.26,28.24,9.75
PB_096,PB,Ludhiana,inland,2026-09-19,2.95,28.07,9.8
PB_096,PB,Ludhiana,inland,2026-09-20,0.0,28.36,9.07
PB_096,PB,Ludhiana,inland,2026-09-21,0.0,27.98,8.62
PB_096,PB,Ludhiana,inland,2026-09-22,7.34,26.64,9.63
PB_096,PB,Ludhiana,inland,2026-09-23,0.0,28.48,6.97
PB_096,PB,Ludhiana,inland,2026-09-24,0.0,28.28,10.83
PB_096,PB,Ludhiana,inland,2026-09-25,0.0,28.93,7.3
PB_096,PB,Ludhiana,inland,2026-09-26,1.47,28.9,7.19
PB_096,PB,Ludhiana,inland,2026-09-27,1.73,29.39,9.4
PB_096,PB,Ludhiana,inland,2026-09-28,0.0,29.32,12.78
PB_097,PB,Amritsar,inland,2026-08-30,5.16,29.77,15.57
PB_097,PB,Amritsar,inland,2026-08-31,0.0,30.31,13.37
PB_097,PB,Amritsar,inland,2026-09-01,0.0,28.37,16.02
PB_097,PB,Amritsar,inland,2026-09-02,0.0,29.49,11.39
PB_097,PB,Amritsar,inland,2026-09-03,0.0,30.57,12.64
PB_097,PB,Amritsar,inland,2026-09-04,2.31,30.73,13.36
PB_097,PB,Amritsar,inland,2026-09-05,3.46,30.47,14.1
PB_097,PB,Amritsar,inland,2026-09-06,7.08,30.81,14.74
PB_097,PB,Amritsar,inland,2026-09-07,4.2,30.51,16.73
PB_097,PB,Amritsar,inland,2026-09-08,7.72,30.78,11.97
PB_097,PB,Amritsar,inland,2026-09-09,11.44,30.22,12.36
PB_097,PB,Amritsar,inland,2026-09-10,6.45,30.25,8.78
PB_097,PB,Amritsar,inland,2026-09-11,0.0,28.31,8.28
PB_097,PB,Amritsar,inland,2026-09-12,14.37,29.97,12.29
PB_097,PB,Amritsar,inland,2026-09-13,1.85,29.6,5.93
PB_097,PB,Amritsar,inland,2026-09-14,1.04,29.32,10.73
PB_097,PB,Amritsar,inland,2026-09-15,0.44,29.14,12.63
PB_097,PB,Amritsar,inland,2026-09-16,0.11,28.98,7.69
PB_097,PB,Amritsar,inland,2026-09-17,0.0,28.18,10.06
PB_097,PB,Amritsar,inland,2026-09-18,0.89,28.62,9.16
PB_097,PB,Amritsar,inland,2026-09-19,8.74,28.01,7.77
PB_097,PB,Amritsar,inland,2026-09-20,4.34,28.62,7.38
PB_097,PB,Amritsar,inland,2026-09-21,0.6,28.66,8.16
PB_097,PB,Amritsar,inland,2026-09-22,0.0,28.04,7.44
PB_097,PB,Amritsar,inland,2026-09-23,0.0,28.55,9.97
PB_097,PB,Amritsar,inland,2026-09-24,0.6,28.76,10.88
PB_097,PB,Amritsar,inland,2026-09-25,0.0,29.73,11.42
PB_097,PB,Amritsar,inland,2026-09-26,0.0,27.97,10.05
PB_097,PB,Amritsar,inland,2026-09-27,0.0,29.25,11.0
PB_097,PB,Amritsar,inland,2026-09-28,0.0,28.27,10.75
PB_098,PB,Jalandhar,inland,2026-08-30,0.0,30.87,13.24
PB_098,PB,Jalandhar,inland,2026-08-31,0.22,30.75,13.59
PB_098,PB,Jalandhar,inland,2026-09-01,0.35,29.41,13.67
PB_098,PB,Jalandhar,inland,2026-09-02,0.28,30.64,12.9
PB_098,PB,Jalandhar,inland,2026-09-03,0.0,29.91,16.35
PB_098,PB,Jalandhar,inland,2026-09-04,0.0,30.93,15.6
PB_098,PB,Jalandhar,inland,2026-09-05,4.12,30.3,10.8
PB_098,PB,Jalandhar,inland,2026-09-06,5.19,29.67,17.25
PB_098,PB,Jalandhar,inland,2026-09-07,0.0,31.35,17.54
PB_098,PB,Jalandhar,inland,2026-09-08,0.65,31.21,13.19
PB_098,PB,Jalandhar,inland,2026-09-09,9.84,31.01,12.99
PB_098,PB,Jalandhar,inland,2026-09-10,0.86,30.75,14.74
PB_098,PB,Jalandhar,inland,2026-09-11,6.05,30.11,11.35
PB_098,PB,Jalandhar,inland,2026-09-12,0.19,29.24,10.74
PB_098,PB,Jalandhar,inland,2026-09-13,4.21,30.29,15.73
PB_098,PB,Jalandhar,inland,2026-09-14,0.79,28.86,11.59
PB_098,PB,Jalandhar,inland,2026-09-15,7.0,28.38,10.08
PB_098,PB,Jalandhar,inland,2026-09-16,0.44,28.96,11.2
PB_098,PB,Jalandhar,inland,2026-09-17,55.64,28.97,10.57
PB_098,PB,Jalandhar,inland,2026-09-18,3.52,27.82,9.12
PB_098,PB,Jalandhar,inland,2026-09-19,2.88,27.03,7.19
PB_098,PB,Jalandhar,inland,2026-09-20,10.68,28.62,7.92
PB_098,PB,Jalandhar,inland,2026-09-21,0.0,27.73,8.42
PB_098,PB,Jalandhar,inland,2026-09-22,0.0,28.7,8.57
PB_098,PB,Jalandhar,inland,2026-09-23,0.0,28.88,8.72
PB_098,PB,Jalandhar,inland,2026-09-24,0.0,29.1,9.95
PB_098,PB,Jalandhar,inland,2026-09-25,0.0,27.46,9.69
PB_098,PB,Jalandhar,inland,2026-09-26,0.0,28.97,11.6
PB_098,PB,Jalandhar,inland,2026-09-27,0.4,29.82,10.61
PB_098,PB,Jalandhar,inland,2026-09-28,0.5,28.88,12.02
PB_099,PB,Patiala,inland,2026-08-30,0.0,28.18,12.04
PB_099,PB,Patiala,inland,2026-08-31,2.01,30.62,12.22
PB_099,PB,Patiala,inland,2026-09-01,12.25,29.88,13.52
PB_099,PB,Patiala,inland,2026-09-02,23.17,30.46,14.38
PB_099,PB,Patiala,inland,2026-09-03,4.76,30.75,13.08
PB_099,PB,Patiala,inland,2026-09-04,0.0,31.46,15.74
PB_099,PB,Patiala,inland,2026-09-05,0.5,29.89,15.53
PB_099,PB,Patiala,inland,2026-09-06,8.11,30.09,16.74
PB_099,PB,Patiala,inland,2026-09-07,3.35,29.81,12.91
PB_099,PB,Patiala,inland,2026-09-08,5.4,29.82,15.13
PB_099,PB,Patiala,inland,2026-09-09,35.03,31.29,16.03
PB_099,PB,Patiala,inland,2026-09-10,2.85,30.85,11.42
PB_099,PB,Patiala,inland,2026-09-11,0.0,30.09,11.17
PB_099,PB,Patiala,inland,2026-09-12,0.3,28.93,12.39
PB_099,PB,Patiala,inland,2026-09-13,0.0,29.09,9.37
PB_099,PB,Patiala,inland,2026-09-14,1.39,29.26,9.19
PB_099,PB,Patiala,inland,2026-09-15,0.19,29.17,10.69
PB_099,PB,Patiala,inland,2026-09-16,2.1,28.47,5.97
PB_099,PB,Patiala,inland,2026-09-17,0.0,29.33,3.34
PB_099,PB,Patiala,inland,2026-09-18,1.07,28.64,12.76
PB_099,PB,Patiala,inland,2026-09-19,0.0,28.3,9.62
PB_099,PB,Patiala,inland,2026-09-20,0.0,28.03,4.14
PB_099,PB,Patiala,inland,2026-09-21,2.81,27.92,9.27
PB_099,PB,Patiala,inland,2026-09-22,0.0,28.01,7.16
PB_099,PB,Patiala,inland,2026-09-23,0.0,27.32,6.55
PB_099,PB,Patiala,inland,2026-09-24,0.95,28.33,11.1
PB_099,PB,Patiala,inland,2026-09-25,3.14,28.06,8.53
PB_099,PB,Patiala,inland,2026-09-26,1.92,27.46,10.53
PB_099,PB,Patiala,inland,2026-09-27,0.0,29.11,9.1
PB_099,PB,Patiala,inland,2026-09-28,0.0,29.61,13.81
PB_100,PB,Bathinda,inland,2026-08-30,0.0,29.98,10.96
PB_100,PB,Bathinda,inland,2026-08-31,0.27,29.92,12.55
PB_100,PB,Bathinda,inland,2026-09-01,0.0,30.68,13.99
PB_100,PB,Bathinda,inland,2026-09-02,0.0,30.64,12.89
PB_100,PB,Bathinda,inland,2026-09-03,7.52,29.96,16.96
PB_100,PB,Bathinda,inland,2026-09-04,0.0,31.84,14.31
PB_100,PB,Bathinda,inland,2026-09-05,1.45,30.39,12.74
PB_100,PB,Bathinda,inland,2026-09-06,0.0,30.65,12.57
PB_100,PB,Bathinda,inland,2026-09-07,0.58,30.18,13.27
PB_100,PB,Bathinda,inland,2026-09-08,0.0,29.8,14.4
PB_100,PB,Bathinda,inland,2026-09-09,9.03,29.33,12.32
PB_100,PB,Bathinda,inland,2026-09-10,16.62,30.7,15.65
PB_100,PB,Bathinda,inland,2026-09-11,0.0,28.48,11.95
PB_100,PB,Bathinda,inland,2026-09-12,4.77,29.59,13.35
PB_100,PB,Bathinda,inland,2026-09-13,1.42,29.01,10.44
PB_100,PB,Bathinda,inland,2026-09-14,0.4,29.08,11.63
PB_100,PB,Bathinda,inland,2026-09-15,6.57,29.1,12.36
PB_100,PB,Bathinda,inland,2026-09-16,4.76,27.38,8.51
PB_100,PB,Bathinda,inland,2026-09-17,7.89,28.17,6.49
PB_100,PB,Bathinda,inland,2026-09-18,1.29,28.75,5.51
PB_100,PB,Bathinda,inland,2026-09-19,3.81,26.94,12.13
PB_100,PB,Bathinda,inland,2026-09-20,5.24,27.07,8.85
PB_100,PB,Bathinda,inland,2026-09-21,0.0,28.39,8.51
PB_100,PB,Bathinda,inland,2026-09-22,0.51,28.69,10.77
PB_100,PB,Bathinda,inland,2026-09-23,0.0,28.73,7.84
PB_100,PB,Bathinda,inland,2026-09-24,6.37,28.84,9.12
PB_100,PB,Bathinda,inland,2026-09-25,9.33,28.65,9.61
PB_100,PB,Bathinda,inland,2026-09-26,2.23,29.54,14.74
PB_100,PB,Bathinda,inland,2026-09-27,0.0,29.27,10.79
PB_100,PB,Bathinda,inland,2026-09-28,0.0,30.34,12.53
RJ_101,RJ,Jaipur,inland,2026-08-30,0.34,32.77,13.02
RJ_101,RJ,Jaipur,inland,2026-08-31,0.1,31.33,15.48
RJ_101,RJ,Jaipur,inland,2026-09-01,0.0,32.15,14.79
RJ_101,RJ,Jaipur,inland,2026-09-02,9.58,33.09,13.97
RJ_101,RJ,Jaipur,inland,2026-09-03,2.23,31.64,16.59
RJ_101,RJ,Jaipur,inland,2026-09-04,3.03,33.35,12.89
RJ_101,RJ,Jaipur,inland,2026-09-05,6.9,32.49,15.9
RJ_101,RJ,Jaipur,inland,2026-09-06,0.0,33.47,14.05
RJ_101,RJ,Jaipur,inland,2026-09-07,2.54,31.1,15.68
RJ_101,RJ,Jaipur,inland,2026-09-08,0.75,32.06,13.95
RJ_101,RJ,Jaipur,inland,2026-09-09,0.0,31.92,11.1
RJ_101,RJ,Jaipur,inland,2026-09-10,9.39,32.07,15.44
RJ_101,RJ,Jaipur,inland,2026-09-11,0.0,30.8,9.1
RJ_101,RJ,Jaipur,inland,2026-09-12,0.0,30.79,8.72
RJ_101,RJ,Jaipur,inland,2026-09-13,0.0,30.47,13.61
RJ_101,RJ,Jaipur,inland,2026-09-14,0.61,31.43,11.54
RJ_101,RJ,Jaipur,inland,2026-09-15,0.0,30.23,9.89
RJ_101,RJ,Jaipur,inland,2026-09-16,2.21,31.96,11.31
RJ_101,RJ,Jaipur,inland,2026-09-17,4.14,30.86,7.86
RJ_101,RJ,Jaipur,inland,2026-09-18,0.0,30.9,10.3
RJ_101,RJ,Jaipur,inland,2026-09-19,0.0,31.96,12.46
RJ_101,RJ,Jaipur,inland,2026-09-20,0.0,30.17,10.23
RJ_101,RJ,Jaipur,inland,2026-09-21,0.0,30.81,9.62
RJ_101,RJ,Jaipur,inland,2026-09-22,0.0,30.15,8.85
RJ_101,RJ,Jaipur,inland,2026-09-23,0.0,30.15,12.43
RJ_101,RJ,Jaipur,inland,2026-09-24,0.0,31.86,8.15
RJ_101,RJ,Jaipur,inland,2026-09-25,0.0,32.69,8.94
RJ_101,RJ,Jaipur,inland,2026-09-26,0.31,30.07,11.78
RJ_101,RJ,Jaipur,inland,2026-09-27,2.52,30.71,12.68
RJ_101,RJ,Jaipur,inland,2026-09-28,0.28,31.45,11.6
RJ_102,RJ,Jodhpur,inland,2026-08-30,0.0,33.04,15.86
RJ_102,RJ,Jodhpur,inland,2026-08-31,0.16,32.05,15.75
RJ_102,RJ,Jodhpur,inland,2026-09-01,0.29,32.31,15.03
RJ_102,RJ,Jodhpur,inland,2026-09-02,3.2,33.03,18.02
RJ_102,RJ,Jodhpur,inland,2026-09-03,0.0,33.38,14.89
RJ_102,RJ,Jodhpur,inland,2026-09-04,10.06,33.53,16.97
RJ_102,RJ,Jodhpur,inland,2026-09-05,0.84,32.96,16.84
RJ_102,RJ,Jodhpur,inland,2026-09-06,0.0,33.51,15.46
RJ_102,RJ,Jodhpur,inland,2026-09-07,0.0,32.43,15.86
RJ_102,RJ,Jodhpur,inland,2026-09-08,0.36,31.31,13.86
RJ_102,RJ,Jodhpur,inland,2026-09-09,0.17,31.34,12.2
RJ_102,RJ,Jodhpur,inland,2026-09-10,4.66,31.77,11.73
RJ_102,RJ,Jodhpur,inland,2026-09-11,4.35,31.73,15.01
RJ_102,RJ,Jodhpur,inland,2026-09-12,0.0,31.85,6.86
RJ_102,RJ,Jodhpur,inland,2026-09-13,0.0,31.89,8.72
RJ_102,RJ,Jodhpur,inland,2026-09-14,0.22,30.36,10.27
RJ_102,RJ,Jodhpur,inland,2026-09-15,0.23,30.67,9.93
RJ_102,RJ,Jodhpur,inland,2026-09-16,0.11,31.07,7.54
RJ_102,RJ,Jodhpur,inland,2026-09-17,0.0,30.37,9.53
RJ_102,RJ,Jodhpur,inland,2026-09-18,0.0,30.27,8.21
RJ_102,RJ,Jodhpur,inland,2026-09-19,0.06,31.47,7.64
RJ_102,RJ,Jodhpur,inland,2026-09-20,0.0,31.2,9.09
RJ_102,RJ,Jodhpur,inland,2026-09-21,0.0,29.75,6.23
RJ_102,RJ,Jodhpur,inland,2026-09-22,0.0,30.18,9.7
RJ_102,RJ,Jodhpur,inland,2026-09-23,3.31,29.78,10.36
RJ_102,RJ,Jodhpur,inland,2026-09-24,0.0,30.24,8.46
RJ_102,RJ,Jodhpur,inland,2026-09-25,3.93,31.63,9.61
RJ_102,RJ,Jodhpur,inland,2026-09-26,0.0,31.07,13.09
RJ_102,RJ,Jodhpur,inland,2026-09-27,0.28,30.21,12.45
RJ_102,RJ,Jodhpur,inland,2026-09-28,0.0,31.03,14.89
RJ_103,RJ,Udaipur,inland,2026-08-30,0.0,31.31,10.98
RJ_103,RJ,Udaipur,inland,2026-08-31,0.0,32.69,15.17
RJ_103,RJ,Udaipur,inland,2026-09-01,0.0,32.47,13.36
RJ_103,RJ,Udaipur,inland,2026-09-02,0.54,32.25,12.96
RJ_103,RJ,Udaipur,inland,2026-09-03,5.45,33.88,12.28
RJ_103,RJ,Udaipur,inland,2026-09-04,4.29,33.03,16.67
RJ_103,RJ,Udaipur,inland,2026-09-05,0.0,32.73,11.65
RJ_103,RJ,Udaipur,inland,2026-09-06,0.0,32.11,16.17
RJ_103,RJ,Udaipur,inland,2026-09-07,0.51,32.85,9.96
RJ_103,RJ,Udaipur,inland,2026-09-08,0.0,33.19,16.06
RJ_103,RJ,Udaipur,inland,2026-09-09,0.54,32.0,11.71
RJ_103,RJ,Udaipur,inland,2026-09-10,5.16,31.77,12.22
RJ_103,RJ,Udaipur,inland,2026-09-11,0.0,31.41,12.26
RJ_103,RJ,Udaipur,inland,2026-09-12,4.27,32.2,11.95
RJ_103,RJ,Udaipur,inland,2026-09-13,0.76,30.57,13.19
RJ_103,RJ,Udaipur,inland,2026-09-14,4.15,30.33,9.87
RJ_103,RJ,Udaipur,inland,2026-09-15,0.0,29.93,7.5
RJ_103,RJ,Udaipur,inland,2026-09-16,0.37,30.79,10.39
RJ_103,RJ,Udaipur,inland,2026-09-17,1.72,29.88,9.05
RJ_103,RJ,Udaipur,inland,2026-09-18,0.0,29.76,9.85
RJ_103,RJ,Udaipur,inland,2026-09-19,0.56,29.92,12.01
RJ_103,RJ,Udaipur,inland,2026-09-20,2.75,30.16,7.71
RJ_103,RJ,Udaipur,inland,2026-09-21,2.66,29.62,6.84
RJ_103,RJ,Udaipur,inland,2026-09-22,3.59,31.86,11.24
RJ_103,RJ,Udaipur,inland,2026-09-23,0.0,30.54,12.01
RJ_103,RJ,Udaipur,inland,2026-09-24,3.33,29.39,9.4
RJ_103,RJ,Udaipur,inland,2026-09-25,0.0,30.98,10.94
RJ_103,RJ,Udaipur,inland,2026-09-26,0.36,30.99,9.88
RJ_103,RJ,Udaipur,inland,2026-09-27,0.27,32.17,10.64
RJ_103,RJ,Udaipur,inland,2026-09-28,1.48,31.83,10.41
RJ_104,RJ,Kota,inland,2026-08-30,1.53,31.97,11.03
RJ_104,RJ,Kota,inland,2026-08-31,0.0,31.83,13.57
RJ_104,RJ,Kota,inland,2026-09-01,0.0,32.07,14.09
RJ_104,RJ,Kota,inland,2026-09-02,0.0,32.18,13.2
RJ_104,RJ,Kota,inland,2026-09-03,0.0,31.74,13.11
RJ_104,RJ,Kota,inland,2026-09-04,2.03,32.7,15.09
RJ_104,RJ,Kota,inland,2026-09-05,0.0,32.01,15.63
RJ_104,RJ,Kota,inland,2026-09-06,2.39,32.59,14.89
RJ_104,RJ,Kota,inland,2026-09-07,0.33,32.28,13.88
RJ_104,RJ,Kota,inland,2026-09-08,3.38,32.83,15.75
RJ_104,RJ,Kota,inland,2026-09-09,0.0,32.66,13.76
RJ_104,RJ,Kota,inland,2026-09-10,0.0,31.8,12.77
RJ_104,RJ,Kota,inland,2026-09-11,3.02,30.78,14.23
RJ_104,RJ,Kota,inland,2026-09-12,0.0,30.93,13.58
RJ_104,RJ,Kota,inland,2026-09-13,0.12,32.14,13.84
RJ_104,RJ,Kota,inland,2026-09-14,0.1,31.53,12.87
RJ_104,RJ,Kota,inland,2026-09-15,0.0,31.75,10.05
RJ_104,RJ,Kota,inland,2026-09-16,0.0,30.6,10.03
RJ_104,RJ,Kota,inland,2026-09-17,17.0,31.24,9.48
RJ_104,RJ,Kota,inland,2026-09-18,0.0,30.18,8.82
RJ_104,RJ,Kota,inland,2026-09-19,2.18,29.48,6.33
RJ_104,RJ,Kota,inland,2026-09-20,15.81,31.13,9.23
RJ_104,RJ,Kota,inland,2026-09-21,0.0,30.04,6.05
RJ_104,RJ,Kota,inland,2026-09-22,0.0,30.92,9.34
RJ_104,RJ,Kota,inland,2026-09-23,2.73,30.4,8.97
RJ_104,RJ,Kota,inland,2026-09-24,0.12,30.47,11.13
RJ_104,RJ,Kota,inland,2026-09-25,11.71,30.74,9.59
RJ_104,RJ,Kota,inland,2026-09-26,1.73,30.55,10.78
RJ_104,RJ,Kota,inland,2026-09-27,0.0,30.74,7.44
RJ_104,RJ,Kota,inland,2026-09-28,1.44,31.85,6.85
RJ_105,RJ,Bikaner,inland,2026-08-30,0.0,31.65,9.39
RJ_105,RJ,Bikaner,inland,2026-08-31,2.89,30.67,14.33
RJ_105,RJ,Bikaner,inland,2026-09-01,3.7,31.28,13.95
RJ_105,RJ,Bikaner,inland,2026-09-02,0.0,32.28,13.76
RJ_105,RJ,Bikaner,inland,2026-09-03,0.09,32.25,11.7
RJ_105,RJ,Bikaner,inland,2026-09-04,3.49,32.81,14.62
RJ_105,RJ,Bikaner,inland,2026-09-05,0.42,32.1,14.98
RJ_105,RJ,Bikaner,inland,2026-09-06,0.16,31.28,12.74
RJ_105,RJ,Bikaner,inland,2026-09-07,3.6,32.56,15.34
RJ_105,RJ,Bikaner,inland,2026-09-08,0.0,32.24,15.04
RJ_105,RJ,Bikaner,inland,2026-09-09,0.0,33.26,18.29
RJ_105,RJ,Bikaner,inland,2026-09-10,0.66,32.13,15.69
RJ_105,RJ,Bikaner,inland,2026-09-11,3.35,31.98,13.13
RJ_105,RJ,Bikaner,inland,2026-09-12,1.44,31.35,11.4
RJ_105,RJ,Bikaner,inland,2026-09-13,0.77,31.02,14.28
RJ_105,RJ,Bikaner,inland,2026-09-14,0.0,31.27,10.78
RJ_105,RJ,Bikaner,inland,2026-09-15,0.0,32.09,11.6
RJ_105,RJ,Bikaner,inland,2026-09-16,0.46,29.68,11.15
RJ_105,RJ,Bikaner,inland,2026-09-17,0.38,30.18,11.21
RJ_105,RJ,Bikaner,inland,2026-09-18,0.0,30.52,7.89
RJ_105,RJ,Bikaner,inland,2026-09-19,3.17,30.98,6.2
RJ_105,RJ,Bikaner,inland,2026-09-20,11.14,31.08,7.03
RJ_105,RJ,Bikaner,inland,2026-09-21,0.0,30.34,10.35
RJ_105,RJ,Bikaner,inland,2026-09-22,0.0,30.07,7.56
RJ_105,RJ,Bikaner,inland,2026-09-23,0.0,31.06,8.36
RJ_105,RJ,Bikaner,inland,2026-09-24,0.0,30.14,6.54
RJ_105,RJ,Bikaner,inland,2026-09-25,3.59,32.49,8.26
RJ_105,RJ,Bikaner,inland,2026-09-26,13.35,30.76,10.56
RJ_105,RJ,Bikaner,inland,2026-09-27,0.0,30.62,7.82
RJ_105,RJ,Bikaner,inland,2026-09-28,0.0,31.99,13.32
SK_106,SK,Gangtok,hilly,2026-08-30,0.0,16.37,8.21
SK_106,SK,Gangtok,hilly,2026-08-31,0.14,15.01,10.44
SK_106,SK,Gangtok,hilly,2026-09-01,3.39,15.49,13.28
SK_106,SK,Gangtok,hilly,2026-09-02,13.42,15.22,13.62
SK_106,SK,Gangtok,hilly,2026-09-03,4.85,14.79,14.34
SK_106,SK,Gangtok,hilly,2026-09-04,0.0,15.2,13.3
SK_106,SK,Gangtok,hilly,2026-09-05,5.28,16.16,11.65
SK_106,SK,Gangtok,hilly,2026-09-06,0.0,15.22,11.86
SK_106,SK,Gangtok,hilly,2026-09-07,0.0,16.7,12.16
SK_106,SK,Gangtok,hilly,2026-09-08,0.0,15.33,10.99
SK_106,SK,Gangtok,hilly,2026-09-09,9.23,15.45,10.62
SK_106,SK,Gangtok,hilly,2026-09-10,13.9,15.77,13.17
SK_106,SK,Gangtok,hilly,2026-09-11,0.0,13.95,9.25
SK_106,SK,Gangtok,hilly,2026-09-12,2.95,15.56,11.97
SK_106,SK,Gangtok,hilly,2026-09-13,0.0,14.51,6.67
SK_106,SK,Gangtok,hilly,2026-09-14,0.0,13.89,8.85
SK_106,SK,Gangtok,hilly,2026-09-15,0.0,14.62,4.41
SK_106,SK,Gangtok,hilly,2026-09-16,0.0,12.14,6.8
SK_106,SK,Gangtok,hilly,2026-09-17,0.0,13.16,6.8
SK_106,SK,Gangtok,hilly,2026-09-18,18.86,13.94,7.8
SK_106,SK,Gangtok,hilly,2026-09-19,3.3,13.52,6.27
SK_106,SK,Gangtok,hilly,2026-09-20,0.0,12.29,5.07
SK_106,SK,Gangtok,hilly,2026-09-21,0.0,12.94,3.75
SK_106,SK,Gangtok,hilly,2026-09-22,0.0,13.2,6.39
SK_106,SK,Gangtok,hilly,2026-09-23,3.53,14.0,9.77
SK_106,SK,Gangtok,hilly,2026-09-24,73.28,13.69,10.91
SK_106,SK,Gangtok,hilly,2026-09-25,0.59,14.97,4.85
SK_106,SK,Gangtok,hilly,2026-09-26,5.99,13.19,7.46
SK_106,SK,Gangtok,hilly,2026-09-27,0.0,15.02,9.99
SK_106,SK,Gangtok,hilly,2026-09-28,4.11,15.46,10.25
SK_107,SK,Namchi,hilly,2026-08-30,0.0,15.55,8.16
SK_107,SK,Namchi,hilly,2026-08-31,0.0,16.12,9.77
SK_107,SK,Namchi,hilly,2026-09-01,0.0,14.83,13.51
SK_107,SK,Namchi,hilly,2026-09-02,7.47,16.1,12.33
SK_107,SK,Namchi,hilly,2026-09-03,10.13,16.09,13.78
SK_107,SK,Namchi,hilly,2026-09-04,0.76,15.72,10.57
SK_107,SK,Namchi,hilly,2026-09-05,0.27,14.86,12.39
SK_107,SK,Namchi,hilly,2026-09-06,0.0,14.25,11.48
SK_107,SK,Namchi,hilly,2026-09-07,137.85,14.73,15.95
SK_107,SK,Namchi,hilly,2026-09-08,7.3,15.8,10.52
SK_107,SK,Namchi,hilly,2026-09-09,2.32,15.24,11.92
SK_107,SK,Namchi,hilly,2026-09-10,0.0,15.43,13.28
SK_107,SK,Namchi,hilly,2026-09-11,0.2,14.05,10.84
SK_107,SK,Namchi,hilly,2026-09-12,0.7,14.68,10.05
SK_107,SK,Namchi,hilly,2026-09-13,0.0,12.17,10.15
SK_107,SK,Namchi,hilly,2026-09-14,0.0,13.18,9.68
SK_107,SK,Namchi,hilly,2026-09-15,5.9,12.67,8.34
SK_107,SK,Namchi,hilly,2026-09-16,3.86,11.99,9.75
SK_107,SK,Namchi,hilly,2026-09-17,8.14,12.2,9.6
SK_107,SK,Namchi,hilly,2026-09-18,0.0,12.77,9.31
SK_107,SK,Namchi,hilly,2026-09-19,1.43,13.09,5.11
SK_107,SK,Namchi,hilly,2026-09-20,7.19,13.89,8.74
SK_107,SK,Namchi,hilly,2026-09-21,11.0,13.34,6.76
SK_107,SK,Namchi,hilly,2026-09-22,6.79,12.55,6.89
SK_107,SK,Namchi,hilly,2026-09-23,0.06,14.61,6.47
SK_107,SK,Namchi,hilly,2026-09-24,6.51,14.54,9.15
SK_107,SK,Namchi,hilly,2026-09-25,12.01,14.99,7.06
SK_107,SK,Namchi,hilly,2026-09-26,6.89,13.65,8.49
SK_107,SK,Namchi,hilly,2026-09-27,0.0,14.5,7.29
SK_107,SK,Namchi,hilly,2026-09-28,0.12,15.63,7.97
SK_108,SK,Pelling,hilly,2026-08-30,0.0,16.17,10.43
SK_108,SK,Pelling,hilly,2026-08-31,0.43,14.23,7.36
SK_108,SK,Pelling,hilly,2026-09-01,0.39,14.45,10.79
SK_108,SK,Pelling,hilly,2026-09-02,0.0,17.23,13.25
SK_108,SK,Pelling,hilly,2026-09-03,36.78,14.4,13.56
SK_108,SK,Pelling,hilly,2026-09-04,0.0,16.6,15.52
SK_108,SK,Pelling,hilly,2026-09-05,1.22,15.04,10.86
SK_108,SK,Pelling,hilly,2026-09-06,0.0,15.62,10.69
SK_108,SK,Pelling,hilly,2026-09-07,8.17,16.29,15.62
SK_108,SK,Pelling,hilly,2026-09-08,19.4,16.26,14.2
SK_108,SK,Pelling,hilly,2026-09-09,0.22,14.79,15.34
SK_108,SK,Pelling,hilly,2026-09-10,10.69,14.89,14.72
SK_108,SK,Pelling,hilly,2026-09-11,5.06,15.94,11.44
SK_108,SK,Pelling,hilly,2026-09-12,6.9,13.65,13.43
SK_108,SK,Pelling,hilly,2026-09-13,0.0,14.7,11.27
SK_108,SK,Pelling,hilly,2026-09-14,3.69,14.9,8.72
SK_108,SK,Pelling,hilly,2026-09-15,4.48,13.38,7.49
SK_108,SK,Pelling,hilly,2026-09-16,6.52,14.33,7.72
SK_108,SK,Pelling,hilly,2026-09-17,0.54,14.34,10.1
SK_108,SK,Pelling,hilly,2026-09-18,2.25,14.5,9.08
SK_108,SK,Pelling,hilly,2026-09-19,1.08,12.33,5.04
SK_108,SK,Pelling,hilly,2026-09-20,0.0,13.44,6.82
SK_108,SK,Pelling,hilly,2026-09-21,3.8,13.22,7.12
SK_108,SK,Pelling,hilly,2026-09-22,0.0,13.2,5.98
SK_108,SK,Pelling,hilly,2026-09-23,4.43,12.95,8.09
SK_108,SK,Pelling,hilly,2026-09-24,2.13,13.66,7.36
SK_108,SK,Pelling,hilly,2026-09-25,0.0,13.8,9.12
SK_108,SK,Pelling,hilly,2026-09-26,0.0,13.25,4.4
SK_108,SK,Pelling,hilly,2026-09-27,0.0,14.16,8.27
SK_108,SK,Pelling,hilly,2026-09-28,1.06,13.39,11.21
SK_109,SK,Mangan,hilly,2026-08-30,17.72,14.68,14.75
SK_109,SK,Mangan,hilly,2026-08-31,3.17,14.48,8.26
SK_109,SK,Mangan,hilly,2026-09-01,2.69,14.27,13.08
SK_109,SK,Mangan,hilly,2026-09-02,0.0,16.45,11.82
SK_109,SK,Mangan,hilly,2026-09-03,7.89,15.23,14.64
SK_109,SK,Mangan,hilly,2026-09-04,3.69,17.09,10.3
SK_109,SK,Mangan,hilly,2026-09-05,0.83,15.7,10.42
SK_109,SK,Mangan,hilly,2026-09-06,0.0,15.87,14.93
SK_109,SK,Mangan,hilly,2026-09-07,0.0,15.73,11.09
SK_109,SK,Mangan,hilly,2026-09-08,0.16,15.57,9.59
SK_109,SK,Mangan,hilly,2026-09-09,8.2,15.63,12.98
SK_109,SK,Mangan,hilly,2026-09-10,0.0,15.42,8.35
SK_109,SK,Mangan,hilly,2026-09-11,53.77,14.13,12.45
SK_109,SK,Mangan,hilly,2026-09-12,0.55,15.22,10.53
SK_109,SK,Mangan,hilly,2026-09-13,0.0,13.44,8.02
SK_109,SK,Mangan,hilly,2026-09-14,10.8,12.93,6.7
SK_109,SK,Mangan,hilly,2026-09-15,23.45,12.9,9.01
SK_109,SK,Mangan,hilly,2026-09-16,10.89,14.87,7.1
SK_109,SK,Mangan,hilly,2026-09-17,16.83,12.67,8.46
SK_109,SK,Mangan,hilly,2026-09-18,20.88,12.97,7.07
SK_109,SK,Mangan,hilly,2026-09-19,11.83,12.43,8.03
SK_109,SK,Mangan,hilly,2026-09-20,1.17,12.67,6.57
SK_109,SK,Mangan,hilly,2026-09-21,0.0,13.42,5.06
SK_109,SK,Mangan,hilly,2026-09-22,24.27,13.53,9.74
SK_109,SK,Mangan,hilly,2026-09-23,4.16,13.91,10.69
SK_109,SK,Mangan,hilly,2026-09-24,8.05,13.43,10.42
SK_109,SK,Mangan,hilly,2026-09-25,0.0,13.88,8.72
SK_109,SK,Mangan,hilly,2026-09-26,5.57,14.73,6.7
SK_109,SK,Mangan,hilly,2026-09-27,0.18,14.78,11.53
SK_109,SK,Mangan,hilly,2026-09-28,0.0,13.92,11.64
SK_110,SK,Gyalshing,hilly,2026-08-30,0.1,15.34,10.11
SK_110,SK,Gyalshing,hilly,2026-08-31,0.0,15.85,10.51
SK_110,SK,Gyalshing,hilly,2026-09-01,3.39,16.33,11.41
SK_110,SK,Gyalshing,hilly,2026-09-02,0.0,16.49,13.33
SK_110,SK,Gyalshing,hilly,2026-09-03,8.61,16.21,14.86
SK_110,SK,Gyalshing,hilly,2026-09-04,4.59,16.15,12.38
SK_110,SK,Gyalshing,hilly,2026-09-05,0.0,14.79,11.79
SK_110,SK,Gyalshing,hilly,2026-09-06,0.0,16.33,12.84
SK_110,SK,Gyalshing,hilly,2026-09-07,4.23,14.81,9.18
SK_110,SK,Gyalshing,hilly,2026-09-08,28.58,14.96,11.31
SK_110,SK,Gyalshing,hilly,2026-09-09,17.04,14.09,13.5
SK_110,SK,Gyalshing,hilly,2026-09-10,1.01,14.72,9.81
SK_110,SK,Gyalshing,hilly,2026-09-11,0.0,14.27,13.06
SK_110,SK,Gyalshing,hilly,2026-09-12,0.0,14.67,9.97
SK_110,SK,Gyalshing,hilly,2026-09-13,6.96,12.76,7.81
SK_110,SK,Gyalshing,hilly,2026-09-14,16.07,12.88,10.43
SK_110,SK,Gyalshing,hilly,2026-09-15,10.62,12.95,8.0
SK_110,SK,Gyalshing,hilly,2026-09-16,0.0,12.67,6.93
SK_110,SK,Gyalshing,hilly,2026-09-17,162.15,13.76,10.2
SK_110,SK,Gyalshing,hilly,2026-09-18,5.87,13.15,6.32
SK_110,SK,Gyalshing,hilly,2026-09-19,0.0,12.59,6.88
SK_110,SK,Gyalshing,hilly,2026-09-20,3.04,11.54,7.9
SK_110,SK,Gyalshing,hilly,2026-09-21,0.3,13.3,6.76
SK_110,SK,Gyalshing,hilly,2026-09-22,2.67,13.3,4.71
SK_110,SK,Gyalshing,hilly,2026-09-23,0.64,13.77,6.26
SK_110,SK,Gyalshing,hilly,2026-09-24,10.49,14.58,7.67
SK_110,SK,Gyalshing,hilly,2026-09-25,0.0,15.01,5.07
SK_110,SK,Gyalshing,hilly,2026-09-26,10.0,13.42,9.7
SK_110,SK,Gyalshing,hilly,2026-09-27,0.0,14.8,7.94
SK_110,SK,Gyalshing,hilly,2026-09-28,0.0,15.85,8.29
TN_111,TN,Chennai,coastal,2026-08-30,0.0,30.5,15.94
TN_111,TN,Chennai,coastal,2026-08-31,3.6,29.89,15.43
TN_111,TN,Chennai,coastal,2026-09-01,5.82,30.77,15.16
TN_111,TN,Chennai,coastal,2026-09-02,110.34,30.87,16.89
TN_111,TN,Chennai,coastal,2026-09-03,2.41,30.45,17.33
TN_111,TN,Chennai,coastal,2026-09-04,8.62,30.53,19.92
TN_111,TN,Chennai,coastal,2026-09-05,3.45,31.7,20.11
TN_111,TN,Chennai,coastal,2026-09-06,15.47,30.7,19.21
TN_111,TN,Chennai,coastal,2026-09-07,6.54,29.81,22.13
TN_111,TN,Chennai,coastal,2026-09-08,0.0,29.92,18.11
TN_111,TN,Chennai,coastal,2026-09-09,16.86,29.2,19.02
TN_111,TN,Chennai,coastal,2026-09-10,1.5,29.71,19.45
TN_111,TN,Chennai,coastal,2026-09-11,0.0,29.12,16.96
TN_111,TN,Chennai,coastal,2026-09-12,5.0,29.99,18.95
TN_111,TN,Chennai,coastal,2026-09-13,0.0,28.95,13.71
TN_111,TN,Chennai,coastal,2026-09-14,3.22,28.34,17.17
TN_111,TN,Chennai,coastal,2026-09-15,14.24,28.43,13.74
TN_111,TN,Chennai,coastal,2026-09-16,27.76,28.5,14.3
TN_111,TN,Chennai,coastal,2026-09-17,23.57,28.53,15.26
TN_111,TN,Chennai,coastal,2026-09-18,10.55,27.85,12.58
TN_111,TN,Chennai,coastal,2026-09-19,162.21,27.96,19.53
TN_111,TN,Chennai,coastal,2026-09-20,17.47,28.4,15.3
TN_111,TN,Chennai,coastal,2026-09-21,9.07,28.83,12.34
TN_111,TN,Chennai,coastal,2026-09-22,0.0,28.94,12.72
TN_111,TN,Chennai,coastal,2026-09-23,4.57,28.45,11.53
TN_111,TN,Chennai,coastal,2026-09-24,8.64,29.36,15.73
TN_111,TN,Chennai,coastal,2026-09-25,0.0,29.69,12.09
TN_111,TN,Chennai,coastal,2026-09-26,2.15,30.24,12.43
TN_111,TN,Chennai,coastal,2026-09-27,0.0,29.59,14.98
TN_111,TN,Chennai,coastal,2026-09-28,0.29,29.54,15.99
TN_112,TN,Coimbatore,inland,2026-08-30,0.0,30.83,12.97
TN_112,TN,Coimbatore,inland,2026-08-31,0.39,30.53,12.68
TN_112,TN,Coimbatore,inland,2026-09-01,0.0,30.6,11.57
TN_112,TN,Coimbatore,inland,2026-09-02,2.91,30.72,12.98
TN_112,TN,Coimbatore,inland,2026-09-03,0.0,30.71,13.74
TN_112,TN,Coimbatore,inland,2026-09-04,7.78,30.94,13.42
TN_112,TN,Coimbatore,inland,2026-09-05,2.05,32.06,15.53
TN_112,TN,Coimbatore,inland,2026-09-06,2.82,31.95,16.27
TN_112,TN,Coimbatore,inland,2026-09-07,0.0,31.15,13.17
TN_112,TN,Coimbatore,inland,2026-09-08,0.66,31.08,16.01
TN_112,TN,Coimbatore,inland,2026-09-09,0.0,30.86,13.52
TN_112,TN,Coimbatore,inland,2026-09-10,2.5,31.09,14.01
TN_112,TN,Coimbatore,inland,2026-09-11,8.58,29.88,12.77
TN_112,TN,Coimbatore,inland,2026-09-12,0.5,30.56,14.38
TN_112,TN,Coimbatore,inland,2026-09-13,1.08,29.25,11.48
TN_112,TN,Coimbatore,inland,2026-09-14,0.0,29.28,8.05
TN_112,TN,Coimbatore,inland,2026-09-15,9.41,29.7,13.19
TN_112,TN,Coimbatore,inland,2026-09-16,0.0,29.47,10.37
TN_112,TN,Coimbatore,inland,2026-09-17,4.44,29.89,8.19
TN_112,TN,Coimbatore,inland,2026-09-18,0.0,28.86,7.15
TN_112,TN,Coimbatore,inland,2026-09-19,8.52,28.77,7.12
TN_112,TN,Coimbatore,inland,2026-09-20,2.68,28.41,10.49
TN_112,TN,Coimbatore,inland,2026-09-21,0.0,27.25,9.41
TN_112,TN,Coimbatore,inland,2026-09-22,0.0,29.24,6.74
TN_112,TN,Coimbatore,inland,2026-09-23,4.74,28.66,11.76
TN_112,TN,Coimbatore,inland,2026-09-24,0.0,29.22,6.7
TN_112,TN,Coimbatore,inland,2026-09-25,6.44,30.09,9.44
TN_112,TN,Coimbatore,inland,2026-09-26,4.66,29.44,9.97
TN_112,TN,Coimbatore,inland,2026-09-27,1.07,30.95,10.21
TN_112,TN,Coimbatore,inland,2026-09-28,0.64,29.84,8.92
TN_113,TN,Madurai,inland,2026-08-30,0.0,29.31,9.6
TN_113,TN,Madurai,inland,2026-08-31,0.0,30.66,11.25
TN_113,TN,Madurai,inland,2026-09-01,6.7,30.01,13.52
TN_113,TN,Madurai,inland,2026-09-02,0.0,30.62,13.07
TN_113,TN,Madurai,inland,2026-09-03,1.19,31.96,9.62
TN_113,TN,Madurai,inland,2026-09-04,1.94,30.59,13.69
TN_113,TN,Madurai,inland,2026-09-05,17.09,31.3,16.06
TN_113,TN,Madurai,inland,2026-09-06,0.24,31.2,16.16
TN_113,TN,Madurai,inland,2026-09-07,0.0,29.95,12.42
TN_113,TN,Madurai,inland,2026-09-08,23.1,32.53,17.54
TN_113,TN,Madurai,inland,2026-09-09,0.0,31.25,16.28
TN_113,TN,Madurai,inland,2026-09-10,25.77,30.52,14.99
TN_113,TN,Madurai,inland,2026-09-11,3.55,30.67,14.76
TN_113,TN,Madurai,inland,2026-09-12,2.6,30.15,13.64
TN_113,TN,Madurai,inland,2026-09-13,0.0,29.75,12.66
TN_113,TN,Madurai,inland,2026-09-14,0.0,29.67,13.68
TN_113,TN,Madurai,inland,2026-09-15,0.0,29.92,11.45
TN_113,TN,Madurai,inland,2026-09-16,2.3,28.18,9.99
TN_113,TN,Madurai,inland,2026-09-17,25.38,29.44,11.87
TN_113,TN,Madurai,inland,2026-09-18,37.25,28.6,11.79
TN_113,TN,Madurai,inland,2026-09-19,15.09,28.63,9.6
TN_113,TN,Madurai,inland,2026-09-20,5.28,28.01,6.58
TN_113,TN,Madurai,inland,2026-09-21,7.37,29.23,10.35
TN_113,TN,Madurai,inland,2026-09-22,0.0,29.02,8.09
TN_113,TN,Madurai,inland,2026-09-23,0.28,29.43,9.15
TN_113,TN,Madurai,inland,2026-09-24,0.0,27.55,9.31
TN_113,TN,Madurai,inland,2026-09-25,0.0,29.96,10.31
TN_113,TN,Madurai,inland,2026-09-26,0.26,30.18,9.64
TN_113,TN,Madurai,inland,2026-09-27,0.0,28.98,6.54
TN_113,TN,Madurai,inland,2026-09-28,0.0,31.34,10.26
TN_114,TN,Tiruchirappalli,inland,2026-08-30,0.0,30.76,13.54
TN_114,TN,Tiruchirappalli,inland,2026-08-31,0.0,30.59,12.84
TN_114,TN,Tiruchirappalli,inland,2026-09-01,4.14,30.59,11.73
TN_114,TN,Tiruchirappalli,inland,2026-09-02,6.51,32.22,18.54
TN_114,TN,Tiruchirappalli,inland,2026-09-03,4.79,31.06,11.38
TN_114,TN,Tiruchirappalli,inland,2026-09-04,2.7,32.1,16.61
TN_114,TN,Tiruchirappalli,inland,2026-09-05,0.0,31.81,9.33
TN_114,TN,Tiruchirappalli,inland,2026-09-06,0.0,31.2,11.86
TN_114,TN,Tiruchirappalli,inland,2026-09-07,5.74,30.91,13.47
TN_114,TN,Tiruchirappalli,inland,2026-09-08,0.0,30.85,15.52
TN_114,TN,Tiruchirappalli,inland,2026-09-09,43.34,31.03,15.89
TN_114,TN,Tiruchirappalli,inland,2026-09-10,0.0,30.36,15.74
TN_114,TN,Tiruchirappalli,inland,2026-09-11,11.74,30.06,14.22
TN_114,TN,Tiruchirappalli,inland,2026-09-12,0.0,30.52,12.83
TN_114,TN,Tiruchirappalli,inland,2026-09-13,0.88,30.64,9.97
TN_114,TN,Tiruchirappalli,inland,2026-09-14,0.89,28.74,9.66
TN_114,TN,Tiruchirappalli,inland,2026-09-15,2.57,28.79,10.41
TN_114,TN,Tiruchirappalli,inland,2026-09-16,7.01,29.66,9.36
TN_114,TN,Tiruchirappalli,inland,2026-09-17,3.12,28.76,8.6
TN_114,TN,Tiruchirappalli,inland,2026-09-18,1.14,28.19,9.86
TN_114,TN,Tiruchirappalli,inland,2026-09-19,2.83,28.1,10.7
TN_114,TN,Tiruchirappalli,inland,2026-09-20,0.0,27.88,6.97
TN_114,TN,Tiruchirappalli,inland,2026-09-21,0.0,28.34,3.35
TN_114,TN,Tiruchirappalli,inland,2026-09-22,3.05,29.39,7.68
TN_114,TN,Tiruchirappalli,inland,2026-09-23,3.45,29.54,10.98
TN_114,TN,Tiruchirappalli,inland,2026-09-24,0.0,29.81,6.35
TN_114,TN,Tiruchirappalli,inland,2026-09-25,0.0,30.19,7.38
TN_114,TN,Tiruchirappalli,inland,2026-09-26,0.0,29.36,9.31
TN_114,TN,Tiruchirappalli,inland,2026-09-27,5.02,30.37,10.95
TN_114,TN,Tiruchirappalli,inland,2026-09-28,0.0,31.17,10.95
TN_115,TN,Salem,inland,2026-08-30,5.37,30.29,12.3
TN_115,TN,Salem,inland,2026-08-31,0.1,31.14,13.03
TN_115,TN,Salem,inland,2026-09-01,0.0,30.93,17.54
TN_115,TN,Salem,inland,2026-09-02,0.0,31.52,13.16
TN_115,TN,Salem,inland,2026-09-03,0.95,31.43,13.27
TN_115,TN,Salem,inland,2026-09-04,0.0,29.94,15.63
TN_115,TN,Salem,inland,2026-09-05,0.0,31.11,15.98
TN_115,TN,Salem,inland,2026-09-06,1.07,30.49,13.13
TN_115,TN,Salem,inland,2026-09-07,0.0,30.23,15.94
TN_115,TN,Salem,inland,2026-09-08,0.65,30.42,13.3
TN_115,TN,Salem,inland,2026-09-09,1.24,31.36,13.94
TN_115,TN,Salem,inland,2026-09-10,9.55,30.03,12.3
TN_115,TN,Salem,inland,2026-09-11,19.01,29.5,13.4
TN_115,TN,Salem,inland,2026-09-12,2.51,30.16,7.81
TN_115,TN,Salem,inland,2026-09-13,2.46,29.41,10.74
TN_115,TN,Salem,inland,2026-09-14,3.47,29.2,8.1
TN_115,TN,Salem,inland,2026-09-15,0.0,30.1,9.87
TN_115,TN,Salem,inland,2026-09-16,0.0,29.22,8.4
TN_115,TN,Salem,inland,2026-09-17,5.1,28.92,8.23
TN_115,TN,Salem,inland,2026-09-18,0.0,28.68,9.1
TN_115,TN,Salem,inland,2026-09-19,0.28,29.54,8.65
TN_115,TN,Salem,inland,2026-09-20,8.17,27.11,5.81
TN_115,TN,Salem,inland,2026-09-21,1.95,29.11,8.63
TN_115,TN,Salem,inland,2026-09-22,0.14,28.29,8.23
TN_115,TN,Salem,inland,2026-09-23,0.0,28.66,9.97
TN_115,TN,Salem,inland,2026-09-24,3.32,28.49,10.75
TN_115,TN,Salem,inland,2026-09-25,3.56,28.15,8.09
TN_115,TN,Salem,inland,2026-09-26,2.09,29.1,8.0
TN_115,TN,Salem,inland,2026-09-27,1.83,29.11,12.62
TN_115,TN,Salem,inland,2026-09-28,0.0,28.94,13.83
TG_116,TG,Hyderabad,inland,2026-08-30,0.0,30.39,14.85
TG_116,TG,Hyderabad,inland,2026-08-31,15.88,29.94,16.17
TG_116,TG,Hyderabad,inland,2026-09-01,0.0,31.3,14.69
TG_116,TG,Hyderabad,inland,2026-09-02,0.42,31.48,15.69
TG_116,TG,Hyderabad,inland,2026-09-03,1.04,30.76,11.24
TG_116,TG,Hyderabad,inland,2026-09-04,4.24,30.8,15.42
TG_116,TG,Hyderabad,inland,2026-09-05,9.22,30.83,12.33
TG_116,TG,Hyderabad,inland,2026-09-06,5.42,31.01,15.18
TG_116,TG,Hyderabad,inland,2026-09-07,0.6,31.56,11.45
TG_116,TG,Hyderabad,inland,2026-09-08,0.0,29.99,15.26
TG_116,TG,Hyderabad,inland,2026-09-09,14.07,30.78,14.96
TG_116,TG,Hyderabad,inland,2026-09-10,0.7,30.43,10.51
TG_116,TG,Hyderabad,inland,2026-09-11,4.76,28.65,11.54
TG_116,TG,Hyderabad,inland,2026-09-12,0.0,29.08,10.54
TG_116,TG,Hyderabad,inland,2026-09-13,2.17,30.16,10.75
TG_116,TG,Hyderabad,inland,2026-09-14,1.97,28.73,11.47
TG_116,TG,Hyderabad,inland,2026-09-15,1.51,28.56,6.29
TG_116,TG,Hyderabad,inland,2026-09-16,15.48,28.03,5.4
TG_116,TG,Hyderabad,inland,2026-09-17,13.17,27.27,9.04
TG_116,TG,Hyderabad,inland,2026-09-18,0.0,27.56,8.2
TG_116,TG,Hyderabad,inland,2026-09-19,89.15,28.75,13.38
TG_116,TG,Hyderabad,inland,2026-09-20,0.0,28.95,11.99
TG_116,TG,Hyderabad,inland,2026-09-21,0.0,28.13,11.75
TG_116,TG,Hyderabad,inland,2026-09-22,0.0,28.35,6.35
TG_116,TG,Hyderabad,inland,2026-09-23,0.95,28.72,9.58
TG_116,TG,Hyderabad,inland,2026-09-24,0.0,29.7,12.58
TG_116,TG,Hyderabad,inland,2026-09-25,0.0,28.82,9.38
TG_116,TG,Hyderabad,inland,2026-09-26,0.0,29.29,10.43
TG_116,TG,Hyderabad,inland,2026-09-27,0.0,28.83,14.4
TG_116,TG,Hyderabad,inland,2026-09-28,0.05,29.33,10.72
TG_117,TG,Warangal,inland,2026-08-30,0.86,30.05,14.8
TG_117,TG,Warangal,inland,2026-08-31,0.0,28.91,14.81
TG_117,TG,Warangal,inland,2026-09-01,5.69,29.88,17.39
TG_117,TG,Warangal,inland,2026-09-02,3.11,31.32,13.13
TG_117,TG,Warangal,inland,2026-09-03,0.0,30.02,16.46
TG_117,TG,Warangal,inland,2026-09-04,0.0,29.87,14.4
TG_117,TG,Warangal,inland,2026-09-05,2.96,30.38,17.65
TG_117,TG,Warangal,inland,2026-09-06,0.22,30.51,15.68
TG_117,TG,Warangal,inland,2026-09-07,0.33,31.64,13.77
TG_117,TG,Warangal,inland,2026-09-08,0.0,30.31,14.69
TG_117,TG,Warangal,inland,2026-09-09,13.28,31.77,14.49
TG_117,TG,Warangal,inland,2026-09-10,10.56,30.07,12.33
TG_117,TG,Warangal,inland,2026-09-11,0.0,29.55,12.4
TG_117,TG,Warangal,inland,2026-09-12,3.22,29.8,13.65
TG_117,TG,Warangal,inland,2026-09-13,9.63,29.75,8.97
TG_117,TG,Warangal,inland,2026-09-14,5.49,29.63,8.53
TG_117,TG,Warangal,inland,2026-09-15,3.1,29.45,8.47
TG_117,TG,Warangal,inland,2026-09-16,0.68,28.09,7.51
TG_117,TG,Warangal,inland,2026-09-17,3.62,29.35,9.03
TG_117,TG,Warangal,inland,2026-09-18,2.56,28.51,10.17
TG_117,TG,Warangal,inland,2026-09-19,0.0,28.76,6.89
TG_117,TG,Warangal,inland,2026-09-20,2.34,28.23,10.5
TG_117,TG,Warangal,inland,2026-09-21,0.25,28.44,8.91
TG_117,TG,Warangal,inland,2026-09-22,0.69,28.28,9.4
TG_117,TG,Warangal,inland,2026-09-23,0.0,26.87,8.54
TG_117,TG,Warangal,inland,2026-09-24,0.53,28.21,8.05
TG_117,TG,Warangal,inland,2026-09-25,1.53,27.62,10.54
TG_117,TG,Warangal,inland,2026-09-26,1.31,27.92,9.49
TG_117,TG,Warangal,inland,2026-09-27,14.29,29.43,12.36
TG_117,TG,Warangal,inland,2026-09-28,1.13,29.36,12.11
TG_118,TG,Nizamabad,inland,2026-08-30,0.0,30.48,12.96
TG_118,TG,Nizamabad,inland,2026-08-31,1.41,30.2,15.91
TG_118,TG,Nizamabad,inland,2026-09-01,3.76,29.76,16.66
TG_118,TG,Nizamabad,inland,2026-09-02,0.0,31.82,15.38
TG_118,TG,Nizamabad,inland,2026-09-03,4.87,30.28,14.31
TG_118,TG,Nizamabad,inland,2026-09-04,0.26,31.0,14.47
TG_118,TG,Nizamabad,inland,2026-09-05,0.35,30.92,12.77
TG_118,TG,Nizamabad,inland,2026-09-06,0.0,29.57,12.49
TG_118,TG,Nizamabad,inland,2026-09-07,12.04,31.3,15.55
TG_118,TG,Nizamabad,inland,2026-09-08,0.0,30.94,14.9
TG_118,TG,Nizamabad,inland,2026-09-09,9.96,29.43,11.53
TG_118,TG,Nizamabad,inland,2026-09-10,6.06,31.4,14.16
TG_118,TG,Nizamabad,inland,2026-09-11,0.0,29.57,11.8
TG_118,TG,Nizamabad,inland,2026-09-12,1.7,30.14,8.98
TG_118,TG,Nizamabad,inland,2026-09-13,2.21,29.63,14.13
TG_118,TG,Nizamabad,inland,2026-09-14,0.0,29.37,11.0
TG_118,TG,Nizamabad,inland,2026-09-15,0.0,28.98,12.09
TG_118,TG,Nizamabad,inland,2026-09-16,20.13,29.34,11.33
TG_118,TG,Nizamabad,inland,2026-09-17,0.4,30.74,7.03
TG_118,TG,Nizamabad,inland,2026-09-18,1.33,27.81,8.75
TG_118,TG,Nizamabad,inland,2026-09-19,8.31,27.54,8.62
TG_118,TG,Nizamabad,inland,2026-09-20,0.0,27.32,8.79
TG_118,TG,Nizamabad,inland,2026-09-21,3.45,28.09,2.35
TG_118,TG,Nizamabad,inland,2026-09-22,0.89,27.56,6.16
TG_118,TG,Nizamabad,inland,2026-09-23,0.0,29.09,8.54
TG_118,TG,Nizamabad,inland,2026-09-24,1.82,29.74,10.66
TG_118,TG,Nizamabad,inland,2026-09-25,2.02,29.07,5.48
TG_118,TG,Nizamabad,inland,2026-09-26,0.0,29.37,6.44
TG_118,TG,Nizamabad,inland,2026-09-27,0.0,29.09,11.28
TG_118,TG,Nizamabad,inland,2026-09-28,0.2,29.55,13.81
TG_119,TG,Karimnagar,inland,2026-08-30,0.0,29.86,9.89
TG_119,TG,Karimnagar,inland,2026-08-31,0.69,29.65,16.96
TG_119,TG,Karimnagar,inland,2026-09-01,1.54,30.9,14.21
TG_119,TG,Karimnagar,inland,2026-09-02,0.0,30.8,14.57
TG_119,TG,Karimnagar,inland,2026-09-03,18.16,30.25,15.47
TG_119,TG,Karimnagar,inland,2026-09-04,2.35,30.63,14.88
TG_119,TG,Karimnagar,inland,2026-09-05,10.09,31.55,16.71
TG_119,TG,Karimnagar,inland,2026-09-06,0.0,30.15,14.71
TG_119,TG,Karimnagar,inland,2026-09-07,4.31,30.83,17.35
TG_119,TG,Karimnagar,inland,2026-09-08,0.72,30.27,12.11
TG_119,TG,Karimnagar,inland,2026-09-09,2.02,31.56,13.84
TG_119,TG,Karimnagar,inland,2026-09-10,1.35,30.48,12.33
TG_119,TG,Karimnagar,inland,2026-09-11,0.0,29.9,12.29
TG_119,TG,Karimnagar,inland,2026-09-12,0.0,29.15,12.89
TG_119,TG,Karimnagar,inland,2026-09-13,0.0,29.19,12.54
TG_119,TG,Karimnagar,inland,2026-09-14,0.0,27.7,8.73
TG_119,TG,Karimnagar,inland,2026-09-15,0.0,29.0,9.27
TG_119,TG,Karimnagar,inland,2026-09-16,47.48,26.65,11.25
TG_119,TG,Karimnagar,inland,2026-09-17,0.43,28.65,5.26
TG_119,TG,Karimnagar,inland,2026-09-18,1.97,27.91,9.06
TG_119,TG,Karimnagar,inland,2026-09-19,0.15,28.61,8.14
TG_119,TG,Karimnagar,inland,2026-09-20,10.26,28.28,8.93
TG_119,TG,Karimnagar,inland,2026-09-21,7.56,27.94,4.5
TG_119,TG,Karimnagar,inland,2026-09-22,1.97,30.0,8.79
TG_119,TG,Karimnagar,inland,2026-09-23,0.0,29.38,7.4
TG_119,TG,Karimnagar,inland,2026-09-24,0.93,29.45,7.0
TG_119,TG,Karimnagar,inland,2026-09-25,0.0,28.2,12.39
TG_119,TG,Karimnagar,inland,2026-09-26,4.57,29.49,13.48
TG_119,TG,Karimnagar,inland,2026-09-27,0.0,28.58,11.66
TG_119,TG,Karimnagar,inland,2026-09-28,0.0,29.85,13.54
TG_120,TG,Khammam,inland,2026-08-30,0.33,29.68,12.16
TG_120,TG,Khammam,inland,2026-08-31,0.0,29.65,14.18
TG_120,TG,Khammam,inland,2026-09-01,0.0,31.21,13.63
TG_120,TG,Khammam,inland,2026-09-02,33.77,31.15,14.72
TG_120,TG,Khammam,inland,2026-09-03,0.1,31.25,14.0
TG_120,TG,Khammam,inland,2026-09-04,7.31,31.18,14.64
TG_120,TG,Khammam,inland,2026-09-05,0.1,31.72,15.09
TG_120,TG,Khammam,inland,2026-09-06,0.0,30.06,12.98
TG_120,TG,Khammam,inland,2026-09-07,0.78,29.64,17.14
TG_120,TG,Khammam,inland,2026-09-08,0.0,29.18,14.62
TG_120,TG,Khammam,inland,2026-09-09,0.0,30.03,15.01
TG_120,TG,Khammam,inland,2026-09-10,4.18,29.07,13.77
TG_120,TG,Khammam,inland,2026-09-11,2.18,28.84,16.69
TG_120,TG,Khammam,inland,2026-09-12,4.6,28.66,11.49
TG_120,TG,Khammam,inland,2026-09-13,2.06,28.82,9.93
TG_120,TG,Khammam,inland,2026-09-14,0.82,28.48,10.35
TG_120,TG,Khammam,inland,2026-09-15,28.41,28.64,12.96
TG_120,TG,Khammam,inland,2026-09-16,1.82,28.95,9.8
TG_120,TG,Khammam,inland,2026-09-17,1.18,27.96,7.72
TG_120,TG,Khammam,inland,2026-09-18,14.76,28.11,7.6
TG_120,TG,Khammam,inland,2026-09-19,6.76,28.26,7.24
TG_120,TG,Khammam,inland,2026-09-20,0.49,29.16,7.07
TG_120,TG,Khammam,inland,2026-09-21,0.0,28.93,7.8
TG_120,TG,Khammam,inland,2026-09-22,0.0,28.37,8.53
TG_120,TG,Khammam,inland,2026-09-23,0.0,29.59,8.44
TG_120,TG,Khammam,inland,2026-09-24,0.0,29.64,8.81
TG_120,TG,Khammam,inland,2026-09-25,0.0,28.69,3.14
TG_120,TG,Khammam,inland,2026-09-26,0.0,29.92,8.16
TG_120,TG,Khammam,inland,2026-09-27,0.0,28.92,7.03
TG_120,TG,Khammam,inland,2026-09-28,0.0,28.55,10.77
TR_121,TR,Agartala,inland,2026-08-30,0.0,29.91,15.16
TR_121,TR,Agartala,inland,2026-08-31,0.0,29.36,14.54
TR_121,TR,Agartala,inland,2026-09-01,0.0,29.53,11.98
TR_121,TR,Agartala,inland,2026-09-02,0.0,29.67,15.59
TR_121,TR,Agartala,inland,2026-09-03,0.31,31.3,15.62
TR_121,TR,Agartala,inland,2026-09-04,5.87,31.51,14.29
TR_121,TR,Agartala,inland,2026-09-05,0.0,30.62,16.78
TR_121,TR,Agartala,inland,2026-09-06,0.0,29.73,11.51
TR_121,TR,Agartala,inland,2026-09-07,0.0,30.15,12.74
TR_121,TR,Agartala,inland,2026-09-08,0.0,29.46,11.64
TR_121,TR,Agartala,inland,2026-09-09,78.48,30.33,14.66
TR_121,TR,Agartala,inland,2026-09-10,23.73,29.44,12.28
TR_121,TR,Agartala,inland,2026-09-11,0.46,28.53,8.56
TR_121,TR,Agartala,inland,2026-09-12,1.42,29.12,11.95
TR_121,TR,Agartala,inland,2026-09-13,2.03,28.55,7.03
TR_121,TR,Agartala,inland,2026-09-14,0.34,28.35,9.87
TR_121,TR,Agartala,inland,2026-09-15,2.95,27.78,8.58
TR_121,TR,Agartala,inland,2026-09-16,2.89,26.85,9.42
TR_121,TR,Agartala,inland,2026-09-17,0.21,28.35,9.64
TR_121,TR,Agartala,inland,2026-09-18,10.05,28.65,12.2
TR_121,TR,Agartala,inland,2026-09-19,69.02,28.06,15.17
TR_121,TR,Agartala,inland,2026-09-20,0.0,27.21,8.22
TR_121,TR,Agartala,inland,2026-09-21,5.11,26.77,8.93
TR_121,TR,Agartala,inland,2026-09-22,0.0,27.78,10.42
TR_121,TR,Agartala,inland,2026-09-23,0.23,27.85,12.72
TR_121,TR,Agartala,inland,2026-09-24,6.46,28.04,10.31
TR_121,TR,Agartala,inland,2026-09-25,10.1,28.27,9.58
TR_121,TR,Agartala,inland,2026-09-26,2.48,30.26,14.28
TR_121,TR,Agartala,inland,2026-09-27,3.45,28.74,11.23
TR_121,TR,Agartala,inland,2026-09-28,0.73,29.18,10.81
TR_122,TR,Dharmanagar,inland,2026-08-30,0.0,31.19,10.64
TR_122,TR,Dharmanagar,inland,2026-08-31,6.25,30.9,10.3
TR_122,TR,Dharmanagar,inland,2026-09-01,0.54,29.79,15.71
TR_122,TR,Dharmanagar,inland,2026-09-02,3.17,29.89,15.11
TR_122,TR,Dharmanagar,inland,2026-09-03,0.44,30.11,15.74
TR_122,TR,Dharmanagar,inland,2026-09-04,9.25,30.56,14.0
TR_122,TR,Dharmanagar,inland,2026-09-05,0.29,29.92,15.33
TR_122,TR,Dharmanagar,inland,2026-09-06,3.1,29.74,17.03
TR_122,TR,Dharmanagar,inland,2026-09-07,0.0,28.7,13.31
TR_122,TR,Dharmanagar,inland,2026-09-08,0.0,28.92,13.63
TR_122,TR,Dharmanagar,inland,2026-09-09,7.52,29.11,16.27
TR_122,TR,Dharmanagar,inland,2026-09-10,1.9,30.31,11.65
TR_122,TR,Dharmanagar,inland,2026-09-11,1.65,29.41,14.23
TR_122,TR,Dharmanagar,inland,2026-09-12,1.82,27.8,8.73
TR_122,TR,Dharmanagar,inland,2026-09-13,1.0,27.8,8.72
TR_122,TR,Dharmanagar,inland,2026-09-14,0.62,28.09,9.78
TR_122,TR,Dharmanagar,inland,2026-09-15,0.0,26.74,10.25
TR_122,TR,Dharmanagar,inland,2026-09-16,25.57,28.55,15.31
TR_122,TR,Dharmanagar,inland,2026-09-17,40.77,28.7,11.74
TR_122,TR,Dharmanagar,inland,2026-09-18,3.67,27.13,7.54
TR_122,TR,Dharmanagar,inland,2026-09-19,33.27,28.27,12.43
TR_122,TR,Dharmanagar,inland,2026-09-20,0.0,28.95,5.47
TR_122,TR,Dharmanagar,inland,2026-09-21,3.82,27.25,5.77
TR_122,TR,Dharmanagar,inland,2026-09-22,0.0,28.64,10.36
TR_122,TR,Dharmanagar,inland,2026-09-23,2.91,28.34,10.72
TR_122,TR,Dharmanagar,inland,2026-09-24,0.0,28.74,7.76
TR_122,TR,Dharmanagar,inland,2026-09-25,0.0,28.15,9.82
TR_122,TR,Dharmanagar,inland,2026-09-26,9.67,29.31,11.44
TR_122,TR,Dharmanagar,inland,2026-09-27,3.99,30.94,10.7
TR_122,TR,Dharmanagar,inland,2026-09-28,4.72,28.85,12.93
TR_123,TR,Udaipur (Tripura),inland,2026-08-30,0.0,29.63,13.16
TR_123,TR,Udaipur (Tripura),inland,2026-08-31,12.07,30.01,16.81
TR_123,TR,Udaipur (Tripura),inland,2026-09-01,1.15,29.87,14.27
TR_123,TR,Udaipur (Tripura),inland,2026-09-02,0.0,29.52,11.64
TR_123,TR,Udaipur (Tripura),inland,2026-09-03,5.63,30.57,17.82
TR_123,TR,Udaipur (Tripura),inland,2026-09-04,0.0,28.92,16.99
TR_123,TR,Udaipur (Tripura),inland,2026-09-05,10.13,31.35,15.52
TR_123,TR,Udaipur (Tripura),inland,2026-09-06,0.0,29.18,13.2
TR_123,TR,Udaipur (Tripura),inland,2026-09-07,0.0,30.04,11.95
TR_123,TR,Udaipur (Tripura),inland,2026-09-08,29.33,28.66,16.31
TR_123,TR,Udaipur (Tripura),inland,2026-09-09,4.8,29.58,15.63
TR_123,TR,Udaipur (Tripura),inland,2026-09-10,1.39,30.38,13.73
TR_123,TR,Udaipur (Tripura),inland,2026-09-11,22.35,29.85,10.81
TR_123,TR,Udaipur (Tripura),inland,2026-09-12,0.0,29.45,7.99
TR_123,TR,Udaipur (Tripura),inland,2026-09-13,0.0,28.91,9.8
TR_123,TR,Udaipur (Tripura),inland,2026-09-14,0.0,29.77,6.76
TR_123,TR,Udaipur (Tripura),inland,2026-09-15,6.22,29.31,10.03
TR_123,TR,Udaipur (Tripura),inland,2026-09-16,4.81,28.1,8.78
TR_123,TR,Udaipur (Tripura),inland,2026-09-17,0.0,29.27,10.7
TR_123,TR,Udaipur (Tripura),inland,2026-09-18,0.0,28.05,8.91
TR_123,TR,Udaipur (Tripura),inland,2026-09-19,0.0,27.32,8.26
TR_123,TR,Udaipur (Tripura),inland,2026-09-20,0.54,27.27,8.71
TR_123,TR,Udaipur (Tripura),inland,2026-09-21,0.0,26.12,10.34
TR_123,TR,Udaipur (Tripura),inland,2026-09-22,0.0,27.82,8.46
TR_123,TR,Udaipur (Tripura),inland,2026-09-23,2.14,27.75,11.59
TR_123,TR,Udaipur (Tripura),inland,2026-09-24,0.0,28.97,11.54
TR_123,TR,Udaipur (Tripura),inland,2026-09-25,0.71,27.77,10.54
TR_123,TR,Udaipur (Tripura),inland,2026-09-26,0.0,28.06,12.23
TR_123,TR,Udaipur (Tripura),inland,2026-09-27,2.27,27.3,16.32
TR_123,TR,Udaipur (Tripura),inland,2026-09-28,0.0,28.64,11.98
TR_124,TR,Kailashahar,inland,2026-08-30,0.0,29.72,12.57
TR_124,TR,Kailashahar,inland,2026-08-31,0.0,29.89,13.42
TR_124,TR,Kailashahar,inland,2026-09-01,3.58,30.78,15.25
TR_124,TR,Kailashahar,inland,2026-09-02,0.0,30.68,11.92
TR_124,TR,Kailashahar,inland,2026-09-03,3.59,29.44,14.8
TR_124,TR,Kailashahar,inland,2026-09-04,10.48,30.84,16.5
TR_124,TR,Kailashahar,inland,2026-09-05,0.22,29.87,15.12
TR_124,TR,Kailashahar,inland,2026-09-06,0.1,30.73,15.79
TR_124,TR,Kailashahar,inland,2026-09-07,11.84,30.33,15.14
TR_124,TR,Kailashahar,inland,2026-09-08,3.96,30.07,12.15
TR_124,TR,Kailashahar,inland,2026-09-09,0.0,29.63,11.55
TR_124,TR,Kailashahar,inland,2026-09-10,0.44,28.92,9.63
TR_124,TR,Kailashahar,inland,2026-09-11,0.0,27.92,10.4
TR_124,TR,Kailashahar,inland,2026-09-12,14.43,27.64,12.09
TR_124,TR,Kailashahar,inland,2026-09-13,0.0,28.23,8.44
TR_124,TR,Kailashahar,inland,2026-09-14,0.0,29.49,7.32
TR_124,TR,Kailashahar,inland,2026-09-15,6.08,27.94,9.61
TR_124,TR,Kailashahar,inland,2026-09-16,8.15,28.43,5.01
TR_124,TR,Kailashahar,inland,2026-09-17,16.53,26.0,8.0
TR_124,TR,Kailashahar,inland,2026-09-18,11.78,27.47,7.56
TR_124,TR,Kailashahar,inland,2026-09-19,15.56,27.24,10.07
TR_124,TR,Kailashahar,inland,2026-09-20,0.0,28.07,12.42
TR_124,TR,Kailashahar,inland,2026-09-21,0.0,27.08,8.72
TR_124,TR,Kailashahar,inland,2026-09-22,1.1,27.87,9.86
TR_124,TR,Kailashahar,inland,2026-09-23,0.62,28.37,11.51
TR_124,TR,Kailashahar,inland,2026-09-24,13.5,26.92,14.09
TR_124,TR,Kailashahar,inland,2026-09-25,4.62,28.21,10.27
TR_124,TR,Kailashahar,inland,2026-09-26,4.72,30.17,14.31
TR_124,TR,Kailashahar,inland,2026-09-27,1.61,30.13,12.96
TR_124,TR,Kailashahar,inland,2026-09-28,0.1,28.85,14.03
TR_125,TR,Belonia,inland,2026-08-30,2.01,30.14,10.21
TR_125,TR,Belonia,inland,2026-08-31,0.0,29.35,8.31
TR_125,TR,Belonia,inland,2026-09-01,5.0,30.19,11.19
TR_125,TR,Belonia,inland,2026-09-02,16.37,29.34,15.25
TR_125,TR,Belonia,inland,2026-09-03,5.68,29.84,15.09
TR_125,TR,Belonia,inland,2026-09-04,0.11,29.73,15.16
TR_125,TR,Belonia,inland,2026-09-05,4.6,29.18,13.29
TR_125,TR,Belonia,inland,2026-09-06,0.0,29.99,17.34
TR_125,TR,Belonia,inland,2026-09-07,0.68,29.39,14.18
TR_125,TR,Belonia,inland,2026-09-08,7.73,29.73,12.52
TR_125,TR,Belonia,inland,2026-09-09,0.0,28.53,12.69
TR_125,TR,Belonia,inland,2026-09-10,2.87,29.44,13.41
TR_125,TR,Belonia,inland,2026-09-11,12.93,29.14,14.28
TR_125,TR,Belonia,inland,2026-09-12,0.0,27.81,14.58
TR_125,TR,Belonia,inland,2026-09-13,16.55,28.2,12.15
TR_125,TR,Belonia,inland,2026-09-14,0.0,27.27,10.17
TR_125,TR,Belonia,inland,2026-09-15,19.79,27.85,9.69
TR_125,TR,Belonia,inland,2026-09-16,9.39,26.05,12.2
TR_125,TR,Belonia,inland,2026-09-17,0.0,26.62,9.06
TR_125,TR,Belonia,inland,2026-09-18,11.69,27.76,12.55
TR_125,TR,Belonia,inland,2026-09-19,0.73,26.68,8.82
TR_125,TR,Belonia,inland,2026-09-20,0.25,28.47,9.1
TR_125,TR,Belonia,inland,2026-09-21,11.9,27.73,9.62
TR_125,TR,Belonia,inland,2026-09-22,0.0,28.09,9.58
TR_125,TR,Belonia,inland,2026-09-23,0.0,28.74,3.8
TR_125,TR,Belonia,inland,2026-09-24,15.92,29.16,9.93
TR_125,TR,Belonia,inland,2026-09-25,4.74,28.47,8.66
TR_125,TR,Belonia,inland,2026-09-26,0.98,28.6,10.49
TR_125,TR,Belonia,inland,2026-09-27,4.01,29.24,12.29
TR_125,TR,Belonia,inland,2026-09-28,2.95,29.64,9.27
UP_126,UP,Lucknow,inland,2026-08-30,0.0,30.57,11.69
UP_126,UP,Lucknow,inland,2026-08-31,5.69,30.8,12.03
UP_126,UP,Lucknow,inland,2026-09-01,1.85,30.49,16.36
UP_126,UP,Lucknow,inland,2026-09-02,11.36,31.61,14.48
UP_126,UP,Lucknow,inland,2026-09-03,10.13,30.87,17.42
UP_126,UP,Lucknow,inland,2026-09-04,0.0,32.77,10.34
UP_126,UP,Lucknow,inland,2026-09-05,0.0,30.62,15.45
UP_126,UP,Lucknow,inland,2026-09-06,0.0,30.63,15.78
UP_126,UP,Lucknow,inland,2026-09-07,0.13,31.77,15.14
UP_126,UP,Lucknow,inland,2026-09-08,0.0,31.54,15.24
UP_126,UP,Lucknow,inland,2026-09-09,20.13,31.41,12.68
UP_126,UP,Lucknow,inland,2026-09-10,76.27,31.17,17.3
UP_126,UP,Lucknow,inland,2026-09-11,1.77,31.13,11.34
UP_126,UP,Lucknow,inland,2026-09-12,0.51,30.78,14.27
UP_126,UP,Lucknow,inland,2026-09-13,0.1,29.19,9.83
UP_126,UP,Lucknow,inland,2026-09-14,0.0,29.47,8.9
UP_126,UP,Lucknow,inland,2026-09-15,2.36,28.85,11.44
UP_126,UP,Lucknow,inland,2026-09-16,0.0,28.58,12.59
UP_126,UP,Lucknow,inland,2026-09-17,0.0,28.63,8.19
UP_126,UP,Lucknow,inland,2026-09-18,12.8,28.92,6.77
UP_126,UP,Lucknow,inland,2026-09-19,2.24,28.95,7.9
UP_126,UP,Lucknow,inland,2026-09-20,1.41,29.14,6.44
UP_126,UP,Lucknow,inland,2026-09-21,3.2,28.65,8.88
UP_126,UP,Lucknow,inland,2026-09-22,0.0,29.15,8.3
UP_126,UP,Lucknow,inland,2026-09-23,14.58,29.02,11.63
UP_126,UP,Lucknow,inland,2026-09-24,32.18,28.15,10.55
UP_126,UP,Lucknow,inland,2026-09-25,5.01,30.56,11.04
UP_126,UP,Lucknow,inland,2026-09-26,9.67,29.0,11.24
UP_126,UP,Lucknow,inland,2026-09-27,1.96,27.93,9.62
UP_126,UP,Lucknow,inland,2026-09-28,0.58,30.47,11.78
UP_127,UP,Kanpur,inland,2026-08-30,0.0,29.19,15.63
UP_127,UP,Kanpur,inland,2026-08-31,0.21,30.61,11.95
UP_127,UP,Kanpur,inland,2026-09-01,0.0,30.3,14.58
UP_127,UP,Kanpur,inland,2026-09-02,1.87,32.0,11.6
UP_127,UP,Kanpur,inland,2026-09-03,0.0,31.74,15.76
UP_127,UP,Kanpur,inland,2026-09-04,0.0,31.37,14.45
UP_127,UP,Kanpur,inland,2026-09-05,1.06,31.56,15.46
UP_127,UP,Kanpur,inland,2026-09-06,6.3,31.92,15.56
UP_127,UP,Kanpur,inland,2026-09-07,4.95,32.1,13.45
UP_127,UP,Kanpur,inland,2026-09-08,2.29,31.12,13.5
UP_127,UP,Kanpur,inland,2026-09-09,8.46,31.15,10.56
UP_127,UP,Kanpur,inland,2026-09-10,3.29,30.08,11.65
UP_127,UP,Kanpur,inland,2026-09-11,1.04,29.75,7.57
UP_127,UP,Kanpur,inland,2026-09-12,3.61,29.89,10.42
UP_127,UP,Kanpur,inland,2026-09-13,0.0,30.4,10.59
UP_127,UP,Kanpur,inland,2026-09-14,0.0,29.17,9.4
UP_127,UP,Kanpur,inland,2026-09-15,2.35,29.61,10.7
UP_127,UP,Kanpur,inland,2026-09-16,7.29,28.14,8.8
UP_127,UP,Kanpur,inland,2026-09-17,0.29,28.16,6.85
UP_127,UP,Kanpur,inland,2026-09-18,0.51,28.52,7.96
UP_127,UP,Kanpur,inland,2026-09-19,10.11,29.57,7.15
UP_127,UP,Kanpur,inland,2026-09-20,12.3,28.14,8.99
UP_127,UP,Kanpur,inland,2026-09-21,13.05,29.75,6.85
UP_127,UP,Kanpur,inland,2026-09-22,0.1,29.23,8.84
UP_127,UP,Kanpur,inland,2026-09-23,0.0,28.73,10.15
UP_127,UP,Kanpur,inland,2026-09-24,0.0,28.54,7.97
UP_127,UP,Kanpur,inland,2026-09-25,2.97,28.35,9.56
UP_127,UP,Kanpur,inland,2026-09-26,8.07,30.55,11.03
UP_127,UP,Kanpur,inland,2026-09-27,8.47,30.58,15.5
UP_127,UP,Kanpur,inland,2026-09-28,0.0,29.85,10.29
UP_128,UP,Varanasi,inland,2026-08-30,0.0,29.78,10.19
UP_128,UP,Varanasi,inland,2026-08-31,0.0,30.3,12.78
UP_128,UP,Varanasi,inland,2026-09-01,5.11,30.55,15.62
UP_128,UP,Varanasi,inland,2026-09-02,3.71,31.35,15.67
UP_128,UP,Varanasi,inland,2026-09-03,8.99,31.07,15.43
UP_128,UP,Varanasi,inland,2026-09-04,8.46,31.99,15.31
UP_128,UP,Varanasi,inland,2026-09-05,8.87,30.31,17.33
UP_128,UP,Varanasi,inland,2026-09-06,0.0,31.11,12.83
UP_128,UP,Varanasi,inland,2026-09-07,4.32,31.64,13.63
UP_128,UP,Varanasi,inland,2026-09-08,0.0,30.0,13.22
UP_128,UP,Varanasi,inland,2026-09-09,0.89,30.44,12.26
UP_128,UP,Varanasi,inland,2026-09-10,1.96,30.39,14.33
UP_128,UP,Varanasi,inland,2026-09-11,0.0,29.73,11.25
UP_128,UP,Varanasi,inland,2026-09-12,0.14,30.58,6.06
UP_128,UP,Varanasi,inland,2026-09-13,4.81,29.88,8.39
UP_128,UP,Varanasi,inland,2026-09-14,0.53,29.84,9.38
UP_128,UP,Varanasi,inland,2026-09-15,0.0,30.03,7.33
UP_128,UP,Varanasi,inland,2026-09-16,2.16,28.78,4.96
UP_128,UP,Varanasi,inland,2026-09-17,0.0,28.84,12.36
UP_128,UP,Varanasi,inland,2026-09-18,8.76,29.27,7.16
UP_128,UP,Varanasi,inland,2026-09-19,6.55,27.89,9.32
UP_128,UP,Varanasi,inland,2026-09-20,6.26,28.42,6.97
UP_128,UP,Varanasi,inland,2026-09-21,0.0,29.19,6.75
UP_128,UP,Varanasi,inland,2026-09-22,2.6,28.91,11.74
UP_128,UP,Varanasi,inland,2026-09-23,6.05,29.61,8.95
UP_128,UP,Varanasi,inland,2026-09-24,0.11,28.93,7.72
UP_128,UP,Varanasi,inland,2026-09-25,13.13,30.0,10.16
UP_128,UP,Varanasi,inland,2026-09-26,0.0,29.32,13.99
UP_128,UP,Varanasi,inland,2026-09-27,0.53,30.62,12.68
UP_128,UP,Varanasi,inland,2026-09-28,0.0,29.39,13.14
UP_129,UP,Agra,inland,2026-08-30,0.09,30.2,8.74
UP_129,UP,Agra,inland,2026-08-31,0.0,32.07,12.8
UP_129,UP,Agra,inland,2026-09-01,0.05,30.79,13.54
UP_129,UP,Agra,inland,2026-09-02,0.0,32.55,14.41
UP_129,UP,Agra,inland,2026-09-03,11.0,30.91,13.17
UP_129,UP,Agra,inland,2026-09-04,0.0,31.27,13.22
UP_129,UP,Agra,inland,2026-09-05,13.54,31.67,11.57
UP_129,UP,Agra,inland,2026-09-06,0.21,30.67,12.62
UP_129,UP,Agra,inland,2026-09-07,3.42,31.33,17.29
UP_129,UP,Agra,inland,2026-09-08,0.0,29.45,18.03
UP_129,UP,Agra,inland,2026-09-09,5.1,30.48,15.42
UP_129,UP,Agra,inland,2026-09-10,15.97,29.75,14.46
UP_129,UP,Agra,inland,2026-09-11,3.55,32.28,13.26
UP_129,UP,Agra,inland,2026-09-12,0.0,28.43,8.82
UP_129,UP,Agra,inland,2026-09-13,0.0,29.43,9.5
UP_129,UP,Agra,inland,2026-09-14,10.03,30.12,10.95
UP_129,UP,Agra,inland,2026-09-15,0.0,30.3,10.16
UP_129,UP,Agra,inland,2026-09-16,33.51,29.89,11.44
UP_129,UP,Agra,inland,2026-09-17,5.97,29.51,6.74
UP_129,UP,Agra,inland,2026-09-18,0.43,28.79,10.17
UP_129,UP,Agra,inland,2026-09-19,3.75,27.17,6.56
UP_129,UP,Agra,inland,2026-09-20,7.07,28.61,10.49
UP_129,UP,Agra,inland,2026-09-21,0.46,28.7,2.3
UP_129,UP,Agra,inland,2026-09-22,1.47,29.03,10.72
UP_129,UP,Agra,inland,2026-09-23,2.23,27.5,8.68
UP_129,UP,Agra,inland,2026-09-24,0.0,28.16,9.03
UP_129,UP,Agra,inland,2026-09-25,5.54,30.0,6.87
UP_129,UP,Agra,inland,2026-09-26,0.0,29.35,10.21
UP_129,UP,Agra,inland,2026-09-27,0.0,28.71,12.01
UP_129,UP,Agra,inland,2026-09-28,0.95,31.15,11.78
UP_130,UP,Prayagraj,inland,2026-08-30,0.0,31.41,15.02
UP_130,UP,Prayagraj,inland,2026-08-31,0.0,31.43,13.54
UP_130,UP,Prayagraj,inland,2026-09-01,3.74,29.97,16.38
UP_130,UP,Prayagraj,inland,2026-09-02,4.27,31.81,15.87
UP_130,UP,Prayagraj,inland,2026-09-03,0.0,30.39,18.28
UP_130,UP,Prayagraj,inland,2026-09-04,0.27,32.01,16.04
UP_130,UP,Prayagraj,inland,2026-09-05,3.63,30.86,14.67
UP_130,UP,Prayagraj,inland,2026-09-06,35.42,30.16,16.15
UP_130,UP,Prayagraj,inland,2026-09-07,1.94,30.79,15.23
UP_130,UP,Prayagraj,inland,2026-09-08,0.94,29.32,12.94
UP_130,UP,Prayagraj,inland,2026-09-09,4.44,30.87,12.26
UP_130,UP,Prayagraj,inland,2026-09-10,0.11,31.0,11.26
UP_130,UP,Prayagraj,inland,2026-09-11,1.25,30.64,9.73
UP_130,UP,Prayagraj,inland,2026-09-12,0.0,29.86,11.23
UP_130,UP,Prayagraj,inland,2026-09-13,3.74,28.61,13.67
UP_130,UP,Prayagraj,inland,2026-09-14,5.0,28.75,10.96
UP_130,UP,Prayagraj,inland,2026-09-15,0.38,29.06,8.09
UP_130,UP,Prayagraj,inland,2026-09-16,10.8,28.31,7.37
UP_130,UP,Prayagraj,inland,2026-09-17,15.34,29.78,9.16
UP_130,UP,Prayagraj,inland,2026-09-18,6.78,29.11,8.33
UP_130,UP,Prayagraj,inland,2026-09-19,0.11,28.24,9.5
UP_130,UP,Prayagraj,inland,2026-09-20,0.0,29.37,10.14
UP_130,UP,Prayagraj,inland,2026-09-21,0.0,29.92,7.35
UP_130,UP,Prayagraj,inland,2026-09-22,0.0,29.72,8.59
UP_130,UP,Prayagraj,inland,2026-09-23,13.96,29.16,9.64
UP_130,UP,Prayagraj,inland,2026-09-24,4.9,31.29,8.11
UP_130,UP,Prayagraj,inland,2026-09-25,0.52,29.75,11.19
UP_130,UP,Prayagraj,inland,2026-09-26,3.68,29.49,14.53
UP_130,UP,Prayagraj,inland,2026-09-27,12.53,29.3,13.79
UP_130,UP,Prayagraj,inland,2026-09-28,0.0,31.61,11.67
UK_131,UK,Dehradun,hilly,2026-08-30,0.0,16.05,10.95
UK_131,UK,Dehradun,hilly,2026-08-31,0.0,15.57,14.95
UK_131,UK,Dehradun,hilly,2026-09-01,6.42,17.12,10.35
UK_131,UK,Dehradun,hilly,2026-09-02,10.96,17.61,12.42
UK_131,UK,Dehradun,hilly,2026-09-03,0.0,18.44,12.57
UK_131,UK,Dehradun,hilly,2026-09-04,46.71,18.43,14.36
UK_131,UK,Dehradun,hilly,2026-09-05,1.15,18.73,15.27
UK_131,UK,Dehradun,hilly,2026-09-06,0.48,17.95,11.61
UK_131,UK,Dehradun,hilly,2026-09-07,3.53,18.01,14.06
UK_131,UK,Dehradun,hilly,2026-09-08,0.26,17.75,9.37
UK_131,UK,Dehradun,hilly,2026-09-09,1.58,17.71,16.75
UK_131,UK,Dehradun,hilly,2026-09-10,27.86,17.38,13.67
UK_131,UK,Dehradun,hilly,2026-09-11,3.11,16.98,10.32
UK_131,UK,Dehradun,hilly,2026-09-12,0.0,17.47,9.02
UK_131,UK,Dehradun,hilly,2026-09-13,3.18,17.49,10.51
UK_131,UK,Dehradun,hilly,2026-09-14,0.0,16.22,8.15
UK_131,UK,Dehradun,hilly,2026-09-15,5.86,16.95,8.52
UK_131,UK,Dehradun,hilly,2026-09-16,180.0,16.67,13.39
UK_131,UK,Dehradun,hilly,2026-09-17,28.84,15.46,8.94
UK_131,UK,Dehradun,hilly,2026-09-18,0.48,15.19,9.66
UK_131,UK,Dehradun,hilly,2026-09-19,1.52,15.01,4.75
UK_131,UK,Dehradun,hilly,2026-09-20,13.61,15.98,5.51
UK_131,UK,Dehradun,hilly,2026-09-21,0.0,14.78,4.03
UK_131,UK,Dehradun,hilly,2026-09-22,0.0,14.59,5.46
UK_131,UK,Dehradun,hilly,2026-09-23,1.78,15.56,7.81
UK_131,UK,Dehradun,hilly,2026-09-24,0.0,15.92,9.24
UK_131,UK,Dehradun,hilly,2026-09-25,3.26,15.25,6.53
UK_131,UK,Dehradun,hilly,2026-09-26,7.74,15.62,10.11
UK_131,UK,Dehradun,hilly,2026-09-27,0.62,16.85,8.18
UK_131,UK,Dehradun,hilly,2026-09-28,9.01,15.82,7.7
UK_132,UK,Haridwar,inland,2026-08-30,0.99,20.14,11.46
UK_132,UK,Haridwar,inland,2026-08-31,0.69,20.37,11.66
UK_132,UK,Haridwar,inland,2026-09-01,14.9,22.25,10.98
UK_132,UK,Haridwar,inland,2026-09-02,10.41,21.8,14.75
UK_132,UK,Haridwar,inland,2026-09-03,2.97,22.87,16.32
UK_132,UK,Haridwar,inland,2026-09-04,0.0,22.77,14.76
UK_132,UK,Haridwar,inland,2026-09-05,2.12,22.93,11.31
UK_132,UK,Haridwar,inland,2026-09-06,0.0,21.56,13.44
UK_132,UK,Haridwar,inland,2026-09-07,0.0,22.33,16.1
UK_132,UK,Haridwar,inland,2026-09-08,4.16,22.03,15.09
UK_132,UK,Haridwar,inland,2026-09-09,0.0,21.95,16.18
UK_132,UK,Haridwar,inland,2026-09-10,0.0,22.33,13.2
UK_132,UK,Haridwar,inland,2026-09-11,0.67,21.12,11.64
UK_132,UK,Haridwar,inland,2026-09-12,7.59,21.71,11.98
UK_132,UK,Haridwar,inland,2026-09-13,0.0,20.97,10.88
UK_132,UK,Haridwar,inland,2026-09-14,0.0,21.16,11.83
UK_132,UK,Haridwar,inland,2026-09-15,0.83,20.46,8.43
UK_132,UK,Haridwar,inland,2026-09-16,0.46,20.32,9.88
UK_132,UK,Haridwar,inland,2026-09-17,3.29,20.15,8.87
UK_132,UK,Haridwar,inland,2026-09-18,9.18,19.76,9.76
UK_132,UK,Haridwar,inland,2026-09-19,0.21,19.85,6.0
UK_132,UK,Haridwar,inland,2026-09-20,36.42,19.36,9.74
UK_132,UK,Haridwar,inland,2026-09-21,0.0,19.51,7.42
UK_132,UK,Haridwar,inland,2026-09-22,8.62,21.25,12.73
UK_132,UK,Haridwar,inland,2026-09-23,5.66,19.77,4.82
UK_132,UK,Haridwar,inland,2026-09-24,5.18,18.73,11.53
UK_132,UK,Haridwar,inland,2026-09-25,0.0,19.68,9.78
UK_132,UK,Haridwar,inland,2026-09-26,0.0,19.91,8.66
UK_132,UK,Haridwar,inland,2026-09-27,0.59,20.59,10.82
UK_132,UK,Haridwar,inland,2026-09-28,0.0,20.09,11.53
UK_133,UK,Haldwani,inland,2026-08-30,1.38,21.98,15.74
UK_133,UK,Haldwani,inland,2026-08-31,3.65,22.18,11.86
UK_133,UK,Haldwani,inland,2026-09-01,0.0,21.28,12.12
UK_133,UK,Haldwani,inland,2026-09-02,0.0,22.22,12.65
UK_133,UK,Haldwani,inland,2026-09-03,2.76,22.63,18.92
UK_133,UK,Haldwani,inland,2026-09-04,21.98,23.76,15.28
UK_133,UK,Haldwani,inland,2026-09-05,2.42,22.96,14.98
UK_133,UK,Haldwani,inland,2026-09-06,14.72,21.56,15.29
UK_133,UK,Haldwani,inland,2026-09-07,1.68,22.37,13.02
UK_133,UK,Haldwani,inland,2026-09-08,0.0,21.83,14.49
UK_133,UK,Haldwani,inland,2026-09-09,0.53,21.16,14.86
UK_133,UK,Haldwani,inland,2026-09-10,77.12,20.87,18.44
UK_133,UK,Haldwani,inland,2026-09-11,1.39,21.69,14.69
UK_133,UK,Haldwani,inland,2026-09-12,0.0,20.65,10.71
UK_133,UK,Haldwani,inland,2026-09-13,4.13,19.8,12.12
UK_133,UK,Haldwani,inland,2026-09-14,0.0,19.41,10.37
UK_133,UK,Haldwani,inland,2026-09-15,4.88,20.2,11.45
UK_133,UK,Haldwani,inland,2026-09-16,0.0,18.69,9.37
UK_133,UK,Haldwani,inland,2026-09-17,0.27,19.18,7.16
UK_133,UK,Haldwani,inland,2026-09-18,0.52,20.3,9.05
UK_133,UK,Haldwani,inland,2026-09-19,19.89,21.08,10.43
UK_133,UK,Haldwani,inland,2026-09-20,0.0,19.7,11.56
UK_133,UK,Haldwani,inland,2026-09-21,2.88,21.32,8.24
UK_133,UK,Haldwani,inland,2026-09-22,0.0,19.57,7.67
UK_133,UK,Haldwani,inland,2026-09-23,0.0,20.22,7.95
UK_133,UK,Haldwani,inland,2026-09-24,3.5,20.86,12.01
UK_133,UK,Haldwani,inland,2026-09-25,0.38,19.91,8.9
UK_133,UK,Haldwani,inland,2026-09-26,18.86,20.44,9.82
UK_133,UK,Haldwani,inland,2026-09-27,0.0,22.11,9.45
UK_133,UK,Haldwani,inland,2026-09-28,1.68,23.15,11.74
UK_134,UK,Roorkee,inland,2026-08-30,0.0,20.01,15.07
UK_134,UK,Roorkee,inland,2026-08-31,0.0,22.24,16.66
UK_134,UK,Roorkee,inland,2026-09-01,11.38,22.45,17.23
UK_134,UK,Roorkee,inland,2026-09-02,20.35,22.31,14.03
UK_134,UK,Roorkee,inland,2026-09-03,9.82,22.38,13.72
UK_134,UK,Roorkee,inland,2026-09-04,19.63,22.51,15.97
UK_134,UK,Roorkee,inland,2026-09-05,0.83,22.03,15.42
UK_134,UK,Roorkee,inland,2026-09-06,0.0,20.98,10.06
UK_134,UK,Roorkee,inland,2026-09-07,2.78,23.33,13.47
UK_134,UK,Roorkee,inland,2026-09-08,0.0,20.58,11.42
UK_134,UK,Roorkee,inland,2026-09-09,3.78,21.42,13.72
UK_134,UK,Roorkee,inland,2026-09-10,4.6,21.19,13.86
UK_134,UK,Roorkee,inland,2026-09-11,16.56,21.06,13.78
UK_134,UK,Roorkee,inland,2026-09-12,0.0,20.88,12.04
UK_134,UK,Roorkee,inland,2026-09-13,0.0,19.52,10.49
UK_134,UK,Roorkee,inland,2026-09-14,2.46,20.61,10.05
UK_134,UK,Roorkee,inland,2026-09-15,0.56,19.44,11.72
UK_134,UK,Roorkee,inland,2026-09-16,0.0,19.77,5.1
UK_134,UK,Roorkee,inland,2026-09-17,20.16,17.76,8.89
UK_134,UK,Roorkee,inland,2026-09-18,19.05,20.43,9.6
UK_134,UK,Roorkee,inland,2026-09-19,1.86,19.74,9.22
UK_134,UK,Roorkee,inland,2026-09-20,0.0,20.85,10.24
UK_134,UK,Roorkee,inland,2026-09-21,0.0,19.78,2.37
UK_134,UK,Roorkee,inland,2026-09-22,0.66,20.0,7.42
UK_134,UK,Roorkee,inland,2026-09-23,0.1,19.65,7.91
UK_134,UK,Roorkee,inland,2026-09-24,2.01,21.05,10.95
UK_134,UK,Roorkee,inland,2026-09-25,0.0,20.02,8.64
UK_134,UK,Roorkee,inland,2026-09-26,15.6,19.67,11.24
UK_134,UK,Roorkee,inland,2026-09-27,0.0,21.98,10.97
UK_134,UK,Roorkee,inland,2026-09-28,0.0,20.48,17.46
UK_135,UK,Rishikesh,hilly,2026-08-30,0.0,17.81,13.21
UK_135,UK,Rishikesh,hilly,2026-08-31,5.52,17.24,13.41
UK_135,UK,Rishikesh,hilly,2026-09-01,7.75,18.86,14.92
UK_135,UK,Rishikesh,hilly,2026-09-02,0.15,18.57,12.06
UK_135,UK,Rishikesh,hilly,2026-09-03,6.16,18.77,11.48
UK_135,UK,Rishikesh,hilly,2026-09-04,0.0,18.08,16.87
UK_135,UK,Rishikesh,hilly,2026-09-05,1.46,16.87,11.18
UK_135,UK,Rishikesh,hilly,2026-09-06,12.71,18.13,15.84
UK_135,UK,Rishikesh,hilly,2026-09-07,0.54,17.99,15.0
UK_135,UK,Rishikesh,hilly,2026-09-08,6.18,16.87,13.18
UK_135,UK,Rishikesh,hilly,2026-09-09,0.0,16.21,11.46
UK_135,UK,Rishikesh,hilly,2026-09-10,4.88,15.53,10.07
UK_135,UK,Rishikesh,hilly,2026-09-11,6.96,16.6,11.89
UK_135,UK,Rishikesh,hilly,2026-09-12,9.05,16.72,11.12
UK_135,UK,Rishikesh,hilly,2026-09-13,0.0,15.23,8.17
UK_135,UK,Rishikesh,hilly,2026-09-14,2.12,14.56,4.86
UK_135,UK,Rishikesh,hilly,2026-09-15,0.0,13.9,7.51
UK_135,UK,Rishikesh,hilly,2026-09-16,3.7,15.85,5.73
UK_135,UK,Rishikesh,hilly,2026-09-17,0.0,16.54,8.25
UK_135,UK,Rishikesh,hilly,2026-09-18,0.0,14.38,8.76
UK_135,UK,Rishikesh,hilly,2026-09-19,5.63,14.73,7.87
UK_135,UK,Rishikesh,hilly,2026-09-20,0.0,14.64,3.97
UK_135,UK,Rishikesh,hilly,2026-09-21,3.15,15.27,6.18
UK_135,UK,Rishikesh,hilly,2026-09-22,0.0,15.31,8.14
UK_135,UK,Rishikesh,hilly,2026-09-23,0.0,16.01,6.67
UK_135,UK,Rishikesh,hilly,2026-09-24,24.47,16.45,9.15
UK_135,UK,Rishikesh,hilly,2026-09-25,2.08,17.88,7.1
UK_135,UK,Rishikesh,hilly,2026-09-26,4.32,15.86,9.48
UK_135,UK,Rishikesh,hilly,2026-09-27,5.22,17.01,10.39
UK_135,UK,Rishikesh,hilly,2026-09-28,0.24,16.5,10.74
WB_136,WB,Kolkata,coastal,2026-08-30,1.23,29.68,15.61
WB_136,WB,Kolkata,coastal,2026-08-31,0.61,29.33,14.65
WB_136,WB,Kolkata,coastal,2026-09-01,0.0,28.86,17.52
WB_136,WB,Kolkata,coastal,2026-09-02,9.99,29.85,15.75
WB_136,WB,Kolkata,coastal,2026-09-03,4.22,29.85,18.42
WB_136,WB,Kolkata,coastal,2026-09-04,10.54,30.22,17.87
WB_136,WB,Kolkata,coastal,2026-09-05,0.23,30.07,17.28
WB_136,WB,Kolkata,coastal,2026-09-06,0.0,29.09,16.48
WB_136,WB,Kolkata,coastal,2026-09-07,1.28,29.3,18.97
WB_136,WB,Kolkata,coastal,2026-09-08,6.27,29.67,18.94
WB_136,WB,Kolkata,coastal,2026-09-09,28.79,30.63,22.89
WB_136,WB,Kolkata,coastal,2026-09-10,37.88,28.3,21.34
WB_136,WB,Kolkata,coastal,2026-09-11,0.98,28.08,19.42
WB_136,WB,Kolkata,coastal,2026-09-12,129.56,28.73,21.69
WB_136,WB,Kolkata,coastal,2026-09-13,7.29,27.9,14.39
WB_136,WB,Kolkata,coastal,2026-09-14,0.0,28.28,13.91
WB_136,WB,Kolkata,coastal,2026-09-15,5.86,26.67,14.07
WB_136,WB,Kolkata,coastal,2026-09-16,1.89,26.77,11.28
WB_136,WB,Kolkata,coastal,2026-09-17,2.73,26.91,10.4
WB_136,WB,Kolkata,coastal,2026-09-18,23.25,26.3,16.3
WB_136,WB,Kolkata,coastal,2026-09-19,9.69,27.6,11.81
WB_136,WB,Kolkata,coastal,2026-09-20,16.23,29.48,11.15
WB_136,WB,Kolkata,coastal,2026-09-21,2.45,27.37,11.84
WB_136,WB,Kolkata,coastal,2026-09-22,0.51,26.73,13.6
WB_136,WB,Kolkata,coastal,2026-09-23,11.22,27.64,14.02
WB_136,WB,Kolkata,coastal,2026-09-24,4.99,27.62,12.88
WB_136,WB,Kolkata,coastal,2026-09-25,40.38,28.78,15.89
WB_136,WB,Kolkata,coastal,2026-09-26,20.88,28.45,12.4
WB_136,WB,Kolkata,coastal,2026-09-27,0.87,28.65,13.96
WB_136,WB,Kolkata,coastal,2026-09-28,7.47,28.92,16.16
WB_137,WB,Siliguri,inland,2026-08-30,0.0,29.71,9.16
WB_137,WB,Siliguri,inland,2026-08-31,8.9,31.8,13.25
WB_137,WB,Siliguri,inland,2026-09-01,19.7,29.56,12.55
WB_137,WB,Siliguri,inland,2026-09-02,19.99,29.04,15.65
WB_137,WB,Siliguri,inland,2026-09-03,5.78,30.63,13.85
WB_137,WB,Siliguri,inland,2026-09-04,43.79,30.6,13.64
WB_137,WB,Siliguri,inland,2026-09-05,1.96,29.75,13.84
WB_137,WB,Siliguri,inland,2026-09-06,5.08,30.54,12.94
WB_137,WB,Siliguri,inland,2026-09-07,0.0,28.74,13.14
WB_137,WB,Siliguri,inland,2026-09-08,9.29,29.89,14.59
WB_137,WB,Siliguri,inland,2026-09-09,3.28,29.41,13.21
WB_137,WB,Siliguri,inland,2026-09-10,5.42,29.46,12.74
WB_137,WB,Siliguri,inland,2026-09-11,10.94,27.73,14.32
WB_137,WB,Siliguri,inland,2026-09-12,0.0,29.58,11.86
WB_137,WB,Siliguri,inland,2026-09-13,0.58,28.68,13.19
WB_137,WB,Siliguri,inland,2026-09-14,9.82,27.54,13.98
WB_137,WB,Siliguri,inland,2026-09-15,0.18,27.37,8.82
WB_137,WB,Siliguri,inland,2026-09-16,57.08,27.22,12.56
WB_137,WB,Siliguri,inland,2026-09-17,0.0,26.11,9.69
WB_137,WB,Siliguri,inland,2026-09-18,7.82,27.7,9.68
WB_137,WB,Siliguri,inland,2026-09-19,0.32,28.04,12.96
WB_137,WB,Siliguri,inland,2026-09-20,0.0,28.66,8.1
WB_137,WB,Siliguri,inland,2026-09-21,1.01,28.2,10.2
WB_137,WB,Siliguri,inland,2026-09-22,40.81,28.01,12.14
WB_137,WB,Siliguri,inland,2026-09-23,0.0,29.58,8.04
WB_137,WB,Siliguri,inland,2026-09-24,0.2,27.86,10.91
WB_137,WB,Siliguri,inland,2026-09-25,12.72,28.27,9.76
WB_137,WB,Siliguri,inland,2026-09-26,2.25,28.57,6.63
WB_137,WB,Siliguri,inland,2026-09-27,8.14,28.59,8.33
WB_137,WB,Siliguri,inland,2026-09-28,0.0,29.91,13.0
WB_138,WB,Asansol,inland,2026-08-30,0.0,28.57,13.92
WB_138,WB,Asansol,inland,2026-08-31,0.0,29.68,13.24
WB_138,WB,Asansol,inland,2026-09-01,0.0,30.42,12.38
WB_138,WB,Asansol,inland,2026-09-02,8.87,31.11,12.73
WB_138,WB,Asansol,inland,2026-09-03,1.67,30.39,15.98
WB_138,WB,Asansol,inland,2026-09-04,0.0,31.77,14.24
WB_138,WB,Asansol,inland,2026-09-05,3.56,30.92,13.02
WB_138,WB,Asansol,inland,2026-09-06,1.94,32.06,17.77
WB_138,WB,Asansol,inland,2026-09-07,1.52,31.15,15.72
WB_138,WB,Asansol,inland,2026-09-08,20.11,29.5,11.42
WB_138,WB,Asansol,inland,2026-09-09,12.7,29.65,14.44
WB_138,WB,Asansol,inland,2026-09-10,10.69,31.0,14.7
WB_138,WB,Asansol,inland,2026-09-11,3.13,29.58,13.08
WB_138,WB,Asansol,inland,2026-09-12,0.0,29.78,13.23
WB_138,WB,Asansol,inland,2026-09-13,0.0,28.05,9.54
WB_138,WB,Asansol,inland,2026-09-14,2.5,28.53,11.39
WB_138,WB,Asansol,inland,2026-09-15,0.0,28.04,11.24
WB_138,WB,Asansol,inland,2026-09-16,0.0,28.43,9.44
WB_138,WB,Asansol,inland,2026-09-17,2.62,27.95,10.3
WB_138,WB,Asansol,inland,2026-09-18,1.02,28.24,10.44
WB_138,WB,Asansol,inland,2026-09-19,2.57,28.01,6.32
WB_138,WB,Asansol,inland,2026-09-20,0.67,27.59,7.12
WB_138,WB,Asansol,inland,2026-09-21,0.86,26.97,6.4
WB_138,WB,Asansol,inland,2026-09-22,13.78,28.44,8.7
WB_138,WB,Asansol,inland,2026-09-23,0.0,28.19,8.8
WB_138,WB,Asansol,inland,2026-09-24,0.0,28.58,9.46
WB_138,WB,Asansol,inland,2026-09-25,0.16,29.25,7.6
WB_138,WB,Asansol,inland,2026-09-26,6.13,28.75,9.54
WB_138,WB,Asansol,inland,2026-09-27,0.0,29.71,11.38
WB_138,WB,Asansol,inland,2026-09-28,0.0,28.81,10.05
WB_139,WB,Durgapur,inland,2026-08-30,1.17,30.4,14.35
WB_139,WB,Durgapur,inland,2026-08-31,0.45,30.53,11.33
WB_139,WB,Durgapur,inland,2026-09-01,11.12,29.01,11.41
WB_139,WB,Durgapur,inland,2026-09-02,2.46,29.67,14.31
WB_139,WB,Durgapur,inland,2026-09-03,25.13,29.94,16.24
WB_139,WB,Durgapur,inland,2026-09-04,3.29,30.45,17.67
WB_139,WB,Durgapur,inland,2026-09-05,0.0,30.13,15.09
WB_139,WB,Durgapur,inland,2026-09-06,5.01,30.11,15.54
WB_139,WB,Durgapur,inland,2026-09-07,5.88,30.12,13.54
WB_139,WB,Durgapur,inland,2026-09-08,0.29,31.03,17.07
WB_139,WB,Durgapur,inland,2026-09-09,36.77,29.66,16.48
WB_139,WB,Durgapur,inland,2026-09-10,2.27,30.21,14.23
WB_139,WB,Durgapur,inland,2026-09-11,105.62,29.43,17.87
WB_139,WB,Durgapur,inland,2026-09-12,17.08,29.74,12.24
WB_139,WB,Durgapur,inland,2026-09-13,0.0,30.02,12.56
WB_139,WB,Durgapur,inland,2026-09-14,5.43,29.31,11.07
WB_139,WB,Durgapur,inland,2026-09-15,0.0,29.53,11.39
WB_139,WB,Durgapur,inland,2026-09-16,14.16,30.18,11.27
WB_139,WB,Durgapur,inland,2026-09-17,25.45,27.82,11.73
WB_139,WB,Durgapur,inland,2026-09-18,0.55,28.66,8.74
WB_139,WB,Durgapur,inland,2026-09-19,5.27,26.76,12.03
WB_139,WB,Durgapur,inland,2026-09-20,0.63,27.07,6.78
WB_139,WB,Durgapur,inland,2026-09-21,46.29,27.3,10.94
WB_139,WB,Durgapur,inland,2026-09-22,0.55,26.63,8.91
WB_139,WB,Durgapur,inland,2026-09-23,11.55,27.98,7.65
WB_139,WB,Durgapur,inland,2026-09-24,5.88,27.77,11.61
WB_139,WB,Durgapur,inland,2026-09-25,2.74,29.7,11.82
WB_139,WB,Durgapur,inland,2026-09-26,8.36,29.3,7.94
WB_139,WB,Durgapur,inland,2026-09-27,2.13,28.34,8.37
WB_139,WB,Durgapur,inland,2026-09-28,0.0,29.71,11.0
WB_140,WB,Darjeeling,hilly,2026-08-30,7.36,24.41,13.19
WB_140,WB,Darjeeling,hilly,2026-08-31,3.22,27.24,12.32
WB_140,WB,Darjeeling,hilly,2026-09-01,68.78,27.89,16.75
WB_140,WB,Darjeeling,hilly,2026-09-02,1.63,26.69,14.19
WB_140,WB,Darjeeling,hilly,2026-09-03,28.85,25.24,13.0
WB_140,WB,Darjeeling,hilly,2026-09-04,1.85,27.07,10.09
WB_140,WB,Darjeeling,hilly,2026-09-05,2.56,25.61,13.65
WB_140,WB,Darjeeling,hilly,2026-09-06,1.56,25.01,14.43
WB_140,WB,Darjeeling,hilly,2026-09-07,0.0,24.7,12.87
WB_140,WB,Darjeeling,hilly,2026-09-08,3.96,25.18,7.01
WB_140,WB,Darjeeling,hilly,2026-09-09,38.47,24.21,11.74
WB_140,WB,Darjeeling,hilly,2026-09-10,0.0,23.95,8.36
WB_140,WB,Darjeeling,hilly,2026-09-11,0.37,24.43,11.06
WB_140,WB,Darjeeling,hilly,2026-09-12,0.0,24.67,9.49
WB_140,WB,Darjeeling,hilly,2026-09-13,0.15,24.37,3.06
WB_140,WB,Darjeeling,hilly,2026-09-14,6.73,23.36,9.27
WB_140,WB,Darjeeling,hilly,2026-09-15,8.29,22.99,10.08
WB_140,WB,Darjeeling,hilly,2026-09-16,1.3,23.36,6.62
WB_140,WB,Darjeeling,hilly,2026-09-17,35.09,22.38,7.23
WB_140,WB,Darjeeling,hilly,2026-09-18,28.12,23.95,7.89
WB_140,WB,Darjeeling,hilly,2026-09-19,2.61,24.83,5.7
WB_140,WB,Darjeeling,hilly,2026-09-20,1.01,23.64,5.59
WB_140,WB,Darjeeling,hilly,2026-09-21,84.95,23.43,10.74
WB_140,WB,Darjeeling,hilly,2026-09-22,0.0,23.17,7.97
WB_140,WB,Darjeeling,hilly,2026-09-23,20.32,23.82,12.64
WB_140,WB,Darjeeling,hilly,2026-09-24,2.4,24.63,9.12
WB_140,WB,Darjeeling,hilly,2026-09-25,1.39,23.83,8.53
WB_140,WB,Darjeeling,hilly,2026-09-26,0.0,25.09,8.56
WB_140,WB,Darjeeling,hilly,2026-09-27,6.19,25.27,9.81
WB_140,WB,Darjeeling,hilly,2026-09-28,0.0,24.33,11.97
DL_141,DL,New Delhi,inland,2026-08-30,0.0,29.35,12.01
DL_141,DL,New Delhi,inland,2026-08-31,1.29,30.59,11.86
DL_141,DL,New Delhi,inland,2026-09-01,2.58,31.31,15.69
DL_141,DL,New Delhi,inland,2026-09-02,0.1,30.73,15.04
DL_141,DL,New Delhi,inland,2026-09-03,21.78,31.89,15.02
DL_141,DL,New Delhi,inland,2026-09-04,0.0,31.58,15.71
DL_141,DL,New Delhi,inland,2026-09-05,6.04,30.6,15.98
DL_141,DL,New Delhi,inland,2026-09-06,0.41,31.43,11.13
DL_141,DL,New Delhi,inland,2026-09-07,0.0,31.32,14.23
DL_141,DL,New Delhi,inland,2026-09-08,1.94,31.69,16.27
DL_141,DL,New Delhi,inland,2026-09-09,0.32,31.13,14.79
DL_141,DL,New Delhi,inland,2026-09-10,0.0,33.05,12.43
DL_141,DL,New Delhi,inland,2026-09-11,0.0,32.09,14.26
DL_141,DL,New Delhi,inland,2026-09-12,3.51,30.9,14.43
DL_141,DL,New Delhi,inland,2026-09-13,0.1,31.62,13.16
DL_141,DL,New Delhi,inland,2026-09-14,0.0,30.79,12.44
DL_141,DL,New Delhi,inland,2026-09-15,0.2,31.21,10.36
DL_141,DL,New Delhi,inland,2026-09-16,7.7,30.72,11.64
DL_141,DL,New Delhi,inland,2026-09-17,0.0,29.25,6.7
DL_141,DL,New Delhi,inland,2026-09-18,0.8,30.04,7.55
DL_141,DL,New Delhi,inland,2026-09-19,21.23,29.76,9.66
DL_141,DL,New Delhi,inland,2026-09-20,0.0,29.54,10.98
DL_141,DL,New Delhi,inland,2026-09-21,5.12,28.49,9.04
DL_141,DL,New Delhi,inland,2026-09-22,0.4,30.27,7.86
DL_141,DL,New Delhi,inland,2026-09-23,0.0,29.49,10.0
DL_141,DL,New Delhi,inland,2026-09-24,3.8,29.23,8.12
DL_141,DL,New Delhi,inland,2026-09-25,0.55,29.98,6.82
DL_141,DL,New Delhi,inland,2026-09-26,0.35,28.29,7.38
DL_141,DL,New Delhi,inland,2026-09-27,4.32,30.45,9.06
DL_141,DL,New Delhi,inland,2026-09-28,0.0,32.45,6.29
DL_142,DL,North Delhi,inland,2026-08-30,0.0,30.18,9.48
DL_142,DL,North Delhi,inland,2026-08-31,0.14,30.42,13.23
DL_142,DL,North Delhi,inland,2026-09-01,0.0,31.6,12.13
DL_142,DL,North Delhi,inland,2026-09-02,0.0,31.02,11.7
DL_142,DL,North Delhi,inland,2026-09-03,7.51,31.44,15.78
DL_142,DL,North Delhi,inland,2026-09-04,0.34,30.83,14.51
DL_142,DL,North Delhi,inland,2026-09-05,0.53,32.79,14.18
DL_142,DL,North Delhi,inland,2026-09-06,0.89,31.9,16.36
DL_142,DL,North Delhi,inland,2026-09-07,0.0,32.08,13.69
DL_142,DL,North Delhi,inland,2026-09-08,0.0,32.68,15.06
DL_142,DL,North Delhi,inland,2026-09-09,5.93,31.71,14.19
DL_142,DL,North Delhi,inland,2026-09-10,3.46,30.5,15.67
DL_142,DL,North Delhi,inland,2026-09-11,13.52,30.45,14.98
DL_142,DL,North Delhi,inland,2026-09-12,0.0,31.04,13.22
DL_142,DL,North Delhi,inland,2026-09-13,0.0,30.77,13.22
DL_142,DL,North Delhi,inland,2026-09-14,0.0,31.24,12.16
DL_142,DL,North Delhi,inland,2026-09-15,0.0,30.21,7.58
DL_142,DL,North Delhi,inland,2026-09-16,3.91,28.95,8.55
DL_142,DL,North Delhi,inland,2026-09-17,15.27,31.04,9.06
DL_142,DL,North Delhi,inland,2026-09-18,10.59,28.72,13.44
DL_142,DL,North Delhi,inland,2026-09-19,17.53,28.53,9.87
DL_142,DL,North Delhi,inland,2026-09-20,0.0,29.05,9.27
DL_142,DL,North Delhi,inland,2026-09-21,0.0,29.11,8.54
DL_142,DL,North Delhi,inland,2026-09-22,0.99,29.66,9.3
DL_142,DL,North Delhi,inland,2026-09-23,0.0,28.8,5.65
DL_142,DL,North Delhi,inland,2026-09-24,3.41,29.81,9.98
DL_142,DL,North Delhi,inland,2026-09-25,1.73,29.65,10.22
DL_142,DL,North Delhi,inland,2026-09-26,0.0,31.02,9.47
DL_142,DL,North Delhi,inland,2026-09-27,0.0,29.68,9.35
DL_142,DL,North Delhi,inland,2026-09-28,0.0,30.43,10.14
DL_143,DL,South Delhi,inland,2026-08-30,0.0,30.4,13.35
DL_143,DL,South Delhi,inland,2026-08-31,0.0,31.2,15.43
DL_143,DL,South Delhi,inland,2026-09-01,0.0,30.72,9.69
DL_143,DL,South Delhi,inland,2026-09-02,8.77,31.66,12.01
DL_143,DL,South Delhi,inland,2026-09-03,2.46,32.62,13.17
DL_143,DL,South Delhi,inland,2026-09-04,0.0,31.41,15.56
DL_143,DL,South Delhi,inland,2026-09-05,8.28,30.83,13.73
DL_143,DL,South Delhi,inland,2026-09-06,0.0,32.78,14.19
DL_143,DL,South Delhi,inland,2026-09-07,2.12,30.82,15.2
DL_143,DL,South Delhi,inland,2026-09-08,2.41,30.85,13.78
DL_143,DL,South Delhi,inland,2026-09-09,9.41,32.14,12.55
DL_143,DL,South Delhi,inland,2026-09-10,12.39,30.99,14.31
DL_143,DL,South Delhi,inland,2026-09-11,0.0,30.11,12.6
DL_143,DL,South Delhi,inland,2026-09-12,0.0,30.35,11.95
DL_143,DL,South Delhi,inland,2026-09-13,0.0,29.15,14.9
DL_143,DL,South Delhi,inland,2026-09-14,11.0,30.63,12.8
DL_143,DL,South Delhi,inland,2026-09-15,0.0,29.03,11.08
DL_143,DL,South Delhi,inland,2026-09-16,8.98,27.77,8.43
DL_143,DL,South Delhi,inland,2026-09-17,0.0,30.15,9.51
DL_143,DL,South Delhi,inland,2026-09-18,4.58,29.16,13.45
DL_143,DL,South Delhi,inland,2026-09-19,1.1,29.24,10.11
DL_143,DL,South Delhi,inland,2026-09-20,0.0,28.0,8.39
DL_143,DL,South Delhi,inland,2026-09-21,0.0,29.16,7.85
DL_143,DL,South Delhi,inland,2026-09-22,3.0,27.99,12.94
DL_143,DL,South Delhi,inland,2026-09-23,0.85,29.91,9.13
DL_143,DL,South Delhi,inland,2026-09-24,0.0,29.85,11.75
DL_143,DL,South Delhi,inland,2026-09-25,0.51,29.03,8.87
DL_143,DL,South Delhi,inland,2026-09-26,0.0,28.92,13.87
DL_143,DL,South Delhi,inland,2026-09-27,0.0,30.2,9.92
DL_143,DL,South Delhi,inland,2026-09-28,1.44,31.08,7.67
DL_144,DL,East Delhi,inland,2026-08-30,0.0,31.47,11.19
DL_144,DL,East Delhi,inland,2026-08-31,0.18,31.82,14.84
DL_144,DL,East Delhi,inland,2026-09-01,1.53,30.57,14.51
DL_144,DL,East Delhi,inland,2026-09-02,0.0,32.38,13.12
DL_144,DL,East Delhi,inland,2026-09-03,7.74,32.04,17.64
DL_144,DL,East Delhi,inland,2026-09-04,0.25,31.8,15.35
DL_144,DL,East Delhi,inland,2026-09-05,0.0,30.93,12.71
DL_144,DL,East Delhi,inland,2026-09-06,0.0,30.91,16.17
DL_144,DL,East Delhi,inland,2026-09-07,10.66,31.23,16.13
DL_144,DL,East Delhi,inland,2026-09-08,0.0,30.11,10.28
DL_144,DL,East Delhi,inland,2026-09-09,0.0,30.66,10.22
DL_144,DL,East Delhi,inland,2026-09-10,4.93,30.22,13.7
DL_144,DL,East Delhi,inland,2026-09-11,5.87,29.57,7.87
DL_144,DL,East Delhi,inland,2026-09-12,11.77,30.41,10.78
DL_144,DL,East Delhi,inland,2026-09-13,0.0,30.31,11.24
DL_144,DL,East Delhi,inland,2026-09-14,2.45,29.61,10.0
DL_144,DL,East Delhi,inland,2026-09-15,18.12,29.47,11.83
DL_144,DL,East Delhi,inland,2026-09-16,0.43,30.8,11.59
DL_144,DL,East Delhi,inland,2026-09-17,24.09,28.89,9.64
DL_144,DL,East Delhi,inland,2026-09-18,1.17,29.86,5.51
DL_144,DL,East Delhi,inland,2026-09-19,2.9,30.39,6.97
DL_144,DL,East Delhi,inland,2026-09-20,10.73,30.04,8.51
DL_144,DL,East Delhi,inland,2026-09-21,0.0,29.75,6.51
DL_144,DL,East Delhi,inland,2026-09-22,0.0,29.7,8.35
DL_144,DL,East Delhi,inland,2026-09-23,0.0,30.76,10.82
DL_144,DL,East Delhi,inland,2026-09-24,0.0,30.07,13.74
DL_144,DL,East Delhi,inland,2026-09-25,0.0,30.49,8.83
DL_144,DL,East Delhi,inland,2026-09-26,0.0,30.94,13.11
DL_144,DL,East Delhi,inland,2026-09-27,0.0,30.82,13.19
DL_144,DL,East Delhi,inland,2026-09-28,0.0,31.55,14.44
DL_145,DL,West Delhi,inland,2026-08-30,4.12,31.64,14.48
DL_145,DL,West Delhi,inland,2026-08-31,0.0,31.83,14.56
DL_145,DL,West Delhi,inland,2026-09-01,0.0,31.45,16.18
DL_145,DL,West Delhi,inland,2026-09-02,0.0,31.55,15.44
DL_145,DL,West Delhi,inland,2026-09-03,6.59,31.44,17.27
DL_145,DL,West Delhi,inland,2026-09-04,15.36,31.83,15.85
DL_145,DL,West Delhi,inland,2026-09-05,14.29,32.41,13.62
DL_145,DL,West Delhi,inland,2026-09-06,0.0,30.79,17.51
DL_145,DL,West Delhi,inland,2026-09-07,0.0,30.99,13.3
DL_145,DL,West Delhi,inland,2026-09-08,10.16,30.53,14.62
DL_145,DL,West Delhi,inland,2026-09-09,0.0,30.12,15.2
DL_145,DL,West Delhi,inland,2026-09-10,0.0,30.23,11.66
DL_145,DL,West Delhi,inland,2026-09-11,0.46,29.9,9.36
DL_145,DL,West Delhi,inland,2026-09-12,0.0,29.99,11.35
DL_145,DL,West Delhi,inland,2026-09-13,0.0,29.32,9.14
DL_145,DL,West Delhi,inland,2026-09-14,0.0,28.83,6.79
DL_145,DL,West Delhi,inland,2026-09-15,2.13,29.24,11.13
DL_145,DL,West Delhi,inland,2026-09-16,0.0,29.03,9.05
DL_145,DL,West Delhi,inland,2026-09-17,0.0,28.99,8.15
DL_145,DL,West Delhi,inland,2026-09-18,0.0,28.46,7.25
DL_145,DL,West Delhi,inland,2026-09-19,5.21,27.12,6.74
DL_145,DL,West Delhi,inland,2026-09-20,10.04,29.2,6.12
DL_145,DL,West Delhi,inland,2026-09-21,0.29,29.27,7.63
DL_145,DL,West Delhi,inland,2026-09-22,2.4,29.53,12.74
DL_145,DL,West Delhi,inland,2026-09-23,3.13,30.92,10.69
DL_145,DL,West Delhi,inland,2026-09-24,37.16,30.55,12.64
DL_145,DL,West Delhi,inland,2026-09-25,0.0,29.19,8.54
DL_145,DL,West Delhi,inland,2026-09-26,9.27,31.63,10.85
DL_145,DL,West Delhi,inland,2026-09-27,0.0,31.18,6.79
DL_145,DL,West Delhi,inland,2026-09-28,0.0,30.36,16.46
